date,net_pnl
2010-06-07,0.0
2010-06-08,0.0
2010-06-09,0.0
2010-06-10,0.0
2010-06-11,0.0
2010-06-14,0.0
2010-06-15,0.0
2010-06-16,0.0
2010-06-17,0.0
2010-06-18,0.0
2010-06-21,0.0
2010-06-22,0.0
2010-06-23,0.0
2010-06-24,0.0
2010-06-25,0.0
2010-06-28,0.0
2010-06-29,0.0
2010-06-30,0.0
2010-07-01,0.0
2010-07-02,0.0
2010-07-05,0.0
2010-07-06,0.0
2010-07-07,0.0
2010-07-08,0.0
2010-07-09,0.0
2010-07-12,0.0
2010-07-13,0.0
2010-07-14,0.0
2010-07-15,0.0
2010-07-16,0.0
2010-07-19,0.0
2010-07-20,0.0
2010-07-21,0.0
2010-07-22,0.0
2010-07-23,0.0
2010-07-26,0.0
2010-07-27,0.0
2010-07-28,0.0
2010-07-29,0.0
2010-07-30,0.0
2010-08-02,0.0
2010-08-03,0.0
2010-08-04,0.0
2010-08-05,0.0
2010-08-06,0.0
2010-08-09,0.0
2010-08-10,0.0
2010-08-11,0.0
2010-08-12,0.0
2010-08-13,0.0
2010-08-16,0.0
2010-08-17,0.0
2010-08-18,0.0
2010-08-19,0.0
2010-08-20,0.0
2010-08-23,0.0
2010-08-24,0.0
2010-08-25,0.0
2010-08-26,0.0
2010-08-27,0.0
2010-08-30,0.0
2010-08-31,0.0
2010-09-01,0.0
2010-09-02,0.0
2010-09-03,0.0
2010-09-06,0.0
2010-09-07,0.0
2010-09-08,0.0
2010-09-09,0.0
2010-09-10,0.0
2010-09-13,0.0
2010-09-14,0.0
2010-09-15,0.0
2010-09-16,0.0
2010-09-17,0.0
2010-09-20,0.0
2010-09-21,0.0
2010-09-22,0.0
2010-09-23,0.0
2010-09-24,0.0
2010-09-27,0.0
2010-09-28,0.0
2010-09-29,0.0
2010-09-30,0.0
2010-10-01,0.0
2010-10-04,0.0
2010-10-05,0.0
2010-10-06,0.0
2010-10-07,0.0
2010-10-08,0.0
2010-10-11,0.0
2010-10-12,0.0
2010-10-13,0.0
2010-10-14,0.0
2010-10-15,0.0
2010-10-18,0.0
2010-10-19,0.0
2010-10-20,0.0
2010-10-21,0.0
2010-10-22,0.0
2010-10-25,0.0
2010-10-26,0.0
2010-10-27,0.0
2010-10-28,0.0
2010-10-29,0.0
2010-11-01,0.0
2010-11-02,0.0
2010-11-03,0.0
2010-11-04,0.0
2010-11-05,0.0
2010-11-08,0.0
2010-11-09,0.0
2010-11-10,0.0
2010-11-11,0.0
2010-11-12,0.0
2010-11-15,0.0
2010-11-16,0.0
2010-11-17,0.0
2010-11-18,0.0
2010-11-19,0.0
2010-11-22,0.0
2010-11-23,0.0
2010-11-24,-625.2774999999999
2010-11-25,-4604.202500000039
2010-11-26,-3949.719999999983
2010-11-29,4453.185000000013
2010-11-30,-3585.372500000032
2010-12-01,81213.73249999997
2010-12-02,12474.68000000004
2010-12-03,38541.42749999991
2010-12-06,-27717.34749999987
2010-12-07,58551.199999999975
2010-12-08,40395.82249999993
2010-12-09,7057.300000000018
2010-12-10,27593.35500000004
2010-12-13,-7165.60000000001
2010-12-14,46390.609999999935
2010-12-15,1459.4225000000379
2010-12-16,-5383.867500000111
2010-12-17,-15921.6299999999
2010-12-20,12620.764999999956
2010-12-21,12339.417500000009
2010-12-22,8023.0499999999965
2010-12-23,3437.1200000000017
2010-12-27,-4727.242500000001
2010-12-28,29493.630000000165
2010-12-29,-38351.38250000006
2010-12-30,3325.019999999964
2010-12-31,-4622.517499999981
2011-01-03,2773.819999999997
2011-01-04,-21265.17499999999
2011-01-05,45110.79999999998
2011-01-06,-29752.084999999915
2011-01-07,-35314.64250000011
2011-01-10,1817.1625000000029
2011-01-11,-5820.872500000057
2011-01-12,26395.715000000113
2011-01-13,-14041.037500000048
2011-01-14,4860.934999999964
2011-01-17,-15324.72499999991
2011-01-18,30468.800000000097
2011-01-19,-27551.84000000014
2011-01-20,1579.4825000000556
2011-01-21,-1834.5350000000344
2011-01-24,7761.409999999935
2011-01-25,-21860.904999999882
2011-01-26,15231.067500000014
2011-01-27,-7456.28999999996
2011-01-28,-9067.687499999955
2011-01-31,11829.542499999956
2011-02-01,35034.484999999964
2011-02-02,13102.19000000006
2011-02-03,18645.277499999956
2011-02-04,16569.26999999991
2011-02-07,2393.977500000042
2011-02-08,42448.852499999986
2011-02-09,-5766.682499999928
2011-02-10,-4691.792500000042
2011-02-11,1052.5750000000164
2011-02-14,12536.907499999956
2011-02-15,-23765.789999999983
2011-02-16,10034.640000000032
2011-02-17,-1352.7500000000573
2011-02-18,-12861.39999999996
2011-02-21,12681.559999999972
2011-02-22,-53915.93500000001
2011-02-23,22839.097500000018
2011-02-24,-5448.925000000027
2011-02-25,17985.380000000107
2011-02-28,3808.5599999999654
2011-03-01,-5533.402499999954
2011-03-02,9316.599999999948
2011-03-03,32177.025000000063
2011-03-04,-13497.735000000064
2011-03-07,-9651.364999999929
2011-03-08,5509.719999999992
2011-03-09,-17997.447500000122
2011-03-10,-20260.987499999934
2011-03-11,-5877.734999999986
2011-03-14,-17813.744999999995
2011-03-15,-36685.892500000016
2011-03-16,-40810.86499999997
2011-03-17,36799.817500000005
2011-03-18,8529.067499999952
2011-03-21,19000.71250000003
2011-03-22,199.7474999999605
2011-03-23,8315.942500000025
2011-03-24,26792.909999999985
2011-03-25,5101.840000000029
2011-03-28,-10113.399999999958
2011-03-29,19163.739999999983
2011-03-30,-2293.2449999999767
2011-03-31,23527.280000000057
2011-04-01,463.58999999997184
2011-04-04,3200.475000000014
2011-04-05,12627.07499999996
2011-04-06,22716.700000000037
2011-04-07,-571.9250000000432
2011-04-08,22443.795000000024
2011-04-11,-22123.392499999998
2011-04-12,-24643.855000000003
2011-04-13,-555.4100000000192
2011-04-14,10753.85000000004
2011-04-15,-5350.92250000002
2011-04-18,-13334.087499999996
2011-04-19,-5803.825000000043
2011-04-20,14215.52999999999
2011-04-21,-2596.5674999999746
2011-04-25,-5531.885000000015
2011-04-26,1599.2575000000452
2011-04-27,8550.145000000002
2011-04-28,-12293.037500000028
2011-04-29,1172.067500000013
2011-05-02,-7941.892499999988
2011-05-03,-10229.77000000001
2011-05-04,-8426.157500000008
2011-05-05,-28421.18749999996
2011-05-06,1801.1475000000032
2011-05-09,16466.765
2011-05-10,19892.849999999962
2011-05-11,-33872.60499999996
2011-05-12,10531.807499999995
2011-05-13,-7303.092499999985
2011-05-16,-21108.49999999999
2011-05-17,5798.874999999963
2011-05-18,17275.46500000003
2011-05-19,-4736.179999999983
2011-05-20,-745.8400000000464
2011-05-23,-10990.062499999964
2011-05-24,1313.2850000000208
2011-05-25,8078.34500000004
2011-05-26,-14871.867500000006
2011-05-27,-1069.0275000000313
2011-05-30,272.0675000000256
2011-05-31,12514.86499999993
2011-06-01,-23344.499999999938
2011-06-02,3500.1724999999756
2011-06-03,-15179.490000000033
2011-06-06,-9495.267499999967
2011-06-07,4291.095000000011
2011-06-08,-11777.500000000022
2011-06-09,19286.26500000006
2011-06-10,-20298.215
2011-06-13,6093.704999999959
2011-06-14,20942.20750000004
2011-06-15,-39054.26500000001
2011-06-16,7554.6850000000195
2011-06-17,-1283.31750000001
2011-06-20,-4415.754999999996
2011-06-21,623.3799999999538
2011-06-22,-47.63750000004171
2011-06-23,-10282.799999999954
2011-06-24,-21761.47499999998
2011-06-27,23137.39999999996
2011-06-28,31454.32249999998
2011-06-29,16303.777499999978
2011-06-30,2172.937499999945
2011-07-01,6042.180000000035
2011-07-04,-1818.0524999999698
2011-07-05,-3585.1025000000604
2011-07-06,6381.592499999992
2011-07-07,6287.67500000002
2011-07-08,-6438.557500000024
2011-07-11,-3200.467499999972
2011-07-12,2301.160000000035
2011-07-13,12541.985000000017
2011-07-14,1031.889999999968
2011-07-15,-5826.99749999998
2011-07-18,1752.424999999971
2011-07-19,-5119.429999999973
2011-07-20,9874.299999999996
2011-07-21,2760.290000000016
2011-07-22,-1108.5750000000323
2011-07-25,6951.450000000026
2011-07-26,1397.1450000000154
2011-07-27,6290.3949999999595
2011-07-28,-4797.089999999993
2011-07-29,1222.5624999999643
2011-08-01,-895.1274999999572
2011-08-02,-7753.8200000000015
2011-08-03,2560.1449999999886
2011-08-04,-14463.854999999983
2011-08-05,10476.944999999952
2011-08-08,1224.2200000000207
2011-08-09,14177.485000000048
2011-08-10,8058.8874999999725
2011-08-11,-22573.347500000025
2011-08-12,-3270.5699999999756
2011-08-15,1845.5699999999956
2011-08-16,4099.074999999998
2011-08-17,1947.7100000000028
2011-08-18,4650.999999999995
2011-08-19,7937.9349999999995
2011-08-22,3435.3800000000247
2011-08-23,-4612.69750000001
2011-08-24,-4768.50500000001
2011-08-25,2204.8899999999976
2011-08-26,2785.1175000000053
2011-08-29,-5972.1749999999465
2011-08-30,5175.629999999963
2011-08-31,-598.9000000000149
2011-09-01,7845.295000000021
2011-09-02,6549.914999999991
2011-09-05,5405.662500000002
2011-09-06,-23180.427500000023
2011-09-07,-6433.392499999962
2011-09-08,2127.220000000011
2011-09-09,7070.812499999973
2011-09-12,-2855.6375000000344
2011-09-13,-1906.6449999999463
2011-09-14,-2650.479999999989
2011-09-15,-2530.4050000000393
2011-09-16,4461.9200000000055
2011-09-19,9300.377500000006
2011-09-20,-2784.0624999999736
2011-09-21,7425.464999999971
2011-09-22,25030.287499999973
2011-09-23,-5578.124999999967
2011-09-26,-8140.852500000025
2011-09-27,-10276.14000000001
2011-09-28,15199.172500000053
2011-09-29,-15243.352499999979
2011-09-30,9350.244999999957
2011-10-03,11837.785000000007
2011-10-04,-5870.730000000003
2011-10-05,-5660.339999999987
2011-10-06,-11009.805000000015
2011-10-07,-4208.110000000019
2011-10-10,-1756.3149999999962
2011-10-11,7719.450000000019
2011-10-12,3209.2274999999895
2011-10-13,4507.189999999979
2011-10-14,-19985.182499999984
2011-10-17,14754.17999999999
2011-10-18,-949.257499999935
2011-10-19,7231.200000000026
2011-10-20,1072.174999999978
2011-10-21,-4516.625000000042
2011-10-24,-9720.082499999991
2011-10-25,13031.860000000019
2011-10-26,-8104.954999999994
2011-10-27,-21851.817500000012
2011-10-28,10202.802499999996
2011-10-31,5411.442500000004
2011-11-01,9444.157500000014
2011-11-02,2327.71999999999
2011-11-03,-12621.307500000019
2011-11-04,1358.8100000000177
2011-11-07,-3973.9999999999827
2011-11-08,-8598.200000000015
2011-11-09,17084.387500000026
2011-11-10,1210.2199999999643
2011-11-11,-5583.262500000005
2011-11-14,7433.889999999987
2011-11-15,-4373.977499999992
2011-11-16,5070.307499999994
2011-11-17,12831.89249999999
2011-11-18,-1223.777499999974
2011-11-21,2741.4699999999793
2011-11-22,157.18250000001888
2011-11-23,10278.727499999988
2011-11-24,-1087.5400000000288
2011-11-25,-6211.449999999962
2011-11-28,-3360.3925000000067
2011-11-29,-5652.445000000014
2011-11-30,-4733.329999999979
2011-12-01,-5919.28250000002
2011-12-02,-5153.569999999999
2011-12-05,-2344.2725000000173
2011-12-06,-4424.034999999974
2011-12-07,6294.525000000032
2011-12-08,5475.385000000035
2011-12-09,-4347.705000000002
2011-12-12,7877.049999999982
2011-12-13,2094.8549999999664
2011-12-14,5870.90750000002
2011-12-15,-2364.800000000032
2011-12-16,-2180.337499999959
2011-12-19,709.1874999999909
2011-12-20,-10948.322499999993
2011-12-21,-10549.960000000036
2011-12-22,1961.3899999999844
2011-12-23,-7794.509999999975
2011-12-26,927.5000000000127
2011-12-27,-8096.3000000000275
2011-12-28,3023.7925000000037
2011-12-29,55.29750000001934
2011-12-30,2697.187499999973
2012-01-02,-489.75499999999363
2012-01-03,-5660.404999999977
2012-01-04,-1354.6449999999684
2012-01-05,12974.03749999999
2012-01-06,2410.1500000000246
2012-01-09,-6345.3500000000395
2012-01-10,5514.999999999989
2012-01-11,7527.09500000002
2012-01-12,6275.219999999988
2012-01-13,10881.090000000033
2012-01-16,3894.3749999999955
2012-01-17,-894.0275000000026
2012-01-18,-3054.862500000021
2012-01-19,-12616.852499999983
2012-01-20,-7184.555000000038
2012-01-23,-12636.454999999987
2012-01-24,-8220.84249999998
2012-01-25,9836.402499999987
2012-01-26,6438.862499999995
2012-01-27,4956.359999999998
2012-01-30,11062.045000000004
2012-01-31,9174.785000000003
2012-02-01,-3066.409999999999
2012-02-02,942.1899999999732
2012-02-03,-18880.707499999986
2012-02-06,954.9049999999896
2012-02-07,-961.2849999999677
2012-02-08,-2605.0000000000105
2012-02-09,-4296.275
2012-02-10,7603.47999999997
2012-02-13,1088.4550000000309
2012-02-14,-2840.132499999967
2012-02-15,11684.594999999961
2012-02-16,-14245.025000000003
2012-02-17,-7169.087499999923
2012-02-20,-4216.5350000000135
2012-02-21,-1038.6225000000077
2012-02-22,3938.387499999976
2012-02-23,3854.9999999999654
2012-02-24,-1519.0199999999882
2012-02-27,3305.145000000008
2012-02-28,-3250.2300000000287
2012-02-29,-5183.199999999915
2012-03-01,5495.240000000013
2012-03-02,-6530.649999999997
2012-03-05,-2029.3299999999792
2012-03-06,-915.5100000000209
2012-03-07,11020.695000000012
2012-03-08,3213.4800000000146
2012-03-09,3519.5449999999905
2012-03-12,-2190.6299999999787
2012-03-13,10241.73999999999
2012-03-14,-456.9549999999489
2012-03-15,-9680.955000000013
2012-03-16,2670.4999999999936
2012-03-19,951.249999999973
2012-03-20,-92.08499999990741
2012-03-21,-484.90999999998326
2012-03-22,-3650.0100000000302
2012-03-23,1584.879999999946
2012-03-26,7476.100000000015
2012-03-27,2343.6300000000415
2012-03-28,-5326.300000000005
2012-03-29,5189.415000000004
2012-03-30,-23014.2
2012-04-02,9190.015000000021
2012-04-03,-2031.5650000000048
2012-04-04,-6904.499999999998
2012-04-05,6442.735000000009
2012-04-06,-7009.020000000031
2012-04-09,-1925.0950000000394
2012-04-10,-13431.509999999951
2012-04-11,12447.655000000024
2012-04-12,8417.599999999986
2012-04-13,-2272.9150000000004
2012-04-16,-11576.984999999977
2012-04-17,12615.004999999972
2012-04-18,-984.5199999999991
2012-04-19,-8321.44999999996
2012-04-20,-393.030000000006
2012-04-23,-12732.32000000001
2012-04-24,12597.205000000018
2012-04-25,3432.5950000000853
2012-04-26,6629.569999999989
2012-04-27,-1077.830000000047
2012-04-30,-12507.340000000097
2012-05-01,5529.615000000058
2012-05-02,7983.935000000068
2012-05-03,-20303.67000000008
2012-05-04,-18212.912500000006
2012-05-07,-1505.2925000000396
2012-05-08,-278.90000000002374
2012-05-09,-3295.119999999963
2012-05-10,632.714999999928
2012-05-11,-3931.179999999996
2012-05-14,-2015.4899999999534
2012-05-15,-2665.920000000028
2012-05-16,-15297.320000000038
2012-05-17,-17917.919999999966
2012-05-18,-30787.639999999974
2012-05-21,21778.549999999996
2012-05-22,7813.315000000034
2012-05-23,-2368.039999999992
2012-05-24,4389.199999999967
2012-05-25,-1410.3399999999374
2012-05-28,2956.109999999984
2012-05-29,12719.054999999995
2012-05-30,-21002.839999999964
2012-05-31,-12353.27000000005
2012-06-01,-37673.78999999991
2012-06-04,273.0349999999913
2012-06-05,4518.959999999991
2012-06-06,-2102.680000000016
2012-06-07,10608.85500000002
2012-06-08,656.7250000000025
2012-06-11,2120.1450000000036
2012-06-12,981.5249999999866
2012-06-13,-3950.554999999983
2012-06-14,-3652.6299999999915
2012-06-15,13399.540000000032
2012-06-18,-9972.740000000018
2012-06-19,5924.545000000027
2012-06-20,4122.584999999976
2012-06-21,-7047.445000000013
2012-06-22,2328.790000000002
2012-06-25,16975.64499999997
2012-06-26,-285.4299999999887
2012-06-27,-1823.1749999999984
2012-06-28,4967.589999999988
2012-06-29,-16270.39999999994
2012-07-02,13631.814999999877
2012-07-03,-6732.417499999976
2012-07-04,4755.32250000001
2012-07-05,10393.26750000001
2012-07-06,11857.305000000008
2012-07-09,-573.9599999999954
2012-07-10,7786.725000000058
2012-07-11,-1502.9350000000284
2012-07-12,7703.844999999982
2012-07-13,2728.2300000000323
2012-07-16,4423.0450000000255
2012-07-17,-1341.8149999999785
2012-07-18,-3666.999999999966
2012-07-19,-1704.8650000000198
2012-07-20,10897.475000000031
2012-07-23,-7751.970000000009
2012-07-24,-4525.73000000003
2012-07-25,3877.835000000092
2012-07-26,-5578.270000000055
2012-07-27,-47.88499999996961
2012-07-30,3731.235
2012-07-31,4795.539999999989
2012-08-01,-3878.6199999999594
2012-08-02,-2570.130000000016
2012-08-03,-8483.800000000068
2012-08-06,-5648.764999999992
2012-08-07,-4959.569999999993
2012-08-08,1489.8350000000207
2012-08-09,4301.069999999998
2012-08-10,1526.9249999999793
2012-08-13,-3634.2550000000033
2012-08-14,-8452.20999999993
2012-08-15,-1812.8900000000963
2012-08-16,-4299.369999999971
2012-08-17,2571.574999999969
2012-08-20,1333.625000000052
2012-08-21,-8934.49999999996
2012-08-22,-6467.795000000067
2012-08-23,-12369.450000000003
2012-08-24,3169.834999999988
2012-08-27,4651.87000000002
2012-08-28,-6626.600000000037
2012-08-29,9404.759999999986
2012-08-30,1793.374999999988
2012-08-31,-11606.929999999984
2012-09-03,-3877.750000000015
2012-09-04,2702.364999999935
2012-09-05,-10919.739999999982
2012-09-06,12909.885000000057
2012-09-07,-21978.655000000057
2012-09-10,-6937.859999999994
2012-09-11,-11081.25499999996
2012-09-12,-4495.404999999964
2012-09-13,-6673.925000000031
2012-09-14,-10385.720000000048
2012-09-17,-5931.724999999915
2012-09-18,-6080.134999999976
2012-09-19,5206.295000000037
2012-09-20,2869.9949999999285
2012-09-21,663.6650000000831
2012-09-24,3795.484999999998
2012-09-25,11231.134999999871
2012-09-26,-3914.444999999918
2012-09-27,-7257.825000000072
2012-09-28,9841.745000000008
2012-10-01,-10979.989999999976
2012-10-02,-9244.585000000014
2012-10-03,5404.044999999988
2012-10-04,-10947.999999999905
2012-10-05,-3529.8750000000555
2012-10-08,8426.970000000021
2012-10-09,2968.7800000000034
2012-10-10,-745.5900000000589
2012-10-11,-656.2749999999985
2012-10-12,-3685.7800000001075
2012-10-15,-8520.264999999963
2012-10-16,-9369.934999999983
2012-10-17,-133.120000000016
2012-10-18,4930.88499999997
2012-10-19,8990.540000000028
2012-10-22,620.0275000000588
2012-10-23,8499.629999999988
2012-10-24,-1982.9124999999624
2012-10-25,1905.3249999999434
2012-10-26,-208.08999999994535
2012-10-29,7667.6775000000525
2012-10-30,-5607.512500000064
2012-10-31,4975.874999999922
2012-11-01,-2825.1899999999678
2012-11-02,-9143.89749999999
2012-11-05,7241.0749999999225
2012-11-06,12292.197500000004
2012-11-07,-10959.762500000053
2012-11-08,-5174.037499999852
2012-11-09,-825.4650000001068
2012-11-12,-13596.619999999948
2012-11-13,2451.8674999999357
2012-11-14,619.9699999999173
2012-11-15,-10161.442499999916
2012-11-16,975.5500000000509
2012-11-19,4798.857500000078
2012-11-20,5429.5224999998945
2012-11-21,141.77499999995825
2012-11-22,-2129.869999999928
2012-11-23,-6946.020000000059
2012-11-26,-8816.044999999915
2012-11-27,13358.239999999872
2012-11-28,-7582.054999999961
2012-11-29,-10464.634999999962
2012-11-30,-14086.382500000005
2012-12-03,-10180.944999999952
2012-12-04,-9581.345000000107
2012-12-05,3917.937500000107
2012-12-06,7294.869999999842
2012-12-07,-3017.9100000000026
2012-12-10,-7584.842499999988
2012-12-11,-11316.019999999886
2012-12-12,953.3374999999058
2012-12-13,-4606.380000000127
2012-12-14,-6264.690000000005
2012-12-17,-8839.917499999854
2012-12-18,-977.8725000000854
2012-12-19,-13348.955000000078
2012-12-20,-138.3000000000717
2012-12-21,1150.0199999999995
2012-12-24,4171.534999999995
2012-12-25,-2105.5999999999704
2012-12-26,-1129.807500000005
2012-12-27,-937.0499999999569
2012-12-28,-22451.375000000186
2012-12-31,22924.112500000054
2013-01-01,-298.00000000000364
2013-01-02,5485.850000000013
2013-01-03,32489.150000000092
2013-01-04,-2983.8925000001177
2013-01-07,-1023.8449999998987
2013-01-08,-3218.477500000037
2013-01-09,1774.6325000000795
2013-01-10,8104.499999999892
2013-01-11,-13384.01499999988
2013-01-14,19880.154999999795
2013-01-15,1475.2375000000018
2013-01-16,2350.1200000000254
2013-01-17,26745.15999999996
2013-01-18,331.64500000000237
2013-01-21,5011.655000000025
2013-01-22,-1743.9024999998705
2013-01-23,-11143.100000000022
2013-01-24,10899.554999999986
2013-01-25,17793.76499999998
2013-01-28,10200.137499999993
2013-01-29,13550.134999999977
2013-01-30,5923.280000000003
2013-01-31,-321.11749999998955
2013-02-01,13540.909999999973
2013-02-04,-22667.792500000014
2013-02-05,19367.337499999998
2013-02-06,-7528.149999999966
2013-02-07,-5750.182499999989
2013-02-08,7986.689999999975
2013-02-11,7804.742500000036
2013-02-12,12400.469999999865
2013-02-13,905.1125000001034
2013-02-14,-8217.087500000049
2013-02-15,-4872.074999999987
2013-02-18,-2760.759999999972
2013-02-19,-3644.959999999929
2013-02-20,-26778.99250000012
2013-02-21,-11062.369999999999
2013-02-22,8938.510000000018
2013-02-25,-25586.02999999992
2013-02-26,-5229.405000000071
2013-02-27,1861.0500000000552
2013-02-28,-17807.990000000074
2013-03-01,-2989.519999999891
2013-03-04,5038.219999999882
2013-03-05,11493.760000000051
2013-03-06,14352.10000000005
2013-03-07,9833.344999999943
2013-03-08,3170.544999999974
2013-03-11,-2534.5799999999786
2013-03-12,-3844.8799999999655
2013-03-13,-7816.9500000000035
2013-03-14,2098.8849999999884
2013-03-15,660.7400000000079
2013-03-18,-7370.444999999974
2013-03-19,-15690.829999999967
2013-03-20,9042.04500000001
2013-03-21,-9239.279999999944
2013-03-22,11516.350000000064
2013-03-25,-9521.68499999998
2013-03-26,6430.044999999877
2013-03-27,-14780.36000000002
2013-03-28,25253.195000000036
2013-04-01,15741.470000000145
2013-04-02,12951.22499999989
2013-04-03,-2124.675000000007
2013-04-04,22062.504999999957
2013-04-05,-1016.3349999999501
2013-04-08,3376.88999999999
2013-04-09,-3780.9000000000296
2013-04-10,13832.20500000008
2013-04-11,135.2550000000624
2013-04-12,17831.87749999998
2013-04-15,15617.112500000027
2013-04-16,-3819.372499999963
2013-04-17,851.142499999971
2013-04-18,-3205.3975000000705
2013-04-19,3153.0850000000273
2013-04-22,2463.3550000000573
2013-04-23,9470.249999999984
2013-04-24,-6793.06749999997
2013-04-25,-19056.607500000035
2013-04-26,13196.262499999975
2013-04-29,-1784.7599999999843
2013-04-30,823.5300000000564
2013-05-01,-198.76000000010077
2013-05-02,1011.880000000021
2013-05-03,3530.72750000001
2013-05-06,4263.970000000029
2013-05-07,-5113.520000000055
2013-05-08,4165.237499999971
2013-05-09,-11484.570000000083
2013-05-10,-3975.664999999816
2013-05-13,-3222.3050000000494
2013-05-14,2969.6549999999897
2013-05-15,18287.00250000003
2013-05-16,2147.927499999973
2013-05-17,1302.397500000041
2013-05-20,-9415.760000000013
2013-05-21,9606.84999999999
2013-05-22,-13796.300000000008
2013-05-23,-2453.1749999999943
2013-05-24,-2149.044999999993
2013-05-27,-3922.334999999963
2013-05-28,-8039.309999999996
2013-05-29,-18277.109999999975
2013-05-30,1573.2750000000021
2013-05-31,-12293.319999999987
2013-06-03,-6925.430000000036
2013-06-04,-1060.1699999999994
2013-06-05,-3363.2699999999604
2013-06-06,8383.194999999978
2013-06-07,14274.610000000042
2013-06-10,6346.409999999934
2013-06-11,-10453.789999999997
2013-06-12,-8797.729999999994
2013-06-13,29845.34750000003
2013-06-14,-1288.0150000000363
2013-06-17,1868.2275000000313
2013-06-18,12893.312499999998
2013-06-19,-20864.41
2013-06-20,-4920.5325000000275
2013-06-21,-23701.6825
2013-06-24,7411.4575000000395
2013-06-25,695.9700000000025
2013-06-26,12696.689999999975
2013-06-27,13458.539999999986
2013-06-28,-8631.859999999951
2013-07-01,-1324.5199999999859
2013-07-02,4571.530000000035
2013-07-03,-3280.687499999977
2013-07-04,5712.847499999965
2013-07-05,14503.699999999984
2013-07-08,-2911.099999999971
2013-07-09,-2686.47000000001
2013-07-10,6412.000000000027
2013-07-11,-792.4899999999946
2013-07-12,7600.245000000017
2013-07-15,7836.7799999999925
2013-07-16,-2921.1200000000194
2013-07-17,9975.245000000039
2013-07-18,6960.439999999981
2013-07-19,115.24500000002115
2013-07-22,-8046.04000000003
2013-07-23,-1879.2599999999977
2013-07-24,7518.43749999997
2013-07-25,-6940.325000000001
2013-07-26,1129.2149999999585
2013-07-29,-3383.852499999967
2013-07-30,1907.8700000000158
2013-07-31,-4736.780000000044
2013-08-01,15549.874999999955
2013-08-02,-2271.072500000002
2013-08-05,7719.9999999999945
2013-08-06,-6850.667499999961
2013-08-07,-9490.657499999987
2013-08-08,-9495.837499999976
2013-08-09,-8735.200000000046
2013-08-12,7537.739999999976
2013-08-13,10182.595000000001
2013-08-14,-9235.799999999948
2013-08-15,-19332.71750000004
2013-08-16,-2662.762499999965
2013-08-19,-5092.650000000086
2013-08-20,1917.5350000000647
2013-08-21,-3068.810000000013
2013-08-22,13203.289999999988
2013-08-23,-5673.817499999993
2013-08-26,-6295.624999999988
2013-08-27,-10774.22499999999
2013-08-28,4064.329999999984
2013-08-29,18964.06999999999
2013-08-30,-1494.3900000000012
2013-09-02,-2635.735000000074
2013-09-03,-1690.989999999978
2013-09-04,3986.2075000000073
2013-09-05,1297.9225000000056
2013-09-06,3398.38
2013-09-09,17022.109999999953
2013-09-10,7368.684999999988
2013-09-11,6999.172500000034
2013-09-12,12878.012500000017
2013-09-13,4137.612500000016
2013-09-16,9350.064999999982
2013-09-17,3684.905000000017
2013-09-18,-4986.030000000022
2013-09-19,-9170.534999999994
2013-09-20,4977.9900000000025
2013-09-23,-6090.119999999984
2013-09-24,2360.734999999982
2013-09-25,-5648.014999999948
2013-09-26,1024.364999999932
2013-09-27,-4957.974999999948
2013-09-30,-10527.305000000011
2013-10-01,8846.170000000042
2013-10-02,-10758.530000000044
2013-10-03,-3228.765000000025
2013-10-04,3870.7699999999836
2013-10-07,-13668.204999999985
2013-10-08,-5431.084999999989
2013-10-09,-832.554999999982
2013-10-10,20391.534999999953
2013-10-11,5746.305000000049
2013-10-14,3269.9849999999924
2013-10-15,-836.5000000000236
2013-10-16,4167.395000000073
2013-10-17,-941.6700000000026
2013-10-18,-5739.26500000002
2013-10-21,2412.269999999984
2013-10-22,3002.7450000000117
2013-10-23,-1170.2550000000178
2013-10-24,7324.490000000036
2013-10-25,1558.9449999999933
2013-10-28,9476.299999999983
2013-10-29,3962.7200000000607
2013-10-30,-2176.519999999986
2013-10-31,4664.5249999999405
2013-11-01,-1443.5250000000253
2013-11-04,7669.46000000002
2013-11-05,-496.0149999999643
2013-11-06,2932.769999999998
2013-11-07,-8703.404999999995
2013-11-08,26724.649999999925
2013-11-11,2722.3950000001273
2013-11-12,-2224.525000000063
2013-11-13,2053.539999999986
2013-11-14,3062.9699999999807
2013-11-15,-906.8299999999936
2013-11-18,-2238.3000000000043
2013-11-19,-2135.8800000000024
2013-11-20,10135.744999999975
2013-11-21,8215.050000000005
2013-11-22,2075.490000000045
2013-11-25,-5865.9350000000495
2013-11-26,8140.685000000066
2013-11-27,1018.8700000000252
2013-11-28,2837.5000000000196
2013-11-29,-77.38000000005229
2013-12-02,2309.6800000000826
2013-12-03,-8682.289999999963
2013-12-04,4608.395000000026
2013-12-05,1518.699999999946
2013-12-06,11027.999999999944
2013-12-09,2876.115000000068
2013-12-10,-5432.64000000004
2013-12-11,-10514.225000000011
2013-12-12,4667.7899999999445
2013-12-13,-3019.509999999894
2013-12-16,5385.289999999902
2013-12-17,-2132.2549999999515
2013-12-18,17406.469999999965
2013-12-19,-1140.6750000000284
2013-12-20,3130.330000000059
2013-12-23,9896.009999999866
2013-12-24,110.95000000006121
2013-12-25,-1339.899999999991
2013-12-26,7411.594999999973
2013-12-27,1831.7449999999446
2013-12-30,3683.5950000000666
2013-12-31,6690.840000000056
2014-01-01,-477.92999999997915
2014-01-02,-7415.735000000118
2014-01-03,-26184.424999999934
2014-01-06,-8064.0499999999865
2014-01-07,14871.149999999949
2014-01-08,11443.21500000008
2014-01-09,-5474.51000000004
2014-01-10,-5338.7499999999845
2014-01-13,-23278.310000000085
2014-01-14,23253.565000000097
2014-01-15,22822.489999999874
2014-01-16,-6663.615000000004
2014-01-17,5732.895000000043
2014-01-20,457.4249999999956
2014-01-21,7775.100000000004
2014-01-22,13281.794999999986
2014-01-23,-19427.694999999978
2014-01-24,-18686.05500000002
2014-01-27,-1908.05999999996
2014-01-28,5269.674999999934
2014-01-29,-2290.4299999999953
2014-01-30,-12698.09000000003
2014-01-31,-8647.25500000006
2014-02-03,-25313.024999999914
2014-02-04,-6383.060000000061
2014-02-05,-2454.210000000021
2014-02-06,9668.220000000005
2014-02-07,4593.655000000058
2014-02-10,-4040.344999999977
2014-02-11,7406.375000000031
2014-02-12,4663.175000000096
2014-02-13,7729.524999999938
2014-02-14,-5225.705000000009
2014-02-17,1070.6799999999598
2014-02-18,-3098.8250000000066
2014-02-19,3638.420000000051
2014-02-20,4257.479999999987
2014-02-21,5790.514999999958
2014-02-24,-11309.049999999883
2014-02-25,5253.664999999924
2014-02-26,7638.565000000106
2014-02-27,8697.594999999928
2014-02-28,-213.23500000003847
2014-03-03,-33340.060000000114
2014-03-04,21678.285000000185
2014-03-05,759.9849999999377
2014-03-06,-4527.830000000056
2014-03-07,2038.1299999999812
2014-03-10,6425.100000000014
2014-03-11,-11455.960000000063
2014-03-12,-4016.719999999941
2014-03-13,-12002.035000000005
2014-03-14,-8933.529999999979
2014-03-17,13427.005000000028
2014-03-18,3442.4750000000568
2014-03-19,-3606.3000000000798
2014-03-20,9262.475000000022
2014-03-21,-8512.99999999998
2014-03-24,-6344.099999999971
2014-03-25,5797.999999999901
2014-03-26,-4610.259999999895
2014-03-27,-925.2550000001073
2014-03-28,5222.400000000134
2014-03-31,2357.5149999999658
2014-04-01,10906.099999999964
2014-04-02,892.5000000000373
2014-04-03,-677.254999999912
2014-04-04,-30455.000000000065
2014-04-07,-5997.067499999957
2014-04-08,-6591.520000000046
2014-04-09,10119.892500000069
2014-04-10,-16792.802500000118
2014-04-11,-1958.8449999999375
2014-04-14,1647.5175000000133
2014-04-15,16775.87000000008
2014-04-16,3035.519999999923
2014-04-17,6071.900000000034
2014-04-21,-482.2699999999777
2014-04-22,8055.000000000042
2014-04-23,7495.929999999997
2014-04-24,-4988.360000000029
2014-04-25,-769.8224999999518
2014-04-28,8306.449999999959
2014-04-29,4125.102500000046
2014-04-30,1737.0124999999402
2014-05-01,-1953.1374999999512
2014-05-02,-12743.617500000002
2014-05-05,-1774.7549999999799
2014-05-06,-11482.255000000032
2014-05-07,2975.372500000008
2014-05-08,-5352.2275000000645
2014-05-09,7263.370000000045
2014-05-12,-3647.4400000000187
2014-05-13,-2066.815000000056
2014-05-14,-8021.19499999991
2014-05-15,-6583.777499999955
2014-05-16,5284.839999999899
2014-05-19,4291.040000000023
2014-05-20,-935.1250000000027
2014-05-21,15537.329999999934
2014-05-22,-4329.389999999923
2014-05-23,-3496.8249999999507
2014-05-26,-1800.4999999999688
2014-05-27,5041.289999999983
2014-05-28,7508.084999999987
2014-05-29,2172.647500000036
2014-05-30,-4073.1725000000683
2014-06-02,15284.595000000016
2014-06-03,3340.9475000000452
2014-06-04,1120.2949999999985
2014-06-05,-3516.1199999999926
2014-06-06,15923.939999999897
2014-06-09,8412.26000000012
2014-06-10,-6478.792500000024
2014-06-11,-3132.557499999976
2014-06-12,-10336.600000000004
2014-06-13,2221.75
2014-06-16,-2619.5099999999698
2014-06-17,6972.599999999981
2014-06-18,-19996.647500000116
2014-06-19,2495.4025000000984
2014-06-20,203.63249999993997
2014-06-23,-11950.282500000081
2014-06-24,13449.065000000106
2014-06-25,-11689.755000000156
2014-06-26,-8915.22999999988
2014-06-27,-7897.522499999978
2014-06-30,-14037.777500000011
2014-07-01,2890.1499999999887
2014-07-02,8574.63000000009
2014-07-03,10788.417499999932
2014-07-04,4083.815000000033
2014-07-07,-1020.0649999999721
2014-07-08,-11566.880000000156
2014-07-09,-9267.054999999937
2014-07-10,-16169.932499999924
2014-07-11,10242.650000000005
2014-07-14,12496.007500000054
2014-07-15,10140.62749999992
2014-07-16,8617.369999999926
2014-07-17,-17569.422499999975
2014-07-18,15846.222500000107
2014-07-21,2909.6275000000105
2014-07-22,4205.85249999997
2014-07-23,3256.3774999998486
2014-07-24,-375.2774999999111
2014-07-25,8558.057499999932
2014-07-28,-2316.0249999999432
2014-07-29,14544.457500000051
2014-07-30,-4869.33249999994
2014-07-31,-16587.24250000009
2014-08-01,-16077.252499999964
2014-08-04,-2517.7625000000485
2014-08-05,4714.370000000038
2014-08-06,-3379.202499999989
2014-08-07,-5628.855000000194
2014-08-08,3115.970000000163
2014-08-11,6525.254999999997
2014-08-12,-6785.110000000059
2014-08-13,3280.4075000000767
2014-08-14,-4879.782499999981
2014-08-15,-7476.285000000005
2014-08-18,14350.580000000034
2014-08-19,170.11999999994543
2014-08-20,7024.812500000145
2014-08-21,6214.964999999958
2014-08-22,-660.4200000000053
2014-08-25,8400.110000000135
2014-08-26,11384.182499999913
2014-08-27,-6695.992499999952
2014-08-28,1278.0499999999051
2014-08-29,9107.545000000096
2014-09-01,5343.470000000037
2014-09-02,7330.937500000089
2014-09-03,12553.942499999974
2014-09-04,35630.66499999987
2014-09-05,3563.3749999999895
2014-09-08,-10504.345000000032
2014-09-09,-5781.650000000006
2014-09-10,6615.049999999946
2014-09-11,3193.4250000000525
2014-09-12,-9203.635000000091
2014-09-15,-5881.034999999925
2014-09-16,1909.499999999995
2014-09-17,-8394.229999999963
2014-09-18,22378.420000000046
2014-09-19,17566.489999999954
2014-09-22,-6650.095000000029
2014-09-23,3937.5
2014-09-24,-2586.13
2014-09-25,1462.5
2014-09-26,-4903.054999999961
2014-09-29,-2864.995000000005
2014-09-30,11852.819999999909
2014-10-01,522.0900000000829
2014-10-02,-647.090000000081
2014-10-03,10233.320000000014
2014-10-06,-9091.544999999871
2014-10-07,-5736.210000000138
2014-10-08,21607.635000000082
2014-10-09,-18593.18500000003
2014-10-10,-5732.2800000000325
2014-10-13,-22319.99999999985
2014-10-14,1965.9799999998359
2014-10-15,-20328.55499999989
2014-10-16,-6253.419999999994
2014-10-17,14368.614999999982
2014-10-20,12891.960000000005
2014-10-21,4011.1999999999316
2014-10-22,2899.325000000038
2014-10-23,966.5749999999721
2014-10-24,7972.200000000008
2014-10-27,-1060.1049999999595
2014-10-28,-5370.815000000083
2014-10-29,-13744.387500000023
2014-10-30,20845.607500000024
2014-10-31,1328.594999999982
2014-11-03,-1772.7499999999754
2014-11-04,5281.289999999987
2014-11-05,6001.270000000021
2014-11-06,-6188.73249999999
2014-11-07,10076.354999999972
2014-11-10,444.33250000002533
2014-11-11,-6133.655000000043
2014-11-12,3577.475000000023
2014-11-13,20736.84499999997
2014-11-14,-10355.95499999999
2014-11-17,2338.005000000042
2014-11-18,9817.682499999997
2014-11-19,363.56999999998106
2014-11-20,-9778.694999999989
2014-11-21,10413.277499999986
2014-11-24,7867.974999999998
2014-11-25,3781.770000000021
2014-11-26,8579.58749999999
2014-11-27,33354.57250000004
2014-11-28,19640.649999999998
2014-12-01,-39626.99749999998
2014-12-02,5244.479999999992
2014-12-03,4555.957499999998
2014-12-04,6830.50749999999
2014-12-05,-23801.00499999998
2014-12-08,9523.522499999992
2014-12-09,2588.2774999999974
2014-12-10,7461.795000000008
2014-12-11,-3492.804999999984
2014-12-12,3958.0074999999756
2014-12-15,-4594.8900000000085
2014-12-16,5452.837500000012
2014-12-17,-15081.150000000003
2014-12-18,15111.132499999969
2014-12-19,8834.625000000016
2014-12-22,9433.86999999999
2014-12-23,-16097.967499999959
2014-12-24,12330.144999999966
2014-12-25,691.3575000000116
2014-12-26,-536.2300000000105
2014-12-29,14302.500000000011
2014-12-30,2446.590000000031
2014-12-31,8912.109999999986
2015-01-01,-2501.0749999999916
2015-01-02,20173.359999999993
2015-01-05,11946.585000000006
2015-01-06,5922.257499999996
2015-01-07,8690.157500000032
2015-01-08,2831.237499999955
2015-01-09,-256.4874999999779
2015-01-12,14801.219999999988
2015-01-13,-3127.3674999999844
2015-01-14,-21368.879999999994
2015-01-15,25538.67750000001
2015-01-16,-11413.135000000002
2015-01-19,5756.44999999998
2015-01-20,8390.889999999992
2015-01-21,-10300.30499999997
2015-01-22,11955.854999999983
2015-01-23,2359.1699999999987
2015-01-26,-3614.26500000005
2015-01-27,-4737.97999999999
2015-01-28,-4103.699999999999
2015-01-29,14255.940000000006
2015-01-30,-7459.960000000024
2015-02-02,-10156.27999999999
2015-02-03,-6673.087499999998
2015-02-04,14716.582500000006
2015-02-05,-3688.837499999978
2015-02-06,-14106.295000000024
2015-02-09,-840.4500000000044
2015-02-10,7657.397500000034
2015-02-11,2022.632499999981
2015-02-12,-3247.3600000000174
2015-02-13,-7680.677500000003
2015-02-16,-2678.4199999999933
2015-02-17,-12.447500000044613
2015-02-18,2578.0924999999943
2015-02-19,-11040.649999999983
2015-02-20,-3276.2474999999627
2015-02-23,4790.659999999989
2015-02-24,6206.412499999921
2015-02-25,-9895.059999999943
2015-02-26,8593.152499999931
2015-02-27,-3371.7299999999673
2015-03-02,2776.8625000000206
2015-03-03,-6489.5600000000395
2015-03-04,-1775.780000000013
2015-03-05,6351.665000000015
2015-03-06,-12977.257499999985
2015-03-09,11882.815000000037
2015-03-10,10656.549999999963
2015-03-11,6309.712500000005
2015-03-12,9317.794999999984
2015-03-13,2792.2774999999783
2015-03-16,12626.942499999981
2015-03-17,1661.9100000000024
2015-03-18,10552.24999999997
2015-03-19,3874.5174999999936
2015-03-20,461.8500000000559
2015-03-23,-9211.862500000008
2015-03-24,5791.220000000008
2015-03-25,-16918.319999999996
2015-03-26,-14438.987500000028
2015-03-27,17912.80250000003
2015-03-30,11356.66000000001
2015-03-31,1115.9599999999589
2015-04-01,-1626.3049999999662
2015-04-02,3022.0324999999757
2015-04-03,1771.8674999999987
2015-04-06,-1527.2599999999977
2015-04-07,4662.7524999999805
2015-04-08,9211.940000000048
2015-04-09,880.634999999975
2015-04-10,-2935.842500000034
2015-04-13,1008.4149999999933
2015-04-14,1908.044999999988
2015-04-15,-6259.104999999941
2015-04-16,-8361.060000000021
2015-04-17,-4954.759999999968
2015-04-20,12248.182500000004
2015-04-21,1075.2699999999768
2015-04-22,-4056.8899999999676
2015-04-23,-8233.180000000006
2015-04-24,-1308.7050000000365
2015-04-27,-5445.929999999976
2015-04-28,-10726.609999999982
2015-04-29,-12544.174999999981
2015-04-30,-16532.03000000001
2015-05-01,1474.739999999979
2015-05-04,173.00000000001205
2015-05-05,-17122.159999999985
2015-05-06,-7107.985000000016
2015-05-07,13943.445000000063
2015-05-08,6253.199999999975
2015-05-11,-5442.237499999962
2015-05-12,-11724.31750000004
2015-05-13,-6818.599999999961
2015-05-14,17974.87999999999
2015-05-15,6120.574999999947
2015-05-18,2931.465000000053
2015-05-19,4858.094999999929
2015-05-20,2459.955000000026
2015-05-21,734.7750000000138
2015-05-22,935.4850000000389
2015-05-25,-104.12250000004626
2015-05-26,9654.28499999995
2015-05-27,12949.479999999985
2015-05-28,1840.9674999999722
2015-05-29,-4411.892499999908
2015-06-01,-5933.070000000069
2015-06-02,-22531.789999999968
2015-06-03,-3049.3900000000413
2015-06-04,-4957.385000000007
2015-06-05,-8696.887500000024
2015-06-08,-7654.907499999983
2015-06-09,-11325.200000000008
2015-06-10,7591.334999999979
2015-06-11,9656.03250000003
2015-06-12,-1509.1725000000297
2015-06-15,6723.935000000006
2015-06-16,-2678.7425000000153
2015-06-17,2828.340000000043
2015-06-18,10756.19499999998
2015-06-19,7863.687500000036
2015-06-22,-8294.142499999964
2015-06-23,-9846.407500000072
2015-06-24,1801.4900000000757
2015-06-25,-13994.552500000036
2015-06-26,-12882.180000000022
2015-06-29,452.8350000000163
2015-06-30,-26405.3375
2015-07-01,5264.319999999993
2015-07-02,-1610.8899999999685
2015-07-03,2358.719999999938
2015-07-06,3056.715000000014
2015-07-07,12922.140000000003
2015-07-08,-550.7749999999936
2015-07-09,-5296.789999999944
2015-07-10,-6115.777500000028
2015-07-13,-941.2224999999777
2015-07-14,6318.300000000089
2015-07-15,4034.8049999999457
2015-07-16,6009.502500000019
2015-07-17,8223.992499999942
2015-07-20,7563.190000000007
2015-07-21,-6643.330000000019
2015-07-22,336.77500000006114
2015-07-23,-388.74000000006333
2015-07-24,-4647.640000000006
2015-07-27,-837.8200000000356
2015-07-28,-1876.9650000000072
2015-07-29,9386.744999999968
2015-07-30,6709.940000000103
2015-07-31,1161.4199999999394
2015-08-03,-12711.344999999996
2015-08-04,-5342.11499999997
2015-08-05,3127.889999999981
2015-08-06,-7801.102500000003
2015-08-07,-9094.325000000004
2015-08-10,-2402.0825000000173
2015-08-11,-14767.215000000053
2015-08-12,-18208.600000000035
2015-08-13,826.189999999973
2015-08-14,3258.525000000102
2015-08-17,-1091.4699999999607
2015-08-18,2671.880000000012
2015-08-19,-20734.300000000032
2015-08-20,-26284.535
2015-08-21,-23338.865000000016
2015-08-24,-47990.63000000003
2015-08-25,-8075.105000000041
2015-08-26,16460.49250000011
2015-08-27,12396.437499999924
2015-08-28,2465.035000000047
2015-08-31,-5269.005000000036
2015-09-01,-6733.174999999989
2015-09-02,1896.0499999999672
2015-09-03,-3410.8074999999335
2015-09-04,843.3249999999655
2015-09-07,6535.944999999994
2015-09-08,-2142.2275000000013
2015-09-09,5190.799999999973
2015-09-10,-4417.752499999989
2015-09-11,5140.897499999956
2015-09-14,407.4950000000236
2015-09-15,-11350.017500000033
2015-09-16,-10667.584999999983
2015-09-17,14915.904999999984
2015-09-18,11687.135000000024
2015-09-21,-7779.9200000000155
2015-09-22,5596.724999999998
2015-09-23,-2810.5599999999436
2015-09-24,-1990.0125000000808
2015-09-25,-903.5599999999347
2015-09-28,17228.24500000001
2015-09-29,-1718.1300000000176
2015-09-30,-13859.824999999984
2015-10-01,2317.4850000000297
2015-10-02,9549.580000000084
2015-10-05,-15318.675000000005
2015-10-06,-1978.0250000000303
2015-10-07,-2017.644999999949
2015-10-08,-509.54000000011854
2015-10-09,-2885.4999999999445
2015-10-12,7281.224999999977
2015-10-13,3972.640000000012
2015-10-14,12232.367499999971
2015-10-15,-13368.852500000008
2015-10-16,-1963.8049999999675
2015-10-19,7582.599999999979
2015-10-20,-5177.99499999996
2015-10-21,3009.8999999999983
2015-10-22,-11329.48500000004
2015-10-23,-9884.547499999935
2015-10-26,6696.352499999977
2015-10-27,1608.4574999999852
2015-10-28,-23184.250000000015
2015-10-29,4095.4574999999463
2015-10-30,1659.0850000000257
2015-11-02,-5223.820000000011
2015-11-03,-12121.335000000045
2015-11-04,266.2999999999756
2015-11-05,2462.525000000042
2015-11-06,-22893.505000000005
2015-11-09,6446.620000000036
2015-11-10,6175.679999999982
2015-11-11,6502.274999999985
2015-11-12,6738.889999999957
2015-11-13,6063.777500000008
2015-11-16,-7264.1224999999895
2015-11-17,238.9875000000435
2015-11-18,-1805.3175000000313
2015-11-19,6488.377500000016
2015-11-20,4260.802500000042
2015-11-23,-1090.7499999999686
2015-11-24,-10545.00000000001
2015-11-25,770.0724999999791
2015-11-26,4312.067500000011
2015-11-27,272.2724999999779
2015-11-30,2382.572500000054
2015-12-01,6250.237499999976
2015-12-02,-2124.8749999999945
2015-12-03,-20462.139999999992
2015-12-04,15580.642499999985
2015-12-07,24092.25750000003
2015-12-08,3118.487500000009
2015-12-09,3268.219999999998
2015-12-10,1779.4199999999923
2015-12-11,10012.68999999998
2015-12-14,-5585.152499999968
2015-12-15,-5677.5175000000245
2015-12-16,-11433.509999999955
2015-12-17,13005.695000000049
2015-12-18,-5278.590000000022
2015-12-21,-6675.257500000032
2015-12-22,-7521.217500000023
2015-12-23,-13993.66249999997
2015-12-24,-1288.504999999975
2015-12-28,4215.92999999996
2015-12-29,-11985.507500000034
2015-12-30,-900.5274999999783
2015-12-31,266.2199999999808
2016-01-04,3305.8149999999873
2016-01-05,2626.1349999999793
2016-01-06,17918.57000000002
2016-01-07,-418.46000000004165
2016-01-08,5778.060000000013
2016-01-11,11079.637500000059
2016-01-12,16862.71249999997
2016-01-13,1172.5450000000021
2016-01-14,3069.9874999999615
2016-01-15,28974.585000000032
2016-01-18,-491.1700000000039
2016-01-19,982.0324999999584
2016-01-20,16385.282499999987
2016-01-21,-17752.534999999985
2016-01-22,-21909.149999999994
2016-01-25,22679.719999999925
2016-01-26,-5227.8375000000315
2016-01-27,-10706.159999999993
2016-01-28,-4585.079999999958
2016-01-29,7184.34500000002
2016-02-01,5721.044999999959
2016-02-02,12473.470000000007
2016-02-03,-5133.022499999979
2016-02-04,11610.46999999996
2016-02-05,2046.9325000000188
2016-02-08,17264.832499999953
2016-02-09,13299.682500000059
2016-02-10,9891.850000000022
2016-02-11,7408.327499999978
2016-02-12,-20088.754999999997
2016-02-15,-14831.634999999946
2016-02-16,2886.0124999999593
2016-02-17,-18733.364999999987
2016-02-18,18390.4575
2016-02-19,-1655.2400000000184
2016-02-22,-11678.874999999969
2016-02-23,21288.399999999987
2016-02-24,-6998.1350000000175
2016-02-25,4490.0450000000055
2016-02-26,-12391.044999999998
2016-02-29,4988.144999999992
2016-03-01,-20870.070000000014
2016-03-02,-4848.927500000039
2016-03-03,1848.13250000004
2016-03-04,-12690.400000000049
2016-03-07,-11688.925000000012
2016-03-08,14068.420000000053
2016-03-09,-11582.222499999998
2016-03-10,530.4899999999956
2016-03-11,-13738.024999999992
2016-03-14,-1260.582499999994
2016-03-15,69.89499999995303
2016-03-16,7665.064999999986
2016-03-17,733.2474999999747
2016-03-18,5232.679999999997
2016-03-21,-5207.969999999957
2016-03-22,-87.94000000002728
2016-03-23,8267.900000000036
2016-03-24,-7113.29500000006
2016-03-28,-355.93999999998186
2016-03-29,10668.83500000001
2016-03-30,7415.395000000001
2016-03-31,-2739.957500000014
2016-04-01,9323.839999999971
2016-04-04,763.6800000000469
2016-04-05,6119.940000000014
2016-04-06,2151.264999999987
2016-04-07,4288.939999999976
2016-04-08,-7664.809999999998
2016-04-11,1734.4549999999958
2016-04-12,-10261.515000000007
2016-04-13,-2164.204999999947
2016-04-14,1445.2199999999734
2016-04-15,7764.485000000008
2016-04-18,-6042.075000000046
2016-04-19,-3605.555000000001
2016-04-20,-15618.614999999965
2016-04-21,1533.0400000000136
2016-04-22,90.25999999995813
2016-04-25,-3168.9750000000067
2016-04-26,-11711.504999999961
2016-04-27,2546.6799999999853
2016-04-28,1533.5699999999658
2016-04-29,-1239.5500000000031
2016-05-02,7104.710000000015
2016-05-03,4241.250000000024
2016-05-04,-25.97500000003552
2016-05-05,2535.529999999988
2016-05-06,4316.169999999999
2016-05-09,7061.91500000001
2016-05-10,-4092.5850000000055
2016-05-11,-6597.814999999977
2016-05-12,-8209.954999999996
2016-05-13,-4680.889999999995
2016-05-16,-2683.554999999963
2016-05-17,-7447.705000000041
2016-05-18,-5945.884999999992
2016-05-19,2093.134999999998
2016-05-20,4699.910000000019
2016-05-23,3196.959999999977
2016-05-24,-7056.434999999961
2016-05-25,2464.2949999999387
2016-05-26,-654.4449999999908
2016-05-27,-10217.149999999929
2016-05-30,-2318.5200000000104
2016-05-31,7987.854999999989
2016-06-01,1946.579999999964
2016-06-02,1436.2199999999607
2016-06-03,23160.45999999994
2016-06-06,-4766.389999999991
2016-06-07,1723.6199999999815
2016-06-08,5216.920000000013
2016-06-09,-801.485000000008
2016-06-10,11353.030000000008
2016-06-13,8236.750000000022
2016-06-14,5560.41999999995
2016-06-15,3386.2000000000908
2016-06-16,1167.1799999999982
2016-06-17,2512.96500000001
2016-06-20,-23148.53500000003
2016-06-21,-15134.164999999972
2016-06-22,-799.1249999999714
2016-06-23,-4342.865000000006
2016-06-24,40311.77499999993
2016-06-27,14992.129999999977
2016-06-28,-6657.254999999972
2016-06-29,-5275.399999999986
2016-06-30,6581.685000000005
2016-07-01,7818.040000000034
2016-07-04,6227.984999999989
2016-07-05,6761.567500000009
2016-07-06,-2134.870000000028
2016-07-07,-85.76499999997681
2016-07-08,5433.370000000019
2016-07-11,-956.8250000000183
2016-07-12,-1495.10999999992
2016-07-13,2491.8999999999824
2016-07-14,-9578.110000000008
2016-07-15,3232.5549999999666
2016-07-18,-5441.149999999936
2016-07-19,3529.099999999945
2016-07-20,-8795.239999999958
2016-07-21,1239.6749999999815
2016-07-22,-490.46999999999605
2016-07-25,-4214.675000000005
2016-07-26,4009.617500000007
2016-07-27,4904.395000000014
2016-07-28,-6216.539999999981
2016-07-29,8091.845000000014
2016-08-01,-2345.590000000019
2016-08-02,2340.5999999999967
2016-08-03,-1764.0500000000131
2016-08-04,6618.755000000008
2016-08-05,-5238.165000000007
2016-08-08,2624.6825
2016-08-09,5784.624999999994
2016-08-10,620.5499999999661
2016-08-11,6796.562499999964
2016-08-12,-9888.782499999981
2016-08-15,1705.9950000000117
2016-08-16,1117.9824999999823
2016-08-17,823.3849999999766
2016-08-18,-1539.5299999999947
2016-08-19,-3353.502499999997
2016-08-22,-4448.907500000001
2016-08-23,2412.6925000000106
2016-08-24,-4611.127500000042
2016-08-25,-832.6574999999721
2016-08-26,3599.874999999993
2016-08-29,9434.475000000046
2016-08-30,-7736.475000000044
2016-08-31,-3238.3049999999225
2016-09-01,-3386.0800000000145
2016-09-02,9936.824999999946
2016-09-05,3352.160000000031
2016-09-06,2313.790000000001
2016-09-07,-5742.045000000032
2016-09-08,2470.9124999999826
2016-09-09,-21146.36499999995
2016-09-12,6661.222499999972
2016-09-13,1318.595000000009
2016-09-14,-7296.922500000049
2016-09-15,6393.037500000042
2016-09-16,4933.457499999991
2016-09-19,1357.5949999999802
2016-09-20,4420.117500000013
2016-09-21,8305.15250000002
2016-09-22,3955.3099999999768
2016-09-23,-10718.550000000007
2016-09-26,-1892.8124999999595
2016-09-27,827.2924999999925
2016-09-28,5183.744999999977
2016-09-29,-1983.1600000000515
2016-09-30,7961.915000000039
2016-10-03,859.1200000000435
2016-10-04,-8455.899999999983
2016-10-05,3069.1649999999636
2016-10-06,7644.189999999961
2016-10-07,4206.03500000006
2016-10-10,6132.399999999971
2016-10-11,-3334.864999999993
2016-10-12,2607.6000000000777
2016-10-13,-2643.9650000000206
2016-10-14,-177.5800000000643
2016-10-17,163.99999999997613
2016-10-18,2674.4049999999893
2016-10-19,2950.17999999993
2016-10-20,-3109.109999999992
2016-10-21,-5043.085000000007
2016-10-24,-1100.5849999999434
2016-10-25,-2165.900000000094
2016-10-26,-8789.955000000044
2016-10-27,-3082.9249999998883
2016-10-28,-6496.34750000003
2016-10-31,-2563.157500000016
2016-11-01,-13058.829999999976
2016-11-02,-13181.330000000062
2016-11-03,-5106.159999999982
2016-11-04,-7210.824999999932
2016-11-07,19947.08499999999
2016-11-08,-2738.9250000000056
2016-11-09,15754.394999999979
2016-11-10,-8113.055000000026
2016-11-11,-11333.55499999999
2016-11-14,8225.610000000022
2016-11-15,12942.88500000003
2016-11-16,-2777.615000000055
2016-11-17,-79.05499999996272
2016-11-18,670.0350000000368
2016-11-21,117.96999999993844
2016-11-22,-143.9399999999629
2016-11-23,-1881.7350000000395
2016-11-24,-2859.884999999943
2016-11-25,-9925.854999999989
2016-11-28,6067.289999999976
2016-11-29,726.6250000000454
2016-11-30,6674.234999999994
2016-12-01,6250.369999999937
2016-12-02,-2869.60999999993
2016-12-05,-2404.9249999999724
2016-12-06,-1708.7850000000237
2016-12-07,9071.155000000084
2016-12-08,-864.725000000003
2016-12-09,-3042.4800000000164
2016-12-12,-12784.00000000002
2016-12-13,4157.5799999999745
2016-12-14,-5135.804999999973
2016-12-15,-4652.449999999974
2016-12-16,-15814.395000000066
2016-12-19,2306.6700000000887
2016-12-20,5792.194999999966
2016-12-21,5638.067500000023
2016-12-22,1024.2300000000218
2016-12-23,-1468.2450000000097
2016-12-26,472.1600000000192
2016-12-27,-7859.322499999992
2016-12-28,-281.11250000005543
2016-12-29,-3439.2599999999784
2016-12-30,-11170.929999999953
2017-01-02,4624.319999999977
2017-01-03,-271.927500000064
2017-01-04,-11076.109999999957
2017-01-05,-12255.315000000053
2017-01-06,16522.195000000003
2017-01-09,-13702.749999999902
2017-01-10,3750.8749999999004
2017-01-11,4933.215000000011
2017-01-12,-444.70500000000504
2017-01-13,3080.459999999968
2017-01-16,-802.2999999999874
2017-01-17,-29875.78999999999
2017-01-18,14917.559999999981
2017-01-19,934.4699999999418
2017-01-20,1283.6600000000574
2017-01-23,-6043.494999999981
2017-01-24,20673.044999999933
2017-01-25,7751.300000000038
2017-01-26,7696.144999999954
2017-01-27,-696.6799999999587
2017-01-30,-11597.455000000016
2017-01-31,-11337.994999999986
2017-02-01,-2411.7750000000215
2017-02-02,-3343.2150000000515
2017-02-03,6446.6150000000225
2017-02-06,-12813.344999999965
2017-02-07,-8304.070000000014
2017-02-08,425.08500000001055
2017-02-09,16844.925000000003
2017-02-10,5742.380000000001
2017-02-13,4766.725000000021
2017-02-14,7358.895000000006
2017-02-15,5258.369999999957
2017-02-16,-12919.955000000033
2017-02-17,7520.140000000016
2017-02-20,6296.46000000005
2017-02-21,9841.034999999887
2017-02-22,-1484.8849999999666
2017-02-23,-16395.900000000034
2017-02-24,-5613.885
2017-02-27,10378.180000000048
2017-02-28,3343.9500000000335
2017-03-01,19181.684999999987
2017-03-02,-4368.5450000000055
2017-03-03,-1927.0250000000196
2017-03-06,2926.2500000000923
2017-03-07,6863.759999999995
2017-03-08,-724.7200000000778
2017-03-09,3230.8550000000637
2017-03-10,-8752.619999999994
2017-03-13,4703.170000000009
2017-03-14,1134.8550000000405
2017-03-15,-18855.750000000036
2017-03-16,-3260.0600000000677
2017-03-17,-7267.099999999923
2017-03-20,-11032.294999999976
2017-03-21,-41632.99000000002
2017-03-22,7789.22000000005
2017-03-23,-4770.965000000038
2017-03-24,-4481.819999999918
2017-03-27,-19406.1550000001
2017-03-28,20937.95500000005
2017-03-29,6699.4299999999275
2017-03-30,15708.315000000077
2017-03-31,-2368.5000000000105
2017-04-03,-11366.440000000117
2017-04-04,-986.139999999918
2017-04-05,-5773.809999999947
2017-04-06,10234.759999999927
2017-04-07,11235.145000000059
2017-04-10,-1358.3249999999477
2017-04-11,-15567.77000000002
2017-04-12,-22874.450000000008
2017-04-13,558.3150000000098
2017-04-17,11999.404999999966
2017-04-18,-30070.675000000072
2017-04-19,3432.9900000000594
2017-04-20,12948.455000000029
2017-04-21,-2568.8500000000754
2017-04-24,13573.619999999995
2017-04-25,26626.934999999998
2017-04-26,1311.5749999999884
2017-04-27,16840.940000000035
2017-04-28,7494.9199999999455
2017-05-01,21664.890000000025
2017-05-02,444.62500000002416
2017-05-03,4913.4899999999325
2017-05-04,7576.915000000069
2017-05-05,-3116.9250000000993
2017-05-08,8613.030000000042
2017-05-09,-2637.059999999978
2017-05-10,596.9599999999738
2017-05-11,-5774.42500000005
2017-05-12,-4234.939999999986
2017-05-15,-1652.4149999999834
2017-05-16,-7628.035000000052
2017-05-17,-29382.66499999994
2017-05-18,8537.969999999994
2017-05-19,84.40000000002118
2017-05-22,-1312.5850000000141
2017-05-23,9696.659999999989
2017-05-24,2145.184999999999
2017-05-25,21222.240000000023
2017-05-26,-11121.24750000003
2017-05-29,819.5300000000442
2017-05-30,3611.2275000000354
2017-05-31,1956.1399999999144
2017-06-01,13295.980000000029
2017-06-02,-8182.985000000076
2017-06-05,-1391.7700000000534
2017-06-06,-10388.23999999998
2017-06-07,13242.250000000085
2017-06-08,-8803.625000000078
2017-06-09,-4383.284999999969
2017-06-12,-547.2300000000007
2017-06-13,4238.0049999999865
2017-06-14,-4307.9750000000695
2017-06-15,4813.825000000038
2017-06-16,-4564.345000000049
2017-06-19,12038.76499999996
2017-06-20,-1196.409999999989
2017-06-21,8608.754999999945
2017-06-22,-6666.237499999923
2017-06-23,-266.3725000001016
2017-06-26,525.8200000000952
2017-06-27,-9537.924999999997
2017-06-28,5583.299999999962
2017-06-29,-19436.82499999998
2017-06-30,-24140.739999999918
2017-07-03,-10858.130000000076
2017-07-04,-3868.44999999997
2017-07-05,10324.579999999924
2017-07-06,-5643.112499999922
2017-07-07,2937.369999999997
2017-07-10,-8428.75249999999
2017-07-11,-6089.002499999987
2017-07-12,10110.069999999972
2017-07-13,6060.220000000034
2017-07-14,-2412.7950000000224
2017-07-17,3697.499999999918
2017-07-18,-3310.169999999931
2017-07-19,-2614.2850000000117
2017-07-20,1693.9200000000274
2017-07-21,13905.064999999926
2017-07-24,-6213.574999999989
2017-07-25,-21277.47249999999
2017-07-26,-1520.447499999981
2017-07-27,-7935.0849999999755
2017-07-28,-1623.925000000041
2017-07-31,2341.3124999999563
2017-08-01,16650.11000000004
2017-08-02,3733.035000000003
2017-08-03,-3201.4275000000184
2017-08-04,-751.9750000000283
2017-08-07,3943.892500000025
2017-08-08,-10273.499999999969
2017-08-09,-11238.967500000026
2017-08-10,-17339.875000000015
2017-08-11,1991.514999999995
2017-08-14,20482.30250000005
2017-08-15,7226.645
2017-08-16,5464.410000000019
2017-08-17,-30668.180000000022
2017-08-18,-4551.857500000006
2017-08-21,6460.262499999969
2017-08-22,8308.710000000057
2017-08-23,-15553.485000000002
2017-08-24,-6666.1850000000795
2017-08-25,10239.900000000018
2017-08-28,-3352.474999999995
2017-08-29,3491.2599999999884
2017-08-30,2306.5700000000097
2017-08-31,-15193.994999999995
2017-09-01,-2489.209999999991
2017-09-04,4266.125000000033
2017-09-05,-8386.992500000053
2017-09-06,755.8125000000192
2017-09-07,10392.695000000025
2017-09-08,5695.725000000018
2017-09-11,4128.784999999975
2017-09-12,-2495.084999999938
2017-09-13,-14124.92499999997
2017-09-14,-7660.43000000003
2017-09-15,15476.87000000002
2017-09-18,2177.704999999917
2017-09-19,2408.485000000008
2017-09-20,-11627.305000000011
2017-09-21,686.2500000000672
2017-09-22,-875.7750000000184
2017-09-25,-12204.280000000053
2017-09-26,72.86500000004992
2017-09-27,-10051.314999999975
2017-09-28,10812.830000000044
2017-09-29,-1721.8700000000447
2017-10-02,-1722.059999999931
2017-10-03,-31.70000000003597
2017-10-04,4827.89999999996
2017-10-05,1115.670000000074
2017-10-06,2913.9524999999903
2017-10-09,4014.6549999999766
2017-10-10,3901.974999999981
2017-10-11,7511.4749999999785
2017-10-12,-3766.3274999999667
2017-10-13,-1993.7000000000075
2017-10-16,7332.7700000000195
2017-10-17,4520.307500000002
2017-10-18,7903.044999999977
2017-10-19,-8836.21000000005
2017-10-20,10316.347499999974
2017-10-23,-10971.554999999984
2017-10-24,3116.3149999999705
2017-10-25,169.3950000000417
2017-10-26,-3778.0349999999817
2017-10-27,5610.905000000055
2017-10-30,-2629.0050000000087
2017-10-31,9226.39499999998
2017-11-01,-3637.8700000000304
2017-11-02,-4954.674999999982
2017-11-03,4739.0574999999835
2017-11-06,-3377.5725000000034
2017-11-07,-5112.649999999949
2017-11-08,3228.2500000000514
2017-11-09,-926.2300000000334
2017-11-10,466.8999999999594
2017-11-13,6454.399999999997
2017-11-14,-108.20000000001448
2017-11-15,-7167.0599999999895
2017-11-16,15499.92000000004
2017-11-17,-16687.485000000062
2017-11-20,16323.139999999972
2017-11-21,8620.500000000064
2017-11-22,-8692.049999999963
2017-11-23,4307.004999999994
2017-11-24,15691.714999999946
2017-11-27,-8864.742500000024
2017-11-28,5381.852499999987
2017-11-29,-12617.41999999996
2017-11-30,16589.64749999994
2017-12-01,-794.0199999999851
2017-12-04,461.96999999998206
2017-12-05,-9055.897500000008
2017-12-06,-4500.3475
2017-12-07,18349.53000000001
2017-12-08,8799.85000000002
2017-12-11,15368.07000000007
2017-12-12,2995.4950000000063
2017-12-13,-5132.700000000046
2017-12-14,-1043.5000000000725
2017-12-15,11879.15
2017-12-18,3493.0250000001206
2017-12-19,4372.869999999955
2017-12-20,4063.2700000000705
2017-12-21,5872.599999999954
2017-12-22,-3740.919999999972
2017-12-25,877.0699999999724
2017-12-26,4387.402499999968
2017-12-27,-12960.257500000034
2017-12-28,-8354.35499999996
2017-12-29,-13002.05499999997
2018-01-01,4575.4999999999445
2018-01-02,-4769.169999999957
2018-01-03,19493.97999999994
2018-01-04,10646.600000000099
2018-01-05,11838.599999999957
2018-01-08,9647.244999999935
2018-01-09,2235.745000000053
2018-01-10,-5166.055000000075
2018-01-11,6607.785000000004
2018-01-12,8038.550000000038
2018-01-15,5583.000000000062
2018-01-16,-20785.9625
2018-01-17,26382.33749999994
2018-01-18,-11022.70999999997
2018-01-19,11850.809999999967
2018-01-22,6997.844999999931
2018-01-23,-7159.229999999929
2018-01-24,-4957.930000000049
2018-01-25,4217.167499999932
2018-01-26,14860.9525
2018-01-29,-11146.709999999983
2018-01-30,-29293.682500000006
2018-01-31,21636.63500000002
2018-02-01,5233.837500000045
2018-02-02,-33917.12750000007
2018-02-05,-60478.082499999975
2018-02-06,24611.33000000002
2018-02-07,-18092.87750000004
2018-02-08,-15529.42249999998
2018-02-09,4766.264999999945
2018-02-12,-5006.999999999967
2018-02-13,356.88999999998555
2018-02-14,14936.400000000018
2018-02-15,6676.710000000004
2018-02-16,3793.3549999999796
2018-02-19,1998.6974999999995
2018-02-20,-5008.694999999997
2018-02-21,-86.10749999994721
2018-02-22,5683.6399999999985
2018-02-23,5443.92499999999
2018-02-26,7011.430000000003
2018-02-27,-4902.945000000001
2018-02-28,-19085.995
2018-03-01,-24966.760000000002
2018-03-02,12651.802500000002
2018-03-05,4717.307499999993
2018-03-06,-8089.58749999998
2018-03-07,13213.760000000017
2018-03-08,-9294.72500000001
2018-03-09,18153.18
2018-03-12,-3801.0100000000075
2018-03-13,-6587.299999999996
2018-03-14,129.56000000001757
2018-03-15,9091.09999999998
2018-03-16,8095.770000000022
2018-03-19,3754.0299999999706
2018-03-20,11735.37250000001
2018-03-21,1637.9050000000204
2018-03-22,-28917.137500000004
2018-03-23,-1477.315000000006
2018-03-26,15793.475000000006
2018-03-27,-22633.560000000038
2018-03-28,-1449.917499999994
2018-03-29,-643.1699999999937
2018-04-02,-17084.910000000014
2018-04-03,12213.370000000034
2018-04-04,4098.339999999989
2018-04-05,191.22000000000196
2018-04-06,-8318.284999999993
2018-04-09,1180.6949999999642
2018-04-10,14174.220000000043
2018-04-11,-1179.6900000000041
2018-04-12,6797.477500000009
2018-04-13,-2698.2700000000114
2018-04-16,-235.91749999997143
2018-04-17,4349.307499999954
2018-04-18,6460.502499999979
2018-04-19,5614.08000000005
2018-04-20,3291.6125000000325
2018-04-23,8342.344999999994
2018-04-24,-12555.952500000009
2018-04-25,473.85999999998455
2018-04-26,4654.917500000039
2018-04-27,-8867.182500000039
2018-04-30,-3907.6999999999734
2018-05-01,-13597.400000000021
2018-05-02,-1670.4449999999874
2018-05-03,808.9949999999926
2018-05-04,8029.0800000000645
2018-05-07,4300.914999999961
2018-05-08,905.6099999999924
2018-05-09,6912.555000000011
2018-05-10,-10223.929999999971
2018-05-11,-1586.3000000000206
2018-05-14,13521.857500000006
2018-05-15,13274.720000000005
2018-05-16,3446.8249999999807
2018-05-17,-4606.105000000009
2018-05-18,-7032.230000000022
2018-05-21,5146.300000000036
2018-05-22,-4815.687500000045
2018-05-23,-10504.24249999994
2018-05-24,-9615.650000000074
2018-05-25,-21978.084999999992
2018-05-28,-3496.0525000000443
2018-05-29,-25394.349999999948
2018-05-30,19099.749999999956
2018-05-31,4616.412500000018
2018-06-01,1492.4199999999694
2018-06-04,-4649.514999999942
2018-06-05,-3658.5299999999893
2018-06-06,-4310.04
2018-06-07,-527.9549999999911
2018-06-08,-3661.600000000017
2018-06-11,-268.06499999998135
2018-06-12,5855.92499999997
2018-06-13,-3118.8949999999722
2018-06-14,-1614.850000000036
2018-06-15,-10726.33749999999
2018-06-18,-572.0049999999833
2018-06-19,1365.444999999962
2018-06-20,8842.885000000038
2018-06-21,-8698.762499999997
2018-06-22,1871.5924999999972
2018-06-25,-7933.782499999993
2018-06-26,8528.66000000005
2018-06-27,508.37499999999113
2018-06-28,-148.5900000000274
2018-06-29,-3460.2850000001195
2018-07-02,-3940.9174999998713
2018-07-03,-4260.860000000062
2018-07-04,1338.1724999999947
2018-07-05,-267.8575000000336
2018-07-06,-5289.015000000062
2018-07-09,18572.334999999992
2018-07-10,-5065.789999999977
2018-07-11,-5719.550000000067
2018-07-12,4433.21000000002
2018-07-13,-145.0800000000732
2018-07-16,-11303.95999999993
2018-07-17,7447.274999999987
2018-07-18,-342.8099999999648
2018-07-19,5887.339999999992
2018-07-20,-4530.784999999997
2018-07-23,8213.975000000011
2018-07-24,-7014.755000000044
2018-07-25,-1302.4099999999444
2018-07-26,13289.389999999963
2018-07-27,-10055.309999999965
2018-07-30,-1284.0699999999922
2018-07-31,-5620.155000000057
2018-08-01,5442.690000000014
2018-08-02,19068.465000000102
2018-08-03,-6348.600000000037
2018-08-06,9360.794999999986
2018-08-07,958.9700000000062
2018-08-08,-5824.385000000028
2018-08-09,-4175.2949999999655
2018-08-10,16473.144999999975
2018-08-13,2990.8899999999257
2018-08-14,4684.260000000017
2018-08-15,4844.0249999999905
2018-08-16,-6882.554999999972
2018-08-17,-4363.027500000043
2018-08-20,2193.8400000000233
2018-08-21,-4858.324999999993
2018-08-22,11973.887499999977
2018-08-23,10158.09
2018-08-24,-8034.804999999963
2018-08-27,-1104.3650000000237
2018-08-28,5140.710000000001
2018-08-29,77.60749999999729
2018-08-30,8635.477499999995
2018-08-31,4891.509999999959
2018-09-03,4171.980000000036
2018-09-04,2549.119999999993
2018-09-05,-15297.029999999997
2018-09-06,-10777.17999999992
2018-09-07,3606.849999999964
2018-09-10,2916.4449999999797
2018-09-11,11184.894999999975
2018-09-12,-12831.499999999936
2018-09-13,-4435.244999999959
2018-09-14,7210.799999999977
2018-09-17,-12487.954999999996
2018-09-18,6373.849999999952
2018-09-19,2766.840000000053
2018-09-20,-7670.979999999984
2018-09-21,1724.494999999959
2018-09-24,8058.569999999992
2018-09-25,-4875.404999999943
2018-09-26,-1027.2750000000403
2018-09-27,15543.999999999996
2018-09-28,-615.8499999999942
2018-10-01,7604.999999999973
2018-10-02,-5718.534999999951
2018-10-03,14919.01999999994
2018-10-04,-13065.179999999924
2018-10-05,-13480.820000000032
2018-10-08,2944.5500000000443
2018-10-09,-91.70000000006809
2018-10-10,-38813.32999999995
2018-10-11,-23486.93500000001
2018-10-12,219.66499999995958
2018-10-15,-6992.124999999965
2018-10-16,20878.445
2018-10-17,-4344.319999999986
2018-10-18,-5485.250000000004
2018-10-19,-2780.249999999954
2018-10-22,3079.254999999947
2018-10-23,-12878.56999999994
2018-10-24,-15378.825000000013
2018-10-25,12197.344999999978
2018-10-26,-2883.925000000036
2018-10-29,-2656.7249999999044
2018-10-30,14700.399999999885
2018-10-31,2760.3600000000515
2018-11-01,-23817.21499999996
2018-11-02,-5804.514999999975
2018-11-05,4838.064999999985
2018-11-06,104.99999999994395
2018-11-07,11074.445000000074
2018-11-08,-14.715000000019145
2018-11-09,4072.049999999967
2018-11-12,3514.795000000028
2018-11-13,-11969.119999999994
2018-11-14,-3257.0050000000015
2018-11-15,-4786.020000000029
2018-11-16,-82.17499999996349
2018-11-19,-8759.159999999956
2018-11-20,-8646.000000000033
2018-11-21,-861.9475000000118
2018-11-22,-7565.169999999992
2018-11-23,3962.792499999998
2018-11-26,5693.790000000044
2018-11-27,8401.879999999956
2018-11-28,-2547.9849999999738
2018-11-29,920.7749999999755
2018-11-30,2504.580000000022
2018-12-03,-3454.4775000000095
2018-12-04,-9305.602500000025
2018-12-05,-2792.8824999999642
2018-12-06,5127.999999999959
2018-12-07,-12077.480000000007
2018-12-10,7491.504999999982
2018-12-11,-7828.520000000005
2018-12-12,-2782.5499999999706
2018-12-13,-567.4300000000314
2018-12-14,1978.6450000000339
2018-12-17,5237.704999999998
2018-12-18,14266.65749999997
2018-12-19,-3634.1624999999963
2018-12-20,-5686.975000000025
2018-12-21,5216.567499999966
2018-12-24,8190.844999999952
2018-12-25,281.70000000003
2018-12-26,-11019.949999999997
2018-12-27,10708.622500000056
2018-12-28,4179.360000000009
2018-12-31,-1250.8799999999999
2019-01-01,-636.1900000000095
2019-01-02,5423.784999999984
2019-01-03,-5586.189999999946
2019-01-04,-25473.825000000015
2019-01-07,-3407.0325000000225
2019-01-08,-4261.819999999981
2019-01-09,-4381.3
2019-01-10,627.5999999999678
2019-01-11,3712.779999999982
2019-01-14,11036.715000000006
2019-01-15,-941.719999999991
2019-01-16,-2595.9800000000096
2019-01-17,-6381.679999999981
2019-01-18,-11432.30000000001
2019-01-21,3357.004999999997
2019-01-22,8961.655000000012
2019-01-23,3360.267499999977
2019-01-24,2285.575000000043
2019-01-25,-11216.840000000011
2019-01-28,13888.162500000002
2019-01-29,-3514.834999999976
2019-01-30,-3208.57250000001
2019-01-31,5373.847499999963
2019-02-01,-14661.0125
2019-02-04,-9814.222500000014
2019-02-05,1681.2250000000413
2019-02-06,-3602.7674999999813
2019-02-07,13511.152499999855
2019-02-08,207.87500000005375
2019-02-11,-771.8799999999754
2019-02-12,-4574.775000000036
2019-02-13,-7857.379999999963
2019-02-14,-3810.574999999979
2019-02-15,-10842.185000000012
2019-02-18,-406.3300000000225
2019-02-19,2562.0074999999906
2019-02-20,-11472.589999999944
2019-02-21,603.6399999999738
2019-02-22,-489.9649999999457
2019-02-25,6752.509999999985
2019-02-26,929.7949999999727
2019-02-27,-8105.434999999962
2019-02-28,-4764.780000000033
2019-03-01,-8564.577499999992
2019-03-04,279.1274999999879
2019-03-05,-567.8249999999862
2019-03-06,12385.282499999961
2019-03-07,9548.777500000026
2019-03-08,11687.095000000052
2019-03-11,-7620.36249999998
2019-03-12,-3778.347500000008
2019-03-13,-4932.324999999972
2019-03-14,-6285.485000000003
2019-03-15,8731.49999999999
2019-03-18,-6673.957500000006
2019-03-19,44.25999999994484
2019-03-20,8813.175000000012
2019-03-21,-10201.977499999966
2019-03-22,19198.540000000034
2019-03-25,-1798.8875000000417
2019-03-26,-6799.649999999996
2019-03-27,3518.020000000019
2019-03-28,-8364.559999999987
2019-03-29,1923.9399999999612
2019-04-01,-5082.375000000001
2019-04-02,-3425.8149999999914
2019-04-03,-7529.640000000091
2019-04-04,6120.905000000052
2019-04-05,-9531.630000000043
2019-04-08,3487.569999999978
2019-04-09,5124.36999999999
2019-04-10,-4987.834999999962
2019-04-11,-7019.260000000061
2019-04-12,-6287.1349999999675
2019-04-15,4578.74999999998
2019-04-16,-5285.62999999995
2019-04-17,1033.7099999999525
2019-04-18,9436.00000000008
2019-04-22,-14466.710000000105
2019-04-23,-5479.999999999966
2019-04-24,8521.490000000018
2019-04-25,-7169.91499999996
2019-04-26,9084.242500000006
2019-04-29,-8352.409999999998
2019-04-30,-468.4750000000101
2019-05-01,-5107.969999999986
2019-05-02,-4949.027499999924
2019-05-03,2036.7899999999217
2019-05-06,8145.182499999966
2019-05-07,5446.270000000019
2019-05-08,-7467.425000000015
2019-05-09,8403.950000000043
2019-05-10,-899.9049999999637
2019-05-13,-8517.012500000079
2019-05-14,-8613.449999999957
2019-05-15,3001.1499999999855
2019-05-16,-4071.430000000055
2019-05-17,2659.3150000000783
2019-05-20,-15754.520000000031
2019-05-21,3671.445000000062
2019-05-22,2622.514999999942
2019-05-23,2856.0649999999778
2019-05-24,-15264.679999999911
2019-05-27,3912.3799999998514
2019-05-28,-9683.81999999998
2019-05-29,-1080.8649999999539
2019-05-30,-7613.237499999976
2019-05-31,5628.22499999999
2019-06-03,-1403.2624999999384
2019-06-04,4570.2549999999355
2019-06-05,15665.67499999999
2019-06-06,-4705.500000000062
2019-06-07,7513.575000000079
2019-06-10,-3904.9000000000765
2019-06-11,-4946.409999999971
2019-06-12,-118.35999999997142
2019-06-13,7151.910000000024
2019-06-14,-116.02499999990204
2019-06-17,-4684.140000000009
2019-06-18,18880.510000000046
2019-06-19,4943.95499999998
2019-06-20,-3173.5099999999215
2019-06-21,-4738.365000000032
2019-06-24,-6871.370000000018
2019-06-25,1351.4999999999382
2019-06-26,-1402.0999999999674
2019-06-27,82.68000000008664
2019-06-28,-3039.729999999944
2019-07-01,7001.179999999886
2019-07-02,12236.1650000001
2019-07-03,-3778.7549999999737
2019-07-04,470.50000000000813
2019-07-05,-12946.955000000025
2019-07-08,175.1600000000347
2019-07-09,1110.4549999999717
2019-07-10,776.1850000000325
2019-07-11,-7346.374999999991
2019-07-12,-4194.744999999971
2019-07-15,1820.2099999999346
2019-07-16,2825.8700000000367
2019-07-17,-8709.584999999941
2019-07-18,-4744.874999999975
2019-07-19,-10104.965000000058
2019-07-22,7404.695000000015
2019-07-23,11474.904999999995
2019-07-24,2887.7399999999384
2019-07-25,-519.6499999999996
2019-07-26,10822.309999999978
2019-07-29,9670.560000000145
2019-07-30,5057.104999999968
2019-07-31,-3384.040000000004
2019-08-01,-22721.575000000015
2019-08-02,799.8950000000526
2019-08-05,-49093.04000000008
2019-08-06,33402.66499999999
2019-08-07,-6048.749999999907
2019-08-08,4584.680000000073
2019-08-09,1900.1749999999868
2019-08-12,10277.039999999937
2019-08-13,13236.065000000031
2019-08-14,-19086.24500000007
2019-08-15,5109.380000000045
2019-08-16,7841.889999999996
2019-08-19,3623.5199999999845
2019-08-20,-7028.525000000033
2019-08-21,8953.509999999993
2019-08-22,-6961.644999999949
2019-08-23,-3972.4050000000043
2019-08-26,1804.484999999964
2019-08-27,8328.73500000001
2019-08-28,3799.2700000000805
2019-08-29,5082.654999999874
2019-08-30,4647.405000000079
2019-09-02,875.3150000000165
2019-09-03,2327.8350000000073
2019-09-04,-22644.644999999953
2019-09-05,-14944.63500000002
2019-09-06,3675.775000000009
2019-09-09,-16756.150000000023
2019-09-10,-17267.559999999932
2019-09-11,2360.309999999949
2019-09-12,-7073.165000000037
2019-09-13,-25011.319999999985
2019-09-16,11125.742499999975
2019-09-17,6697.06500000002
2019-09-18,-2669.4225000000565
2019-09-19,4266.977500000026
2019-09-20,7963.380000000022
2019-09-23,1716.1949999999506
2019-09-24,1698.830000000052
2019-09-25,-10490.07500000003
2019-09-26,6984.2750000000015
2019-09-27,-4153.579999999976
2019-09-30,-6712.82999999996
2019-10-01,7004.684999999947
2019-10-02,6862.559999999919
2019-10-03,8885.370000000054
2019-10-04,2170.265000000025
2019-10-07,-6271.865000000002
2019-10-08,-1773.9000000000408
2019-10-09,-1242.0249999999821
2019-10-10,-11777.499999999996
2019-10-11,-20029.5349999999
2019-10-14,422.59999999998206
2019-10-15,-7416.534999999985
2019-10-16,3938.6699999999923
2019-10-17,-5922.80999999997
2019-10-18,-12121.055000000095
2019-10-21,2955.5299999999493
2019-10-22,3709.7950000000315
2019-10-23,-454.9999999999468
2019-10-24,7541.297499999978
2019-10-25,-3244.062500000053
2019-10-28,-9608.217499999959
2019-10-29,-4187.129999999972
2019-10-30,3369.9599999999873
2019-10-31,17460.80749999999
2019-11-01,-14339.057499999983
2019-11-04,-22854.899999999998
2019-11-05,-19191.18999999999
2019-11-06,14843.134999999967
2019-11-07,-22061.699999999986
2019-11-08,-4296.397499999994
2019-11-11,8088.389999999986
2019-11-12,3048.774999999954
2019-11-13,3758.394999999984
2019-11-14,10591.85249999998
2019-11-15,-9988.922499999964
2019-11-18,10373.537499999999
2019-11-19,9954.820000000012
2019-11-20,-2700.022500000008
2019-11-21,-8190.072500000037
2019-11-22,-2013.0574999999747
2019-11-25,3451.084999999985
2019-11-26,-5073.010000000049
2019-11-27,-3257.1050000000105
2019-11-28,306.9300000000331
2019-11-29,10969.135000000046
2019-12-02,-22083.91500000006
2019-12-03,1623.2450000000056
2019-12-04,-5630.499999999952
2019-12-05,-474.10000000012633
2019-12-06,-5446.989999999942
2019-12-09,2202.0850000000714
2019-12-10,-1346.8200000000286
2019-12-11,-3337.78500000003
2019-12-12,-8218.569999999992
2019-12-13,10145.175000000063
2019-12-16,-631.7050000000227
2019-12-17,1763.9100000000185
2019-12-18,1096.8200000000893
2019-12-19,-275.65000000004034
2019-12-20,7900.174999999986
2019-12-23,6718.600000000075
2019-12-24,6342.487500000012
2019-12-25,-1562.0350000000494
2019-12-26,8895.26499999999
2019-12-27,-17218.435000000154
2019-12-30,-11184.169999999962
2019-12-31,-2358.5499999999515
2020-01-01,1242.3499999999692
2020-01-02,15891.990000000063
2020-01-03,18278.97000000005
2020-01-06,2860.6149999999325
2020-01-07,14110.16500000003
2020-01-08,-9668.302500000105
2020-01-09,7828.05000000009
2020-01-10,-8606.717499999986
2020-01-13,4370.827499999967
2020-01-14,-10461.242500000028
2020-01-15,3071.469999999972
2020-01-16,18427.10500000014
2020-01-17,-4589.36500000006
2020-01-20,3338.6750000000943
2020-01-21,-2629.5400000000927
2020-01-22,-5965.074999999966
2020-01-23,-1025.0249999999155
2020-01-24,145.80999999998718
2020-01-27,-15419.344999999952
2020-01-28,4411.755000000056
2020-01-29,8040.489999999912
2020-01-30,8999.344999999923
2020-01-31,-30826.879999999994
2020-02-03,12982.87
2020-02-04,21401.85250000007
2020-02-05,14200.077499999958
2020-02-06,2791.2550000000147
2020-02-07,-3656.2425000001276
2020-02-10,10294.99250000013
2020-02-11,-2119.2300000000587
2020-02-12,5560.455000000072
2020-02-13,4533.977499999877
2020-02-14,2235.819999999988
2020-02-17,-4256.745000000058
2020-02-18,9588.615000000147
2020-02-19,15527.612499999917
2020-02-20,4054.894999999966
2020-02-21,-6572.564999999974
2020-02-24,-10038.2400000001
2020-02-25,-15887.184999999958
2020-02-26,-5078.25999999986
2020-02-27,-18548.10500000009
2020-02-28,-10260.12000000008
2020-03-02,-3468.2449999999344
2020-03-03,-19493.534999999913
2020-03-04,15878.900000000034
2020-03-05,-7181.0750000000935
2020-03-06,294.0350000000054
2020-03-09,-10528.71000000002
2020-03-10,-10533.704999999954
2020-03-11,-11200.81500000001
2020-03-12,-40241.83499999999
2020-03-13,28951.989999999998
2020-03-16,-15827.439999999988
2020-03-17,13743.769999999984
2020-03-18,2123.124999999989
2020-03-19,14365.315000000011
2020-03-20,3541.3200000000056
2020-03-23,-7234.344999999999
2020-03-24,-6.390000000004278
2020-03-25,2438.7650000000076
2020-03-26,2817.1350000000057
2020-03-27,2063.9999999999827
2020-03-30,8303.197500000006
2020-03-31,6787.337500000008
2020-04-01,7550.640000000011
2020-04-02,-10910.040000000014
2020-04-03,-8334.670000000006
2020-04-06,-17351.284999999974
2020-04-07,4282.545000000012
2020-04-08,-7258.864999999969
2020-04-09,13123.584999999981
2020-04-13,1955.9399999999557
2020-04-14,8992.567500000041
2020-04-15,10137.062499999978
2020-04-16,-14398.40249999999
2020-04-17,7423.429999999967
2020-04-20,-482.77499999995786
2020-04-21,23671.844999999987
2020-04-22,-12420.599999999986
2020-04-23,-3585.359999999968
2020-04-24,1161.6649999999797
2020-04-27,-4499.855000000053
2020-04-28,-689.6149999999733
2020-04-29,-13036.37499999998
2020-04-30,-3310.187500000027
2020-05-01,2755.1950000000074
2020-05-04,-12343.960000000054
2020-05-05,-14995.587500000009
2020-05-06,6890.330000000024
2020-05-07,1981.0200000000077
2020-05-08,-7633.777500000014
2020-05-11,203.5625000000041
2020-05-12,8406.107500000033
2020-05-13,4992.244999999994
2020-05-14,-6941.9275000000125
2020-05-15,-4994.700000000001
2020-05-18,-21995.48499999999
2020-05-19,6364.162499999989
2020-05-20,4481.384999999985
2020-05-21,-1412.28499999999
2020-05-22,1262.6625000000156
2020-05-25,-1784.3925000000047
2020-05-26,-9094.6775
2020-05-27,-803.9274999999558
2020-05-28,7932.224999999978
2020-05-29,949.0549999999574
2020-06-01,1428.1324999999724
2020-06-02,-12970.034999999962
2020-06-03,-10079.485000000032
2020-06-04,-3944.6550000000047
2020-06-05,-21163.13500000003
2020-06-08,4217.395000000025
2020-06-09,13774.950000000033
2020-06-10,18604.67000000003
2020-06-11,3563.039999999987
2020-06-12,-4173.160000000069
2020-06-15,-7776.239999999958
2020-06-16,447.0250000000133
2020-06-17,3525.1000000000126
2020-06-18,-6023.772500000017
2020-06-19,7236.000000000029
2020-06-22,2433.685000000011
2020-06-23,2963.082500000001
2020-06-24,9636.092499999966
2020-06-25,5070.965000000037
2020-06-26,13641.732499999996
2020-06-29,-15121.212499999989
2020-06-30,-682.2974999999892
2020-07-01,-4505.054999999993
2020-07-02,-1210.3625000000116
2020-07-03,518.9924999999878
2020-07-06,-5670.842500000013
2020-07-07,6490.150000000007
2020-07-08,3923.807500000009
2020-07-09,1183.502500000009
2020-07-10,-2923.749999999988
2020-07-13,12328.145000000026
2020-07-14,-182.97249999999508
2020-07-15,-5940.262500000025
2020-07-16,-4274.999999999967
2020-07-17,6012.944999999943
2020-07-20,4662.747500000021
2020-07-21,2814.912499999983
2020-07-22,-315.9750000000025
2020-07-23,4618.407500000001
2020-07-24,6419.120000000024
2020-07-27,7670.7999999999765
2020-07-28,8163.682499999976
2020-07-29,4097.992499999988
2020-07-30,12580.63250000008
2020-07-31,-1724.137500000064
2020-08-03,-15622.145000000022
2020-08-04,14789.772500000028
2020-08-05,-7903.952500000053
2020-08-06,5372.48750000003
2020-08-07,-9784.902500000066
2020-08-10,-9401.892499999984
2020-08-11,-19108.20500000001
2020-08-12,-9296.805000000002
2020-08-13,-14043.124999999975
2020-08-14,3624.969999999986
2020-08-17,-1139.7424999999964
2020-08-18,6662.564999999981
2020-08-19,-7970.819999999951
2020-08-20,4454.622499999937
2020-08-21,1713.7199999999896
2020-08-24,-9886.612500000001
2020-08-25,-8962.720000000014
2020-08-26,5012.690000000038
2020-08-27,-4880.645000000045
2020-08-28,11384.025000000027
2020-08-31,4295.47499999998
2020-09-01,-280.39999999999986
2020-09-02,4211.924999999956
2020-09-03,5870.339999999998
2020-09-04,-5284.779999999978
2020-09-07,-232.26000000005686
2020-09-08,7805.505000000039
2020-09-09,-10614.140000000021
2020-09-10,-527.2999999999752
2020-09-11,1735.3900000000021
2020-09-14,2759.129999999933
2020-09-15,-998.3549999999825
2020-09-16,-8136.169999999958
2020-09-17,-522.215000000055
2020-09-18,-8849.319999999983
2020-09-21,8681.78999999999
2020-09-22,-3519.0999999999985
2020-09-23,-14695.385000000002
2020-09-24,5968.434999999996
2020-09-25,-838.3650000000058
2020-09-28,7287.835000000009
2020-09-29,8051.790000000009
2020-09-30,-5972.869999999998
2020-10-01,1536.692499999951
2020-10-02,6149.917500000002
2020-10-05,4908.54000000002
2020-10-06,-14496.782500000036
2020-10-07,10923.640000000036
2020-10-08,2311.3574999999687
2020-10-09,4769.777500000032
2020-10-12,1522.7300000000118
2020-10-13,-10838.870000000012
2020-10-14,-6074.3274999999885
2020-10-15,-1524.7600000000223
2020-10-16,1083.3775000000765
2020-10-19,-1358.2624999999998
2020-10-20,3353.3325000000164
2020-10-21,-5887.709999999996
2020-10-22,13863.982499999995
2020-10-23,-5635.767499999999
2020-10-26,-14821.710000000008
2020-10-27,-9119.8975
2020-10-28,-5045.982499999987
2020-10-29,7397.052499999985
2020-10-30,5282.247500000013
2020-11-02,4528.507500000018
2020-11-03,27044.8875
2020-11-04,-27670.0425
2020-11-05,3814.9399999999796
2020-11-06,3399.7275000000036
2020-11-09,29755.825000000008
2020-11-10,3588.8724999999977
2020-11-11,-1244.6225000000086
2020-11-12,-6415.99
2020-11-13,276.9775000000182
2020-11-16,8660.982499999996
2020-11-17,-5222.425000000008
2020-11-18,-1354.0949999999802
2020-11-19,-6740.405000000004
2020-11-20,6813.664999999979
2020-11-23,10941.602499999943
2020-11-24,2322.665000000109
2020-11-25,-415.7775000000503
2020-11-26,-5151.567499999984
2020-11-27,3103.269999999964
2020-11-30,-7411.182500000048
2020-12-01,11357.137499999928
2020-12-02,5011.6775000000225
2020-12-03,-492.5299999999545
2020-12-04,9457.499999999947
2020-12-07,-4254.962499999976
2020-12-08,5040.687499999989
2020-12-09,-350.96249999998537
2020-12-10,-3899.4874999999574
2020-12-11,-10098.46250000001
2020-12-14,-193.02500000004036
2020-12-15,8452.517499999956
2020-12-16,5696.622499999992
2020-12-17,5317.3649999999825
2020-12-18,6191.552500000062
2020-12-21,-3405.952500000019
2020-12-22,-3912.320000000069
2020-12-23,10537.714999999995
2020-12-24,-421.6524999999979
2020-12-28,2549.5799999999986
2020-12-29,3058.2825000000184
2020-12-30,-3937.8125000000086
2020-12-31,-1665.664999999992
2021-01-04,-10128.352500000005
2021-01-05,5269.459999999927
2021-01-06,23080.92750000009
2021-01-07,20775.407500000016
2021-01-08,23019.879999999957
2021-01-11,709.9075000000438
2021-01-12,3775.4374999999554
2021-01-13,-7020.23249999999
2021-01-14,12107.48999999999
2021-01-15,-13222.837499999965
2021-01-18,6378.3699999999835
2021-01-19,-2327.5749999999844
2021-01-20,4155.479999999967
2021-01-21,116.94000000000409
2021-01-22,-3491.0499999999765
2021-01-25,3131.79250000003
2021-01-26,-864.6150000000684
2021-01-27,-4493.214999999956
2021-01-28,10337.78749999999
2021-01-29,6116.984999999959
2021-02-01,1.712499999977041
2021-02-02,9140.052500000034
2021-02-03,11499.809999999936
2021-02-04,-1133.4224999999951
2021-02-05,3026.2600000000225
2021-02-08,13468.387499999993
2021-02-09,-585.6274999999881
2021-02-10,-17206.810000000027
2021-02-11,9884.14250000001
2021-02-12,13303.172499999982
2021-02-15,12929.26499999999
2021-02-16,18976.567500000016
2021-02-17,-3424.532500000076
2021-02-18,5438.265000000062
2021-02-19,5400.302499999999
2021-02-22,8917.537499999953
2021-02-23,4404.370000000019
2021-02-24,29641.01750000001
2021-02-25,37105.14249999998
2021-02-26,-25236.974999999973
2021-03-01,-4208.477500000047
2021-03-02,-6785.3850000000875
2021-03-03,12561.910000000082
2021-03-04,24484.75749999997
2021-03-05,15658.759999999917
2021-03-08,7946.092500000035
2021-03-09,-13255.649999999969
2021-03-10,-1699.767500000026
2021-03-11,13410.450000000057
2021-03-12,13768.457499999968
2021-03-15,-4291.004999999981
2021-03-16,-113.47499999991396
2021-03-17,-2860.7850000000644
2021-03-18,-11425.81749999998
2021-03-19,6622.634999999992
2021-03-22,-9361.137499999912
2021-03-23,-19231.062500000007
2021-03-24,10584.399999999952
2021-03-25,-7560.187499999977
2021-03-26,14441.372500000034
2021-03-29,3395.3449999999802
2021-03-30,3563.299999999949
2021-03-31,11449.790000000023
2021-04-01,-9266.3575
2021-04-02,11391.032500000036
2021-04-05,-11170.380000000052
2021-04-06,-11148.075000000059
2021-04-07,-494.0549999999938
2021-04-08,-5497.154999999969
2021-04-09,3049.699999999963
2021-04-12,-2108.65499999993
2021-04-13,-10103.010000000007
2021-04-14,20249.69999999999
2021-04-15,-11024.099999999993
2021-04-16,-4852.01000000002
2021-04-19,1350.4699999999727
2021-04-20,-2901.3749999999122
2021-04-21,4403.489999999948
2021-04-22,9471.145000000044
2021-04-23,8754.7899999999
2021-04-26,9981.865000000096
2021-04-27,9386.890000000014
2021-04-28,-1669.834999999993
2021-04-29,6928.512499999914
2021-04-30,7299.414999999999
2021-05-03,593.2199999999265
2021-05-04,12082.087500000192
2021-05-05,-5923.137500000138
2021-05-06,-4718.912499999947
2021-05-07,-3017.4299999999994
2021-05-10,-2005.4299999999762
2021-05-11,10873.02999999996
2021-05-12,14255.074999999984
2021-05-13,-16359.400000000034
2021-05-14,-4397.722499999978
2021-05-17,1833.1275000000994
2021-05-18,-6820.275000000123
2021-05-19,-1543.86
2021-05-20,-14956.537499999953
2021-05-21,4984.674999999975
2021-05-24,4251.042500000021
2021-05-25,-14696.625000000024
2021-05-26,7667.099999999963
2021-05-27,20396.632500000032
2021-05-28,-4846.572499999921
2021-05-31,-4967.210000000036
2021-06-01,9143.320000000003
2021-06-02,-3256.9300000000085
2021-06-03,12176.08499999993
2021-06-04,-9331.524999999992
2021-06-07,-72.86000000003492
2021-06-08,2322.6825000000076
2021-06-09,-8327.004999999897
2021-06-10,-10422.547500000032
2021-06-11,2833.91999999993
2021-06-14,-219.01499999994792
2021-06-15,-2663.029999999963
2021-06-16,24587.889999999967
2021-06-17,-13767.625000000064
2021-06-18,5975.800000000048
2021-06-21,10538.692500000005
2021-06-22,-4674.949999999944
2021-06-23,8182.797499999992
2021-06-24,164.6050000000182
2021-06-25,-3414.1625000001186
2021-06-28,-7009.772499999881
2021-06-29,-331.81000000013296
2021-06-30,10078.97750000009
2021-07-01,2716.999999999915
2021-07-02,-9151.10500000001
2021-07-05,5484.095000000083
2021-07-06,-30896.465000000026
2021-07-07,-5009.032499999976
2021-07-08,-12502.992499999998
2021-07-09,14690.002500000022
2021-07-12,7599.249999999935
2021-07-13,13627.725000000031
2021-07-14,-19826.167499999967
2021-07-15,-8733.660000000034
2021-07-16,3321.8700000000167
2021-07-19,-27882.897500000046
2021-07-20,11844.26250000006
2021-07-21,16981.759999999995
2021-07-22,2375.2149999999915
2021-07-23,7368.444999999973
2021-07-26,2167.0200000000027
2021-07-27,-8819.33499999995
2021-07-28,-7186.790000000039
2021-07-29,-1425.6349999999336
2021-07-30,-2686.775000000038
2021-08-02,-7775.119999999983
2021-08-03,-3490.2000000000544
2021-08-04,-2395.454999999998
2021-08-05,8761.32499999997
2021-08-06,17325.329999999944
2021-08-09,1804.0350000000446
2021-08-10,7658.93499999996
2021-08-11,-537.9499999999412
2021-08-12,-4155.249999999951
2021-08-13,-20815.399999999947
2021-08-16,-1864.815000000006
2021-08-17,-4326.055000000106
2021-08-18,-5220.069999999987
2021-08-19,557.1750000000563
2021-08-20,-5177.720000000065
2021-08-23,2157.895000000044
2021-08-24,7873.849999999983
2021-08-25,13944.949999999952
2021-08-26,5880.310000000049
2021-08-27,1560.459999999976
2021-08-30,6431.742500000033
2021-08-31,-2807.0800000000427
2021-09-01,-7219.0474999999515
2021-09-02,4452.782500000034
2021-09-03,-6821.850000000118
2021-09-06,1680.1500000000838
2021-09-07,4764.88000000005
2021-09-08,9535.179999999888
2021-09-09,-8894.049999999923
2021-09-10,8246.964999999958
2021-09-13,2731.8549999999805
2021-09-14,-7196.5399999999845
2021-09-15,8560.855000000061
2021-09-16,17139.95999999994
2021-09-17,1717.3699999999694
2021-09-20,-15886.869999999919
2021-09-21,-7412.775000000054
2021-09-22,13123.534999999907
2021-09-23,11552.330000000007
2021-09-24,10887.07500000014
2021-09-27,12529.18999999996
2021-09-28,-4793.604999999953
2021-09-29,14293.177500000014
2021-09-30,-1903.4475000000782
2021-10-01,-1500.7999999999568
2021-10-04,-10489.56749999998
2021-10-05,16418.354999999963
2021-10-06,-1618.2450000000345
2021-10-07,3036.4899999999693
2021-10-08,-4159.399999999912
2021-10-11,459.6949999999536
2021-10-12,2788.9950000000294
2021-10-13,5243.635000000067
2021-10-14,6726.19499999982
2021-10-15,4901.437500000093
2021-10-18,-837.8299999999672
2021-10-19,-1341.8099999999997
2021-10-20,-3469.360000000077
2021-10-21,2708.7375000000566
2021-10-22,6762.035000000024
2021-10-25,10245.022500000045
2021-10-26,-2687.7575000000397
2021-10-27,224.36999999994597
2021-10-28,-2495.274999999879
2021-10-29,20241.52499999989
2021-11-01,3299.9100000000108
2021-11-02,5744.474999999964
2021-11-03,-9560.970000000032
2021-11-04,13125.03000000005
2021-11-05,-5814.42499999999
2021-11-08,-2968.950000000026
2021-11-09,-1326.5449999999846
2021-11-10,2199.2950000000274
2021-11-11,4070.309999999936
2021-11-12,-5446.319999999947
2021-11-15,6834.010000000001
2021-11-16,14027.575000000064
2021-11-17,-20032.210000000057
2021-11-18,5634.127499999952
2021-11-19,3121.3900000000535
2021-11-22,8871.465000000062
2021-11-23,9313.809999999981
2021-11-24,10383.797499999942
2021-11-25,-4129.190000000063
2021-11-26,-53344.40999999987
2021-11-29,21852.359999999902
2021-11-30,-15276.469999999967
2021-12-01,-3971.8299999999845
2021-12-02,3998.054999999999
2021-12-03,-5379.755000000008
2021-12-06,19700.06499999999
2021-12-07,15953.599999999999
2021-12-08,611.5500000000607
2021-12-09,-5161.865000000026
2021-12-10,490.0349999999602
2021-12-13,-1736.454999999978
2021-12-14,-1679.999999999919
2021-12-15,3576.879999999989
2021-12-16,-14005.299999999903
2021-12-17,1098.3699999999296
2021-12-20,-3185.7049999999863
2021-12-21,7214.99999999999
2021-12-22,-2204.994999999994
2021-12-23,-2648.949999999966
2021-12-27,5684.414999999935
2021-12-28,-276.42000000004265
2021-12-29,-2412.5949999999416
2021-12-30,-2677.624999999932
2021-12-31,-11543.505000000036
2022-01-03,10699.62499999997
2022-01-04,-6023.800000000014
2022-01-05,-4087.5349999999808
2022-01-06,8136.975000000013
2022-01-07,-4613.475000000028
2022-01-10,2741.174999999996
2022-01-11,3152.0099999999593
2022-01-12,-4189.580000000002
2022-01-13,-9146.779999999932
2022-01-14,8355.714999999995
2022-01-17,1688.9250000000097
2022-01-18,5736.264999999903
2022-01-19,-10406.245
2022-01-20,-8938.859999999922
2022-01-21,6637.584999999984
2022-01-24,9060.11000000001
2022-01-25,2241.4249999999743
2022-01-26,16849.762499999877
2022-01-27,24291.567500000136
2022-01-28,7884.97999999999
2022-01-31,-9495.855000000016
2022-02-01,-1500.6200000000827
2022-02-02,-1353.654999999988
2022-02-03,2921.5900000000347
2022-02-04,9383.92000000003
2022-02-07,-4815.7450000000135
2022-02-08,3646.9549999998885
2022-02-09,3741.3600000000215
2022-02-10,4987.87499999998
2022-02-11,6402.110000000057
2022-02-14,10025.274999999989
2022-02-15,-6944.655000000027
2022-02-16,-8678.409999999978
2022-02-17,-17122.84499999996
2022-02-18,-3486.639999999975
2022-02-21,-752.1350000000682
2022-02-22,15212.44000000011
2022-02-23,8845.259999999953
2022-02-24,25866.175000000017
2022-02-25,-34192.24499999997
2022-02-28,9077.589999999958
2022-03-01,35891.46500000005
2022-03-02,38391.96499999993
2022-03-03,2658.9649999999924
2022-03-04,-14819.915
2022-03-07,7587.609999999952
2022-03-08,8800.98000000006
2022-03-09,-4433.284999999985
2022-03-10,4814.974999999928
2022-03-11,16667.36500000007
2022-03-14,11867.889999999972
2022-03-15,318.927500000028
2022-03-16,2813.057499999998
2022-03-17,-541.9425000000355
2022-03-18,-600.6924999999593
2022-03-21,21709.56999999994
2022-03-22,8741.740000000038
2022-03-23,1585.9799999999955
2022-03-24,3054.974999999982
2022-03-25,10587.230000000034
2022-03-28,-4273.014999999996
2022-03-29,-16144.779999999992
2022-03-30,-2544.2650000000626
2022-03-31,272.45000000002045
2022-04-01,-2271.2999999999433
2022-04-04,2538.83499999998
2022-04-05,19872.584999999985
2022-04-06,159.240000000005
2022-04-07,2853.2099999999755
2022-04-08,8553.970000000025
2022-04-11,3411.249999999977
2022-04-12,5564.240000000029
2022-04-13,-8296.030000000039
2022-04-14,4957.694999999988
2022-04-18,16262.230000000025
2022-04-19,2624.485000000032
2022-04-20,-10024.75500000004
2022-04-21,5563.657499999975
2022-04-22,2824.147500000008
2022-04-25,-10659.957500000011
2022-04-26,-1342.6599999999924
2022-04-27,6916.470000000008
2022-04-28,4930.422499999996
2022-04-29,-865.76
2022-05-02,-1129.374999999968
2022-05-03,-3285.895000000022
2022-05-04,-6148.7075000000395
2022-05-05,16563.167500000065
2022-05-06,3284.932499999968
2022-05-09,-10197.009999999997
2022-05-10,-1179.197499999954
2022-05-11,6074.552499999916
2022-05-12,-2617.7699999999463
2022-05-13,-904.3750000000118
2022-05-16,4308.750000000021
2022-05-17,-1925.3125000000186
2022-05-18,-3948.750000000015
2022-05-19,-4289.374999999993
2022-05-20,-2808.437500000042
2022-05-23,-415.3124999999468
2022-05-24,-8398.149999999987
2022-05-25,-1489.5775000000401
2022-05-26,-999.7125000000254
2022-05-27,-964.5099999999695
2022-05-30,1862.7199999999916
2022-05-31,-3766.747499999967
2022-06-01,5659.814999999962
2022-06-02,-1661.5200000000066
2022-06-03,678.7249999999977
2022-06-06,10809.974999999975
2022-06-07,-257.00999999998317
2022-06-08,5980.734999999991
2022-06-09,8960.465
2022-06-10,7498.234999999964
2022-06-13,8535.169999999987
2022-06-14,1468.699999999965
2022-06-15,-9669.29
2022-06-16,4075.710000000029
2022-06-17,-41.25000000000682
2022-06-20,662.2299999999974
2022-06-21,-7443.040000000047
2022-06-22,-2674.2899999999845
2022-06-23,-12167.010000000022
2022-06-24,-5340.514999999995
2022-06-27,450.7775000000246
2022-06-28,6736.047499999989
2022-06-29,169.7050000000016
2022-06-30,-11751.942500000021
2022-07-01,-18669.112499999974
2022-07-04,2166.494999999983
2022-07-05,-9271.459999999988
2022-07-06,3286.022500000019
2022-07-07,4681.67249999999
2022-07-08,11147.812500000013
2022-07-11,-2325.202500000012
2022-07-12,-9693.639999999996
2022-07-13,5847.610000000005
2022-07-14,114.90749999999477
2022-07-15,-6372.482499999986
2022-07-18,7151.874999999987
2022-07-19,-6367.812500000005
2022-07-20,-4047.6599999999908
2022-07-21,-10115.270000000006
2022-07-22,-6624.999999999979
2022-07-25,4092.4999999999723
2022-07-26,4173.235000000025
2022-07-27,-4397.500000000018
2022-07-28,-2520.5150000000067
2022-07-29,-5898.749999999991
2022-08-01,-6549.509999999993
2022-08-02,4364.999999999994
2022-08-03,-3240.0000000000086
2022-08-04,3830.4650000000174
2022-08-05,4103.749999999984
2022-08-08,-6281.520000000019
2022-08-09,5331.250000000001
2022-08-10,-7744.020000000003
2022-08-11,3176.250000000006
2022-08-12,-4670.000000000004
2022-08-15,2116.2500000000177
2022-08-16,-7915.269999999997
2022-08-17,7888.7249999999985
2022-08-18,1134.4850000000058
2022-08-19,9218.994999999968
2022-08-22,11233.23499999998
2022-08-23,3438.970000000025
2022-08-24,-356.5199999999868
2022-08-25,-8470.000000000018
2022-08-26,14331.495000000008
2022-08-29,9227.474999999979
2022-08-30,-371.00499999995384
2022-08-31,3986.715000000014
2022-09-01,4697.204999999956
2022-09-02,-81.24999999995362
2022-09-05,-992.2800000000439
2022-09-06,7161.107500000019
2022-09-07,-10092.507500000042
2022-09-08,-3344.754999999982
2022-09-09,3389.974999999957
2022-09-12,-4103.77500000001
2022-09-13,16344.215000000022
2022-09-14,-3268.53
2022-09-15,5945.489999999989
2022-09-16,-6294.64499999999
2022-09-19,6394.544999999995
2022-09-20,6033.099999999967
2022-09-21,328.7250000000805
2022-09-22,-1546.0300000000618
2022-09-23,12645.24500000003
2022-09-26,5030.9799999999905
2022-09-27,3079.922500000023
2022-09-28,-5805.555000000018
2022-09-29,-9715.78500000006
2022-09-30,-6813.014999999991
2022-10-03,-7683.749999999989
2022-10-04,-3299.2649999999967
2022-10-05,-697.0100000000184
2022-10-06,2892.990000000008
2022-10-07,-1542.5250000000005
2022-10-10,1360.9799999999773
2022-10-11,9072.475000000026
2022-10-12,-1469.5350000000708
2022-10-13,-4928.800000000009
2022-10-14,8046.960000000038
2022-10-17,2645.709999999945
2022-10-18,2757.744999999981
2022-10-19,93.47999999999864
2022-10-20,-2875.227499999966
2022-10-21,-11000.85249999999
2022-10-24,6794.5025
2022-10-25,3564.97500000002
2022-10-26,-8008.884999999965
2022-10-27,715.8449999999832
2022-10-28,-4513.842499999979
2022-10-31,11465.59999999998
2022-11-01,-9473.040000000032
2022-11-02,6335.3550000000105
2022-11-03,-612.1700000000163
2022-11-04,-17269.805000000037
2022-11-07,1251.0225000000207
2022-11-08,-2643.5975000000217
2022-11-09,2932.6525000000206
2022-11-10,-8833.952499999996
2022-11-11,-8458.285000000024
2022-11-14,499.570000000009
2022-11-15,1363.5474999999738
2022-11-16,5852.162499999989
2022-11-17,3823.30250000001
2022-11-18,-22.239999999994893
2022-11-21,5541.352499999979
2022-11-22,-446.1374999999898
2022-11-23,-9178.882499999982
2022-11-24,-1359.7000000000235
2022-11-25,-382.53749999999735
2022-11-28,-5064.694999999971
2022-11-29,-3286.962500000035
2022-11-30,-5527.154999999972
2022-12-01,-3800.840000000018
2022-12-02,-3842.9999999999577
2022-12-05,7498.694999999983
2022-12-06,-10078.739999999998
2022-12-07,-9174.740000000027
2022-12-08,3124.949999999996
2022-12-09,-53.57499999995198
2022-12-12,-2685.4600000000214
2022-12-13,-4602.870000000006
2022-12-14,-8894.10499999996
2022-12-15,-4285.305000000061
2022-12-16,4973.885000000042
2022-12-19,-743.8150000000028
2022-12-20,-10278.200000000028
2022-12-21,6456.392500000053
2022-12-22,-5218.637500000002
2022-12-23,-5183.747500000001
2022-12-26,-1801.014999999999
2022-12-27,9233.657499999967
2022-12-28,527.0250000000285
2022-12-29,7697.68750000001
2022-12-30,-12075.605000000005
2023-01-02,4670.444999999976
2023-01-03,4654.52499999998
2023-01-04,1296.1300000000026
2023-01-05,-4419.2200000000375
2023-01-06,6999.97
2023-01-09,-2686.6999999999625
2023-01-10,4885.869999999987
2023-01-11,-12373.23999999999
2023-01-12,-1067.1199999999867
2023-01-13,-383.89999999998327
2023-01-16,2842.534999999941
2023-01-17,-13276.794999999995
2023-01-18,2243.2550000000365
2023-01-19,-6168.199999999966
2023-01-20,518.1599999999646
2023-01-23,-2212.2699999999736
2023-01-24,3564.9749999999644
2023-01-25,12397.87000000002
2023-01-26,2698.955000000018
2023-01-27,450.1750000000682
2023-01-30,12688.849999999959
2023-01-31,-2475.2500000000045
2023-02-01,8234.830000000036
2023-02-02,-4224.6750000000075
2023-02-03,4455.989999999977
2023-02-06,1248.6849999999981
2023-02-07,-8311.155000000008
2023-02-08,-2817.9299999999903
2023-02-09,-719.6050000000321
2023-02-10,-5100.264999999955
2023-02-13,4140.624999999994
2023-02-14,-3746.6550000000207
2023-02-15,704.8650000000155
2023-02-16,4147.745000000054
2023-02-17,6287.964999999918
2023-02-20,1660.9099999999883
2023-02-21,12893.177500000027
2023-02-22,-8605.487499999987
2023-02-23,-14024.792499999974
2023-02-24,502.49749999998437
2023-02-27,980.9799999999766
2023-02-28,2500.367499999977
2023-03-01,11842.362500000025
2023-03-02,-2642.734999999947
2023-03-03,2796.0350000000085
2023-03-06,7669.119999999927
2023-03-07,-16789.529999999977
2023-03-08,602.6699999999842
2023-03-09,5340.155000000008
2023-03-10,-3832.114999999973
2023-03-13,127.9850000000078
2023-03-14,-1570.619999999985
2023-03-15,-1436.7350000000133
2023-03-16,13895.450000000039
2023-03-17,5416.407499999932
2023-03-20,10112.64499999997
2023-03-21,1955.389999999983
2023-03-22,8170.837500000053
2023-03-23,-3685.8275000000112
2023-03-24,-5562.822500000042
2023-03-27,5784.332500000089
2023-03-28,11685.842500000008
2023-03-29,3790.0874999999764
2023-03-30,10066.752499999919
2023-03-31,-6015.5849999999145
2023-04-03,-3184.4650000000124
2023-04-04,5999.614999999996
2023-04-05,2416.122499999965
2023-04-06,7628.625000000029
2023-04-07,5.489999999988859
2023-04-10,-9894.084999999937
2023-04-11,9054.554999999795
2023-04-12,7743.175000000019
2023-04-13,4698.400000000026
2023-04-14,-20933.434999999885
2023-04-17,-14782.51000000001
2023-04-18,6857.899999999915
2023-04-19,5155.007500000108
2023-04-20,8980.99249999994
2023-04-21,720.3049999999805
2023-04-24,7284.285000000023
2023-04-25,3798.3749999999736
2023-04-26,8247.092500000055
2023-04-27,21162.14500000006
2023-04-28,-11074.199999999955
2023-05-01,5131.609999999987
2023-05-02,8886.835000000001
2023-05-03,8071.279999999922
2023-05-04,-850.3124999999488
2023-05-05,-682.5949999999636
2023-05-08,-2481.000000000061
2023-05-09,-870.6449999999228
2023-05-10,-3199.1300000000356
2023-05-11,-11738.699999999977
2023-05-12,38.40499999997391
2023-05-15,-12678.194999999976
2023-05-16,1864.9850000000088
2023-05-17,17431.984999999993
2023-05-18,822.3900000000303
2023-05-19,15905.829999999993
2023-05-22,-2168.6950000000083
2023-05-23,-15885.824999999977
2023-05-24,-3845.4449999999897
2023-05-25,13139.049999999985
2023-05-26,5021.099999999938
2023-05-29,468.86000000003446
2023-05-30,21497.02250000004
2023-05-31,366.8899999999367
2023-06-01,15599.799999999996
2023-06-02,-28228.40499999987
2023-06-05,2414.144999999961
2023-06-06,-4188.165000000029
2023-06-07,-18372.515000000047
2023-06-08,23176.845000000027
2023-06-09,-611.7599999999449
2023-06-12,4393.93999999996
2023-06-13,-3748.1500000000005
2023-06-14,8101.979999999922
2023-06-15,-5645.844999999969
2023-06-16,-10072.684999999907
2023-06-19,-1815.9300000000105
2023-06-20,-10481.275000000012
2023-06-21,-21435.884999999944
2023-06-22,12024.20499999997
2023-06-23,4378.810000000004
2023-06-26,-4829.839999999953
2023-06-27,16515.594999999925
2023-06-28,11268.609999999957
2023-06-29,-6946.059999999932
2023-06-30,4653.999999999989
2023-07-03,-621.2850000000509
2023-07-04,-1995.0499999999718
2023-07-05,-11978.575000000104
2023-07-06,1079.5600000000593
2023-07-07,10772.22499999993
2023-07-10,114.63000000002147
2023-07-11,-2484.434999999963
2023-07-12,14801.304999999911
2023-07-13,7534.169999999984
2023-07-14,2746.7850000000353
2023-07-17,6525.650000000001
2023-07-18,3271.575000000004
2023-07-19,-12350.545000000044
2023-07-20,-19065.389999999992
2023-07-21,3036.7749999999783
2023-07-24,1823.3149999999803
2023-07-25,-5287.584999999984
2023-07-26,3396.7499999998936
2023-07-27,-9716.46999999997
2023-07-28,9404.105000000047
2023-07-31,-203.29500000003952
2023-08-01,-3015.745000000023
2023-08-02,-9460.890000000054
2023-08-03,-2854.2899999999063
2023-08-04,-6457.805000000081
2023-08-07,1398.6250000000675
2023-08-08,-7519.270000000068
2023-08-09,-6109.419999999982
2023-08-10,11555.52499999998
2023-08-11,1709.6999999999935
2023-08-14,6837.159999999928
2023-08-15,622.6800000000203
2023-08-16,-5580.284999999989
2023-08-17,-15170.010000000044
2023-08-18,-11756.799999999921
2023-08-21,19651.07000000001
2023-08-22,-9148.76000000002
2023-08-23,7869.0800000000745
2023-08-24,-13331.090000000066
2023-08-25,3849.8750000001
2023-08-28,286.185000000008
2023-08-29,9191.634999999878
2023-08-30,-1344.247499999958
2023-08-31,-363.8125000000391
2023-09-01,4072.7049999999663
2023-09-04,4129.129999999981
2023-09-05,5093.519999999915
2023-09-06,1668.0850000000632
2023-09-07,-5415.214999999973
2023-09-08,7470.175000000011
2023-09-11,8355.694999999918
2023-09-12,-6128.0999999998985
2023-09-13,2793.3399999999124
2023-09-14,3886.700000000059
2023-09-15,-5376.3650000000125
2023-09-18,-787.9300000000285
2023-09-19,-613.9249999999007
2023-09-20,-17697.700000000037
2023-09-21,5560.615000000047
2023-09-22,-4663.930000000034
2023-09-25,-1746.4300000000533
2023-09-26,-8393.399999999963
2023-09-27,-436.4999999999891
2023-09-28,-7231.229999999944
2023-09-29,4163.4999999999
2023-10-02,1040.3750000001016
2023-10-03,-6515.8000000000275
2023-10-04,-16868.994999999988
2023-10-05,-22327.300000000003
2023-10-06,17891.914999999968
2023-10-09,-4539.660000000022
2023-10-10,16302.585000000037
2023-10-11,-611.9625000000112
2023-10-12,8421.907500000016
2023-10-13,-10473.075000000026
2023-10-16,20862.847500000094
2023-10-17,15867.739999999982
2023-10-18,-2503.419999999969
2023-10-19,-10436.510000000024
2023-10-20,-11763.87750000001
2023-10-23,-21181.242500000008
2023-10-24,-6237.270000000071
2023-10-25,4747.015000000059
2023-10-26,-9223.330000000058
2023-10-27,2571.4700000000585
2023-10-30,1280.524999999923
2023-10-31,22599.180000000077
2023-11-01,-5376.525
2023-11-02,17111.490000000038
2023-11-03,-14275.745000000068
2023-11-06,2120.1050000000178
2023-11-07,-8721.474999999999
2023-11-08,-10663.150000000038
2023-11-09,-3358.5349999999767
2023-11-10,24552.96500000002
2023-11-13,338.57999999999964
2023-11-14,-11635.529999999999
2023-11-15,4784.454999999875
2023-11-16,-19616.559999999925
2023-11-17,6738.707500000037
2023-11-20,2459.562499999964
2023-11-21,-9753.842500000012
2023-11-22,3827.9500000000385
2023-11-23,1449.6200000000438
2023-11-24,-17531.49749999995
2023-11-27,-7319.8775000001
2023-11-28,-8664.119999999984
2023-11-29,-57.69000000003308
2023-11-30,-13046.669999999991
2023-12-01,-30215.529999999984
2023-12-04,1030.2649999999999
2023-12-05,-3903.044999999977
2023-12-06,-23648.53999999994
2023-12-07,-5266.9250000000575
2023-12-08,26064.765000000047
2023-12-11,22662.48
2023-12-12,-7406.555000000054
2023-12-13,-17935.43999999996
2023-12-14,-3903.987500000041
2023-12-15,2419.2575000000293
2023-12-18,11465.549999999974
2023-12-19,6106.532499999973
2023-12-20,-15822.487500000023
2023-12-21,-3093.402499999955
2023-12-22,-2938.1249999999995
2023-12-25,3592.282500000001
2023-12-26,-13.815000000002982
2023-12-27,-810.3349999999481
2023-12-28,-7914.875000000009
2023-12-29,150.27500000003874
2024-01-01,-286.08500000000333
2024-01-02,-3235.3700000000294
2024-01-03,-632.0050000000786
2024-01-04,5484.675000000009
2024-01-05,4000.0599999999986
2024-01-08,9511.470000000005
2024-01-09,-8141.1850000000295
2024-01-10,8864.61250000001
2024-01-11,787.2650000000117
2024-01-12,-2644.934999999955
2024-01-15,5203.504999999968
2024-01-16,7130.944999999971
2024-01-17,-5000.935000000049
2024-01-18,19052.415000000005
2024-01-19,13440.59999999999
2024-01-22,9732.64000000001
2024-01-23,-2769.9550000000136
2024-01-24,-8677.51
2024-01-25,9087.475000000066
2024-01-26,10673.499999999944
2024-01-29,17080.995000000043
2024-01-30,-21110.005000000077
2024-01-31,-11648.667499999947
2024-02-01,15561.285000000025
2024-02-02,-675.0350000000021
2024-02-05,-6843.159999999935
2024-02-06,7198.999999999978
2024-02-07,9309.400000000027
2024-02-08,1952.0174999999101
2024-02-09,3934.240000000024
2024-02-12,-2238.5549999999907
2024-02-13,-20562.375000000015
2024-02-14,18734.547499999982
2024-02-15,10898.439999999999
2024-02-16,-17069.174999999996
2024-02-19,3708.195000000028
2024-02-20,-14823.557500000017
2024-02-21,5604.539999999936
2024-02-22,16868.145000000048
2024-02-23,13208.097499999958
2024-02-26,-8904.462500000054
2024-02-27,-7526.704999999993
2024-02-28,-3170.649999999993
2024-02-29,7805.814999999974
2024-03-01,19740.5
2024-03-04,-7021.257499999973
2024-03-05,4989.124999999938
2024-03-06,7701.092500000039
2024-03-07,5321.077500000029
2024-03-08,-10644.630000000026
2024-03-11,-1809.4899999999523
2024-03-12,-1756.0999999999556
2024-03-13,-857.0650000000635
2024-03-14,-14663.569999999969
2024-03-15,-9183.610000000037
2024-03-18,-662.8750000000099
2024-03-19,7613.394999999991
2024-03-20,17781.719999999972
2024-03-21,5125.514999999959
2024-03-22,-14096.059999999985
2024-03-25,897.2349999999959
2024-03-26,8668.360000000026
2024-03-27,10211.049999999992
2024-03-28,-12176.070000000032
2024-04-01,-4878.450000000004
2024-04-02,-10145.900000000012
2024-04-03,4615.545000000078
2024-04-04,-21670.635000000086
2024-04-05,17975.52000000001
2024-04-08,1605.220000000014
2024-04-09,14261.875000000011
2024-04-10,-23666.144999999982
2024-04-11,31293.459999999974
2024-04-12,-25763.85
2024-04-15,2746.615000000064
2024-04-16,-3839.155000000002
2024-04-17,9314.560000000001
2024-04-18,7180.964999999981
2024-04-19,-5579.519999999964
2024-04-22,-21812.809999999994
2024-04-23,-3985.1950000000465
2024-04-24,4004.369999999999
2024-04-25,-3745.910000000019
2024-04-26,14897.690000000006
2024-04-29,671.1400000000533
2024-04-30,-5001.075000000062
2024-05-01,7520.170000000028
2024-05-02,-22084.6175
2024-05-03,-8549.004999999988
2024-05-06,4603.212499999912
2024-05-07,-2230.7324999999564
2024-05-08,7771.900000000079
2024-05-09,15199.479999999972
2024-05-10,-3306.1749999999865
2024-05-13,-3146.6050000000123
2024-05-14,9493.845000000121
2024-05-15,11252.004999999886
2024-05-16,-4075.830000000026
2024-05-17,14330.824999999968
2024-05-20,-10241.370000000014
2024-05-21,3657.0900000000183
2024-05-22,-23002.485000000055
2024-05-23,-14335.309999999903
2024-05-24,4374.229999999889
2024-05-27,9408.392500000102
2024-05-28,641.952499999988
2024-05-29,3720.3249999999193
2024-05-30,-7321.270000000026
2024-05-31,46.84249999998417
2024-06-03,388.32000000007884
2024-06-04,-7501.487500000007
2024-06-05,20719.232499999955
2024-06-06,-3729.3149999999737
2024-06-07,-22952.087500000016
2024-06-10,-6738.722500000033
2024-06-11,2914.8400000000197
2024-06-12,5959.997500000057
2024-06-13,-11019.852499999974
2024-06-14,5315.3799999999765
2024-06-17,9998.86999999991
2024-06-18,-6773.392500000014
2024-06-19,-422.3824999999921
2024-06-20,21698.05250000003
2024-06-21,-8607.24250000007
2024-06-24,-6538.867499999909
2024-06-25,8172.100000000063
2024-06-26,7333.337499999956
2024-06-27,11411.524999999914
2024-06-28,11615.405000000053
2024-07-01,15141.519999999966
2024-07-02,4672.770000000058
2024-07-03,10280.41999999999
2024-07-04,-129.84750000002364
2024-07-05,-149.28499999995597
2024-07-08,8494.442500000003
2024-07-09,1206.484999999865
2024-07-10,10983.28250000009
2024-07-11,-22740.654999999933
2024-07-12,-2485.57000000006
2024-07-15,14350.689999999933
2024-07-16,5596.249999999968
2024-07-17,-11829.104999999956
2024-07-18,-5815.690000000026
2024-07-19,-8942.019999999939
2024-07-22,-9134.160000000074
2024-07-23,-920.0849999999532
2024-07-24,-10402.550000000074
2024-07-25,-9346.009999999947
2024-07-26,11369.899999999901
2024-07-29,-2823.2049999999754
2024-07-30,5164.2750000000215
2024-07-31,14375.215000000011
2024-08-01,-22224.905000000083
2024-08-02,-33582.90499999993
2024-08-05,-21904.86500000007
2024-08-06,-9199.014999999965
2024-08-07,5861.834999999995
2024-08-08,27751.790000000008
2024-08-09,498.15999999992437
2024-08-12,12921.060000000021
2024-08-13,6917.194999999968
2024-08-14,-9896.054999999962
2024-08-15,22235.44499999999
2024-08-16,7542.8800000000065
2024-08-19,-3001.454999999927
2024-08-20,-11072.755000000048
2024-08-21,1909.6899999999662
2024-08-22,2086.3949999999713
2024-08-23,8204.394999999977
2024-08-26,3097.2700000001123
2024-08-27,-3175.9999999999804
2024-08-28,-9515.715000000078
2024-08-29,-416.3550000000404
2024-08-30,-3038.3249999999684
2024-09-02,-2183.454999999962
2024-09-03,-22236.065000000097
2024-09-04,-3519.969999999973
2024-09-05,2840.50000000002
2024-09-06,-500.73999999995857
2024-09-09,6753.1349999999375
2024-09-10,8435.825000000064
2024-09-11,-1904.7150000000577
2024-09-12,11842.235000000033
2024-09-13,6988.300000000007
2024-09-16,3355.9200000000624
2024-09-17,-1637.6600000000246
2024-09-18,-6895.935000000034
2024-09-19,10665.670000000026
2024-09-20,-1111.305000000033
2024-09-23,-14011.619999999963
2024-09-24,16702.909999999967
2024-09-25,-9462.210000000003
2024-09-26,13752.665000000023
2024-09-27,-10704.989999999996
2024-09-30,-3757.6600000000444
2024-10-01,-9631.47999999998
2024-10-02,-7813.234999999919
2024-10-03,-6068.669999999957
2024-10-04,10304.849999999979
2024-10-07,-20128.14999999997
2024-10-08,7723.07499999996
2024-10-09,-1451.4449999999197
2024-10-10,-3800.005000000035
2024-10-11,9656.675000000028
2024-10-14,26644.505000000052
2024-10-15,8868.58499999997
2024-10-16,3956.994999999956
2024-10-17,-3516.5249999999796
2024-10-18,29694.960000000017
2024-10-21,-16711.464999999953
2024-10-22,-8065.82000000004
2024-10-23,-12888.17999999998
2024-10-24,4689.194999999972
2024-10-25,-1471.7249999999176
2024-10-28,18104.34999999997
2024-10-29,230.62999999998527
2024-10-30,-14194.659999999913
2024-10-31,-16194.795000000075
2024-11-01,3829.2050000000067
2024-11-04,-10059.924999999894
2024-11-05,9490.899999999947
2024-11-06,5433.309999999991
2024-11-07,7320.665000000017
2024-11-08,3481.734999999973
2024-11-11,-932.9150000000146
2024-11-12,-6024.11500000003
2024-11-13,2958.7600000000157
2024-11-14,-977.8100000000014
2024-11-15,-8817.279999999995
2024-11-18,-9169.569999999987
2024-11-19,6523.540000000009
2024-11-20,-218.75999999998993
2024-11-21,4858.699999999999
2024-11-22,14699.125
2024-11-25,-6687.45499999994
2024-11-26,6871.62999999997
2024-11-27,3790.649999999975
2024-11-28,825.8450000000059
2024-11-29,-692.1450000000139
2024-12-02,2163.7449999999367
2024-12-03,73.40499999996322
2024-12-04,8234.505000000083
2024-12-05,-15871.855000000072
2024-12-06,5150.090000000014
2024-12-09,-384.3550000000123
2024-12-10,-810.8999999999951
2024-12-11,2577.480000000021
2024-12-12,-10021.754999999948
2024-12-13,2992.4950000000053
2024-12-16,-1330.6200000000727
2024-12-17,363.6350000000622
2024-12-18,-20305.07500000002
2024-12-19,-4759.229999999967
2024-12-20,7310.400000000056
2024-12-23,-6964.835000000078
2024-12-24,3349.95500000001
2024-12-25,593.6099999999865
2024-12-26,57.72000000003396
2024-12-27,-8210.94000000004
2024-12-30,-18437.250000000102
2024-12-31,2337.760000000061
2025-01-01,-1852.170000000032
2025-01-02,4076.5250000000406
2025-01-03,14618.284999999947
2025-01-06,-5126.800000000031
2025-01-07,-4553.754999999985
2025-01-08,902.5450000000018
2025-01-09,4683.935000000032
2025-01-10,-22808.93500000001
2025-01-13,-17175.925000000047
2025-01-14,1912.0400000000263
2025-01-15,5585.179999999943
2025-01-16,5247.845000000016
2025-01-17,2171.8150000000514
2025-01-20,6429.984999999981
2025-01-21,95.71250000002169
2025-01-22,13648.672499999968
2025-01-23,1437.9149999999702
2025-01-24,2459.5900000000256
2025-01-27,6609.877499999958
2025-01-28,2429.732500000028
2025-01-29,-483.58500000000265
2025-01-30,4.704999999931573
2025-01-31,-5287.909999999937
2025-02-03,-8497.800000000003
2025-02-04,-5870.259999999894
2025-02-05,11804.86999999991
2025-02-06,-4649.1299999998955
2025-02-07,-6092.005000000042
2025-02-10,9299.044999999944
2025-02-11,-5318.319999999947
2025-02-12,10153.52999999987
2025-02-13,-12354.289999999975
2025-02-14,-22356.47999999994
2025-02-17,2164.445000000015
2025-02-18,15488.480000000032
2025-02-19,3540.9549999999945
2025-02-20,-16135.565000000051
2025-02-21,-11388.259999999993
2025-02-24,361.1900000000268
2025-02-25,-8725.714999999966
2025-02-26,2391.2149999999765
2025-02-27,51.74000000005275
2025-02-28,1255.1699999999705
2025-03-03,-12621.992500000064
2025-03-04,-6703.937500000002
2025-03-05,4813.740000000012
2025-03-06,-8078.949999999936
2025-03-07,4813.8949999998595
2025-03-10,-20391.639999999934
2025-03-11,5506.740000000054
2025-03-12,1842.9899999999357
2025-03-13,13217.025000000014
2025-03-14,3557.9250000000216
2025-03-17,923.2350000000263
2025-03-18,1423.9399999998589
2025-03-19,5156.224999999953
2025-03-20,675.1950000001113
2025-03-21,716.4450000000072
2025-03-24,7306.264999999984
2025-03-25,1464.6350000000466
2025-03-26,5402.244999999872
2025-03-27,9395.335000000116
2025-03-28,-1811.275000000017
2025-03-31,8033.5199999999795
2025-04-01,-7660.460000000052
2025-04-02,-23080.949999999833
2025-04-03,-45803.060000000114
2025-04-04,-21042.69500000004
2025-04-07,-159.6949999999337
2025-04-08,-5298.1799999999685
2025-04-09,9575.369999999988
2025-04-10,-19561.27499999996
2025-04-11,-7637.620000000043
2025-04-14,-2634.46999999999
2025-04-15,1417.055000000004
2025-04-16,-1857.030000000006
2025-04-17,3102.6100000000156
2025-04-21,-2895.2649999999826
2025-04-22,7582.18
2025-04-23,14.530000000009721
2025-04-24,-1576.0500000000359
2025-04-25,1726.7600000000346
2025-04-28,-1994.7150000000245
2025-04-29,-3210.0999999999503
2025-04-30,-1967.915000000048
2025-05-01,2302.390000000013
2025-05-02,-2784.9599999999677
2025-05-05,374.3950000000226
2025-05-06,721.2174999999071
2025-05-07,621.7975000000473
2025-05-08,-12522.325000000033
2025-05-09,1009.137500000024
2025-05-12,-13185.632500000016
2025-05-13,-4360.060000000035
2025-05-14,412.255000000003
2025-05-15,161.66499999997572
2025-05-16,-4056.1700000000037
2025-05-19,3197.8700000000126
2025-05-20,3462.049999999995
2025-05-21,9260.249999999944
2025-05-22,919.8000000000409
2025-05-23,9221.27499999997
2025-05-26,-1788.9649999999558
2025-05-27,-3188.0800000000154
2025-05-28,-12691.444999999962
2025-05-29,10893.729999999992
2025-05-30,-1235.8249999999778
2025-06-02,34.80500000002719
2025-06-03,-8786.640000000005
2025-06-04,6286.15999999999
2025-06-05,87.4599999999707
2025-06-06,-11184.90500000001
2025-06-09,-1188.0499999999913
2025-06-10,-2385.3649999999648
2025-06-11,-5793.085000000059
2025-06-12,3837.1500000000506
2025-06-13,-7573.585000000017
2025-06-16,15066.759999999966
2025-06-17,-7831.400000000058
2025-06-18,-5020.369999999859
2025-06-19,2213.679999999969
2025-06-20,-4843.355000000049
2025-06-23,15937.18500000003
2025-06-24,4444.120000000078
2025-06-25,5397.134999999954
2025-06-26,1345.2899999999709
2025-06-27,5277.370000000054
2025-06-30,2712.5750000000103
2025-07-01,-8866.765000000056
2025-07-02,-1711.9699999999966
2025-07-03,2872.0050000000074
2025-07-04,1639.9849999999726
2025-07-07,2797.9150000000254
2025-07-08,11112.62499999999
2025-07-09,-3880.709999999989
2025-07-10,3343.4249999999715
2025-07-11,11402.25999999998
2025-07-14,-9970.075000000019
2025-07-15,7897.335000000044
2025-07-16,-4652.015000000041
2025-07-17,167.2699999999739
2025-07-18,-1755.484999999949
2025-07-21,8518.789999999999
2025-07-22,-399.36500000001854
2025-07-23,3463.824999999955
2025-07-24,-7645.007500000013
2025-07-25,-4704.067500000005
2025-07-28,-12703.884999999977
2025-07-29,-841.7075000000087
2025-07-30,-33471.819999999934
2025-07-31,-14858.23500000009
2025-08-01,5819.124999999942
2025-08-04,3264.9425000000833
2025-08-05,8509.674999999956
2025-08-06,5949.225000000001
2025-08-07,5243.152499999986
2025-08-08,-2069.372500000008
2025-08-11,-11826.949999999953
2025-08-12,11800.082499999982
2025-08-13,1099.8925000000136
2025-08-14,-5639.985000000022
2025-08-15,16.390000000042928
2025-08-18,-3054.3750000000696
2025-08-19,2356.3350000000137
2025-08-20,3553.530000000064
2025-08-21,-10908.10000000002
2025-08-22,8803.344999999978
2025-08-25,-5894.524999999979
2025-08-26,3195.8900000000167
2025-08-27,1910.189999999945
2025-08-28,-3937.980000000045
2025-08-29,2365.635000000132
2025-09-01,8376.949999999928
2025-09-02,-5385.8875000000235
2025-09-03,5799.697500000027
2025-09-04,-6356.239999999985
2025-09-05,13588.80500000004
2025-09-08,-1305.3499999999967
2025-09-09,-11035.000000000053
2025-09-10,5747.370000000009
2025-09-11,434.12500000003786
2025-09-12,-4312.054999999992
2025-09-15,5235.155000000001
2025-09-16,-1471.6550000000416
2025-09-17,-4569.95500000003
2025-09-18,-436.4599999999051
2025-09-19,14156.330000000007
2025-09-22,26867.529999999962
2025-09-23,-7748.482500000004
2025-09-24,-8832.467500000022
2025-09-25,-3032.952499999975
2025-09-26,14242.127499999975
2025-09-29,-1488.970000000057
2025-09-30,8978.707500000024
