date,net_pnl
2010-06-07,0.0
2010-06-08,0.0
2010-06-09,0.0
2010-06-10,0.0
2010-06-11,0.0
2010-06-14,0.0
2010-06-15,0.0
2010-06-16,0.0
2010-06-17,0.0
2010-06-18,0.0
2010-06-21,0.0
2010-06-22,0.0
2010-06-23,0.0
2010-06-24,0.0
2010-06-25,0.0
2010-06-28,0.0
2010-06-29,0.0
2010-06-30,0.0
2010-07-01,0.0
2010-07-02,0.0
2010-07-05,0.0
2010-07-06,0.0
2010-07-07,0.0
2010-07-08,0.0
2010-07-09,0.0
2010-07-12,0.0
2010-07-13,0.0
2010-07-14,0.0
2010-07-15,0.0
2010-07-16,0.0
2010-07-19,0.0
2010-07-20,0.0
2010-07-21,0.0
2010-07-22,0.0
2010-07-23,0.0
2010-07-26,0.0
2010-07-27,0.0
2010-07-28,0.0
2010-07-29,0.0
2010-07-30,0.0
2010-08-02,0.0
2010-08-03,0.0
2010-08-04,0.0
2010-08-05,0.0
2010-08-06,0.0
2010-08-09,0.0
2010-08-10,0.0
2010-08-11,0.0
2010-08-12,0.0
2010-08-13,0.0
2010-08-16,0.0
2010-08-17,0.0
2010-08-18,0.0
2010-08-19,0.0
2010-08-20,0.0
2010-08-23,0.0
2010-08-24,0.0
2010-08-25,0.0
2010-08-26,0.0
2010-08-27,0.0
2010-08-30,0.0
2010-08-31,0.0
2010-09-01,0.0
2010-09-02,0.0
2010-09-03,0.0
2010-09-06,0.0
2010-09-07,0.0
2010-09-08,0.0
2010-09-09,0.0
2010-09-10,0.0
2010-09-13,0.0
2010-09-14,0.0
2010-09-15,0.0
2010-09-16,0.0
2010-09-17,0.0
2010-09-20,0.0
2010-09-21,0.0
2010-09-22,0.0
2010-09-23,0.0
2010-09-24,0.0
2010-09-27,0.0
2010-09-28,0.0
2010-09-29,0.0
2010-09-30,0.0
2010-10-01,0.0
2010-10-04,0.0
2010-10-05,0.0
2010-10-06,0.0
2010-10-07,0.0
2010-10-08,0.0
2010-10-11,0.0
2010-10-12,0.0
2010-10-13,0.0
2010-10-14,0.0
2010-10-15,0.0
2010-10-18,0.0
2010-10-19,0.0
2010-10-20,0.0
2010-10-21,0.0
2010-10-22,0.0
2010-10-25,0.0
2010-10-26,0.0
2010-10-27,0.0
2010-10-28,0.0
2010-10-29,0.0
2010-11-01,0.0
2010-11-02,0.0
2010-11-03,0.0
2010-11-04,0.0
2010-11-05,0.0
2010-11-08,0.0
2010-11-09,0.0
2010-11-10,0.0
2010-11-11,0.0
2010-11-12,0.0
2010-11-15,0.0
2010-11-16,0.0
2010-11-17,0.0
2010-11-18,0.0
2010-11-19,0.0
2010-11-22,0.0
2010-11-23,0.0
2010-11-24,-491.40749999999997
2010-11-25,-3995.677500000047
2010-11-26,6436.507500000017
2010-11-29,6247.677500000014
2010-11-30,-8626.937500000005
2010-12-01,5128.422499999989
2010-12-02,2376.4924999999803
2010-12-03,4302.922499999823
2010-12-06,-17746.164999999855
2010-12-07,418.26250000004006
2010-12-08,1413.3800000000551
2010-12-09,14271.672499999891
2010-12-10,-3778.764999999976
2010-12-13,8917.45249999995
2010-12-14,10370.197499999997
2010-12-15,-464.1874999999476
2010-12-16,19644.6324999999
2010-12-17,6813.490000000169
2010-12-20,5664.862499999829
2010-12-21,16182.987500000003
2010-12-22,6045.76999999999
2010-12-23,-3673.0049999999387
2010-12-27,-10546.17250000005
2010-12-28,1677.4500000002893
2010-12-29,886.5674999998965
2010-12-30,5994.81249999992
2010-12-31,-11814.737499999947
2011-01-03,-8279.08750000014
2011-01-04,-19164.38249999991
2011-01-05,4434.629999999976
2011-01-06,2186.910000000164
2011-01-07,-17488.035000000138
2011-01-10,3517.255000000073
2011-01-11,-19662.19000000008
2011-01-12,-3461.127499999973
2011-01-13,-3271.574999999939
2011-01-14,-1138.3925000001946
2011-01-17,-12096.774999999874
2011-01-18,20950.92500000025
2011-01-19,-15806.800000000241
2011-01-20,-22162.439999999984
2011-01-21,-1385.9849999999535
2011-01-24,8679.449999999983
2011-01-25,16888.900000000063
2011-01-26,15934.039999999975
2011-01-27,-6941.089999999908
2011-01-28,24785.355000000116
2011-01-31,-7824.985000000117
2011-02-01,12949.199999999993
2011-02-02,-24244.829999999965
2011-02-03,8217.749999999847
2011-02-04,-1797.3299999998626
2011-02-07,2292.0899999999374
2011-02-08,-41.26750000011714
2011-02-09,-401.4799999998057
2011-02-10,1498.9549999999438
2011-02-11,17052.789999999957
2011-02-14,7340.524999999995
2011-02-15,-5362.897500000055
2011-02-16,9881.462500000009
2011-02-17,19549.162500000013
2011-02-18,9959.724999999919
2011-02-21,11363.12750000001
2011-02-22,-756.1299999998799
2011-02-23,16814.687499999898
2011-02-24,18646.024999999932
2011-02-25,4373.937500000286
2011-02-28,-11100.359999999995
2011-03-01,23044.525000000045
2011-03-02,-1203.4375000001646
2011-03-03,-1984.5199999998365
2011-03-04,11566.874999999838
2011-03-07,-6569.709999999839
2011-03-08,-5259.190000000048
2011-03-09,6425.6199999999035
2011-03-10,8458.239999999989
2011-03-11,-19071.589999999997
2011-03-14,9643.059999999972
2011-03-15,-28254.514999999992
2011-03-16,-9332.84000000004
2011-03-17,1993.5224999999236
2011-03-18,7533.404999999834
2011-03-21,5395.419999999955
2011-03-22,-10716.90500000014
2011-03-23,6935.650000000113
2011-03-24,31581.182499999886
2011-03-25,-11772.629999999936
2011-03-28,3883.3275000000444
2011-03-29,13294.582499999937
2011-03-30,-396.60499999987866
2011-03-31,19023.85500000027
2011-04-01,10288.435000000123
2011-04-04,4942.75250000003
2011-04-05,-7985.870000000177
2011-04-06,25928.395000000255
2011-04-07,7713.899999999606
2011-04-08,16206.285000000064
2011-04-11,-16654.399999999972
2011-04-12,19647.845000000012
2011-04-13,11335.777499999955
2011-04-14,-6662.979999999935
2011-04-15,-2090.2574999999933
2011-04-18,11746.382499999889
2011-04-19,-32457.41500000006
2011-04-20,16915.77499999989
2011-04-21,-8054.332499999861
2011-04-25,2944.044999999928
2011-04-26,15352.345000000067
2011-04-27,20271.952500000105
2011-04-28,-10901.475000000057
2011-04-29,-14560.217499999919
2011-05-02,-24016.314999999886
2011-05-03,-21486.254999999957
2011-05-04,-12371.217500000083
2011-05-05,-24570.550000000167
2011-05-06,5207.292500000112
2011-05-09,20974.65000000016
2011-05-10,27361.662499999784
2011-05-11,-29268.89499999986
2011-05-12,-1055.2300000000364
2011-05-13,-3293.949999999846
2011-05-16,-11336.93500000007
2011-05-17,18872.952499999952
2011-05-18,12393.525000000025
2011-05-19,5519.570000000198
2011-05-20,5559.802499999937
2011-05-23,-8376.060000000007
2011-05-24,17621.87250000013
2011-05-25,6677.994999999965
2011-05-26,-3437.067499999999
2011-05-27,14886.420000000027
2011-05-30,2265.114999999997
2011-05-31,-1725.2300000001824
2011-06-01,-585.432499999682
2011-06-02,-13356.120000000068
2011-06-03,6489.699999999987
2011-06-06,-3994.5099999999293
2011-06-07,5295.0550000000885
2011-06-08,1982.7474999997496
2011-06-09,27067.31500000021
2011-06-10,-20792.277500000167
2011-06-13,13656.484999999913
2011-06-14,869.7825000000104
2011-06-15,-11447.559999999996
2011-06-16,18437.150000000092
2011-06-17,2169.152499999939
2011-06-20,-123.69499999995634
2011-06-21,-8064.307500000062
2011-06-22,18863.92499999988
2011-06-23,-4640.992499999906
2011-06-24,-11935.34749999988
2011-06-27,-830.8100000000672
2011-06-28,11211.040000000037
2011-06-29,13117.422499999953
2011-06-30,-16853.310000000103
2011-07-01,-6157.375000000098
2011-07-04,-8512.469999999897
2011-07-05,9918.752499999819
2011-07-06,16858.572499999973
2011-07-07,8336.774999999998
2011-07-08,-12410.742500000026
2011-07-11,10402.767500000047
2011-07-12,-4441.384999999952
2011-07-13,16421.672499999982
2011-07-14,-9434.090000000182
2011-07-15,-3447.2849999998643
2011-07-18,2285.0224999998845
2011-07-19,-5791.469999999967
2011-07-20,5994.952500000063
2011-07-21,10482.15499999999
2011-07-22,-2997.159999999952
2011-07-25,3882.2524999999223
2011-07-26,-1609.7999999998824
2011-07-27,5478.077499999834
2011-07-28,-14823.76249999991
2011-07-29,5295.232500000056
2011-08-01,18941.004999999943
2011-08-02,5327.925000000089
2011-08-03,-6209.072500000171
2011-08-04,22125.590000000066
2011-08-05,-2802.7875000000686
2011-08-08,7799.120000000036
2011-08-09,3096.9750000001163
2011-08-10,13510.992499999933
2011-08-11,-36421.25000000008
2011-08-12,4262.480000000062
2011-08-15,306.49000000002275
2011-08-16,3848.6275000000246
2011-08-17,5369.904999999967
2011-08-18,4060.9724999998916
2011-08-19,19117.745000000014
2011-08-22,9345.110000000082
2011-08-23,-19905.75750000003
2011-08-24,-6319.864999999973
2011-08-25,7454.9450000000315
2011-08-26,-1601.2675000000763
2011-08-29,-1287.2149999998896
2011-08-30,11667.98249999996
2011-08-31,-2578.600000000003
2011-09-01,12347.497500000103
2011-09-02,30653.709999999883
2011-09-05,2725.497500000123
2011-09-06,-30199.7750000001
2011-09-07,-1609.3950000000002
2011-09-08,3490.2925000001055
2011-09-09,2698.677499999944
2011-09-12,6947.237499999964
2011-09-13,-3940.0725000000148
2011-09-14,8485.652500000075
2011-09-15,-12345.51500000006
2011-09-16,1058.8900000000297
2011-09-19,21130.642500000013
2011-09-20,2297.1900000000014
2011-09-21,20264.380000000063
2011-09-22,34307.23249999994
2011-09-23,-13438.677499999894
2011-09-26,-8327.040000000074
2011-09-27,-6495.072500000059
2011-09-28,23294.4600000001
2011-09-29,-7424.504999999979
2011-09-30,18026.05000000005
2011-10-03,11633.337499999996
2011-10-04,-3477.6300000000647
2011-10-05,-4044.120000000072
2011-10-06,-538.2424999999408
2011-10-07,-8625.660000000125
2011-10-10,3067.5650000000414
2011-10-11,7285.6400000001795
2011-10-12,-11480.465000000055
2011-10-13,10205.049999999927
2011-10-14,-16492.65000000002
2011-10-17,9286.440000000037
2011-10-18,-2474.3274999998985
2011-10-19,1358.9325000000447
2011-10-20,-1145.5850000000637
2011-10-21,-7151.917500000037
2011-10-24,-15476.440000000015
2011-10-25,12586.512500000052
2011-10-26,-9000.789999999963
2011-10-27,-16925.92250000009
2011-10-28,-1151.2100000000214
2011-10-31,-23636.98499999996
2011-11-01,16022.322500000073
2011-11-02,-190.10000000000218
2011-11-03,-3010.8300000000086
2011-11-04,-1361.997499999965
2011-11-07,-423.3250000000053
2011-11-08,-5393.025000000036
2011-11-09,4192.84750000013
2011-11-10,-12225.800000000083
2011-11-11,-3170.707499999962
2011-11-14,3064.68499999993
2011-11-15,10760.215000000057
2011-11-16,-329.2749999999912
2011-11-17,4853.952500000008
2011-11-18,-157.2000000000245
2011-11-21,-8571.992500000018
2011-11-22,-2538.7499999999372
2011-11-23,3860.644999999963
2011-11-24,5904.257499999961
2011-11-25,-7615.617499999957
2011-11-28,1995.8000000000256
2011-11-29,-5115.079999999977
2011-11-30,-7890.000000000057
2011-12-01,-7264.6775
2011-12-02,-1892.8449999999439
2011-12-05,7921.7574999999115
2011-12-06,-5862.974999999973
2011-12-07,3078.407499999944
2011-12-08,-544.2599999999327
2011-12-09,-8447.054999999991
2011-12-12,12779.302499999983
2011-12-13,8258.239999999945
2011-12-14,3365.2400000000275
2011-12-15,-7201.122500000052
2011-12-16,-2865.6074999999632
2011-12-19,7957.99999999996
2011-12-20,3638.4149999999277
2011-12-21,2358.645000000055
2011-12-22,-1748.5300000000539
2011-12-23,5034.902500000038
2011-12-26,2197.9800000000196
2011-12-27,1635.8874999999382
2011-12-28,1249.3249999999964
2011-12-29,1653.9450000001316
2011-12-30,4664.797499999898
2012-01-02,-1054.999999999985
2012-01-03,17795.57499999997
2012-01-04,1442.3150000000974
2012-01-05,11035.177499999963
2012-01-06,2633.0075000000165
2012-01-09,-1902.3225000000655
2012-01-10,9050.490000000058
2012-01-11,1782.0024999999855
2012-01-12,-16515.067500000016
2012-01-13,5642.74500000007
2012-01-16,8651.80749999995
2012-01-17,3611.757499999988
2012-01-18,-7571.477500000073
2012-01-19,-6193.504999999942
2012-01-20,4473.9274999999725
2012-01-23,-24143.267500000027
2012-01-24,-17318.259999999922
2012-01-25,-3257.5500000000557
2012-01-26,9907.137499999983
2012-01-27,3859.5700000000757
2012-01-30,11518.007499999936
2012-01-31,17867.677499999998
2012-02-01,-8037.145000000002
2012-02-02,-5114.332500000088
2012-02-03,-16818.572499999867
2012-02-06,-1168.0150000000895
2012-02-07,1243.607500000091
2012-02-08,1106.6725000000206
2012-02-09,-8255.810000000016
2012-02-10,4965.077499999859
2012-02-13,12855.422500000062
2012-02-14,-7507.329999999927
2012-02-15,7757.247499999903
2012-02-16,-3842.567500000002
2012-02-17,-17567.95499999986
2012-02-20,396.78249999991954
2012-02-21,-10742.81999999999
2012-02-22,-968.2425000000104
2012-02-23,3771.182500000001
2012-02-24,-14804.805000000066
2012-02-27,9046.817499999992
2012-02-28,-8493.192500000065
2012-02-29,-2837.862499999802
2012-03-01,73.16749999995817
2012-03-02,-2023.2500000001046
2012-03-05,11725.61750000012
2012-03-06,1484.9174999999464
2012-03-07,-2920.6999999999553
2012-03-08,-4992.017500000059
2012-03-09,10050.922500000057
2012-03-12,-8933.309999999941
2012-03-13,17728.99750000001
2012-03-14,6620.802500000098
2012-03-15,-9716.662500000051
2012-03-16,-1855.7600000001034
2012-03-19,5028.035000000012
2012-03-20,-9126.317499999886
2012-03-21,2271.157500000118
2012-03-22,-4518.1925000000465
2012-03-23,1307.677499999814
2012-03-26,9036.867500000011
2012-03-27,-3127.6424999998544
2012-03-28,-1857.3975000000096
2012-03-29,-922.0099999999127
2012-03-30,-12258.572499999984
2012-04-02,26446.1075
2012-04-03,-1808.8249999999746
2012-04-04,5590.407499999991
2012-04-05,15830.855000000032
2012-04-06,-2424.6025000001173
2012-04-09,-7081.819999999962
2012-04-10,-21494.09999999993
2012-04-11,10062.150000000014
2012-04-12,9129.662500000011
2012-04-13,-7902.782499999949
2012-04-16,-10338.837500000029
2012-04-17,25523.827499999934
2012-04-18,-5913.87500000004
2012-04-19,-3434.2124999999705
2012-04-20,10592.007499999985
2012-04-23,-16691.767499999954
2012-04-24,15391.77750000002
2012-04-25,5037.065000000004
2012-04-26,5230.3550000001605
2012-04-27,-1294.755000000183
2012-04-30,-21037.962500000023
2012-05-01,152.2600000000532
2012-05-02,9271.932499999999
2012-05-03,-18191.305000000037
2012-05-04,-12937.674999999897
2012-05-07,4766.817499999855
2012-05-08,-13197.967500000035
2012-05-09,2441.6325000000647
2012-05-10,4934.30749999985
2012-05-11,-10030.992499999917
2012-05-14,-1788.3724999999629
2012-05-15,4096.534999999904
2012-05-16,-16946.742500000037
2012-05-17,-20039.572499999827
2012-05-18,-32878.7100000001
2012-05-21,27467.274999999936
2012-05-22,-3833.094999999905
2012-05-23,-11870.932500000059
2012-05-24,10652.537500000053
2012-05-25,4921.7499999999945
2012-05-28,8209.015000000034
2012-05-29,16687.057499999966
2012-05-30,-18834.662499999944
2012-05-31,-3573.542499999999
2012-06-01,-20379.06749999987
2012-06-04,-5396.572500000057
2012-06-05,5200.589999999887
2012-06-06,2443.860000000125
2012-06-07,18387.81250000009
2012-06-08,-488.6725000000919
2012-06-11,4563.387500000109
2012-06-12,9954.177500000067
2012-06-13,-7768.280000000059
2012-06-14,-13453.140000000016
2012-06-15,1462.997500000048
2012-06-18,-6358.970000000126
2012-06-19,9769.527499999853
2012-06-20,-2989.5149999999735
2012-06-21,-1856.6550000000275
2012-06-22,4492.707499999969
2012-06-25,-3342.3875
2012-06-26,1279.9224999999208
2012-06-27,-5557.654999999976
2012-06-28,-5359.697500000083
2012-06-29,20618.677500000187
2012-07-02,4682.662499999806
2012-07-03,8242.7425000001
2012-07-04,-3800.267500000048
2012-07-05,9345.847499999954
2012-07-06,7372.012500000088
2012-07-09,-2386.1924999999565
2012-07-10,5966.527499999978
2012-07-11,4042.6499999999837
2012-07-12,-4290.3975000000855
2012-07-13,98.72250000008113
2012-07-16,1161.3325000000304
2012-07-17,3645.3850000000734
2012-07-18,-1978.4774999999836
2012-07-19,13882.56999999998
2012-07-20,5551.84500000013
2012-07-23,-22571.74000000015
2012-07-24,-8681.882499999994
2012-07-25,8998.182500000112
2012-07-26,-1992.4075000001305
2012-07-27,10522.240000000118
2012-07-30,-1139.7425000000903
2012-07-31,-6024.660000000057
2012-08-01,4629.620000000026
2012-08-02,12477.292500000054
2012-08-03,5663.024999999897
2012-08-06,-6785.535000000092
2012-08-07,13694.322500000058
2012-08-08,1533.1000000000745
2012-08-09,13464.917499999961
2012-08-10,7882.462499999947
2012-08-13,-5105.059999999995
2012-08-14,-4000.6974999997815
2012-08-15,9506.464999999826
2012-08-16,-10374.545000000113
2012-08-17,-3000.4325000000067
2012-08-20,-8108.072499999956
2012-08-21,-6711.592499999937
2012-08-22,5298.895
2012-08-23,-7206.66499999985
2012-08-24,-2845.2400000000653
2012-08-27,7477.387500000203
2012-08-28,-3716.3575000000797
2012-08-29,481.44249999983083
2012-08-30,1481.4299999999018
2012-08-31,-5272.552499999809
2012-09-03,-10034.387499999946
2012-09-04,9103.184999999843
2012-09-05,-10537.082499999833
2012-09-06,9923.072500000197
2012-09-07,-18111.895000000255
2012-09-10,9274.745000000114
2012-09-11,-6605.195000000023
2012-09-12,-22997.142499999933
2012-09-13,-1377.0250000000406
2012-09-14,-10446.94749999997
2012-09-17,-15617.840000000011
2012-09-18,3980.882500000029
2012-09-19,2673.8225000001717
2012-09-20,12574.432499999857
2012-09-21,-8.142499999872484
2012-09-24,6934.752499999941
2012-09-25,7778.887499999994
2012-09-26,-2517.09750000004
2012-09-27,3896.927499999968
2012-09-28,-11854.705000000025
2012-10-01,-7650.34250000011
2012-10-02,-8299.34249999999
2012-10-03,-581.6549999999396
2012-10-04,960.7325000000865
2012-10-05,-6777.310000000015
2012-10-08,2928.197500000115
2012-10-09,8650.827499999948
2012-10-10,3577.4025000000174
2012-10-11,-10974.622499999981
2012-10-12,-3409.5025000001824
2012-10-15,-19425.45999999993
2012-10-16,-16447.347500000033
2012-10-17,4978.009999999859
2012-10-18,-3214.0574999999703
2012-10-19,11730.265000000047
2012-10-22,-10004.922499999935
2012-10-23,5576.2499999999745
2012-10-24,-1658.6899999998723
2012-10-25,6599.942499999761
2012-10-26,2185.532500000177
2012-10-29,16180.812500000164
2012-10-30,-10041.197500000146
2012-10-31,1002.0275000000732
2012-11-01,-18143.065000000006
2012-11-02,5900.169999999953
2012-11-05,16500.837499999932
2012-11-06,558.3625000000568
2012-11-07,19576.8674999998
2012-11-08,11869.417500000158
2012-11-09,3426.740000000056
2012-11-12,1481.3774999998982
2012-11-13,8077.6774999999125
2012-11-14,-17133.505000000016
2012-11-15,-15657.227499999859
2012-11-16,6491.047499999965
2012-11-19,-661.3424999998831
2012-11-20,-5520.000000000183
2012-11-21,-4752.500000000047
2012-11-22,2317.43250000026
2012-11-23,-8275.26000000015
2012-11-26,-13022.599999999848
2012-11-27,3740.1774999997747
2012-11-28,-4832.837499999888
2012-11-29,-16963.47750000006
2012-11-30,-19168.757500000105
2012-12-03,-10453.797499999893
2012-12-04,-408.7075000003026
2012-12-05,2913.9275000002003
2012-12-06,18593.859999999797
2012-12-07,1547.6025000000307
2012-12-10,-14563.082499999826
2012-12-11,-12936.455000000138
2012-12-12,-8666.882499999938
2012-12-13,-9985.662500000166
2012-12-14,-8758.385000000231
2012-12-17,-8719.10249999971
2012-12-18,-296.08750000012685
2012-12-19,-13926.797499999986
2012-12-20,13732.719999999923
2012-12-21,-5972.642500000085
2012-12-24,-3506.5550000000153
2012-12-25,-2979.9999999999663
2012-12-26,2684.765000000005
2012-12-27,7867.630000000007
2012-12-28,-6839.887500000149
2012-12-31,12154.027500000115
2013-01-01,-618.9150000000247
2013-01-02,17613.94999999996
2013-01-03,1396.987500000113
2013-01-04,11502.154999999944
2013-01-07,-2685.1674999998127
2013-01-08,-5428.432500000062
2013-01-09,8880.982500000164
2013-01-10,4580.53500000005
2013-01-11,-9554.637499999906
2013-01-14,12610.287499999602
2013-01-15,-1263.1699999998314
2013-01-16,-6600.992500000042
2013-01-17,6435.050000000056
2013-01-18,-60.87500000004309
2013-01-21,-4110.280000000148
2013-01-22,750.2125000002623
2013-01-23,5396.779999999828
2013-01-24,18603.59499999998
2013-01-25,-2952.83
2013-01-28,11990.737499999996
2013-01-29,8893.469999999887
2013-01-30,19633.94750000002
2013-01-31,976.8350000000172
2013-02-01,16945.967499999973
2013-02-04,-15862.572500000098
2013-02-05,12329.812500000055
2013-02-06,-8608.817499999916
2013-02-07,-18440.554999999993
2013-02-08,9439.14750000001
2013-02-11,9415.972500000145
2013-02-12,7997.989999999766
2013-02-13,-2140.659999999843
2013-02-14,3226.9199999998937
2013-02-15,3809.052499999977
2013-02-18,-1379.5825000000511
2013-02-19,2454.2425000002836
2013-02-20,449.1024999998785
2013-02-21,-11625.49750000007
2013-02-22,9834.007499999938
2013-02-25,-22215.107499999856
2013-02-26,-5093.4575000000805
2013-02-27,6098.827500000152
2013-02-28,-7840.892500000127
2013-03-01,2431.915000000137
2013-03-04,-1879.5275000000515
2013-03-05,4316.047499999993
2013-03-06,3501.437500000089
2013-03-07,2122.40749999993
2013-03-08,1909.104999999935
2013-03-11,1419.644999999989
2013-03-12,-8988.054999999982
2013-03-13,-15030.704999999927
2013-03-14,-8340.239999999952
2013-03-15,-4396.029999999946
2013-03-18,-17381.794999999936
2013-03-19,-26719.335000000017
2013-03-20,23595.494999999988
2013-03-21,-13434.110000000017
2013-03-22,5280.445000000014
2013-03-25,-13106.367499999984
2013-03-26,5030.402499999957
2013-03-27,-9796.670000000056
2013-03-28,3289.7625000000817
2013-04-01,-15492.47499999988
2013-04-02,3900.4824999998086
2013-04-03,-14848.787500000035
2013-04-04,15963.047499999859
2013-04-05,-6370.74999999992
2013-04-08,17041.80250000007
2013-04-09,8811.127499999895
2013-04-10,5537.707500000088
2013-04-11,1137.3450000001135
2013-04-12,3252.2524999998477
2013-04-15,6998.435000000069
2013-04-16,12635.955000000127
2013-04-17,-17966.445000000098
2013-04-18,102.02499999989217
2013-04-19,4975.465000000036
2013-04-22,-10445.794999999944
2013-04-23,856.849999999983
2013-04-24,-5727.372499999956
2013-04-25,-4382.092500000084
2013-04-26,-3560.585000000036
2013-04-29,13659.640000000034
2013-04-30,-8329.930000000028
2013-05-01,-7313.675000000095
2013-05-02,-3900.312499999911
2013-05-03,31113.267499999994
2013-05-06,-7763.997499999858
2013-05-07,3050.5549999999325
2013-05-08,11396.317499999846
2013-05-09,-7209.435000000092
2013-05-10,4774.105000000198
2013-05-13,43.39499999995016
2013-05-14,2122.65999999999
2013-05-15,3873.622500000034
2013-05-16,-8417.965000000082
2013-05-17,5486.997500000118
2013-05-20,1421.5724999999431
2013-05-21,21598.679999999997
2013-05-22,-38.83000000002073
2013-05-23,-3418.0700000000147
2013-05-24,-5948.352499999976
2013-05-27,-6569.834999999875
2013-05-28,19833.487499999865
2013-05-29,-9826.554999999893
2013-05-30,2218.712499999962
2013-05-31,1139.2274999999645
2013-06-03,-6646.942500000056
2013-06-04,2816.582500000033
2013-06-05,-7284.847499999974
2013-06-06,908.6750000000127
2013-06-07,6946.345000000071
2013-06-10,3286.7949999999046
2013-06-11,-13975.130000000057
2013-06-12,7212.155000000089
2013-06-13,4340.422500000044
2013-06-14,8227.749999999893
2013-06-17,1683.690000000021
2013-06-18,5624.384999999991
2013-06-19,-8926.49250000008
2013-06-20,-8780.405000000035
2013-06-21,-9098.172500000039
2013-06-24,-1274.287499999899
2013-06-25,5052.572499999972
2013-06-26,6625.935000000049
2013-06-27,8434.819999999921
2013-06-28,-3313.7324999999896
2013-07-01,7111.087499999984
2013-07-02,3396.990000000174
2013-07-03,-811.8224999999909
2013-07-04,-10476.21750000001
2013-07-05,4454.1799999999
2013-07-08,5055.790000000074
2013-07-09,-10462.922500000015
2013-07-10,28691.172500000044
2013-07-11,-4735.902500000043
2013-07-12,-6664.627500000033
2013-07-15,7699.120000000035
2013-07-16,447.69499999995907
2013-07-17,2538.9825000000237
2013-07-18,7413.544999999983
2013-07-19,7027.350000000042
2013-07-22,-5380.9375000000655
2013-07-23,3532.3750000000373
2013-07-24,3444.007499999946
2013-07-25,-3843.299999999881
2013-07-26,-10204.022500000121
2013-07-29,-314.2724999999464
2013-07-30,-6551.299999999976
2013-07-31,6448.432500000072
2013-08-01,9395.05749999987
2013-08-02,-2902.5049999999087
2013-08-05,6020.6399999999385
2013-08-06,-6105.722500000042
2013-08-07,857.3225000000331
2013-08-08,930.445000000018
2013-08-09,-4947.46250000003
2013-08-12,4248.122499999915
2013-08-13,2161.4850000001
2013-08-14,-3087.2999999999793
2013-08-15,488.0924999998894
2013-08-16,4252.432500000122
2013-08-19,577.9774999999127
2013-08-20,2874.8550000000664
2013-08-21,-6033.692499999989
2013-08-22,1108.077500000053
2013-08-23,-2183.3850000000325
2013-08-26,-6915.480000000012
2013-08-27,-5321.772500000077
2013-08-28,-5585.22249999997
2013-08-29,-11542.969999999912
2013-08-30,1728.2675000000295
2013-09-02,-5482.687500000135
2013-09-03,7415.940000000001
2013-09-04,-19337.292499999974
2013-09-05,-2133.204999999995
2013-09-06,10930.332500000031
2013-09-09,3303.552499999956
2013-09-10,-2138.834999999973
2013-09-11,-2785.6750000000484
2013-09-12,3502.045000000116
2013-09-13,1641.369999999883
2013-09-16,125.37250000005497
2013-09-17,6794.640000000109
2013-09-18,8120.8699999999035
2013-09-19,871.2349999999946
2013-09-20,4893.725000000008
2013-09-23,-6049.967499999942
2013-09-24,-8270.600000000059
2013-09-25,1015.4625000001084
2013-09-26,2424.309999999877
2013-09-27,4441.54750000004
2013-09-30,7373.314999999933
2013-10-01,-3654.1399999998775
2013-10-02,8374.877499999975
2013-10-03,-5627.400000000006
2013-10-04,-7299.817500000033
2013-10-07,-7975.249999999861
2013-10-08,-2884.090000000031
2013-10-09,-13630.269999999944
2013-10-10,11544.417499999929
2013-10-11,-2127.769999999989
2013-10-14,2666.2925000000673
2013-10-15,-5805.000000000115
2013-10-16,4402.677500000127
2013-10-17,3287.432499999927
2013-10-18,-397.32249999997634
2013-10-21,4514.772499999853
2013-10-22,5126.740000000004
2013-10-23,-17993.32750000002
2013-10-24,6406.807500000114
2013-10-25,-5914.822500000031
2013-10-28,13441.377499999962
2013-10-29,-1725.8274999998264
2013-10-30,6690.390000000042
2013-10-31,-2932.9475000001853
2013-11-01,-13676.072500000091
2013-11-04,3536.875000000062
2013-11-05,4530.802500000032
2013-11-06,-644.577499999935
2013-11-07,-5610.405000000055
2013-11-08,16021.02249999992
2013-11-11,-2558.5724999999393
2013-11-12,186.1149999999809
2013-11-13,5642.65250000006
2013-11-14,4544.417499999943
2013-11-15,-10465.379999999992
2013-11-18,-296.31749999991723
2013-11-19,3275.1525000000165
2013-11-20,5777.854999999987
2013-11-21,19295.12750000003
2013-11-22,6658.167499999967
2013-11-25,-3102.195000000051
2013-11-26,14576.107500000118
2013-11-27,341.91749999996
2013-11-28,5589.307499999995
2013-11-29,8446.11749999992
2013-12-02,10234.6475000002
2013-12-03,10323.85249999998
2013-12-04,16572.712499999972
2013-12-05,-6276.764999999949
2013-12-06,-127.28000000007093
2013-12-09,-484.332499999819
2013-12-10,-6799.510000000151
2013-12-11,-4835.44749999994
2013-12-12,9237.474999999851
2013-12-13,-6242.582499999766
2013-12-16,3946.312499999862
2013-12-17,2732.3575000000733
2013-12-18,17282.577499999847
2013-12-19,-25908.47499999994
2013-12-20,-5362.05749999995
2013-12-23,-769.9099999999686
2013-12-24,12602.802500000038
2013-12-25,1484.2799999999932
2013-12-26,3769.8049999999103
2013-12-27,21138.927499999932
2013-12-30,-6225.597499999856
2013-12-31,6703.8025000001135
2014-01-01,-1040.3549999999825
2014-01-02,-23608.2625000002
2014-01-03,-34120.66999999991
2014-01-06,-3314.35749999999
2014-01-07,9136.880000000046
2014-01-08,9545.422499999902
2014-01-09,-8593.647499999895
2014-01-10,-11253.817499999996
2014-01-13,-59.89750000010457
2014-01-14,18710.24500000015
2014-01-15,-1276.2375000001018
2014-01-16,5500.624999999987
2014-01-17,-6362.812499999867
2014-01-20,-1052.3475000000253
2014-01-21,4890.820000000054
2014-01-22,6325.904999999824
2014-01-23,2137.695000000124
2014-01-24,2607.7575000000015
2014-01-27,-6850.895000000023
2014-01-28,-2564.375000000021
2014-01-29,17469.392500000013
2014-01-30,-20149.98749999998
2014-01-31,-7346.8750000001055
2014-02-03,-8973.217499999879
2014-02-04,1301.4274999999568
2014-02-05,-5405.380000000029
2014-02-06,6732.485000000012
2014-02-07,-905.0549999999345
2014-02-10,-6869.804999999895
2014-02-11,3132.3775000000096
2014-02-12,3479.630000000162
2014-02-13,12938.627499999822
2014-02-14,-5716.42499999998
2014-02-17,3052.990000000002
2014-02-18,4135.442499999873
2014-02-19,11051.120000000006
2014-02-20,630.1575000000018
2014-02-21,6069.43499999998
2014-02-24,-20832.372499999958
2014-02-25,4947.744999999887
2014-02-26,8066.917500000166
2014-02-27,7928.994999999826
2014-02-28,1393.7424999999064
2014-03-03,-39723.142500000016
2014-03-04,18206.82500000021
2014-03-05,5353.344999999973
2014-03-06,4197.677499999809
2014-03-07,-13642.56750000001
2014-03-10,3867.407500000089
2014-03-11,-17860.650000000132
2014-03-12,-7113.0149999999485
2014-03-13,-11151.072499999944
2014-03-14,-8200.269999999942
2014-03-17,9744.195000000034
2014-03-18,499.30750000001456
2014-03-19,15053.234999999908
2014-03-20,-6580.099999999948
2014-03-21,-6374.162499999986
2014-03-24,2846.2849999999235
2014-03-25,452.8474999999109
2014-03-26,-7976.104999999742
2014-03-27,-2272.3225000002108
2014-03-28,8748.540000000128
2014-03-31,-2773.4025000000966
2014-04-01,15247.43249999991
2014-04-02,-4623.899999999929
2014-04-03,-5667.894999999882
2014-04-04,-23916.832499999993
2014-04-07,3238.099999999966
2014-04-08,8369.459999999941
2014-04-09,3175.49000000019
2014-04-10,1801.842499999845
2014-04-11,3435.262500000038
2014-04-14,-4987.500000000028
2014-04-15,5866.132500000047
2014-04-16,1357.044999999905
2014-04-17,1920.9975000000277
2014-04-21,-4135.782500000164
2014-04-22,9379.01250000022
2014-04-23,-526.3500000000282
2014-04-24,2658.627500000026
2014-04-25,8045.869999999914
2014-04-28,1538.0324999999914
2014-04-29,-4228.782499999918
2014-04-30,5810.8200000000725
2014-05-01,-2491.1650000001364
2014-05-02,2721.69000000019
2014-05-05,-4644.52500000018
2014-05-06,-1130.1850000000227
2014-05-07,-14340.842499999859
2014-05-08,-16318.829999999978
2014-05-09,-1570.8099999999008
2014-05-12,-6823.327500000103
2014-05-13,-6248.934999999977
2014-05-14,1003.6825000000009
2014-05-15,5235.24500000007
2014-05-16,-7057.832500000255
2014-05-19,696.4874999999936
2014-05-20,-640.0749999999596
2014-05-21,11058.49999999993
2014-05-22,-2439.509999999888
2014-05-23,-82.0099999999436
2014-05-26,5361.20000000005
2014-05-27,3197.2249999998744
2014-05-28,862.1399999998854
2014-05-29,-5813.122500000086
2014-05-30,11859.730000000054
2014-06-02,15872.664999999979
2014-06-03,-37.32249999977808
2014-06-04,6334.552499999951
2014-06-05,6651.73250000007
2014-06-06,-3438.5050000002584
2014-06-09,-18947.349999999824
2014-06-10,-9445.014999999974
2014-06-11,868.9100000002377
2014-06-12,-6571.945000000049
2014-06-13,-1158.0074999999997
2014-06-16,9388.50749999991
2014-06-17,-9992.064999999846
2014-06-18,-13335.085000000005
2014-06-19,-7803.264999999921
2014-06-20,-4459.437500000042
2014-06-23,-893.5574999998827
2014-06-24,8041.177499999895
2014-06-25,-1293.0600000000334
2014-06-26,-3504.0649999998964
2014-06-27,-5415.719999999871
2014-06-30,5635.492499999677
2014-07-01,5581.345000000086
2014-07-02,-1571.8724999997528
2014-07-03,-4120.802500000156
2014-07-04,8705.635000000108
2014-07-07,9094.0899999998
2014-07-08,6724.622499999909
2014-07-09,-7511.324999999913
2014-07-10,-13633.042499999974
2014-07-11,19498.027500000087
2014-07-14,-18508.207500000044
2014-07-15,10905.882500000003
2014-07-16,15782.864999999956
2014-07-17,-13182.375000000113
2014-07-18,16624.570000000218
2014-07-21,-8206.28250000012
2014-07-22,797.395000000192
2014-07-23,-1683.6650000001707
2014-07-24,-9181.60000000005
2014-07-25,10429.19000000008
2014-07-28,4609.6274999998695
2014-07-29,14836.835000000227
2014-07-30,-24242.89249999999
2014-07-31,-7647.797500000077
2014-08-01,-5107.554999999889
2014-08-04,1732.9099999997698
2014-08-05,18703.907500000303
2014-08-06,4878.544999999897
2014-08-07,-8492.792500000249
2014-08-08,-1744.759999999739
2014-08-11,1073.5549999999544
2014-08-12,12078.434999999788
2014-08-13,-13586.522499999732
2014-08-14,25821.76999999984
2014-08-15,-22198.24999999997
2014-08-18,13611.739999999982
2014-08-19,868.1324999998441
2014-08-20,5494.730000000238
2014-08-21,-9426.897500000008
2014-08-22,8543.06749999996
2014-08-25,-1943.6649999997494
2014-08-26,16582.62749999969
2014-08-27,8322.940000000117
2014-08-28,8725.177499999876
2014-08-29,1901.4750000001677
2014-09-01,7218.630000000062
2014-09-02,-6991.122499999963
2014-09-03,20426.027499999807
2014-09-04,33816.44499999977
2014-09-05,-7754.474999999962
2014-09-08,-15868.444999999943
2014-09-09,-17119.400000000038
2014-09-10,3377.74499999995
2014-09-11,5850.000000000109
2014-09-12,-13350.657500000118
2014-09-15,-20337.10499999996
2014-09-16,2400.0000000001096
2014-09-17,6303.749999999815
2014-09-18,-5044.644999999718
2014-09-19,23807.0024999998
2014-09-22,-28525.784999999945
2014-09-23,9895.1775
2014-09-24,-12167.1075
2014-09-25,-3993.75
2014-09-26,11287.974999999951
2014-09-29,6743.020000000026
2014-09-30,2736.8599999998755
2014-10-01,5869.097500000208
2014-10-02,553.1349999999027
2014-10-03,5223.235000000008
2014-10-06,-4917.127499999768
2014-10-07,-2852.330000000209
2014-10-08,-15935.58249999988
2014-10-09,-13303.57750000013
2014-10-10,-5277.010000000137
2014-10-13,-14572.567499999726
2014-10-14,1709.1049999997763
2014-10-15,-29317.88499999983
2014-10-16,9318.109999999986
2014-10-17,2531.9175000000414
2014-10-20,3022.4449999999374
2014-10-21,16293.99499999991
2014-10-22,1887.5000000000782
2014-10-23,11477.774999999992
2014-10-24,-558.81000000003
2014-10-27,3757.4725000000767
2014-10-28,-2509.99000000007
2014-10-29,16676.37749999989
2014-10-30,-4750.5174999999135
2014-10-31,11133.830000000096
2014-11-03,-16949.81500000005
2014-11-04,-17632.304999999902
2014-11-05,14181.4275000001
2014-11-06,-5375.380000000191
2014-11-07,-4752.009999999965
2014-11-10,-493.08249999996815
2014-11-11,13953.927500000018
2014-11-12,-6682.322500000082
2014-11-13,-17728.01499999994
2014-11-14,-7554.804999999886
2014-11-17,-4987.397500000058
2014-11-18,-10958.640000000054
2014-11-19,-1208.8849999999813
2014-11-20,2097.517500000046
2014-11-21,17179.24000000011
2014-11-24,4040.3974999998927
2014-11-25,-18142.57500000002
2014-11-26,-381.24999999993497
2014-11-27,-7943.622499999987
2014-11-28,-6985.395000000073
2014-12-01,-18231.007500000025
2014-12-02,5764.5450000001565
2014-12-03,13937.774999999854
2014-12-04,3895.7499999999973
2014-12-05,8473.890000000054
2014-12-08,-2467.220000000076
2014-12-09,673.9275000001178
2014-12-10,-8202.01000000006
2014-12-11,10654.932499999954
2014-12-12,10722.015000000072
2014-12-15,-12243.402500000107
2014-12-16,-10151.254999999952
2014-12-17,5206.470000000044
2014-12-18,-33.68500000009635
2014-12-19,-3045.8274999999894
2014-12-22,-6411.890000000035
2014-12-23,-10066.289999999874
2014-12-24,-5990.747500000097
2014-12-25,2256.0225000000496
2014-12-26,1277.4425000000692
2014-12-29,12229.23250000003
2014-12-30,-6025.760000000009
2014-12-31,693.8524999999981
2015-01-01,-1818.8675000000865
2015-01-02,-19050.854999999938
2015-01-05,-1371.8050000000676
2015-01-06,-11772.629999999963
2015-01-07,-9273.99999999996
2015-01-08,-3095.4200000000365
2015-01-09,-6389.680000000017
2015-01-12,3247.70499999998
2015-01-13,-13522.219999999921
2015-01-14,6927.0524999998925
2015-01-15,-6182.887499999937
2015-01-16,-11556.079999999934
2015-01-19,-366.90749999998593
2015-01-20,7541.487499999907
2015-01-21,-19931.192499999972
2015-01-22,-692.1850000000558
2015-01-23,-3714.4999999998527
2015-01-26,6802.999999999878
2015-01-27,-6694.27249999999
2015-01-28,-10053.214999999907
2015-01-29,4110.759999999949
2015-01-30,-600.8799999999909
2015-02-02,-4112.73249999996
2015-02-03,6350.345000000113
2015-02-04,2100.1349999999616
2015-02-05,11094.350000000008
2015-02-06,8015.502499999998
2015-02-09,-3385.4825000000997
2015-02-10,5823.71500000005
2015-02-11,5909.892500000072
2015-02-12,-9466.705000000109
2015-02-13,5700.524999999983
2015-02-16,-146.32499999997123
2015-02-17,-9386.737500000094
2015-02-18,-6756.7550000000165
2015-02-19,-1965.9774999999472
2015-02-20,7521.647500000052
2015-02-23,532.2049999999723
2015-02-24,-11052.500000000113
2015-02-25,-41.29999999990358
2015-02-26,150.8299999999477
2015-02-27,2786.150000000013
2015-03-02,-5910.8574999999755
2015-03-03,-1443.2600000000443
2015-03-04,1673.1800000000037
2015-03-05,4785.509999999974
2015-03-06,-4930.147499999983
2015-03-09,-2258.989999999932
2015-03-10,17045.829999999933
2015-03-11,3969.0399999999736
2015-03-12,-19630.372500000052
2015-03-13,817.1300000000458
2015-03-16,2273.869999999857
2015-03-17,8109.274999999977
2015-03-18,-2868.5999999999526
2015-03-19,1805.1624999999992
2015-03-20,-8602.350000000013
2015-03-23,-21678.664999999994
2015-03-24,8297.639999999985
2015-03-25,-1704.0999999999995
2015-03-26,4651.122499999919
2015-03-27,7177.450000000018
2015-03-30,-10930.04999999998
2015-03-31,665.1975000000615
2015-04-01,4713.309999999935
2015-04-02,-7879.21000000002
2015-04-03,-3918.7500000000387
2015-04-06,2778.4600000000364
2015-04-07,636.1100000001007
2015-04-08,550.0900000000613
2015-04-09,-2930.217499999968
2015-04-10,-1320.4300000001315
2015-04-13,12510.51499999999
2015-04-14,1429.2449999999462
2015-04-15,3416.237500000093
2015-04-16,-8697.16500000001
2015-04-17,11005.44499999997
2015-04-20,-5949.167499999976
2015-04-21,4831.0700000000315
2015-04-22,-3140.1949999999715
2015-04-23,-4244.97500000006
2015-04-24,-2623.9474999999716
2015-04-27,-2759.3450000000716
2015-04-28,-7542.529999999979
2015-04-29,-6273.034999999985
2015-04-30,-10962.037499999973
2015-05-01,-9945.864999999949
2015-05-04,-3742.394999999995
2015-05-05,-5191.81500000009
2015-05-06,-3754.587499999928
2015-05-07,12787.140000000016
2015-05-08,-1409.194999999996
2015-05-11,-3397.8174999999983
2015-05-12,7641.589999999945
2015-05-13,-6078.319999999965
2015-05-14,8275.450000000012
2015-05-15,3436.3650000000735
2015-05-18,-7557.09000000004
2015-05-19,3145.2699999998877
2015-05-20,5574.10500000008
2015-05-21,7470.667500000046
2015-05-22,10392.900000000127
2015-05-25,-3209.5550000001185
2015-05-26,8169.312499999908
2015-05-27,5821.4174999999195
2015-05-28,7163.772500000096
2015-05-29,18145.430000000124
2015-06-01,-11076.560000000012
2015-06-02,-14508.979999999972
2015-06-03,-14897.410000000114
2015-06-04,9584.795000000062
2015-06-05,712.3774999999728
2015-06-08,-13803.677499999993
2015-06-09,-2091.0800000000027
2015-06-10,-331.8000000000675
2015-06-11,3410.872500000015
2015-06-12,2156.942499999991
2015-06-15,-5014.932500000051
2015-06-16,7750.592499999989
2015-06-17,7795.697500000111
2015-06-18,8467.882499999942
2015-06-19,2249.4525000000385
2015-06-22,6662.870000000123
2015-06-23,-5254.187500000206
2015-06-24,-3566.1249999998445
2015-06-25,-9633.554999999988
2015-06-26,1251.2074999999377
2015-06-29,6369.445000000015
2015-06-30,-2780.392500000019
2015-07-01,-2956.604999999964
2015-07-02,-1810.9799999999746
2015-07-03,4752.594999999839
2015-07-06,5865.469999999986
2015-07-07,-12712.682499999924
2015-07-08,-1664.254999999976
2015-07-09,-731.6774999999975
2015-07-10,2125.26499999996
2015-07-13,-12429.31999999991
2015-07-14,10515.730000000103
2015-07-15,-4389.07000000004
2015-07-16,6323.425000000046
2015-07-17,5777.74999999996
2015-07-20,4350.922500000029
2015-07-21,-558.9825000000641
2015-07-22,3932.925000000093
2015-07-23,-3465.5725000001175
2015-07-24,-62.38749999995369
2015-07-27,-7817.4399999999905
2015-07-28,-11238.825000000043
2015-07-29,7797.59500000002
2015-07-30,5813.295000000158
2015-07-31,15863.339999999887
2015-08-03,-6061.747499999984
2015-08-04,-3222.4949999999626
2015-08-05,2883.757499999982
2015-08-06,-13354.670000000107
2015-08-07,-18275.477499999943
2015-08-10,5027.277500000016
2015-08-11,-5582.40499999999
2015-08-12,4850.189999999916
2015-08-13,-2500.0350000000253
2015-08-14,-5343.44499999988
2015-08-17,-144.54000000003282
2015-08-18,14488.789999999914
2015-08-19,-21494.117499999964
2015-08-20,-8641.897500000045
2015-08-21,-9721.434999999963
2015-08-24,4186.930000000077
2015-08-25,14204.28249999984
2015-08-26,2532.395000000133
2015-08-27,16138.304999999864
2015-08-28,-5900.334999999863
2015-08-31,5611.057499999996
2015-09-01,-3823.04000000008
2015-09-02,1615.4825000000362
2015-09-03,2137.505000000015
2015-09-04,-4327.025000000063
2015-09-07,17012.817500000107
2015-09-08,13982.752499999971
2015-09-09,-6741.985000000039
2015-09-10,4262.889999999985
2015-09-11,-5767.512500000166
2015-09-14,-3294.2850000000226
2015-09-15,-2333.9350000000136
2015-09-16,7500.920000000026
2015-09-17,5962.954999999927
2015-09-18,3568.9549999999726
2015-09-21,-1205.5574999999008
2015-09-22,-744.9125000001425
2015-09-23,13002.920000000136
2015-09-24,-276.58250000013186
2015-09-25,-11384.084999999997
2015-09-28,12780.195000000034
2015-09-29,-17818.187500000044
2015-09-30,-27862.650000000038
2015-10-01,6042.215000000053
2015-10-02,3592.1075000000396
2015-10-05,-19975.914999999957
2015-10-06,3826.1699999999064
2015-10-07,-11223.50999999985
2015-10-08,-1813.915000000277
2015-10-09,-1377.3599999999121
2015-10-12,7608.477499999994
2015-10-13,9730.569999999942
2015-10-14,8665.63250000003
2015-10-15,-15319.347500000116
2015-10-16,7890.122500000014
2015-10-19,13021.880000000156
2015-10-20,-1099.6150000000293
2015-10-21,-4166.829999999965
2015-10-22,-23398.627500000046
2015-10-23,-4362.3549999998895
2015-10-26,-3253.732500000128
2015-10-27,7381.8325000001105
2015-10-28,-27861.65000000014
2015-10-29,5930.530000000047
2015-10-30,-2295.909999999891
2015-11-02,-5101.32999999989
2015-11-03,-4982.512500000158
2015-11-04,-849.1500000000933
2015-11-05,76.99000000005421
2015-11-06,-6397.847499999905
2015-11-09,-5292.242499999985
2015-11-10,-1296.0824999999923
2015-11-11,2610.677499999962
2015-11-12,10368.459999999948
2015-11-13,15680.160000000013
2015-11-16,-5421.485000000064
2015-11-17,-4453.422499999947
2015-11-18,-1943.5250000000487
2015-11-19,-3167.7699999999336
2015-11-20,-16356.844999999876
2015-11-23,885.3124999999691
2015-11-24,-19616.22500000001
2015-11-25,-6138.475000000076
2015-11-26,-1436.9224999998112
2015-11-27,-5466.065000000123
2015-11-30,-6139.342499999907
2015-12-01,1616.2224999998964
2015-12-02,-14399.704999999938
2015-12-03,8437.390000000038
2015-12-04,5889.917499999879
2015-12-07,23101.210000000166
2015-12-08,12742.827500000029
2015-12-09,18583.890000000072
2015-12-10,11744.084999999912
2015-12-11,2115.5849999997968
2015-12-14,-9569.114999999894
2015-12-15,12761.209999999988
2015-12-16,-4779.934999999935
2015-12-17,11527.70500000002
2015-12-18,-6049.200000000186
2015-12-21,-19639.345000000063
2015-12-22,-12557.420000000036
2015-12-23,-1576.1199999997789
2015-12-24,12055.532499999972
2015-12-28,8290.244999999812
2015-12-29,-13590.58749999991
2015-12-30,-13085.119999999932
2015-12-31,-2669.2399999999825
2016-01-04,29892.004999999954
2016-01-05,-2399.290000000036
2016-01-06,8657.632500000022
2016-01-07,2461.307499999918
2016-01-08,-11754.02000000011
2016-01-11,6101.225000000306
2016-01-12,3420.817499999919
2016-01-13,17368.872499999987
2016-01-14,-17547.19249999994
2016-01-15,50785.997499999896
2016-01-18,-4390.2224999998725
2016-01-19,4662.679999999787
2016-01-20,-3930.3974999998372
2016-01-21,-27144.044999999856
2016-01-22,-4903.1200000000445
2016-01-25,8614.189999999882
2016-01-26,-14246.13500000017
2016-01-27,1858.0950000000616
2016-01-28,-12598.237499999896
2016-01-29,-16001.274999999907
2016-02-01,10126.372499999867
2016-02-02,5134.035000000017
2016-02-03,-20448.53750000003
2016-02-04,7304.204999999871
2016-02-05,11373.602500000134
2016-02-08,8195.522499999914
2016-02-09,12787.205000000056
2016-02-10,26630.820000000116
2016-02-11,25679.63999999993
2016-02-12,-5611.915000000049
2016-02-15,-20496.907499999867
2016-02-16,2619.427499999945
2016-02-17,-16391.804999999986
2016-02-18,11909.764999999932
2016-02-19,6681.31749999999
2016-02-22,-4173.492499999975
2016-02-23,18937.547499999957
2016-02-24,-4891.824999999973
2016-02-25,-1441.6000000000322
2016-02-26,-8729.034999999949
2016-02-29,4978.762499999929
2016-03-01,-14806.414999999985
2016-03-02,-10582.032500000081
2016-03-03,7622.247500000103
2016-03-04,-14980.140000000041
2016-03-07,8440.564999999982
2016-03-08,13298.240000000018
2016-03-09,-12201.502500000039
2016-03-10,12371.550000000034
2016-03-11,-16581.539999999917
2016-03-14,4521.769999999929
2016-03-15,12481.377499999839
2016-03-16,-11192.335000000001
2016-03-17,4358.054999999958
2016-03-18,-380.1250000000029
2016-03-21,5608.82500000004
2016-03-22,13229.079999999934
2016-03-23,4102.735000000174
2016-03-24,-2090.2300000001082
2016-03-28,-14448.052499999982
2016-03-29,-4747.714999999989
2016-03-30,-4628.590000000043
2016-03-31,-4460.842500000025
2016-04-01,9241.210000000065
2016-04-04,-8165.744999999993
2016-04-05,9229.54500000007
2016-04-06,13869.782500000021
2016-04-07,14349.599999999922
2016-04-08,10358.13500000001
2016-04-11,18341.840000000007
2016-04-12,-8085.805000000016
2016-04-13,2324.1850000001164
2016-04-14,-1185.0275000000697
2016-04-15,4617.694999999969
2016-04-18,-12317.480000000054
2016-04-19,-1585.2800000000307
2016-04-20,9041.802500000034
2016-04-21,12635.987500000087
2016-04-22,-18077.197500000166
2016-04-25,3657.430000000118
2016-04-26,8579.484999999975
2016-04-27,-7336.677499999993
2016-04-28,21632.347499999974
2016-04-29,1648.24499999996
2016-05-02,955.5875000000992
2016-05-03,-2159.695000000061
2016-05-04,10658.42
2016-05-05,-2134.6400000000563
2016-05-06,6602.187499999991
2016-05-09,-8202.449999999935
2016-05-10,12664.369999999924
2016-05-11,10841.49500000015
2016-05-12,-1526.7500000001291
2016-05-13,4385.572500000145
2016-05-16,2099.8699999999853
2016-05-17,10650.52499999992
2016-05-18,-7016.952499999886
2016-05-19,3412.1974999999647
2016-05-20,1054.2250000000608
2016-05-23,2612.122499999887
2016-05-24,-15676.200000000003
2016-05-25,-4035.6775000000484
2016-05-26,-9320.51499999997
2016-05-27,2850.965000000133
2016-05-30,-3449.2725000000573
2016-05-31,9153.922499999993
2016-06-01,14937.255000000003
2016-06-02,10029.602499999979
2016-06-03,623.1899999999264
2016-06-06,-15720.707499999897
2016-06-07,5446.312500000003
2016-06-08,14152.49999999986
2016-06-09,6669.215000000098
2016-06-10,16384.79499999996
2016-06-13,280.6800000000542
2016-06-14,-751.4324999999583
2016-06-15,-2493.0749999998666
2016-06-16,3487.79749999999
2016-06-17,7993.479999999998
2016-06-20,-21449.540000000015
2016-06-21,-14289.33000000001
2016-06-22,-5993.0549999999575
2016-06-23,3670.0149999999785
2016-06-24,36673.50249999996
2016-06-27,27798.30499999994
2016-06-28,-12899.759999999997
2016-06-29,2946.2525000000396
2016-06-30,363.42500000004185
2016-07-01,12348.395000000035
2016-07-04,893.9000000000206
2016-07-05,11592.299999999948
2016-07-06,11492.549999999996
2016-07-07,-6024.379999999937
2016-07-08,5555.050000000094
2016-07-11,-14096.287500000159
2016-07-12,-14893.042499999861
2016-07-13,7103.900000000031
2016-07-14,-17109.675000000036
2016-07-15,2497.8624999998865
2016-07-18,-9134.14999999985
2016-07-19,3332.414999999918
2016-07-20,-12288.724999999937
2016-07-21,1885.7174999999438
2016-07-22,-6119.100000000024
2016-07-25,-6106.499999999966
2016-07-26,13002.199999999972
2016-07-27,6433.399999999981
2016-07-28,-8978.519999999999
2016-07-29,8053.527500000069
2016-08-01,-10777.42250000005
2016-08-02,-3827.654999999906
2016-08-03,-1225.4550000000618
2016-08-04,13309.19249999997
2016-08-05,-4285.974999999984
2016-08-08,6056.654999999957
2016-08-09,5871.0075000000825
2016-08-10,827.1449999999004
2016-08-11,1376.2949999999378
2016-08-12,443.7175000000532
2016-08-15,2964.954999999999
2016-08-16,-8961.162500000051
2016-08-17,5407.480000000004
2016-08-18,-9462.539999999994
2016-08-19,-9008.55999999999
2016-08-22,3142.1300000001534
2016-08-23,2147.44749999999
2016-08-24,480.1249999998704
2016-08-25,-2120.679999999904
2016-08-26,3044.732499999973
2016-08-29,12561.482500000022
2016-08-30,-5966.9450000000215
2016-08-31,-6608.014999999919
2016-09-01,-1151.7074999999816
2016-09-02,2897.91499999989
2016-09-05,6687.500000000096
2016-09-06,10160.527499999951
2016-09-07,4845.5099999999875
2016-09-08,-9696.722499999998
2016-09-09,-9240.81249999997
2016-09-12,-6229.292500000069
2016-09-13,-7403.76499999993
2016-09-14,-13180.850000000066
2016-09-15,3074.0250000000424
2016-09-16,12343.275000000021
2016-09-19,11505.022499999914
2016-09-20,9277.23750000004
2016-09-21,9770.125000000022
2016-09-22,-4916.1724999999715
2016-09-23,-7928.210000000207
2016-09-26,2905.5550000001754
2016-09-27,-2219.939999999951
2016-09-28,-13042.447500000022
2016-09-29,-2134.4100000001813
2016-09-30,-3794.2599999998733
2016-10-03,12120.87000000007
2016-10-04,-9035.375000000084
2016-10-05,-9134.370000000028
2016-10-06,13627.039999999879
2016-10-07,4858.480000000185
2016-10-10,-2624.9675000000348
2016-10-11,1844.9975000000215
2016-10-12,5317.977500000099
2016-10-13,1571.1949999999624
2016-10-14,-3691.1075000001088
2016-10-17,4356.949999999998
2016-10-18,3347.9350000000827
2016-10-19,1287.0349999999064
2016-10-20,-4229.122499999963
2016-10-21,-1923.3249999999778
2016-10-24,2835.827500000097
2016-10-25,-680.9600000001242
2016-10-26,-10904.322500000057
2016-10-27,-12020.374999999825
2016-10-28,-8235.119999999932
2016-10-31,-14847.855000000192
2016-11-01,-1972.230000000006
2016-11-02,-11533.270000000022
2016-11-03,-5176.88000000003
2016-11-04,-4960.80749999993
2016-11-07,1350.3300000000752
2016-11-08,-17726.455000000024
2016-11-09,-31266.195000000076
2016-11-10,-17987.644999999913
2016-11-11,-13616.029999999995
2016-11-14,2341.4950000000736
2016-11-15,-3496.9174999999136
2016-11-16,6610.162499999995
2016-11-17,-14930.605000000096
2016-11-18,371.6050000001014
2016-11-21,-1304.0175000000568
2016-11-22,1984.9499999999437
2016-11-23,-14107.874999999905
2016-11-24,-5173.929999999982
2016-11-25,12031.102500000046
2016-11-28,20825.3999999999
2016-11-29,-1257.5474999999806
2016-11-30,-15322.444999999936
2016-12-01,-9815.837500000149
2016-12-02,-6643.804999999902
2016-12-05,8076.142500000078
2016-12-06,3227.402499999959
2016-12-07,-4296.744999999987
2016-12-08,-9804.855000000029
2016-12-09,4059.1750000000247
2016-12-12,-20893.50499999999
2016-12-13,-3314.070000000114
2016-12-14,708.46750000004
2016-12-15,4526.675
2016-12-16,-12687.647500000096
2016-12-19,-998.1599999998245
2016-12-20,-4184.75499999998
2016-12-21,9883.749999999973
2016-12-22,-1711.7649999999464
2016-12-23,-4676.637499999989
2016-12-26,2053.540000000055
2016-12-27,-1983.2924999999927
2016-12-28,11121.824999999946
2016-12-29,-12101.122499999967
2016-12-30,-2991.0549999999607
2017-01-02,-356.2499999999852
2017-01-03,-3373.8675000000994
2017-01-04,1305.550000000019
2017-01-05,-15093.572500000053
2017-01-06,5454.552500000009
2017-01-09,3688.6825000001786
2017-01-10,13217.119999999786
2017-01-11,2597.0525000001135
2017-01-12,13421.495
2017-01-13,5409.189999999901
2017-01-16,-3634.627500000014
2017-01-17,-14208.787499999911
2017-01-18,1881.8974999999334
2017-01-19,2542.219999999995
2017-01-20,1535.952500000042
2017-01-23,-5456.722499999901
2017-01-24,16813.54999999986
2017-01-25,-2373.964999999909
2017-01-26,-2932.3250000000653
2017-01-27,1684.6050000001196
2017-01-30,-6302.2925000000005
2017-01-31,-10027.85000000004
2017-02-01,-739.3074999998948
2017-02-02,-786.9100000000378
2017-02-03,2947.6824999999594
2017-02-06,-8598.750000000013
2017-02-07,-15001.065000000053
2017-02-08,6777.045000000049
2017-02-09,899.2899999999875
2017-02-10,14305.394999999955
2017-02-13,-1186.484999999868
2017-02-14,-2397.607500000166
2017-02-15,4786.852500000099
2017-02-16,-7051.267500000015
2017-02-17,-327.1924999999381
2017-02-20,6310.6899999999305
2017-02-21,6410.767499999959
2017-02-22,-1786.0549999999457
2017-02-23,-13365.365000000038
2017-02-24,-2612.9550000000286
2017-02-27,8074.8274999999785
2017-02-28,-15459.804999999938
2017-03-01,4470.64000000002
2017-03-02,-7804.78750000008
2017-03-03,222.07500000003108
2017-03-06,-349.76749999993206
2017-03-07,2144.8899999999644
2017-03-08,-8572.010000000058
2017-03-09,-2979.999999999922
2017-03-10,-6807.377500000033
2017-03-13,8225.769999999999
2017-03-14,6423.425000000042
2017-03-15,1146.8875000000673
2017-03-16,-4956.88249999994
2017-03-17,-1263.9750000001238
2017-03-20,-4868.779999999871
2017-03-21,-24745.49000000005
2017-03-22,4373.759999999985
2017-03-23,-5003.150000000001
2017-03-24,-5407.592499999827
2017-03-27,-7963.905000000125
2017-03-28,10269.312499999987
2017-03-29,2422.334999999986
2017-03-30,7801.914999999923
2017-03-31,-3039.0049999998164
2017-04-03,-11268.097500000247
2017-04-04,-4055.1899999998545
2017-04-05,-153.87499999995566
2017-04-06,181.954999999862
2017-04-07,4640.754999999851
2017-04-10,4526.550000000183
2017-04-11,-14146.400000000076
2017-04-12,-6695.759999999864
2017-04-13,3918.994999999878
2017-04-17,10210.177499999932
2017-04-18,-37063.88499999996
2017-04-19,-13143.587500000061
2017-04-20,17806.752500000108
2017-04-21,1088.8049999999348
2017-04-24,-7763.149999999978
2017-04-25,16219.822499999904
2017-04-26,-15180.349999999904
2017-04-27,-3712.5649999999564
2017-04-28,-4876.080000000082
2017-05-01,8624.07750000007
2017-05-02,-6144.329999999995
2017-05-03,-8610.812500000135
2017-05-04,-12814.73249999972
2017-05-05,5119.664999999854
2017-05-08,8519.972500000034
2017-05-09,-9162.014999999888
2017-05-10,15429.632499999894
2017-05-11,-3773.235000000046
2017-05-12,-160.0599999999921
2017-05-15,2621.257500000025
2017-05-16,-14881.550000000065
2017-05-17,-10264.795000000027
2017-05-18,1573.935000000137
2017-05-19,5570.094999999978
2017-05-22,-5345.552499999963
2017-05-23,11934.344999999943
2017-05-24,-1992.6775000001091
2017-05-25,-7759.424999999995
2017-05-26,-17971.037500000024
2017-05-29,-2959.7349999998637
2017-05-30,-4550.674999999983
2017-05-31,-4439.947500000212
2017-06-01,-1193.1174999998748
2017-06-02,-14542.840000000124
2017-06-05,-3054.907500000085
2017-06-06,-2595.490000000048
2017-06-07,6179.460000000129
2017-06-08,-13851.270000000051
2017-06-09,-10533.387499999937
2017-06-12,-12161.719999999952
2017-06-13,-2398.3325000000054
2017-06-14,-10255.495000000079
2017-06-15,7515.577500000062
2017-06-16,-6461.900000000048
2017-06-19,1887.3249999999484
2017-06-20,-8993.787499999917
2017-06-21,10620.214999999895
2017-06-22,-4774.392499999818
2017-06-23,3205.0549999997797
2017-06-26,-10875.912499999855
2017-06-27,6857.684999999857
2017-06-28,-17131.897499999995
2017-06-29,-7962.819999999917
2017-06-30,-7381.517499999945
2017-07-03,-2707.3325000002633
2017-07-04,1680.0600000002978
2017-07-05,10536.622499999854
2017-07-06,-330.36999999990337
2017-07-07,-25704.017500000027
2017-07-10,-7105.039999999954
2017-07-11,3494.280000000109
2017-07-12,-20367.25500000014
2017-07-13,5075.827500000144
2017-07-14,324.0199999999056
2017-07-17,-407.51250000017296
2017-07-18,12380.787500000124
2017-07-19,6118.094999999995
2017-07-20,7281.6300000000165
2017-07-21,-1554.0475000001854
2017-07-24,-3727.9049999997915
2017-07-25,-14704.937500000087
2017-07-26,2247.2724999999555
2017-07-27,-7047.417499999958
2017-07-28,1019.1624999999589
2017-07-31,1187.169999999922
2017-08-01,8579.852500000125
2017-08-02,11935.464999999922
2017-08-03,-3167.3700000000204
2017-08-04,598.7500000000321
2017-08-07,6322.287500000047
2017-08-08,-19607.275
2017-08-09,315.3824999998284
2017-08-10,-8053.6949999999815
2017-08-11,-2767.317500000003
2017-08-14,218.61250000006177
2017-08-15,3601.6675000000732
2017-08-16,-13336.387500000012
2017-08-17,-9819.872499999945
2017-08-18,14856.21999999997
2017-08-21,-10434.454999999918
2017-08-22,-1209.1474999999616
2017-08-23,11298.642499999829
2017-08-24,-2647.4149999999977
2017-08-25,6819.055000000083
2017-08-28,-10259.262499999946
2017-08-29,19253.47749999984
2017-08-30,504.0900000000948
2017-08-31,2502.642499999967
2017-09-01,-4409.122499999986
2017-09-04,-1511.5800000000493
2017-09-05,-3606.93249999992
2017-09-06,7690.814999999962
2017-09-07,-2212.584999999963
2017-09-08,-8300.832499999919
2017-09-11,-1882.4975000000945
2017-09-12,2559.6825000000604
2017-09-13,-13679.894999999928
2017-09-14,3966.5299999999265
2017-09-15,25032.52750000012
2017-09-18,4823.7349999997705
2017-09-19,-6493.289999999989
2017-09-20,-5668.772499999962
2017-09-21,-8304.889999999936
2017-09-22,5567.922500000032
2017-09-25,-19709.945000000112
2017-09-26,3640.0575000000604
2017-09-27,-14333.804999999977
2017-09-28,5856.662499999983
2017-09-29,4926.040000000056
2017-10-02,-1438.4274999998468
2017-10-03,-573.3950000001158
2017-10-04,8540.972499999949
2017-10-05,15436.190000000148
2017-10-06,-4489.150000000191
2017-10-09,2330.0575000000645
2017-10-10,1285.5625000000161
2017-10-11,10235.515000000027
2017-10-12,-493.01749999995286
2017-10-13,-2181.459999999996
2017-10-16,22806.545000000056
2017-10-17,4199.809999999966
2017-10-18,9196.640000000085
2017-10-19,-21085.30250000016
2017-10-20,4006.4899999998834
2017-10-23,-9770.752500000068
2017-10-24,9521.475000000068
2017-10-25,7597.2350000000915
2017-10-26,-676.6074999999435
2017-10-27,157.8000000000191
2017-10-30,4217.427500000034
2017-10-31,27106.542499999883
2017-11-01,-253.0374999999387
2017-11-02,2395.00249999998
2017-11-03,2703.9399999999787
2017-11-06,2900.412500000168
2017-11-07,-5033.942500000016
2017-11-08,3490.6200000001154
2017-11-09,-3466.2650000000835
2017-11-10,-995.7475000000508
2017-11-13,2872.752499999951
2017-11-14,-3260.4124999999312
2017-11-15,3877.7324999999155
2017-11-16,3359.485000000154
2017-11-17,-4534.217500000198
2017-11-20,15559.327499999996
2017-11-21,9299.207500000071
2017-11-22,-7074.004999999975
2017-11-23,8216.772500000025
2017-11-24,13833.65250000003
2017-11-27,-16241.084999999941
2017-11-28,-13434.555000000038
2017-11-29,-7966.477499999952
2017-11-30,21814.507499999858
2017-12-01,8662.050000000047
2017-12-04,17805.14000000001
2017-12-05,3806.3824999999306
2017-12-06,-8356.877500000017
2017-12-07,14765.180000000028
2017-12-08,-4514.545000000001
2017-12-11,6904.147500000174
2017-12-12,5456.834999999993
2017-12-13,-9471.85500000006
2017-12-14,3068.577499999899
2017-12-15,-1319.5800000000243
2017-12-18,-12318.237499999845
2017-12-19,4389.259999999946
2017-12-20,8499.50000000017
2017-12-21,9331.269999999982
2017-12-22,-5142.96750000004
2017-12-25,266.90750000004846
2017-12-26,15194.747499999947
2017-12-27,-4227.905000000082
2017-12-28,-12776.057500000012
2017-12-29,-5180.069999999858
2018-01-01,430.34499999991294
2018-01-02,-15708.609999999984
2018-01-03,5290.6699999998455
2018-01-04,14040.122500000205
2018-01-05,5011.127499999839
2018-01-08,1512.0725000000807
2018-01-09,-627.0549999999153
2018-01-10,-21058.69000000031
2018-01-11,-9044.804999999886
2018-01-12,27066.460000000032
2018-01-15,12912.710000000066
2018-01-16,-4610.519999999844
2018-01-17,12663.619999999775
2018-01-18,-3207.4475000000302
2018-01-19,-4309.452500000085
2018-01-22,11564.0400000001
2018-01-23,-17656.199999999935
2018-01-24,5521.685000000067
2018-01-25,-535.245000000273
2018-01-26,-10955.65499999987
2018-01-29,-5879.960000000054
2018-01-30,-13113.649999999985
2018-01-31,21365.870000000083
2018-02-01,2392.685000000155
2018-02-02,-13740.770000000166
2018-02-05,-39055.43999999983
2018-02-06,25633.712500000005
2018-02-07,-32182.47500000014
2018-02-08,-10941.522499999972
2018-02-09,-6077.8975000000255
2018-02-12,979.7024999999433
2018-02-13,8973.049999999948
2018-02-14,10369.360000000175
2018-02-15,4280.554999999893
2018-02-16,1197.9000000000863
2018-02-19,494.3599999999477
2018-02-20,5615.0374999999085
2018-02-21,1436.8125000002194
2018-02-22,-80.21499999994188
2018-02-23,5645.932499999857
2018-02-26,-173.27500000001726
2018-02-27,-4819.374999999963
2018-02-28,-20886.410000000007
2018-03-01,-11159.784999999993
2018-03-02,7629.145000000039
2018-03-05,9910.604999999934
2018-03-06,-12626.004999999986
2018-03-07,-2850.7599999999866
2018-03-08,-13189.130000000026
2018-03-09,5912.407499999969
2018-03-12,-9255.124999999967
2018-03-13,13728.582499999913
2018-03-14,-11560.472499999889
2018-03-15,12366.692499999926
2018-03-16,18902.745000000137
2018-03-19,3274.0599999998462
2018-03-20,-1268.9674999999236
2018-03-21,2277.3825000000147
2018-03-22,-4101.630000000057
2018-03-23,-612.972499999982
2018-03-26,3637.3999999999946
2018-03-27,-1878.2600000000818
2018-03-28,-4117.499999999812
2018-03-29,-12837.567500000021
2018-04-02,-1849.4925000000815
2018-04-03,-3911.9574999999686
2018-04-04,640.43249999996
2018-04-05,-701.5699999999672
2018-04-06,2095.4650000000825
2018-04-09,2599.1224999998544
2018-04-10,2070.8700000001036
2018-04-11,-222.27749999990783
2018-04-12,-6661.230000000098
2018-04-13,-6172.330000000094
2018-04-16,-1735.884999999886
2018-04-17,-5495.60750000004
2018-04-18,-2000.0000000001255
2018-04-19,3897.8650000001135
2018-04-20,5250.152500000134
2018-04-23,3860.4899999999625
2018-04-24,-5344.357500000011
2018-04-25,-284.75500000005184
2018-04-26,2943.810000000137
2018-04-27,-6366.07250000016
2018-04-30,-4655.539999999946
2018-05-01,-17333.57250000008
2018-05-02,-2581.7550000000365
2018-05-03,3582.687499999969
2018-05-04,-2244.50999999985
2018-05-07,78.62499999994316
2018-05-08,8327.4325
2018-05-09,-8717.947500000004
2018-05-10,-15025.80999999984
2018-05-11,-2872.455000000009
2018-05-14,8661.427499999798
2018-05-15,-4813.504999999938
2018-05-16,-13787.71749999995
2018-05-17,-7773.114999999982
2018-05-18,-5569.677500000122
2018-05-21,-12051.577499999901
2018-05-22,-2482.920000000091
2018-05-23,14495.077500000087
2018-05-24,-1173.3925000000386
2018-05-25,-9342.895000000053
2018-05-28,116.59749999989361
2018-05-29,19381.615000000213
2018-05-30,-24166.062500000255
2018-05-31,-10678.637500000017
2018-06-01,-7996.2299999999095
2018-06-04,-7709.045000000036
2018-06-05,10964.864999999954
2018-06-06,-987.3224999998554
2018-06-07,4355.145000000009
2018-06-08,-1532.355000000125
2018-06-11,-8907.280000000033
2018-06-12,8647.677499999818
2018-06-13,-1954.5349999998496
2018-06-14,5880.9050000001735
2018-06-15,119.29999999988087
2018-06-18,4486.912500000027
2018-06-19,2600.3900000000017
2018-06-20,361.4650000001451
2018-06-21,2296.834999999989
2018-06-22,183.58249999998725
2018-06-25,473.61500000003
2018-06-26,1444.76499999999
2018-06-27,5579.512500000037
2018-06-28,5175.490000000064
2018-06-29,3722.204999999761
2018-07-02,-5414.57999999987
2018-07-03,-856.1824999997804
2018-07-04,-5550.825000000103
2018-07-05,-491.3475000000509
2018-07-06,-3846.0900000002307
2018-07-09,4258.4100000001135
2018-07-10,-14755.817500000121
2018-07-11,-6755.905000000021
2018-07-12,5561.660000000086
2018-07-13,1340.6349999998397
2018-07-16,-11710.76749999986
2018-07-17,-8734.429999999966
2018-07-18,-8820.045000000018
2018-07-19,8742.357500000016
2018-07-20,7903.445000000064
2018-07-23,-2346.460000000013
2018-07-24,-14403.325000000023
2018-07-25,-3103.5474999997523
2018-07-26,-3201.3200000000083
2018-07-27,-9038.310000000065
2018-07-30,2400.592500000099
2018-07-31,-18317.955000000034
2018-08-01,16594.102499999884
2018-08-02,3836.6050000001615
2018-08-03,-7205.010000000049
2018-08-06,5153.444999999898
2018-08-07,-6785.902500000002
2018-08-08,-13647.904999999935
2018-08-09,-40.395000000057735
2018-08-10,27806.875000000233
2018-08-13,-6236.662500000048
2018-08-14,-2452.010000000051
2018-08-15,1501.6149999998845
2018-08-16,-23597.254999999997
2018-08-17,344.92500000011916
2018-08-20,461.7149999999009
2018-08-21,-5325.0499999998965
2018-08-22,12690.812499999847
2018-08-23,-3163.749999999908
2018-08-24,5442.364999999976
2018-08-27,2020.3975000001233
2018-08-28,3527.9149999998776
2018-08-29,-7996.645000000073
2018-08-30,5945.520000000053
2018-08-31,-1214.242500000063
2018-09-03,3675.017500000158
2018-09-04,-6347.0375000001495
2018-09-05,-15744.09500000005
2018-09-06,-5847.322499999819
2018-09-07,2175.712500000004
2018-09-10,-2173.7175000000316
2018-09-11,6912.359999999821
2018-09-12,-3585.062499999822
2018-09-13,-19914.8774999999
2018-09-14,17658.75999999985
2018-09-17,-3955.755000000136
2018-09-18,-11489.097500000133
2018-09-19,3262.0675000001165
2018-09-20,-19180.827499999967
2018-09-21,-4343.960000000121
2018-09-24,-219.55500000007203
2018-09-25,-4320.487499999916
2018-09-26,-551.6299999999563
2018-09-27,-1370.6250000001273
2018-09-28,20481.3625000001
2018-10-01,-9980.03500000007
2018-10-02,-1386.3250000000237
2018-10-03,-6891.3250000000335
2018-10-04,-7160.264999999862
2018-10-05,-2187.9724999999526
2018-10-08,-22654.264999999934
2018-10-09,-2368.457500000052
2018-10-10,7023.087500000127
2018-10-11,-2720.09000000018
2018-10-12,4778.9474999999575
2018-10-15,372.91499999999365
2018-10-16,7673.430000000022
2018-10-17,-17827.752500000028
2018-10-18,4104.035000000174
2018-10-19,237.59499999991579
2018-10-22,8511.897499999992
2018-10-23,-7623.449999999866
2018-10-24,3429.4000000000333
2018-10-25,1018.2149999999054
2018-10-26,4222.697499999887
2018-10-29,4521.115000000118
2018-10-30,-3965.625000000146
2018-10-31,-14265.589999999938
2018-11-01,-20527.689999999875
2018-11-02,5291.69499999999
2018-11-05,-8490.03500000007
2018-11-06,-4394.072500000031
2018-11-07,-3267.9299999999557
2018-11-08,2742.0949999998984
2018-11-09,13015.234999999922
2018-11-12,15314.597499999982
2018-11-13,4021.4550000000204
2018-11-14,20786.30000000007
2018-11-15,-16623.380000000016
2018-11-16,6291.289999999959
2018-11-19,7883.272500000109
2018-11-20,10282.359999999953
2018-11-21,-5041.837499999938
2018-11-22,-2389.490000000119
2018-11-23,16389.842500000053
2018-11-26,-3400.0849999999473
2018-11-27,-3212.024999999956
2018-11-28,3763.6399999999867
2018-11-29,-6826.787500000039
2018-11-30,5847.4099999999735
2018-12-03,-11814.507499999987
2018-12-04,3064.167499999983
2018-12-05,-11257.369999999813
2018-12-06,-28.34250000019563
2018-12-07,4479.500000000208
2018-12-10,16764.814999999802
2018-12-11,-7682.54999999972
2018-12-12,-10868.120000000079
2018-12-13,3860.069999999997
2018-12-14,-7158.634999999978
2018-12-17,511.98500000004674
2018-12-18,3390.2050000000886
2018-12-19,-16826.219999999943
2018-12-20,477.3774999999707
2018-12-21,-5421.202500000112
2018-12-24,-1150.8399999999963
2018-12-25,8168.459999999995
2018-12-26,-9263.169999999891
2018-12-27,7645.705000000053
2018-12-28,-12613.599999999802
2018-12-31,-16321.395000000246
2019-01-01,1115.7949999999182
2019-01-02,4465.430000000096
2019-01-03,14088.382499999952
2019-01-04,5238.037500000116
2019-01-07,4152.7574999999315
2019-01-08,4051.434999999977
2019-01-09,-3790.792499999984
2019-01-10,-2670.2000000000953
2019-01-11,1245.9524999999783
2019-01-14,13845.887500000048
2019-01-15,-3739.9050000000498
2019-01-16,-812.72249999987
2019-01-17,-9296.770000000057
2019-01-18,2257.4250000000193
2019-01-21,-7811.694999999998
2019-01-22,4164.317500000101
2019-01-23,-5119.3200000001925
2019-01-24,3067.2900000002037
2019-01-25,-10390.3
2019-01-28,5605.12999999986
2019-01-29,498.9975000000974
2019-01-30,-7947.880000000182
2019-01-31,-1742.3874999999948
2019-02-01,-14541.702499999912
2019-02-04,-6571.087500000068
2019-02-05,4142.082500000077
2019-02-06,-3990.4299999998693
2019-02-07,6725.57999999978
2019-02-08,2838.9850000001247
2019-02-11,-7562.269999999908
2019-02-12,-2500.2499999999536
2019-02-13,-5427.39500000002
2019-02-14,9070.77749999998
2019-02-15,-1994.1324999999933
2019-02-18,-519.81500000009
2019-02-19,6760.137499999783
2019-02-20,-4425.819999999656
2019-02-21,-3723.5625000001905
2019-02-22,-2147.6875000001264
2019-02-25,14098.297500000084
2019-02-26,7390.177499999992
2019-02-27,-9235.7724999999
2019-02-28,-3212.1250000002656
2019-03-01,-3766.224999999803
2019-03-04,4173.89500000017
2019-03-05,699.8274999997541
2019-03-06,5629.294999999924
2019-03-07,18835.702500000312
2019-03-08,-4827.587500000238
2019-03-11,4108.364999999945
2019-03-12,-25880.965
2019-03-13,11025.45499999991
2019-03-14,-3941.6799999997957
2019-03-15,-28.202499999916327
2019-03-18,-8849.80000000007
2019-03-19,-1404.4099999998741
2019-03-20,-13154.905000000042
2019-03-21,2179.224999999949
2019-03-22,20214.195000000174
2019-03-25,-9793.447500000073
2019-03-26,-4776.090000000091
2019-03-27,-5576.6124999997555
2019-03-28,11844.364999999907
2019-03-29,5510.049999999999
2019-04-01,12815.539999999904
2019-04-02,-9047.332499999815
2019-04-03,-1909.785000000173
2019-04-04,2062.7950000002566
2019-04-05,-9483.755000000268
2019-04-08,-488.5050000001446
2019-04-09,4482.290000000457
2019-04-10,3286.419999999742
2019-04-11,-3696.08000000028
2019-04-12,1678.8025000001646
2019-04-15,3847.9224999999337
2019-04-16,-3383.3274999997743
2019-04-17,-5759.872500000053
2019-04-18,19598.12499999997
2019-04-22,-3534.79500000012
2019-04-23,-11047.38999999989
2019-04-24,3959.98499999996
2019-04-25,18915.304999999866
2019-04-26,365.36500000018924
2019-04-29,-11013.800000000048
2019-04-30,2653.5399999998717
2019-05-01,6667.467499999891
2019-05-02,-7024.80499999981
2019-05-03,-2615.444999999894
2019-05-06,-9139.925000000228
2019-05-07,8451.18000000002
2019-05-08,-2893.067499999859
2019-05-09,356.78999999995017
2019-05-10,-5128.6899999998195
2019-05-13,-15131.422500000293
2019-05-14,-932.872499999754
2019-05-15,16353.042499999843
2019-05-16,6648.312499999862
2019-05-17,-8991.687499999833
2019-05-20,-11336.342500000066
2019-05-21,-369.7149999999839
2019-05-22,396.76999999998554
2019-05-23,-23735.767499999976
2019-05-24,2659.1550000000466
2019-05-27,7406.174999999884
2019-05-28,16730.419999999896
2019-05-29,3793.602500000268
2019-05-30,-12192.994999999977
2019-05-31,-10512.51000000008
2019-06-03,-26682.132499999847
2019-06-04,-2233.2425000001663
2019-06-05,2886.690000000075
2019-06-06,-107.1500000000334
2019-06-07,3667.7500000001887
2019-06-10,1594.2949999998677
2019-06-11,5432.6699999999555
2019-06-12,-184.89499999990613
2019-06-13,10111.107500000033
2019-06-14,10910.247500000187
2019-06-17,-4632.870000000264
2019-06-18,7219.3049999999885
2019-06-19,4065.1924999997077
2019-06-20,25247.990000000194
2019-06-21,-1050.5249999999908
2019-06-24,-1978.7899999999074
2019-06-25,7887.569999999741
2019-06-26,-101.7499999999909
2019-06-27,-7692.75499999992
2019-06-28,-16694.10999999998
2019-07-01,10203.732499999722
2019-07-02,23773.00500000045
2019-07-03,-1365.5974999999792
2019-07-04,1278.8549999999473
2019-07-05,-5799.415000000295
2019-07-08,-1345.2849999998814
2019-07-09,1110.455
2019-07-10,-1510.0250000000215
2019-07-11,-5878.399999999958
2019-07-12,-2159.525000000033
2019-07-15,-1981.5400000001118
2019-07-16,5891.545000000163
2019-07-17,9533.827500000005
2019-07-18,-7198.642499999986
2019-07-19,-3898.52250000018
2019-07-22,-9825.6
2019-07-23,4632.837500000165
2019-07-24,4289.845000000003
2019-07-25,5387.369999999823
2019-07-26,10127.895000000062
2019-07-29,11867.365000000149
2019-07-30,4295.932500000104
2019-07-31,8145.97999999999
2019-08-01,-14493.934999999998
2019-08-02,15076.082500000144
2019-08-05,-4554.905000000124
2019-08-06,-1834.722500000142
2019-08-07,-9723.854999999718
2019-08-08,-423.3424999999172
2019-08-09,12629.147499999894
2019-08-12,8687.402500000062
2019-08-13,-18090.562500000025
2019-08-14,-5985.377500000037
2019-08-15,-3000.4375000001246
2019-08-16,-362.88000000001
2019-08-19,-7405.087499999878
2019-08-20,5027.019999999874
2019-08-21,7093.200000000021
2019-08-22,-5041.42750000008
2019-08-23,6784.77499999997
2019-08-26,-1442.5599999999408
2019-08-27,8243.737499999925
2019-08-28,834.0850000001842
2019-08-29,-5115.710000000117
2019-08-30,-1683.2249999999651
2019-09-02,6313.022500000052
2019-09-03,-5707.724999999996
2019-09-04,-29364.372500000078
2019-09-05,-27521.550000000032
2019-09-06,-3085.2149999998455
2019-09-09,-30478.105000000087
2019-09-10,-2362.7950000000105
2019-09-11,-9069.407500000083
2019-09-12,2.6025000000365637
2019-09-13,-24343.289999999888
2019-09-16,30071.517499999878
2019-09-17,-6499.8150000000305
2019-09-18,789.9324999998937
2019-09-19,20209.272500000036
2019-09-20,12560.942500000188
2019-09-23,2120.4574999998895
2019-09-24,-47.410000000004345
2019-09-25,-4850.717499999985
2019-09-26,16503.50749999987
2019-09-27,-2410.284999999818
2019-09-30,-6812.849999999922
2019-10-01,10438.29000000002
2019-10-02,-10713.860000000112
2019-10-03,-5886.279999999813
2019-10-04,5357.2950000000465
2019-10-07,4339.869999999971
2019-10-08,12545.019999999893
2019-10-09,3111.490000000033
2019-10-10,-12054.410000000036
2019-10-11,-14790.732499999809
2019-10-14,-4131.37000000023
2019-10-15,-10863.53499999973
2019-10-16,1437.3524999999454
2019-10-17,1222.524999999856
2019-10-18,-13585.757499999934
2019-10-21,5146.609999999819
2019-10-22,-3131.904999999861
2019-10-23,3629.2400000000907
2019-10-24,9078.434999999747
2019-10-25,-26.972499999894474
2019-10-28,-8174.72499999992
2019-10-29,-5663.487500000088
2019-10-30,-8340.467499999877
2019-10-31,17440.47249999981
2019-11-01,-7263.922500000005
2019-11-04,-7789.992499999961
2019-11-05,-14563.61250000002
2019-11-06,9178.17749999996
2019-11-07,-21273.254999999874
2019-11-08,737.1075000000757
2019-11-11,7885.752499999936
2019-11-12,4386.444999999858
2019-11-13,1891.3399999999165
2019-11-14,9431.66000000004
2019-11-15,-10359.020000000139
2019-11-18,9649.932500000172
2019-11-19,-4675.4550000000445
2019-11-20,3862.54000000006
2019-11-21,628.6849999996954
2019-11-22,4937.340000000377
2019-11-25,-1169.4550000000218
2019-11-26,1713.2699999998913
2019-11-27,58.38249999994787
2019-11-28,597.5349999999066
2019-11-29,1040.4950000002857
2019-12-02,-8818.300000000114
2019-12-03,9642.36499999985
2019-12-04,-7320.82749999993
2019-12-05,2706.5050000000083
2019-12-06,-31072.937499999975
2019-12-09,984.5624999999727
2019-12-10,4738.937500000135
2019-12-11,-2605.8350000000664
2019-12-12,-1608.6950000000281
2019-12-13,15117.565000000137
2019-12-16,-4029.1474999999455
2019-12-17,-7854.457499999972
2019-12-18,6100.23750000004
2019-12-19,-6957.125000000169
2019-12-20,8610.722500000098
2019-12-23,224.15500000011124
2019-12-24,8129.407499999966
2019-12-25,-3758.6749999999433
2019-12-26,8473.644999999842
2019-12-27,-10018.07999999998
2019-12-30,-2749.730000000024
2019-12-31,11660.697499999978
2020-01-01,-510.51749999999936
2020-01-02,16462.839999999855
2020-01-03,17672.125000000215
2020-01-06,1592.9224999999558
2020-01-07,19504.389999999992
2020-01-08,-12141.557500000215
2020-01-09,1204.8625000001648
2020-01-10,926.1849999999789
2020-01-13,-11467.35999999998
2020-01-14,-4503.095000000157
2020-01-15,918.4050000000153
2020-01-16,15537.125000000306
2020-01-17,-4314.985000000177
2020-01-20,5892.9475
2020-01-21,9372.194999999974
2020-01-22,-9067.772499999797
2020-01-23,4232.570000000095
2020-01-24,7628.232499999566
2020-01-27,-19684.59499999977
2020-01-28,-4714.872499999903
2020-01-29,5149.7799999999925
2020-01-30,12616.404999999804
2020-01-31,-8297.745000000012
2020-02-03,-12334.824999999959
2020-02-04,8617.405000000259
2020-02-05,-5363.222500000017
2020-02-06,3443.4049999998324
2020-02-07,10616.262499999892
2020-02-10,3957.8975000002524
2020-02-11,-6823.52000000027
2020-02-12,1220.9225000000831
2020-02-13,5834.317500000093
2020-02-14,6950.095000000096
2020-02-17,-8596.652500000062
2020-02-18,12859.427499999909
2020-02-19,19950.972500000073
2020-02-20,16581.440000000013
2020-02-21,-1728.185000000025
2020-02-24,-13128.632500000136
2020-02-25,-6185.6424999999235
2020-02-26,-7045.409999999694
2020-02-27,-23402.157500000118
2020-02-28,-38603.43250000021
2020-03-02,-11882.587499999701
2020-03-03,-12593.697499999864
2020-03-04,-11302.865000000082
2020-03-05,17483.63499999987
2020-03-06,-2027.4200000000546
2020-03-09,-38225.120000000075
2020-03-10,-10756.30749999994
2020-03-11,713.3950000000007
2020-03-12,-34125.70249999995
2020-03-13,-1823.4449999999747
2020-03-16,-19313.517499999965
2020-03-17,21920.157500000027
2020-03-18,-4354.582500000059
2020-03-19,23936.360000000077
2020-03-20,4573.120000000008
2020-03-23,-12993.454999999996
2020-03-24,-1796.1600000000512
2020-03-25,6315.6950000000425
2020-03-26,5401.68999999999
2020-03-27,8303.495000000015
2020-03-30,-13188.02250000002
2020-03-31,-3935.704999999991
2020-04-01,8233.040000000028
2020-04-02,7756.802499999906
2020-04-03,7473.577500000008
2020-04-06,-6106.842499999942
2020-04-07,-12853.767499999964
2020-04-08,-1131.4674999999713
2020-04-09,6979.087499999917
2020-04-13,2793.369999999958
2020-04-14,-1874.4949999999258
2020-04-15,10379.584999999941
2020-04-16,-6613.497500000021
2020-04-17,5372.929999999935
2020-04-20,23819.96250000009
2020-04-21,10431.452499999994
2020-04-22,-10813.245
2020-04-23,-8899.374999999958
2020-04-24,-3644.5500000000075
2020-04-27,-4903.817500000129
2020-04-28,-1282.4549999999747
2020-04-29,-16980.594999999947
2020-04-30,13296.234999999968
2020-05-01,8383.08250000004
2020-05-04,1234.9199999998896
2020-05-05,-8728.180000000038
2020-05-06,-3183.977499999918
2020-05-07,-10428.505000000016
2020-05-08,-11356.27999999999
2020-05-11,3794.055000000047
2020-05-12,564.3300000000077
2020-05-13,360.3500000000291
2020-05-14,-2492.2475000000663
2020-05-15,604.9325000000139
2020-05-18,-20743.25999999999
2020-05-19,4463.344999999956
2020-05-20,7757.4325000000235
2020-05-21,-3262.3224999999466
2020-05-22,1624.4599999999364
2020-05-25,-2767.3224999999825
2020-05-26,-12416.654999999957
2020-05-27,-6526.342499999963
2020-05-28,-1121.697500000011
2020-05-29,4687.474999999939
2020-06-01,-14305.494999999994
2020-06-02,-17427.254999999965
2020-06-03,-1127.5674999999421
2020-06-04,482.65249999995183
2020-06-05,-26088.977500000037
2020-06-08,4858.7249999999785
2020-06-09,13292.855000000087
2020-06-10,14890.930000000035
2020-06-11,19094.374999999975
2020-06-12,-20183.572500000046
2020-06-15,-215.37749999997493
2020-06-16,-1172.947499999955
2020-06-17,4397.162499999957
2020-06-18,-1283.777500000047
2020-06-19,3219.395000000064
2020-06-22,-2411.6074999999855
2020-06-23,9494.924999999868
2020-06-24,1318.2250000000465
2020-06-25,-2651.4049999999597
2020-06-26,24.295000000015644
2020-06-29,-2466.502499999965
2020-06-30,-4172.602499999959
2020-07-01,3959.8699999999567
2020-07-02,3152.87999999998
2020-07-03,3839.699999999987
2020-07-06,7260.55500000006
2020-07-07,4118.447499999973
2020-07-08,7170.907500000128
2020-07-09,396.37749999993025
2020-07-10,6182.425000000024
2020-07-13,-2829.6274999999628
2020-07-14,2504.020000000003
2020-07-15,2300.169999999964
2020-07-16,-12225.079999999929
2020-07-17,6565.457499999972
2020-07-20,-5819.712500000014
2020-07-21,-4264.697499999985
2020-07-22,6518.52750000005
2020-07-23,3584.197499999933
2020-07-24,8685.107500000013
2020-07-27,3009.470000000026
2020-07-28,339.35249999992686
2020-07-29,1567.8874999999643
2020-07-30,8799.07000000013
2020-07-31,-1753.6450000000777
2020-08-03,8105.642499999918
2020-08-04,164.6450000000686
2020-08-05,-6218.540000000095
2020-08-06,6243.30000000012
2020-08-07,5649.857499999873
2020-08-10,-22120.237499999996
2020-08-11,-19586.37999999993
2020-08-12,-983.9300000000457
2020-08-13,-1189.4224999998403
2020-08-14,4694.234999999822
2020-08-17,10460.387500000194
2020-08-18,1376.8049999999057
2020-08-19,-13989.774999999941
2020-08-20,4998.857499999917
2020-08-21,7551.770000000092
2020-08-24,2702.6699999999637
2020-08-25,-4311.672500000062
2020-08-26,2149.43750000002
2020-08-27,8231.162499999906
2020-08-28,-4557.81249999988
2020-08-31,3812.0699999999097
2020-09-01,1699.187499999989
2020-09-02,4541.39999999998
2020-09-03,6539.802499999931
2020-09-04,-9802.002499999948
2020-09-07,-516.4775000000866
2020-09-08,6823.440000000118
2020-09-09,4375.182499999974
2020-09-10,6077.977500000079
2020-09-11,-2264.309999999983
2020-09-14,3848.5874999997995
2020-09-15,1026.1950000001043
2020-09-16,-18002.71999999997
2020-09-17,-9102.392499999964
2020-09-18,1230.0324999999564
2020-09-21,-770.9875000000541
2020-09-22,-6055.057499999909
2020-09-23,-3551.9200000000505
2020-09-24,2026.6424999999717
2020-09-25,-4224.662500000049
2020-09-28,1661.9375000000482
2020-09-29,8116.242500000149
2020-09-30,-15857.217500000063
2020-10-01,3782.170000000048
2020-10-02,-9522.230000000023
2020-10-05,7699.249999999953
2020-10-06,-9735.534999999973
2020-10-07,11978.544999999996
2020-10-08,6016.192500000031
2020-10-09,5339.712500000087
2020-10-12,-1934.8225000000407
2020-10-13,1526.0849999999793
2020-10-14,-8414.745000000023
2020-10-15,-11920.102500000106
2020-10-16,-2286.1174999999344
2020-10-19,-2423.582500000028
2020-10-20,-764.1800000000268
2020-10-21,-4271.962500000015
2020-10-22,-632.9324999999685
2020-10-23,-859.6124999999097
2020-10-26,-1457.0425000000685
2020-10-27,1733.4400000000062
2020-10-28,-20059.145000000026
2020-10-29,1677.5249999999353
2020-10-30,-3943.7800000000416
2020-11-02,4248.025000000145
2020-11-03,11223.642499999847
2020-11-04,23348.54500000005
2020-11-05,4532.565000000111
2020-11-06,4827.0899999999
2020-11-09,6821.542500000066
2020-11-10,-79.20499999996059
2020-11-11,2817.9800000000164
2020-11-12,1562.1049999998454
2020-11-13,-5951.712499999969
2020-11-16,13063.33000000002
2020-11-17,-3521.2825
2020-11-18,-3706.385000000026
2020-11-19,3367.500000000063
2020-11-20,1202.0950000000328
2020-11-23,1278.3374999999255
2020-11-24,5716.740000000071
2020-11-25,8704.3074999999
2020-11-26,-4037.9474999999875
2020-11-27,6649.012499999984
2020-11-30,-1067.8925000000872
2020-12-01,10313.30250000002
2020-12-02,7847.500000000018
2020-12-03,6229.712500000065
2020-12-04,8680.03249999999
2020-12-07,3830.245000000077
2020-12-08,-3154.6175000001444
2020-12-09,-1317.3650000000162
2020-12-10,-481.3174999999163
2020-12-11,-3567.6350000000116
2020-12-14,10701.589999999946
2020-12-15,9090.674999999952
2020-12-16,7458.50749999996
2020-12-17,7607.702499999975
2020-12-18,4764.667500000081
2020-12-21,2044.4299999999896
2020-12-22,-5203.340000000169
2020-12-23,12550.900000000098
2020-12-24,9811.047499999864
2020-12-28,2023.5499999999288
2020-12-29,113.64500000022008
2020-12-30,-8436.87999999997
2020-12-31,-3889.122499999888
2021-01-04,-7417.947500000102
2021-01-05,4774.289999999861
2021-01-06,5310.087500000145
2021-01-07,3096.5549999999575
2021-01-08,10919.64000000001
2021-01-11,-14571.569999999903
2021-01-12,9617.629999999808
2021-01-13,-13378.457499999866
2021-01-14,15083.944999999909
2021-01-15,-14835.699999999952
2021-01-18,3023.522500000008
2021-01-19,7582.517499999966
2021-01-20,-11462.385000000138
2021-01-21,3911.357500000104
2021-01-22,3764.5200000000505
2021-01-25,-5315.919999999921
2021-01-26,-1365.4225000002514
2021-01-27,-2044.952499999901
2021-01-28,8804.802499999985
2021-01-29,8475.079999999929
2021-02-01,13806.70749999988
2021-02-02,-7515.604999999798
2021-02-03,8628.417499999774
2021-02-04,10031.942499999954
2021-02-05,10046.532500000123
2021-02-08,-283.6974999999888
2021-02-09,-3949.392500000037
2021-02-10,-14074.967500000186
2021-02-11,12033.197500000035
2021-02-12,14803.640000000114
2021-02-15,11238.88249999982
2021-02-16,3517.365000000039
2021-02-17,4064.3099999998626
2021-02-18,6246.192500000077
2021-02-19,26005.0300000001
2021-02-22,7097.034999999809
2021-02-23,9328.360000000055
2021-02-24,23376.645000000128
2021-02-25,-27386.787500000042
2021-02-26,3006.490000000099
2021-03-01,20522.482499999987
2021-03-02,-4600.672500000183
2021-03-03,2450.040000000129
2021-03-04,19591.125000000022
2021-03-05,21168.45999999976
2021-03-08,1725.5700000001088
2021-03-09,-13977.512499999926
2021-03-10,-2116.7550000000037
2021-03-11,23816.282500000078
2021-03-12,11299.529999999815
2021-03-15,-7900.214999999947
2021-03-16,-7548.122499999952
2021-03-17,13091.692499999868
2021-03-18,-18622.672499999953
2021-03-19,4238.277500000019
2021-03-22,-9412.137499999802
2021-03-23,-22953.165000000175
2021-03-24,6082.524999999879
2021-03-25,10917.942500000087
2021-03-26,14290.13250000003
2021-03-29,1647.7374999999597
2021-03-30,7592.5899999999365
2021-03-31,425.0025000000893
2021-04-01,-8064.800000000061
2021-04-02,-3810.33749999986
2021-04-05,-1894.137500000141
2021-04-06,-16526.63000000008
2021-04-07,-13572.817499999988
2021-04-08,-9156.647499999954
2021-04-09,-4660.367500000019
2021-04-12,-2948.847499999938
2021-04-13,-9735.037499999937
2021-04-14,23222.98749999989
2021-04-15,-10483.08999999994
2021-04-16,-7798.390000000097
2021-04-19,5687.96249999992
2021-04-20,-7016.592499999844
2021-04-21,1166.5549999999037
2021-04-22,-7828.062499999982
2021-04-23,7341.622499999889
2021-04-26,7333.5925000001935
2021-04-27,10721.490000000074
2021-04-28,2047.5249999999096
2021-04-29,9399.502499999979
2021-04-30,-4828.492500000028
2021-05-03,9744.73249999986
2021-05-04,14562.115000000245
2021-05-05,-5268.017500000184
2021-05-06,-9194.579999999942
2021-05-07,7491.727499999984
2021-05-10,15799.225000000131
2021-05-11,2642.779999999896
2021-05-12,5022.145000000001
2021-05-13,-17398.132500000076
2021-05-14,-9559.860000000035
2021-05-17,1190.6700000002288
2021-05-18,2127.9524999998093
2021-05-19,-7129.707500000016
2021-05-20,-10844.374999999864
2021-05-21,-3029.3025000000903
2021-05-24,7662.277500000012
2021-05-25,-20430.722500000084
2021-05-26,11380.099999999973
2021-05-27,27799.937500000055
2021-05-28,-4615.8524999998845
2021-05-31,-3850.8850000000743
2021-06-01,-1540.8025000000753
2021-06-02,-2392.9874999999834
2021-06-03,1428.3274999998573
2021-06-04,-11421.195000000022
2021-06-07,-4478.622500000043
2021-06-08,1065.7500000000923
2021-06-09,-6436.117499999898
2021-06-10,-11714.589999999936
2021-06-11,-305.3675000001668
2021-06-14,-6618.009999999961
2021-06-15,-1741.8099999998965
2021-06-16,-9270.780000000113
2021-06-17,-19280.03500000012
2021-06-18,-32058.052499999874
2021-06-21,22435.305
2021-06-22,17054.10000000006
2021-06-23,3555.3224999999798
2021-06-24,-4701.412500000027
2021-06-25,-8467.817500000143
2021-06-28,-12771.794999999887
2021-06-29,-5856.3675000001
2021-06-30,6644.927500000089
2021-07-01,138.61749999990616
2021-07-02,2676.3500000000136
2021-07-05,2799.3575
2021-07-06,-28682.285000000007
2021-07-07,-4667.057499999819
2021-07-08,-17627.097500000145
2021-07-09,19688.227500000048
2021-07-12,-9159.70500000005
2021-07-13,-1131.425000000062
2021-07-14,-15821.092499999866
2021-07-15,-12396.420000000018
2021-07-16,-5924.567499999982
2021-07-19,-39285.36750000016
2021-07-20,15394.352500000143
2021-07-21,22085.747499999903
2021-07-22,7474.495000000012
2021-07-23,9828.805000000017
2021-07-26,10447.264999999965
2021-07-27,95.55750000007072
2021-07-28,-6228.412500000113
2021-07-29,606.2300000002033
2021-07-30,2920.567499999902
2021-08-02,-17632.492499999888
2021-08-03,-8708.842500000168
2021-08-04,-3866.529999999977
2021-08-05,10048.607500000013
2021-08-06,10415.827499999823
2021-08-09,9396.092500000195
2021-08-10,2161.774999999846
2021-08-11,4119.100000000113
2021-08-12,-2059.1074999999832
2021-08-13,-15492.984999999908
2021-08-16,-16171.13749999995
2021-08-17,-4453.762500000024
2021-08-18,-3713.4375000001046
2021-08-19,-4310.602499999976
2021-08-20,8529.594999999987
2021-08-23,198.68250000014189
2021-08-24,-3028.7075000002174
2021-08-25,9464.797500000144
2021-08-26,2746.859999999993
2021-08-27,2411.374999999962
2021-08-30,12381.379999999966
2021-08-31,-5609.280000000074
2021-09-01,-12192.669999999851
2021-09-02,4736.6349999999375
2021-09-03,-9068.192500000036
2021-09-06,1388.9274999999652
2021-09-07,-5106.6425000000345
2021-09-08,1427.2950000000292
2021-09-09,8189.552500000036
2021-09-10,4435.080000000024
2021-09-13,-2932.3200000000397
2021-09-14,386.59499999999036
2021-09-15,7471.710000000014
2021-09-16,1963.8299999999294
2021-09-17,-2934.9849999997955
2021-09-20,-5812.869999999911
2021-09-21,-4124.80000000011
2021-09-22,6476.114999999865
2021-09-23,-7825.497500000061
2021-09-24,10032.227500000306
2021-09-27,8751.332499999953
2021-09-28,-10107.837499999987
2021-09-29,4090.4825000000255
2021-09-30,-6031.3850000001585
2021-10-01,-7680.024999999988
2021-10-04,4294.037500000082
2021-10-05,-607.2625000000332
2021-10-06,8593.405
2021-10-07,-8174.2049999998935
2021-10-08,-5663.124999999985
2021-10-11,2060.5249999998637
2021-10-12,-545.1674999999091
2021-10-13,16405.735000000088
2021-10-14,-4206.417500000205
2021-10-15,12126.732500000224
2021-10-18,6278.447499999951
2021-10-19,-13859.577500000021
2021-10-20,-11928.334999999972
2021-10-21,20794.105000000058
2021-10-22,7165.777500000119
2021-10-25,-4560.434999999982
2021-10-26,2071.177500000086
2021-10-27,31338.882499999916
2021-10-28,-11988.709999999952
2021-10-29,10562.502499999995
2021-11-01,-5207.339999999924
2021-11-02,163.16749999990088
2021-11-03,4548.345000000013
2021-11-04,5317.990000000056
2021-11-05,-6581.140000000075
2021-11-08,-311.36500000003633
2021-11-09,-8555.067499999725
2021-11-10,11038.809999999889
2021-11-11,-3284.627499999897
2021-11-12,-5781.32500000002
2021-11-15,-4576.520000000079
2021-11-16,1787.0625000000227
2021-11-17,-9153.125000000018
2021-11-18,8343.379999999988
2021-11-19,16785.61000000011
2021-11-22,727.6774999999782
2021-11-23,4022.30750000001
2021-11-24,8486.554999999846
2021-11-25,1326.8749999999868
2021-11-26,3843.109999999982
2021-11-29,-556.6124999998467
2021-11-30,-294.0274999999813
2021-12-01,-396.1424999999035
2021-12-02,-4072.865000000005
2021-12-03,-2952.255000000009
2021-12-06,-12651.017499999978
2021-12-07,8885.09500000001
2021-12-08,-12249.692499999988
2021-12-09,-3595.6124999999392
2021-12-10,-2359.015000000139
2021-12-13,3526.0300000001853
2021-12-14,-3735.9499999999816
2021-12-15,-8133.84999999994
2021-12-16,-14251.839999999958
2021-12-17,6736.182499999943
2021-12-20,-1984.3324999998997
2021-12-21,-5451.594999999878
2021-12-22,-4145.000000000166
2021-12-23,-7317.06000000007
2021-12-27,-1999.5849999998472
2021-12-28,-6324.830000000207
2021-12-29,-5941.31749999983
2021-12-30,-1689.4424999999183
2021-12-31,-3094.7550000000865
2022-01-03,438.41249999999184
2022-01-04,-17446.832500000135
2022-01-05,-3117.5674999999096
2022-01-06,5691.534999999917
2022-01-07,-2969.8749999999127
2022-01-10,3466.9874999999447
2022-01-11,366.9750000000922
2022-01-12,4307.68749999982
2022-01-13,-1843.0299999997937
2022-01-14,3315.0949999998616
2022-01-17,-831.3175000000157
2022-01-18,3050.1000000001018
2022-01-19,1988.7349999997805
2022-01-20,-10092.357499999755
2022-01-21,4122.257499999873
2022-01-24,136.49999999991996
2022-01-25,453.4100000000737
2022-01-26,2907.152499999822
2022-01-27,9765.072500000122
2022-01-28,-2020.849999999985
2022-01-31,-12141.46999999991
2022-02-01,6368.964999999803
2022-02-02,-14876.984999999953
2022-02-03,5769.88499999988
2022-02-04,-5558.4649999998255
2022-02-07,-4285.935000000038
2022-02-08,-386.8850000000335
2022-02-09,11083.87249999989
2022-02-10,-10098.392500000009
2022-02-11,-7536.087499999967
2022-02-14,1121.7549999999787
2022-02-15,-2596.467500000123
2022-02-16,-6371.12249999994
2022-02-17,-6754.7374999998565
2022-02-18,-4949.399999999877
2022-02-21,419.24749999980065
2022-02-22,-3869.3749999997494
2022-02-23,7511.0249999999305
2022-02-24,12024.394999999879
2022-02-25,-5595.592499999918
2022-02-28,12172.214999999927
2022-03-01,5824.7800000000925
2022-03-02,21145.064999999842
2022-03-03,9389.680000000011
2022-03-04,-470.4599999999345
2022-03-07,2022.3824999998442
2022-03-08,24910.297500000157
2022-03-09,-4879.315000000025
2022-03-10,2673.412499999974
2022-03-11,5016.985000000029
2022-03-14,3451.709999999946
2022-03-15,2110.9300000000735
2022-03-16,7090.440000000072
2022-03-17,11425.464999999876
2022-03-18,12500.245000000108
2022-03-21,11149.874999999933
2022-03-22,19133.362500000105
2022-03-23,6335.745000000024
2022-03-24,7368.464999999838
2022-03-25,-1550.9699999998834
2022-03-28,-7650.259999999924
2022-03-29,-6484.872499999982
2022-03-30,-513.2850000001473
2022-03-31,4533.607500000059
2022-04-01,-2490.7249999998644
2022-04-04,13230.684999999883
2022-04-05,6492.197499999935
2022-04-06,-3967.0499999999
2022-04-07,-8579.027499999884
2022-04-08,4461.784999999931
2022-04-11,22073.717499999937
2022-04-12,7679.620000000024
2022-04-13,-3648.5725000000393
2022-04-14,3434.1049999999473
2022-04-18,-4635.649999999997
2022-04-19,18870.110000000055
2022-04-20,-3206.7900000000454
2022-04-21,-11737.79500000006
2022-04-22,-3372.009999999973
2022-04-25,-4137.7700000000905
2022-04-26,-2676.899999999908
2022-04-27,-261.51999999995087
2022-04-28,13164.459999999995
2022-04-29,-21673.505000000005
2022-05-02,4437.4999999999745
2022-05-03,-2189.3149999999546
2022-05-04,2218.74999999993
2022-05-05,-8627.727499999943
2022-05-06,5940.08499999994
2022-05-09,4021.580000000021
2022-05-10,-7938.782499999884
2022-05-11,-3177.1525000001507
2022-05-12,-6913.42749999993
2022-05-13,-5846.437499999982
2022-05-16,2260.505000000003
2022-05-17,-6103.0899999999565
2022-05-18,-4744.604999999981
2022-05-19,-6068.729999999972
2022-05-20,-4761.030000000005
2022-05-23,8638.615000000018
2022-05-24,-10680.624999999996
2022-05-25,1638.0999999999683
2022-05-26,-11074.89000000005
2022-05-27,5730.11000000011
2022-05-30,3942.4849999999874
2022-05-31,11566.89000000005
2022-06-01,6888.242499999852
2022-06-02,-5450.93749999995
2022-06-03,951.8750000000107
2022-06-06,3420.9799999999027
2022-06-07,1860.3125000000282
2022-06-08,3176.2500000000114
2022-06-09,-5212.879999999921
2022-06-10,-2126.0725000000602
2022-06-13,-10065.344999999987
2022-06-14,5546.479999999846
2022-06-15,12639.065000000133
2022-06-16,-11949.919999999964
2022-06-17,-6441.820000000067
2022-06-20,6545.4850000000615
2022-06-21,-3855.787500000134
2022-06-22,3926.13500000007
2022-06-23,-3714.519999999982
2022-06-24,-1308.1000000000652
2022-06-27,-9130.754999999892
2022-06-28,8231.14500000002
2022-06-29,-844.9399999999914
2022-06-30,1234.3599999999915
2022-07-01,-1864.0649999999746
2022-07-04,1296.269999999896
2022-07-05,-12846.612499999948
2022-07-06,-561.9499999999725
2022-07-07,11847.450000000066
2022-07-08,-5317.044999999998
2022-07-11,3969.2874999999285
2022-07-12,1100.9375000000227
2022-07-13,-1619.4425000000192
2022-07-14,6167.820000000054
2022-07-15,1811.8699999999708
2022-07-18,-1684.1000000000117
2022-07-19,2602.202499999879
2022-07-20,-11090.34249999983
2022-07-21,1506.8299999999006
2022-07-22,1916.8325000001196
2022-07-25,8575.897499999908
2022-07-26,123.20749999996781
2022-07-27,2985.445000000053
2022-07-28,-6207.874999999987
2022-07-29,-11651.585000000001
2022-08-01,-13788.030000000103
2022-08-02,-2016.195000000007
2022-08-03,-5788.790000000005
2022-08-04,-1713.459999999786
2022-08-05,-2643.6700000001542
2022-08-08,10330.587499999896
2022-08-09,9026.955000000104
2022-08-10,-6662.290000000098
2022-08-11,9668.605000000054
2022-08-12,11544.284999999985
2022-08-15,-14784.824999999879
2022-08-16,5943.569999999948
2022-08-17,8329.234999999964
2022-08-18,5782.745000000003
2022-08-19,8275.000000000005
2022-08-22,5260.667499999954
2022-08-23,2182.8124999999936
2022-08-24,1494.5950000000432
2022-08-25,513.4549999998873
2022-08-26,-2049.5449999999128
2022-08-29,-6361.380000000031
2022-08-30,-5424.877499999957
2022-08-31,-10082.239999999943
2022-09-01,9715.464999999864
2022-09-02,9950.245000000124
2022-09-05,-6614.755000000099
2022-09-06,-172.59249999999227
2022-09-07,7150.777500000012
2022-09-08,-7687.845000000011
2022-09-09,-4965.100000000077
2022-09-12,8117.474999999964
2022-09-13,-16849.01999999995
2022-09-14,-6029.0874999999905
2022-09-15,-14117.254999999988
2022-09-16,-9230.59000000007
2022-09-19,5218.492499999966
2022-09-20,-6437.01000000006
2022-09-21,-16112.574999999844
2022-09-22,-6516.0050000000365
2022-09-23,-774.0700000000363
2022-09-26,8200.929999999998
2022-09-27,-1601.0549999999741
2022-09-28,-609.7549999999454
2022-09-29,-12002.642500000115
2022-09-30,-19969.442499999885
2022-10-03,-10939.197500000026
2022-10-04,10270.355000000025
2022-10-05,2174.5524999999625
2022-10-06,-8055.135000000035
2022-10-07,-1245.0674999999396
2022-10-10,-501.3174999999909
2022-10-11,14883.750000000098
2022-10-12,1343.5474999998246
2022-10-13,-9071.07249999992
2022-10-14,9490.177500000018
2022-10-17,3260.9374999999554
2022-10-18,5404.1724999999915
2022-10-19,-6921.857500000058
2022-10-20,-3255.024999999958
2022-10-21,1611.4700000000282
2022-10-24,13498.927500000014
2022-10-25,9233.437499999887
2022-10-26,-21478.462499999918
2022-10-27,4758.860000000136
2022-10-28,-4040.6925000000983
2022-10-31,7297.160000000011
2022-11-01,-14534.327499999921
2022-11-02,3071.914999999732
2022-11-03,7357.295000000057
2022-11-04,-337.01750000002363
2022-11-07,-9040.36
2022-11-08,3171.3975000000655
2022-11-09,6546.299999999921
2022-11-10,-16866.817499999994
2022-11-11,3321.107500000115
2022-11-14,-2319.362499999959
2022-11-15,732.2724999998794
2022-11-16,-4036.0799999999713
2022-11-17,-1865.2749999999323
2022-11-18,-2208.9600000000582
2022-11-21,-2460.9199999999973
2022-11-22,-5914.85500000005
2022-11-23,-13249.737499999921
2022-11-24,-1293.0824999999993
2022-11-25,10395.162499999966
2022-11-28,-6441.340000000021
2022-11-29,-172.1499999999869
2022-11-30,968.0900000000792
2022-12-01,-2601.7000000001503
2022-12-02,-6788.754999999966
2022-12-05,-2905.2049999999413
2022-12-06,-4627.899999999981
2022-12-07,-12847.905000000042
2022-12-08,6094.344999999847
2022-12-09,-1766.0099999998647
2022-12-12,-748.2000000000635
2022-12-13,8008.850000000101
2022-12-14,12872.659999999976
2022-12-15,-85.06500000015416
2022-12-16,-4464.054999999937
2022-12-19,7168.190000000041
2022-12-20,4098.7899999999045
2022-12-21,5968.895000000088
2022-12-22,1509.9949999999753
2022-12-23,3884.652499999993
2022-12-26,-193.06000000011267
2022-12-27,15801.065000000008
2022-12-28,121.41000000016626
2022-12-29,-2443.6375000000794
2022-12-30,-1158.2350000000422
2023-01-02,6674.029999999997
2023-01-03,-9256.187499999987
2023-01-04,-24616.334999999923
2023-01-05,-7440.032500000116
2023-01-06,3024.160000000005
2023-01-09,-7906.924999999937
2023-01-10,2151.1725000000524
2023-01-11,-20420.062499999993
2023-01-12,5747.207500000034
2023-01-13,-4870.8625
2023-01-16,6554.219999999808
2023-01-17,-4483.64250000001
2023-01-18,-1858.8024999998709
2023-01-19,3013.1099999999824
2023-01-20,-15359.837500000083
2023-01-23,-19087.11000000003
2023-01-24,5696.795000000028
2023-01-25,2441.55250000002
2023-01-26,-5826.774999999916
2023-01-27,-14514.519999999955
2023-01-30,4255.4199999999755
2023-01-31,1067.439999999867
2023-02-01,-140.47000000005892
2023-02-02,-12441.624999999929
2023-02-03,-5753.695000000155
2023-02-06,-6906.397499999986
2023-02-07,-4085.1549999999197
2023-02-08,9074.602499999997
2023-02-09,-3681.187500000053
2023-02-10,-8783.464999999895
2023-02-13,9098.477499999968
2023-02-14,-16191.819999999989
2023-02-15,7811.18499999991
2023-02-16,6614.462500000197
2023-02-17,7019.217499999944
2023-02-20,-4619.904999999958
2023-02-21,18504.359999999935
2023-02-22,-9614.219999999998
2023-02-23,-29631.047499999906
2023-02-24,-5015.645000000117
2023-02-27,4044.8174999999005
2023-02-28,-13110.650000000016
2023-03-01,14468.4225000001
2023-03-02,-2825.530000000056
2023-03-03,-6612.367499999933
2023-03-06,21039.577499999927
2023-03-07,-16455.859999999866
2023-03-08,-5236.45250000004
2023-03-09,10926.082499999999
2023-03-10,10500.367500000017
2023-03-13,2602.519999999968
2023-03-14,-14169.817499999986
2023-03-15,-5704.012500000049
2023-03-16,1832.0000000001467
2023-03-17,-603.4300000001464
2023-03-20,11231.54999999996
2023-03-21,26069.824999999997
2023-03-22,20150.54500000006
2023-03-23,-1087.8849999998752
2023-03-24,-4428.375000000088
2023-03-27,19993.590000000153
2023-03-28,6614.754999999971
2023-03-29,-1503.0649999999932
2023-03-30,5546.1149999997915
2023-03-31,3768.005000000178
2023-04-03,2194.9999999999923
2023-04-04,-5643.089999999975
2023-04-05,6757.2949999998855
2023-04-06,5871.830000000049
2023-04-07,89.99999999999602
2023-04-10,-13177.342499999872
2023-04-11,11076.214999999711
2023-04-12,8126.507500000032
2023-04-13,-1954.1625000000138
2023-04-14,-7215.782499999807
2023-04-17,-18440.65750000002
2023-04-18,-3002.8825000001557
2023-04-19,2835.920000000099
2023-04-20,3353.4874999999956
2023-04-21,5127.020000000023
2023-04-24,8478.822500000038
2023-04-25,2919.597499999862
2023-04-26,10040.740000000076
2023-04-27,-5426.864999999862
2023-04-28,-9144.580000000036
2023-05-01,5546.624999999986
2023-05-02,-6320.96999999997
2023-05-03,-16663.755000000037
2023-05-04,-11527.55500000002
2023-05-05,-2699.099999999993
2023-05-08,-5347.920000000046
2023-05-09,-104.07999999982263
2023-05-10,8358.809999999934
2023-05-11,16235.119999999963
2023-05-12,-21166.20999999999
2023-05-15,-22334.775000000038
2023-05-16,3322.3149999999996
2023-05-17,-1401.1250000000696
2023-05-18,-8185.759999999911
2023-05-19,-920.2975000000434
2023-05-22,19641.895000000015
2023-05-23,-9627.692499999865
2023-05-24,23242.717499999948
2023-05-25,7073.257500000067
2023-05-26,7871.647499999767
2023-05-29,-611.077500000003
2023-05-30,-4361.3149999997895
2023-05-31,-198.23250000000525
2023-06-01,798.8625000000675
2023-06-02,-16018.079999999904
2023-06-05,1306.3249999999607
2023-06-06,-14465.175000000105
2023-06-07,-3642.880000000227
2023-06-08,17262.152500000037
2023-06-09,9375.775000000078
2023-06-12,-13061.614999999932
2023-06-13,858.0849999998813
2023-06-14,14117.080000000144
2023-06-15,-3833.259999999964
2023-06-16,4737.704999999984
2023-06-19,-3825.5049999999874
2023-06-20,-9883.867500000033
2023-06-21,-1432.1349999998804
2023-06-22,-6242.015000000118
2023-06-23,2842.102500000003
2023-06-26,2501.660000000137
2023-06-27,9426.542499999965
2023-06-28,13335.167499999901
2023-06-29,-10938.572499999911
2023-06-30,-6436.212499999867
2023-07-03,-5755.010000000076
2023-07-04,1210.7700000000928
2023-07-05,-635.1975000002892
2023-07-06,16784.40250000008
2023-07-07,8040.089999999955
2023-07-10,-3517.610000000078
2023-07-11,-1084.2199999997538
2023-07-12,-2681.505000000111
2023-07-13,11481.67749999991
2023-07-14,-18653.97749999995
2023-07-17,6914.179999999918
2023-07-18,8385.307500000072
2023-07-19,-11863.114999999998
2023-07-20,-23392.99999999997
2023-07-21,20432.299999999977
2023-07-24,-3177.980000000013
2023-07-25,-8447.55499999982
2023-07-26,6799.644999999812
2023-07-27,-10037.004999999966
2023-07-28,18872.059999999983
2023-07-31,-7598.114999999796
2023-08-01,12938.219999999828
2023-08-02,-9811.362500000016
2023-08-03,4400.025000000056
2023-08-04,-1689.4625000000556
2023-08-07,-13876.612499999876
2023-08-08,-1929.6575000001862
2023-08-09,-4032.7499999999836
2023-08-10,14461.407500000001
2023-08-11,5149.745000000032
2023-08-14,813.4499999999438
2023-08-15,13686.84000000006
2023-08-16,16165.004999999968
2023-08-17,7223.9799999998395
2023-08-18,-9510.60999999985
2023-08-21,23124.630000000052
2023-08-22,-12064.130000000006
2023-08-23,1741.1225000000622
2023-08-24,-6890.530000000091
2023-08-25,8716.267500000125
2023-08-28,-5217.5374999999385
2023-08-29,6110.444999999823
2023-08-30,4224.230000000082
2023-08-31,-11654.222500000107
2023-09-01,-2626.9125000000677
2023-09-04,7646.762500000007
2023-09-05,6009.6999999998625
2023-09-06,-6834.6274999998295
2023-09-07,-4878.090000000035
2023-09-08,6953.120000000049
2023-09-11,-672.0125000001208
2023-09-12,-15967.239999999825
2023-09-13,5042.989999999832
2023-09-14,-11812.31499999987
2023-09-15,-3338.105000000129
2023-09-18,-3701.3799999999587
2023-09-19,6168.995000000309
2023-09-20,-7896.077500000117
2023-09-21,15981.862500000045
2023-09-22,-9824.377500000133
2023-09-25,-1416.5200000000796
2023-09-26,-278.5224999999525
2023-09-27,-1524.167499999954
2023-09-28,-3642.2474999999586
2023-09-29,1844.5174999999344
2023-10-02,-1098.0049999999383
2023-10-03,984.3499999998942
2023-10-04,7321.420000000018
2023-10-05,-14653.972499999774
2023-10-06,2135.2449999997843
2023-10-09,-3103.2674999998935
2023-10-10,8482.967499999939
2023-10-11,2299.6675000000437
2023-10-12,16839.859999999986
2023-10-13,-2038.4050000001769
2023-10-16,5012.435000000133
2023-10-17,-5466.755000000055
2023-10-18,1575.0449999999955
2023-10-19,16922.794999999944
2023-10-20,11924.045000000146
2023-10-23,-13347.832500000102
2023-10-24,-20066.472499999898
2023-10-25,3812.805000000009
2023-10-26,-17555.17000000012
2023-10-27,1493.5100000000689
2023-10-30,-9491.914999999994
2023-10-31,9448.40500000004
2023-11-01,6615.264999999805
2023-11-02,1743.592500000118
2023-11-03,5875.002499999891
2023-11-06,942.9399999999645
2023-11-07,3251.8200000000775
2023-11-08,-6447.455000000004
2023-11-09,-1591.6000000000085
2023-11-10,6187.574999999997
2023-11-13,10152.814999999991
2023-11-14,753.6600000000709
2023-11-15,-3455.587500000219
2023-11-16,1524.7350000002884
2023-11-17,-8326.46250000006
2023-11-20,7903.477499999904
2023-11-21,10424.332500000008
2023-11-22,664.7675000000543
2023-11-23,-3007.4424999999137
2023-11-24,-2559.9874999999847
2023-11-27,2785.8599999998864
2023-11-28,14452.87499999995
2023-11-29,1983.5599999999788
2023-11-30,-10400.70999999999
2023-12-01,-6580.5449999998455
2023-12-04,-14285.11750000001
2023-12-05,-1997.1924999999824
2023-12-06,-11071.247499999967
2023-12-07,-5377.275000000117
2023-12-08,9819.589999999982
2023-12-11,29973.44750000021
2023-12-12,-3668.380000000099
2023-12-13,-8937.309999999885
2023-12-14,-6552.280000000135
2023-12-15,-15350.335000000015
2023-12-18,11734.81499999993
2023-12-19,6617.1750000000475
2023-12-20,802.7324999999032
2023-12-21,-14055.737499999987
2023-12-22,-3595.0549999997875
2023-12-25,-2089.9424999999787
2023-12-26,-6472.857500000087
2023-12-27,13457.287500000133
2023-12-28,-11184.790000000003
2023-12-29,9594.034999999953
2024-01-01,-8351.364999999883
2024-01-02,-7182.962500000032
2024-01-03,11222.67749999994
2024-01-04,-1109.4550000000431
2024-01-05,3699.640000000014
2024-01-08,-7309.614999999932
2024-01-09,-5688.397499999946
2024-01-10,9559.152499999907
2024-01-11,13437.214999999993
2024-01-12,-3110.1424999998467
2024-01-15,4599.704999999933
2024-01-16,17340.082499999975
2024-01-17,-5807.912499999932
2024-01-18,14109.41250000002
2024-01-19,-4059.167499999905
2024-01-22,7247.649999999704
2024-01-23,2919.1375000000053
2024-01-24,-5397.2500000000155
2024-01-25,-617.7249999997308
2024-01-26,6645.525000000089
2024-01-29,1678.575000000162
2024-01-30,-7742.165000000121
2024-01-31,-2827.7024999999257
2024-02-01,-5278.714999999962
2024-02-02,-7714.750000000043
2024-02-05,10345.932500000088
2024-02-06,7520.3150000000405
2024-02-07,4949.25749999996
2024-02-08,1069.3449999996983
2024-02-09,-11506.149999999805
2024-02-12,-6166.5099999997965
2024-02-13,-13239.79250000005
2024-02-14,-7903.844999999988
2024-02-15,-2180.5799999999035
2024-02-16,-1771.2975000000258
2024-02-19,10772.232500000002
2024-02-20,-18055.182500000046
2024-02-21,-812.2575000000971
2024-02-22,3735.4550000000686
2024-02-23,-2719.8300000001227
2024-02-26,417.60999999994533
2024-02-27,-10596.555000000017
2024-02-28,-9164.75999999999
2024-02-29,2846.2500000000828
2024-03-01,24017.30750000021
2024-03-04,-17775.455000000184
2024-03-05,2863.1600000001
2024-03-06,7971.404999999995
2024-03-07,12214.972500000156
2024-03-08,-5551.710000000203
2024-03-11,-306.23249999984785
2024-03-12,9620.480000000074
2024-03-13,2351.2899999999863
2024-03-14,-1145.2174999999197
2024-03-15,-4501.015000000194
2024-03-18,17199.602500000048
2024-03-19,3607.1200000001313
2024-03-20,16056.562499999865
2024-03-21,5190.667499999989
2024-03-22,-6811.814999999905
2024-03-25,11842.689999999884
2024-03-26,2007.190000000179
2024-03-27,626.0324999998485
2024-03-28,-11564.950000000003
2024-04-01,4216.204999999865
2024-04-02,12959.055000000137
2024-04-03,3761.6499999999764
2024-04-04,4687.689999999904
2024-04-05,8190.9825000001
2024-04-08,-265.05500000005867
2024-04-09,-506.1699999999926
2024-04-10,5682.52000000002
2024-04-11,22806.87999999996
2024-04-12,-22660.770000000197
2024-04-15,6326.365000000094
2024-04-16,5877.644999999908
2024-04-17,-12664.764999999943
2024-04-18,1828.0150000000144
2024-04-19,-8510.129999999966
2024-04-22,-9810.832499999977
2024-04-23,11109.892500000022
2024-04-24,19802.797500000004
2024-04-25,17196.92499999982
2024-04-26,16971.680000000128
2024-04-29,-19060.994999999923
2024-04-30,2933.0874999999346
2024-05-01,-12665.785000000025
2024-05-02,-24442.18249999994
2024-05-03,-7329.039999999905
2024-05-06,15836.332499999722
2024-05-07,-5835.122500000055
2024-05-08,2551.5275000002157
2024-05-09,266.31999999988017
2024-05-10,-8120.097500000104
2024-05-13,541.2950000001266
2024-05-14,-7069.499999999932
2024-05-15,-451.0575000002607
2024-05-16,12104.87000000026
2024-05-17,3345.584999999809
2024-05-20,5173.110000000058
2024-05-21,7070.635000000008
2024-05-22,-7072.877499999943
2024-05-23,13823.877500000066
2024-05-24,15899.572499999937
2024-05-27,5810.2375000003
2024-05-28,1921.4674999998879
2024-05-29,-2815.8175000002893
2024-05-30,-17562.067500000037
2024-05-31,4317.482500000056
2024-06-03,-12302.199999999884
2024-06-04,-19578.779999999937
2024-06-05,10525.399999999954
2024-06-06,-16026.979999999849
2024-06-07,-10334.840000000067
2024-06-10,-266.9325000001539
2024-06-11,7962.625000000233
2024-06-12,3978.4799999999154
2024-06-13,-6680.2024999999
2024-06-14,-9170.35250000031
2024-06-17,8563.757500000132
2024-06-18,-5212.187500000026
2024-06-19,3850.372499999891
2024-06-20,5277.722500000087
2024-06-21,3261.647499999993
2024-06-24,-6976.967500000082
2024-06-25,12409.932500000343
2024-06-26,7322.509999999855
2024-06-27,12905.367499999998
2024-06-28,11853.280000000037
2024-07-01,26583.025000000016
2024-07-02,4227.187500000129
2024-07-03,9499.374999999924
2024-07-04,2423.549999999843
2024-07-05,5297.205000000107
2024-07-08,8307.987500000043
2024-07-09,1328.999999999907
2024-07-10,8541.357500000006
2024-07-11,-33464.86000000001
2024-07-12,-8846.33250000001
2024-07-15,-5193.929999999998
2024-07-16,-27325.8600000001
2024-07-17,-15716.73000000002
2024-07-18,-2724.052499999718
2024-07-19,-6854.847500000124
2024-07-22,-19722.18750000002
2024-07-23,-13217.212499999983
2024-07-24,-13360.379999999946
2024-07-25,-27318.629999999863
2024-07-26,1807.9899999997708
2024-07-29,16.25000000015598
2024-07-30,-14522.634999999975
2024-07-31,16911.604999999952
2024-08-01,-29151.62999999994
2024-08-02,-12275.27000000005
2024-08-05,-14416.790000000039
2024-08-06,-13576.25000000004
2024-08-07,15278.724999999988
2024-08-08,29004.97500000002
2024-08-09,-6453.504999999988
2024-08-12,3592.4675000001225
2024-08-13,17319.257499999774
2024-08-14,-15901.214999999995
2024-08-15,28604.10500000009
2024-08-16,4124.612499999911
2024-08-19,-4948.579999999749
2024-08-20,-1151.2575000001063
2024-08-21,-7789.77000000004
2024-08-22,5933.100000000025
2024-08-23,23467.384999999973
2024-08-26,2217.5200000000436
2024-08-27,-4327.499999999939
2024-08-28,-13604.44000000012
2024-08-29,6837.499999999883
2024-08-30,-7800.420000000025
2024-09-02,3748.507500000231
2024-09-03,-9420.479999999974
2024-09-04,-2454.4325000002254
2024-09-05,1994.9600000002001
2024-09-06,4992.037500000108
2024-09-09,-2590.200000000305
2024-09-10,-4725.14999999984
2024-09-11,-2464.095000000018
2024-09-12,8498.47999999988
2024-09-13,803.3925000000819
2024-09-16,1796.0924999999747
2024-09-17,4549.857499999972
2024-09-18,-1615.7174999998263
2024-09-19,40.232500000045945
2024-09-20,8297.325000000004
2024-09-23,-6428.665000000121
2024-09-24,-741.2074999999072
2024-09-25,-6789.265000000022
2024-09-26,7161.775000000078
2024-09-27,-4542.770000000035
2024-09-30,6408.379999999918
2024-10-01,-8916.282499999923
2024-10-02,2182.8724999999326
2024-10-03,3421.480000000077
2024-10-04,10189.552499999947
2024-10-07,6613.044999999949
2024-10-08,974.8149999999941
2024-10-09,8671.762500000137
2024-10-10,5532.480000000052
2024-10-11,-4683.905000000108
2024-10-14,13640.839999999951
2024-10-15,9677.390000000054
2024-10-16,-1707.2450000000515
2024-10-17,2342.1175000000885
2024-10-18,6384.524999999973
2024-10-21,1400.4375000002292
2024-10-22,1043.2149999998146
2024-10-23,-5312.399999999901
2024-10-24,7679.387499999879
2024-10-25,-660.6649999998255
2024-10-28,8722.895000000086
2024-10-29,15592.207499999688
2024-10-30,-18458.07499999975
2024-10-31,-22765.039999999986
2024-11-01,-4801.060000000081
2024-11-04,-3326.100000000006
2024-11-05,-4248.885000000011
2024-11-06,-4996.789999999975
2024-11-07,-13924.065000000059
2024-11-08,5741.17
2024-11-11,9575.130000000094
2024-11-12,-5707.255000000053
2024-11-13,-6736.700000000161
2024-11-14,8691.705000000196
2024-11-15,-10264.559999999956
2024-11-18,2154.70999999991
2024-11-19,4460.20750000006
2024-11-20,2819.1825000000044
2024-11-21,4072.394999999929
2024-11-22,4725.892500000195
2024-11-25,5136.377500000082
2024-11-26,-3614.8425000001107
2024-11-27,4874.799999999988
2024-11-28,-535.2799999999422
2024-11-29,5034.094999999973
2024-12-02,1948.0799999998271
2024-12-03,3235.2900000000054
2024-12-04,10606.66000000007
2024-12-05,4155.489999999924
2024-12-06,17364.387500000037
2024-12-09,7453.614999999847
2024-12-10,7513.607500000244
2024-12-11,5882.544999999911
2024-12-12,-15606.684999999958
2024-12-13,-8.32749999999363
2024-12-16,9536.887499999906
2024-12-17,6295.847500000193
2024-12-18,6247.509999999957
2024-12-19,2140.152499999981
2024-12-20,5426.760000000187
2024-12-23,-13236.732500000127
2024-12-24,1612.6350000000596
2024-12-25,1812.5149999999007
2024-12-26,1510.8400000001818
2024-12-27,-4191.854999999997
2024-12-30,-169.13000000020497
2024-12-31,26042.485000000095
2025-01-01,-1958.0449999999537
2025-01-02,14147.485000000119
2025-01-03,1136.0899999998398
2025-01-06,-28223.172500000048
2025-01-07,7830.562499999989
2025-01-08,-14424.82250000011
2025-01-09,5920.735000000125
2025-01-10,12358.749999999765
2025-01-13,-4568.284999999878
2025-01-14,-2122.255000000063
2025-01-15,461.26750000000345
2025-01-16,6529.595000000041
2025-01-17,10351.917499999952
2025-01-20,-5485.189999999979
2025-01-21,74.88750000010042
2025-01-22,6540.97749999998
2025-01-23,4434.6800000000985
2025-01-24,6042.987499999954
2025-01-27,22217.349999999984
2025-01-28,-2526.0000000000005
2025-01-29,1219.6625000000147
2025-01-30,1282.074999999814
2025-01-31,-5080.944999999831
2025-02-03,-4985.730000000029
2025-02-04,988.8050000002454
2025-02-05,-490.70000000018115
2025-02-06,-4393.239999999846
2025-02-07,-16253.025000000054
2025-02-10,7226.284999999809
2025-02-11,-12888.704999999916
2025-02-12,12666.745000000028
2025-02-13,-1885.3750000001323
2025-02-14,-4839.849999999793
2025-02-17,3207.8649999998634
2025-02-18,13398.330000000113
2025-02-19,17873.289999999837
2025-02-20,-5466.424999999843
2025-02-21,7784.242499999895
2025-02-24,-5328.210000000059
2025-02-25,-12996.649999999967
2025-02-26,5244.530000000007
2025-02-27,-16216.779999999966
2025-02-28,-1043.0850000000428
2025-03-03,1448.1000000000745
2025-03-04,19461.33999999995
2025-03-05,3568.864999999936
2025-03-06,-2504.7749999998814
2025-03-07,-1124.319999999982
2025-03-10,-6445.564999999896
2025-03-11,-4286.540000000099
2025-03-12,-10448.857499999984
2025-03-13,941.5550000000767
2025-03-14,1313.8774999998786
2025-03-17,-3261.3050000000435
2025-03-18,-2926.4350000000845
2025-03-19,5138.869999999934
2025-03-20,-2668.6474999999527
2025-03-21,143.68250000005685
2025-03-24,2653.750000000061
2025-03-25,3378.457500000004
2025-03-26,-13943.730000000058
2025-03-27,7398.629999999976
2025-03-28,5748.109999999949
2025-03-31,8690.72000000006
2025-04-01,-2474.754999999986
2025-04-02,18437.66999999999
2025-04-03,5934.544999999935
2025-04-04,20761.85499999986
2025-04-07,-4053.2349999998837
2025-04-08,33363.229999999945
2025-04-09,-14020.41250000008
2025-04-10,38259.75000000005
2025-04-11,-5687.557499999988
2025-04-14,-7503.507499999952
2025-04-15,3754.6174999999807
2025-04-16,4568.745000000006
2025-04-17,-3383.8474999999594
2025-04-21,20756.014999999985
2025-04-22,-25990.545000000107
2025-04-23,-6004.95249999994
2025-04-24,3616.042499999955
2025-04-25,32.112499999938315
2025-04-28,13125.140000000052
2025-04-29,1333.2399999999982
2025-04-30,-455.10249999988685
2025-05-01,-5902.337500000134
2025-05-02,-4359.782499999871
2025-05-05,7004.865000000048
2025-05-06,-3783.030000000178
2025-05-07,6014.495000000116
2025-05-08,-12922.777500000097
2025-05-09,5026.335000000016
2025-05-12,-18487.64749999999
2025-05-13,-11217.03
2025-05-14,-1363.362500000032
2025-05-15,4537.399999999949
2025-05-16,-4095.157499999949
2025-05-19,-627.8250000000114
2025-05-20,7697.0575
2025-05-21,6498.9599999999
2025-05-22,-458.66999999996636
2025-05-23,-3298.9100000000135
2025-05-26,785.9800000000728
2025-05-27,4209.94999999999
2025-05-28,-23915.8
2025-05-29,9655.195000000065
2025-05-30,-7102.135000000051
2025-06-02,-817.4999999999268
2025-06-03,-8681.840000000015
2025-06-04,1490.4325000000263
2025-06-05,-18880.54000000001
2025-06-06,-16849.78000000004
2025-06-09,-8735.834999999966
2025-06-10,3499.840000000037
2025-06-11,4061.515000000008
2025-06-12,5030.625000000001
2025-06-13,-1060.37999999991
2025-06-16,1674.6999999998773
2025-06-17,-9496.7900000001
2025-06-18,-9949.939999999842
2025-06-19,9978.994999999852
2025-06-20,147.16499999996637
2025-06-23,15231.22750000003
2025-06-24,721.1250000000637
2025-06-25,-309.08750000002544
2025-06-26,-9459.755000000125
2025-06-27,8975.24500000016
2025-06-30,-6843.207500000013
2025-07-01,-4042.2550000001584
2025-07-02,-11885.67999999997
2025-07-03,-6510.579999999911
2025-07-04,3072.014999999995
2025-07-07,-1717.9374999999468
2025-07-08,-12379.969999999976
2025-07-09,-6063.674999999874
2025-07-10,-6354.3500000001595
2025-07-11,7320.597499999989
2025-07-14,5952.269999999949
2025-07-15,-527.1499999998244
2025-07-16,5343.984999999834
2025-07-17,7684.605000000179
2025-07-18,84.15000000001055
2025-07-21,8368.035000000038
2025-07-22,-4622.872500000081
2025-07-23,-8487.37750000003
2025-07-24,-818.3799999998636
2025-07-25,5603.752499999819
2025-07-28,-4560.437499999891
2025-07-29,3084.13999999996
2025-07-30,-22611.66499999985
2025-07-31,-12894.270000000024
2025-08-01,2994.7699999999254
2025-08-04,11065.924999999963
2025-08-05,-8905.277500000157
2025-08-06,1857.0175000001755
2025-08-07,6220.387499999939
2025-08-08,5356.357500000138
2025-08-11,8903.51499999988
2025-08-12,23008.38499999999
2025-08-13,-5381.234999999795
2025-08-14,-1578.8100000001086
2025-08-15,-1833.8849999999582
2025-08-18,-1731.970000000146
2025-08-19,7572.440000000165
2025-08-20,-10.887500000042905
2025-08-21,-1750.4124999999585
2025-08-22,-1698.0724999999397
2025-08-25,-1509.5449999999087
2025-08-26,-3442.375000000122
2025-08-27,-7423.194999999971
2025-08-28,-7680.992500000095
2025-08-29,-18689.46999999975
2025-09-01,10127.574999999848
2025-09-02,895.4649999999855
2025-09-03,-6740.479999999891
2025-09-04,3258.51499999991
2025-09-05,6635.435000000016
2025-09-08,4778.345000000065
2025-09-09,576.4399999997952
2025-09-10,4068.350000000072
2025-09-11,-3289.239999999882
2025-09-12,6835.012499999908
2025-09-15,2997.2100000000883
2025-09-16,6515.912499999941
2025-09-17,-7338.055000000097
2025-09-18,5575.5450000002575
2025-09-19,-1186.2000000001135
2025-09-22,10724.115000000073
2025-09-23,-2377.9550000000363
2025-09-24,-5350.390000000029
2025-09-25,4880.007500000233
2025-09-26,12203.93749999997
2025-09-29,-15601.30000000008
2025-09-30,-3586.1149999999802
