date,net_pnl
2010-06-07,0.0
2010-06-08,0.0
2010-06-09,0.0
2010-06-10,0.0
2010-06-11,0.0
2010-06-14,0.0
2010-06-15,0.0
2010-06-16,0.0
2010-06-17,0.0
2010-06-18,0.0
2010-06-21,0.0
2010-06-22,0.0
2010-06-23,0.0
2010-06-24,0.0
2010-06-25,0.0
2010-06-28,0.0
2010-06-29,0.0
2010-06-30,0.0
2010-07-01,0.0
2010-07-02,0.0
2010-07-05,0.0
2010-07-06,0.0
2010-07-07,0.0
2010-07-08,0.0
2010-07-09,0.0
2010-07-12,0.0
2010-07-13,0.0
2010-07-14,0.0
2010-07-15,0.0
2010-07-16,0.0
2010-07-19,0.0
2010-07-20,0.0
2010-07-21,0.0
2010-07-22,0.0
2010-07-23,0.0
2010-07-26,0.0
2010-07-27,0.0
2010-07-28,0.0
2010-07-29,0.0
2010-07-30,0.0
2010-08-02,0.0
2010-08-03,0.0
2010-08-04,0.0
2010-08-05,0.0
2010-08-06,0.0
2010-08-09,0.0
2010-08-10,0.0
2010-08-11,0.0
2010-08-12,0.0
2010-08-13,0.0
2010-08-16,0.0
2010-08-17,0.0
2010-08-18,0.0
2010-08-19,0.0
2010-08-20,0.0
2010-08-23,0.0
2010-08-24,0.0
2010-08-25,0.0
2010-08-26,0.0
2010-08-27,0.0
2010-08-30,0.0
2010-08-31,0.0
2010-09-01,0.0
2010-09-02,0.0
2010-09-03,0.0
2010-09-06,0.0
2010-09-07,0.0
2010-09-08,0.0
2010-09-09,0.0
2010-09-10,0.0
2010-09-13,0.0
2010-09-14,0.0
2010-09-15,0.0
2010-09-16,0.0
2010-09-17,0.0
2010-09-20,0.0
2010-09-21,0.0
2010-09-22,0.0
2010-09-23,0.0
2010-09-24,0.0
2010-09-27,0.0
2010-09-28,0.0
2010-09-29,0.0
2010-09-30,0.0
2010-10-01,0.0
2010-10-04,0.0
2010-10-05,0.0
2010-10-06,0.0
2010-10-07,0.0
2010-10-08,0.0
2010-10-11,0.0
2010-10-12,0.0
2010-10-13,0.0
2010-10-14,0.0
2010-10-15,0.0
2010-10-18,0.0
2010-10-19,0.0
2010-10-20,0.0
2010-10-21,0.0
2010-10-22,0.0
2010-10-25,0.0
2010-10-26,0.0
2010-10-27,0.0
2010-10-28,0.0
2010-10-29,0.0
2010-11-01,0.0
2010-11-02,0.0
2010-11-03,0.0
2010-11-04,0.0
2010-11-05,0.0
2010-11-08,0.0
2010-11-09,0.0
2010-11-10,0.0
2010-11-11,0.0
2010-11-12,0.0
2010-11-15,0.0
2010-11-16,0.0
2010-11-17,0.0
2010-11-18,0.0
2010-11-19,0.0
2010-11-22,0.0
2010-11-23,0.0
2010-11-24,0.0
2010-11-25,0.0
2010-11-26,0.0
2010-11-29,0.0
2010-11-30,0.0
2010-12-01,0.0
2010-12-02,0.0
2010-12-03,0.0
2010-12-06,0.0
2010-12-07,0.0
2010-12-08,0.0
2010-12-09,0.0
2010-12-10,0.0
2010-12-13,0.0
2010-12-14,0.0
2010-12-15,0.0
2010-12-16,0.0
2010-12-17,0.0
2010-12-20,0.0
2010-12-21,0.0
2010-12-22,0.0
2010-12-23,0.0
2010-12-27,0.0
2010-12-28,0.0
2010-12-29,0.0
2010-12-30,0.0
2010-12-31,0.0
2011-01-03,0.0
2011-01-04,0.0
2011-01-05,0.0
2011-01-06,0.0
2011-01-07,0.0
2011-01-10,0.0
2011-01-11,0.0
2011-01-12,0.0
2011-01-13,0.0
2011-01-14,0.0
2011-01-17,0.0
2011-01-18,0.0
2011-01-19,0.0
2011-01-20,0.0
2011-01-21,0.0
2011-01-24,0.0
2011-01-25,0.0
2011-01-26,0.0
2011-01-27,0.0
2011-01-28,0.0
2011-01-31,0.0
2011-02-01,0.0
2011-02-02,0.0
2011-02-03,0.0
2011-02-04,0.0
2011-02-07,0.0
2011-02-08,0.0
2011-02-09,0.0
2011-02-10,0.0
2011-02-11,0.0
2011-02-14,0.0
2011-02-15,0.0
2011-02-16,0.0
2011-02-17,0.0
2011-02-18,0.0
2011-02-21,0.0
2011-02-22,0.0
2011-02-23,0.0
2011-02-24,0.0
2011-02-25,0.0
2011-02-28,0.0
2011-03-01,0.0
2011-03-02,0.0
2011-03-03,0.0
2011-03-04,0.0
2011-03-07,0.0
2011-03-08,0.0
2011-03-09,0.0
2011-03-10,0.0
2011-03-11,0.0
2011-03-14,0.0
2011-03-15,0.0
2011-03-16,0.0
2011-03-17,0.0
2011-03-18,0.0
2011-03-21,0.0
2011-03-22,0.0
2011-03-23,0.0
2011-03-24,0.0
2011-03-25,0.0
2011-03-28,0.0
2011-03-29,0.0
2011-03-30,0.0
2011-03-31,0.0
2011-04-01,0.0
2011-04-04,0.0
2011-04-05,0.0
2011-04-06,0.0
2011-04-07,0.0
2011-04-08,0.0
2011-04-11,0.0
2011-04-12,0.0
2011-04-13,0.0
2011-04-14,0.0
2011-04-15,-1092.2925
2011-04-18,-21465.725000000162
2011-04-19,-14805.775000000016
2011-04-20,46355.47
2011-04-21,8607.62499999984
2011-04-25,-5039.242499999975
2011-04-26,-14363.224999999884
2011-04-27,10639.157500000192
2011-04-28,-43825.535000000076
2011-04-29,4656.2025000000085
2011-05-02,-29601.85000000007
2011-05-03,-20144.017500000034
2011-05-04,-44484.410000000054
2011-05-05,-104090.18749999997
2011-05-06,-2254.8850000000707
2011-05-09,53575.15000000013
2011-05-10,44499.29749999991
2011-05-11,-95606.70000000003
2011-05-12,8689.349999999982
2011-05-13,-12752.402499999986
2011-05-16,-32871.725000000006
2011-05-17,32601.949999999946
2011-05-18,65040.58000000005
2011-05-19,-14839.237499999968
2011-05-20,-10277.597500000042
2011-05-23,-5379.344999999976
2011-05-24,7779.737499999975
2011-05-25,17381.96000000009
2011-05-26,-26990.227500000055
2011-05-27,-1862.2174999999434
2011-05-30,-10293.135000000057
2011-05-31,-2958.022500000002
2011-06-01,-41118.27500000008
2011-06-02,16181.460000000025
2011-06-03,-3783.0550000000285
2011-06-06,-8531.154999999855
2011-06-07,-9578.255000000057
2011-06-08,-14207.272500000092
2011-06-09,22619.99750000003
2011-06-10,-29531.644999999964
2011-06-13,3233.3999999999496
2011-06-14,23680.69500000003
2011-06-15,-44067.43250000003
2011-06-16,-8399.59749999994
2011-06-17,-4584.964999999934
2011-06-20,-10253.440000000139
2011-06-21,2057.552500000007
2011-06-22,-11254.089999999971
2011-06-23,-20703.84750000006
2011-06-24,-22185.807499999995
2011-06-27,25003.912500000046
2011-06-28,44090.8175
2011-06-29,18276.117499999953
2011-06-30,-12394.612500000032
2011-07-01,3721.1999999999553
2011-07-04,3787.4199999999964
2011-07-05,1482.1950000000772
2011-07-06,7006.237499999976
2011-07-07,21097.032499999936
2011-07-08,-19361.18499999993
2011-07-11,-29004.420000000016
2011-07-12,6971.945000000072
2011-07-13,41578.36999999996
2011-07-14,3258.3599999999847
2011-07-15,-9474.649999999972
2011-07-18,30.72749999992844
2011-07-19,-3315.754999999996
2011-07-20,9466.860000000046
2011-07-21,5222.334999999881
2011-07-22,-4686.319999999994
2011-07-25,-1267.6975000000468
2011-07-26,2118.3274999999767
2011-07-27,-2447.772499999867
2011-07-28,-3550.5025000000296
2011-07-29,-45787.76750000003
2011-08-01,-3819.004999999978
2011-08-02,-31704.952499999992
2011-08-03,-1603.115000000014
2011-08-04,-53781.66749999999
2011-08-05,12605.60249999998
2011-08-08,-60713.25499999997
2011-08-09,8293.397500000014
2011-08-10,-2796.1975000000093
2011-08-11,16146.482499999986
2011-08-12,-7106.7525
2011-08-15,8736.372500000021
2011-08-16,-1287.6400000000035
2011-08-17,6087.3975000000055
2011-08-18,-7057.799999999986
2011-08-19,8038.289999999981
2011-08-22,8030.355000000015
2011-08-23,2705.0050000000306
2011-08-24,1491.0899999999365
2011-08-25,3795.0425000000128
2011-08-26,4667.894999999985
2011-08-29,2471.390000000058
2011-08-30,7732.099999999963
2011-08-31,5070.702499999971
2011-09-01,-3997.3149999999405
2011-09-02,6764.200000000003
2011-09-05,-3194.5300000000243
2011-09-06,-5240.469999999992
2011-09-07,-8368.017499999985
2011-09-08,-1750.657499999948
2011-09-09,-3886.7000000000135
2011-09-12,-8708.8325
2011-09-13,-3996.757499999983
2011-09-14,-9675.554999999942
2011-09-15,5843.137499999973
2011-09-16,4844.384999999979
2011-09-19,-7994.619999999986
2011-09-20,-1653.622499999988
2011-09-21,-4385.605000000013
2011-09-22,-9304.672500000002
2011-09-23,-16364.464999999944
2011-09-26,-10511.50500000003
2011-09-27,1557.4024999999353
2011-09-28,-12532.917499999987
2011-09-29,-3785.192499999961
2011-09-30,-14016.73
2011-10-03,2049.5424999999655
2011-10-04,1966.0699999999968
2011-10-05,-448.5750000000454
2011-10-06,6769.59250000003
2011-10-07,2040.0499999999342
2011-10-10,14431.394999999999
2011-10-11,724.120000000077
2011-10-12,8091.884999999936
2011-10-13,-653.8950000000123
2011-10-14,45.8850000000251
2011-10-17,-10822.87999999997
2011-10-18,3367.1774999999734
2011-10-19,-10978.744999999952
2011-10-20,847.1149999999777
2011-10-21,-3448.319999999997
2011-10-24,-2149.9549999999945
2011-10-25,9408.494999999975
2011-10-26,-4934.404999999981
2011-10-27,-6369.805000000054
2011-10-28,-4255.779999999962
2011-10-31,2698.1199999999826
2011-11-01,15403.830000000009
2011-11-02,-1122.9050000000232
2011-11-03,-4111.249999999985
2011-11-04,8781.355000000029
2011-11-07,7401.374999999982
2011-11-08,-9185.580000000004
2011-11-09,12431.337499999989
2011-11-10,-2116.8550000000446
2011-11-11,569.5025000000123
2011-11-14,1731.2149999999745
2011-11-15,7583.680000000033
2011-11-16,-3256.7350000000297
2011-11-17,-10180.999999999984
2011-11-18,-851.6950000000134
2011-11-21,-2675.972500000017
2011-11-22,3983.0775000000253
2011-11-23,2539.3724999999636
2011-11-24,2544.3475000000362
2011-11-25,-5946.042499999973
2011-11-28,1139.2274999999581
2011-11-29,-2041.097499999988
2011-11-30,3986.5224999999778
2011-12-01,907.6299999999771
2011-12-02,-2027.5599999999781
2011-12-05,-493.84000000000515
2011-12-06,-235.55499999998835
2011-12-07,799.2574999999737
2011-12-08,-3419.8549999999564
2011-12-09,2849.9750000000004
2011-12-12,4167.032500000013
2011-12-13,7258.9649999999265
2011-12-14,-2192.7999999999383
2011-12-15,-4869.475000000019
2011-12-16,-3444.11249999999
2011-12-19,3849.259999999987
2011-12-20,-1424.3350000000291
2011-12-21,1249.2950000000944
2011-12-22,-6793.197500000094
2011-12-23,-1430.214999999977
2011-12-26,860.3000000000033
2011-12-27,-10179.069999999974
2011-12-28,14332.595000000007
2011-12-29,-1212.3950000000134
2011-12-30,-711.7550000000332
2012-01-02,1716.3000000000006
2012-01-03,-150.76499999999243
2012-01-04,791.2275000000147
2012-01-05,9305.224999999977
2012-01-06,7815.617500000013
2012-01-09,-7678.11499999996
2012-01-10,4889.079999999946
2012-01-11,11813.75250000002
2012-01-12,6438.837500000027
2012-01-13,8812.90999999999
2012-01-16,2931.2325000000105
2012-01-17,-2447.1750000000393
2012-01-18,-4039.3799999999687
2012-01-19,-9673.29500000001
2012-01-20,-2481.145000000051
2012-01-23,-16607.259999999987
2012-01-24,-3093.595000000006
2012-01-25,11192.405000000006
2012-01-26,7579.287500000034
2012-01-27,5740.4999999999845
2012-01-30,7224.8649999999625
2012-01-31,2915.870000000039
2012-02-01,-5774.2175000000525
2012-02-02,4842.705000000015
2012-02-03,-3942.7299999999327
2012-02-06,3110.700000000005
2012-02-07,-2115.3649999999993
2012-02-08,3571.10000000003
2012-02-09,-1716.4550000000609
2012-02-10,6631.299999999997
2012-02-13,496.39500000001146
2012-02-14,-1847.6899999999628
2012-02-15,10355.779999999964
2012-02-16,-12737.054999999975
2012-02-17,-9353.70749999996
2012-02-20,-888.9850000000172
2012-02-21,5089.11750000003
2012-02-22,6350.875000000003
2012-02-23,10271.809999999981
2012-02-24,-5074.659999999991
2012-02-27,7209.264999999954
2012-02-28,-2352.665000000102
2012-02-29,-24667.269999999942
2012-03-01,-1910.4249999999008
2012-03-02,3491.544999999975
2012-03-05,-829.8050000000056
2012-03-06,21666.659999999923
2012-03-07,5744.285000000061
2012-03-08,-6238.17500000002
2012-03-09,-506.27499999996826
2012-03-12,-6956.1449999999695
2012-03-13,-15560.135000000013
2012-03-14,-16531.00249999995
2012-03-15,-2303.7775000000124
2012-03-16,-2329.0300000000484
2012-03-19,-4612.719999999965
2012-03-20,9092.405000000063
2012-03-21,3012.5299999999743
2012-03-22,690.2450000000131
2012-03-23,5397.174999999896
2012-03-26,6305.215000000048
2012-03-27,6019.970000000034
2012-03-28,5015.99499999998
2012-03-29,17591.345000000005
2012-03-30,-23272.654999999973
2012-04-02,-1045.9349999999981
2012-04-03,-8306.835000000045
2012-04-04,1047.0500000000004
2012-04-05,6401.404999999964
2012-04-06,1438.2349999999692
2012-04-09,1729.6749999999379
2012-04-10,430.9700000000445
2012-04-11,-933.3699999999906
2012-04-12,7035.685000000113
2012-04-13,9013.029999999933
2012-04-16,-6663.149999999929
2012-04-17,5541.044999999939
2012-04-18,4657.845000000036
2012-04-19,-9413.910000000005
2012-04-20,1203.1600000000055
2012-04-23,-714.3950000000267
2012-04-24,-938.0249999999992
2012-04-25,1307.1550000000677
2012-04-26,7467.710000000046
2012-04-27,-5953.040000000044
2012-04-30,-4592.7425
2012-05-01,-142.34999999996262
2012-05-02,17854.24500000001
2012-05-03,-11890.655000000004
2012-05-04,366.06999999998766
2012-05-07,-167.5300000000117
2012-05-08,-258.9500000000239
2012-05-09,2206.0850000000187
2012-05-10,6895.659999999997
2012-05-11,-1579.6299999999806
2012-05-14,4724.720000000022
2012-05-15,-2881.830000000039
2012-05-16,-13756.36250000002
2012-05-17,-8154.957499999984
2012-05-18,-22037.497499999976
2012-05-21,8732.939999999988
2012-05-22,12068.280000000008
2012-05-23,9849.932500000017
2012-05-24,250.31749999995728
2012-05-25,4996.980000000023
2012-05-28,1707.8125000000284
2012-05-29,9232.847499999963
2012-05-30,31348.73749999996
2012-05-31,-4594.545000000026
2012-06-01,-1552.547500000056
2012-06-04,-16197.789999999952
2012-06-05,3204.5
2012-06-06,-14295.372500000054
2012-06-07,8974.902500000027
2012-06-08,7413.2774999999165
2012-06-11,8014.772500000094
2012-06-12,-3420.0175000000536
2012-06-13,-5993.0375
2012-06-14,-13982.562499999955
2012-06-15,11672.19999999995
2012-06-18,-1715.9825000000087
2012-06-19,-7358.082500000065
2012-06-20,2434.499999999997
2012-06-21,3787.7749999999896
2012-06-22,-8506.33750000001
2012-06-25,-12677.75250000003
2012-06-26,-463.5199999999913
2012-06-27,225.15749999998937
2012-06-28,9643.419999999986
2012-06-29,-13701.70999999996
2012-07-02,7646.6524999998555
2012-07-03,-14460.599999999935
2012-07-04,5928.167499999945
2012-07-05,-4575.327499999982
2012-07-06,22136.442500000052
2012-07-09,-7230.272500000029
2012-07-10,3131.5625000000273
2012-07-11,-10306.942500000003
2012-07-12,-2622.2799999999975
2012-07-13,313.05750000004593
2012-07-16,-10829.13000000002
2012-07-17,1393.8750000000166
2012-07-18,4243.659999999955
2012-07-19,-10997.735
2012-07-20,10148.752500000075
2012-07-23,1066.3874999999568
2012-07-24,2256.1849999998817
2012-07-25,2129.5500000000857
2012-07-26,-14808.352500000039
2012-07-27,-14120.284999999969
2012-07-30,14053.17749999999
2012-07-31,6340.380000000066
2012-08-01,-6269.10999999999
2012-08-02,11364.819999999996
2012-08-03,-31118.54000000009
2012-08-06,-4048.4349999999913
2012-08-07,-12807.095000000072
2012-08-08,2027.7575000000961
2012-08-09,6736.009999999966
2012-08-10,3007.7300000000214
2012-08-13,2956.2074999999995
2012-08-14,-14657.79249999993
2012-08-15,-6723.622500000109
2012-08-16,-2417.92749999995
2012-08-17,4480.114999999994
2012-08-20,2729.050000000053
2012-08-21,-12702.140000000009
2012-08-22,-3070.3050000000203
2012-08-23,-15880.535000000042
2012-08-24,3725.3200000000606
2012-08-27,3652.0550000000712
2012-08-28,-6397.435000000088
2012-08-29,6940.915000000016
2012-08-30,-3788.2599999999416
2012-08-31,-14475.999999999924
2012-09-03,-4127.320000000027
2012-09-04,1381.8899999999362
2012-09-05,-9969.72999999998
2012-09-06,14941.72500000007
2012-09-07,-24824.905000000057
2012-09-10,-13860.359999999988
2012-09-11,-14734.25499999994
2012-09-12,-413.30500000002564
2012-09-13,-3941.975000000042
2012-09-14,-8048.815000000007
2012-09-17,-9871.519999999971
2012-09-18,-3891.96499999994
2012-09-19,-3144.575000000012
2012-09-20,7259.869999999977
2012-09-21,-2036.5849999999277
2012-09-24,2026.2100000000028
2012-09-25,4297.174999999858
2012-09-26,-5388.074999999888
2012-09-27,-1523.3100000000709
2012-09-28,6124.020000000003
2012-10-01,-15730.554999999955
2012-10-02,-11131.255000000021
2012-10-03,339.444999999978
2012-10-04,3440.8400000000147
2012-10-05,-3764.360000000019
2012-10-08,-297.325000000027
2012-10-09,3656.595000000079
2012-10-10,-12742.80500000003
2012-10-11,3047.7599999999493
2012-10-12,-10018.682500000012
2012-10-15,3500.5949999999702
2012-10-16,3055.770000000105
2012-10-17,8776.092499999952
2012-10-18,4779.794999999946
2012-10-19,-26562.964999999997
2012-10-22,17454.58749999995
2012-10-23,-19688.097499999876
2012-10-24,-246.33499999998176
2012-10-25,12646.08500000002
2012-10-26,-13029.360000000066
2012-10-29,-10396.864999999967
2012-10-30,7170.107500000029
2012-10-31,-5341.292500000089
2012-11-01,17811.515000000018
2012-11-02,-4151.064999999959
2012-11-05,5815.855000000059
2012-11-06,10386.277499999995
2012-11-07,-28658.055000000055
2012-11-08,-13735.057499999899
2012-11-09,1598.71499999989
2012-11-12,-11094.467499999882
2012-11-13,-8844.820000000094
2012-11-14,-2263.6450000001023
2012-11-15,-1209.6250000000298
2012-11-16,4763.680000000089
2012-11-19,6133.885000000055
2012-11-20,-7042.725000000188
2012-11-21,-8055.255000000035
2012-11-22,-2801.9149999998376
2012-11-23,-8241.609999999991
2012-11-26,4989.6000000000895
2012-11-27,10550.744999999955
2012-11-28,11511.964999999951
2012-11-29,391.24999999992616
2012-11-30,4750.849999999941
2012-12-03,-10621.164999999957
2012-12-04,10950.700000000032
2012-12-05,2863.455000000022
2012-12-06,11303.044999999913
2012-12-07,7050.160000000058
2012-12-10,-1130.9400000000694
2012-12-11,-2104.2399999998925
2012-12-12,-9099.697500000038
2012-12-13,406.2949999998784
2012-12-14,-5912.852499999969
2012-12-17,-179.21499999987327
2012-12-18,1885.9899999998127
2012-12-19,-16329.920000000022
2012-12-20,5388.915000000016
2012-12-21,1165.015000000072
2012-12-24,2767.875000000075
2012-12-25,1185.4350000000227
2012-12-26,-14256.382500000069
2012-12-27,4780.232499999988
2012-12-28,-17732.96500000011
2012-12-31,17136.050000000014
2013-01-01,584.399999999989
2013-01-02,18545.217500000086
2013-01-03,-3480.3699999998553
2013-01-04,-7803.152500000127
2013-01-07,-1120.1799999999198
2013-01-08,-587.4625000000003
2013-01-09,16305.61749999997
2013-01-10,-4060.3575000000437
2013-01-11,-4287.964999999843
2013-01-14,13092.932499999853
2013-01-15,7704.040000000046
2013-01-16,5163.432500000005
2013-01-17,13175.657499999956
2013-01-18,3869.8099999999754
2013-01-21,1485.185000000083
2013-01-22,-4625.0074999999815
2013-01-23,-10440.304999999962
2013-01-24,18473.40250000002
2013-01-25,16062.227499999919
2013-01-28,2626.4750000000095
2013-01-29,-1079.622499999951
2013-01-30,-3936.8400000000347
2013-01-31,6711.590000000055
2013-02-01,-2158.482499999945
2013-02-04,-9269.195000000078
2013-02-05,-735.0424999999523
2013-02-06,-4906.054999999976
2013-02-07,1870.9124999999394
2013-02-08,2455.452500000032
2013-02-11,2235.390000000024
2013-02-12,-4492.295000000067
2013-02-13,3196.9749999999385
2013-02-14,6307.245000000052
2013-02-15,13138.065000000139
2013-02-18,3467.264999999929
2013-02-19,6954.6850000000095
2013-02-20,8595.974999999815
2013-02-21,-9642.92999999987
2013-02-22,1544.6700000000176
2013-02-25,-22690.720000000078
2013-02-26,-3359.6349999999043
2013-02-27,15879.014999999996
2013-02-28,12486.89999999993
2013-03-01,14420.119999999979
2013-03-04,-2595.3399999999565
2013-03-05,-1827.6349999999738
2013-03-06,1448.1599999999703
2013-03-07,9090.955000000042
2013-03-08,18193.564999999908
2013-03-11,3097.3450000000494
2013-03-12,-8243.575000000043
2013-03-13,4088.7300000000146
2013-03-14,-1583.5699999999752
2013-03-15,5534.6049999999705
2013-03-18,-5080.424999999999
2013-03-19,3259.3949999999586
2013-03-20,4388.664999999979
2013-03-21,-6234.739999999996
2013-03-22,2800.1599999999985
2013-03-25,-2228.3850000000343
2013-03-26,11583.634999999998
2013-03-27,-1471.6049999999518
2013-03-28,-17284.810000000067
2013-04-01,-22447.509999999947
2013-04-02,13247.270000000037
2013-04-03,2729.049999999931
2013-04-04,18062.704999999987
2013-04-05,13572.070000000063
2013-04-08,3387.8449999999957
2013-04-09,-5611.525000000028
2013-04-10,15653.420000000007
2013-04-11,3497.915000000018
2013-04-12,47697.629999999976
2013-04-15,16426.705000000118
2013-04-16,-1187.5150000000178
2013-04-17,11592.999999999982
2013-04-18,-8281.290000000017
2013-04-19,7077.380000000003
2013-04-22,-3424.55499999996
2013-04-23,6951.204999999943
2013-04-24,-17398.319999999985
2013-04-25,-14056.704999999985
2013-04-26,6659.614999999947
2013-04-29,9804.095000000065
2013-04-30,-4975.210000000012
2013-05-01,-3652.8300000000245
2013-05-02,951.3800000000075
2013-05-03,7939.94499999998
2013-05-06,-4394.34999999994
2013-05-07,-2343.5900000000215
2013-05-08,854.4949999999133
2013-05-09,9538.615000000007
2013-05-10,-10790.35499999995
2013-05-13,6200.07500000002
2013-05-14,10009.474999999986
2013-05-15,17426.995000000017
2013-05-16,-8047.830000000048
2013-05-17,17978.225000000086
2013-05-20,-14323.100000000035
2013-05-21,7368.049999999998
2013-05-22,13788.89499999997
2013-05-23,729.4499999999881
2013-05-24,-7979.340000000026
2013-05-27,-886.2949999999622
2013-05-28,10951.094999999967
2013-05-29,-10914.99
2013-05-30,-1564.1150000000243
2013-05-31,-5975.395000000036
2013-06-03,-9285.515000000041
2013-06-04,-1919.894999999979
2013-06-05,-16967.68250000005
2013-06-06,-7995.352500000019
2013-06-07,25649.42749999999
2013-06-10,9166.637499999986
2013-06-11,-10797.049999999981
2013-06-12,-21039.93499999999
2013-06-13,13338.540000000026
2013-06-14,-7722.600000000062
2013-06-17,11049.135000000075
2013-06-18,16188.234999999924
2013-06-19,8759.070000000038
2013-06-20,-8341.120000000023
2013-06-21,-14919.369999999984
2013-06-24,-939.9849999999793
2013-06-25,4883.045000000006
2013-06-26,18084.25999999997
2013-06-27,11433.379999999994
2013-06-28,-11618.09500000001
2013-07-01,1602.0800000000431
2013-07-02,16037.840000000017
2013-07-03,-1936.694999999983
2013-07-04,14511.899999999921
2013-07-05,25593.970000000023
2013-07-08,2090.09000000004
2013-07-09,15314.074999999979
2013-07-10,-10106.934999999989
2013-07-11,1779.7650000000415
2013-07-12,5303.145000000007
2013-07-15,181.3699999999733
2013-07-16,-6288.92999999998
2013-07-17,9058.76999999998
2013-07-18,4264.57500000004
2013-07-19,-2882.7500000000105
2013-07-22,-18142.440000000013
2013-07-23,-4598.660000000007
2013-07-24,7642.029999999974
2013-07-25,-10400.00999999997
2013-07-26,3540.94999999997
2013-07-29,-2139.369999999947
2013-07-30,1456.0499999999981
2013-07-31,889.6599999999917
2013-08-01,15654.824999999932
2013-08-02,-7287.499999999967
2013-08-05,373.45999999996025
2013-08-06,-8604.179999999966
2013-08-07,-9088.86499999998
2013-08-08,-13407.414999999983
2013-08-09,-3042.710000000016
2013-08-12,-6430.7500000000555
2013-08-13,12401.105000000027
2013-08-14,-12517.419999999947
2013-08-15,-24762.66500000004
2013-08-16,-1224.6399999999592
2013-08-19,-9795.495000000039
2013-08-20,7884.880000000092
2013-08-21,-11001.820000000022
2013-08-22,11247.215000000015
2013-08-23,-5421.464999999993
2013-08-26,-16424.754999999965
2013-08-27,-5194.110000000028
2013-08-28,5320.52499999997
2013-08-29,7757.725000000071
2013-08-30,1216.5999999999708
2013-09-02,-3519.330000000042
2013-09-03,-6404.990000000003
2013-09-04,19715.965000000073
2013-09-05,4579.999999999999
2013-09-06,-2959.775000000004
2013-09-09,8297.899999999947
2013-09-10,5054.14500000002
2013-09-11,1601.0999999999747
2013-09-12,7462.200000000057
2013-09-13,5058.124999999981
2013-09-16,5006.500000000004
2013-09-17,2837.300000000088
2013-09-18,429.9999999999395
2013-09-19,-2365.275000000016
2013-09-20,6831.960000000022
2013-09-23,-13226.870000000014
2013-09-24,2170.299999999942
2013-09-25,-7997.1749999999465
2013-09-26,4320.84499999996
2013-09-27,-6515.829999999968
2013-09-30,-8196.629999999988
2013-10-01,9032.044999999953
2013-10-02,-9324.60499999999
2013-10-03,-958.0649999999943
2013-10-04,1785.745000000043
2013-10-07,-15474.442499999986
2013-10-08,-5934.847500000025
2013-10-09,-41.80499999996198
2013-10-10,26445.694999999938
2013-10-11,11264.992500000024
2013-10-14,2980.167499999948
2013-10-15,-2881.9500000000376
2013-10-16,4808.890000000035
2013-10-17,819.679999999925
2013-10-18,-4475.024999999967
2013-10-21,-856.6375000000146
2013-10-22,4025.2449999999617
2013-10-23,-5106.630000000008
2013-10-24,9185.640000000092
2013-10-25,3472.9774999999854
2013-10-28,13878.464999999951
2013-10-29,1318.2750000000485
2013-10-30,-9473.93000000001
2013-10-31,706.7999999999427
2013-11-01,-7104.335000000007
2013-11-04,11006.094999999932
2013-11-05,-6709.769999999993
2013-11-06,7921.985000000052
2013-11-07,-16947.975000000028
2013-11-08,14783.14999999997
2013-11-11,4683.4450000000825
2013-11-12,5230.439999999945
2013-11-13,11182.850000000013
2013-11-14,2671.02499999999
2013-11-15,-187.50500000003456
2013-11-18,1861.5950000000573
2013-11-19,524.9749999999791
2013-11-20,1290.2949999999482
2013-11-21,8104.800000000033
2013-11-22,-2945.3750000000177
2013-11-25,-4156.310000000025
2013-11-26,11349.670000000062
2013-11-27,-1943.0000000000593
2013-11-28,3295.0700000000306
2013-11-29,-6687.274999999995
2013-12-02,8042.180000000073
2013-12-03,-5890.217500000043
2013-12-04,423.6174999999966
2013-12-05,3119.214999999977
2013-12-06,13056.494999999948
2013-12-09,3446.575000000026
2013-12-10,-5711.724999999947
2013-12-11,-18082.500000000047
2013-12-12,3834.2399999999925
2013-12-13,-4526.249999999944
2013-12-16,10488.099999999966
2013-12-17,-2686.109999999974
2013-12-18,22230.52499999997
2013-12-19,-979.7800000000375
2013-12-20,5246.470000000005
2013-12-23,6568.274999999918
2013-12-24,1027.4500000000485
2013-12-25,-1133.4999999999995
2013-12-26,8234.775000000025
2013-12-27,1798.5600000000127
2013-12-30,-111.90000000006148
2013-12-31,2698.090000000059
2014-01-01,-392.1000000000216
2014-01-02,-23358.95499999998
2014-01-03,-28464.625000000055
2014-01-06,-9934.799999999997
2014-01-07,12337.049999999963
2014-01-08,6306.080000000068
2014-01-09,2533.9949999999426
2014-01-10,-14314.754999999921
2014-01-13,-18279.26500000004
2014-01-14,27060.245000000064
2014-01-15,16091.73999999992
2014-01-16,-2747.2550000000056
2014-01-17,-4824.999999999981
2014-01-20,-809.0199999999444
2014-01-21,2667.439999999915
2014-01-22,18043.854999999967
2014-01-23,-8174.984999999977
2014-01-24,-13068.455000000004
2014-01-27,-8389.260000000058
2014-01-28,11543.449999999986
2014-01-29,-1815.9099999999996
2014-01-30,1251.7300000000237
2014-01-31,-8178.219999999985
2014-02-03,-22567.06999999997
2014-02-04,-2331.300000000074
2014-02-05,898.6999999999923
2014-02-06,10824.21500000005
2014-02-07,8664.654999999948
2014-02-10,-2922.57499999996
2014-02-11,1854.7299999999395
2014-02-12,-1374.9999999999434
2014-02-13,11532.474999999939
2014-02-14,-4822.500000000012
2014-02-17,-1221.2599999999684
2014-02-18,2588.4299999999603
2014-02-19,1274.8900000000049
2014-02-20,2911.500000000051
2014-02-21,6617.459999999929
2014-02-24,-4385.504999999905
2014-02-25,9080.52999999996
2014-02-26,15551.554999999991
2014-02-27,12845.855000000007
2014-02-28,10636.014999999994
2014-03-03,-24983.640000000072
2014-03-04,17486.020000000208
2014-03-05,-2722.0200000000623
2014-03-06,-8772.155000000042
2014-03-07,16266.84000000001
2014-03-10,12764.335000000043
2014-03-11,-6589.245000000049
2014-03-12,-9858.034999999949
2014-03-13,-7840.324999999998
2014-03-14,-6859.005000000042
2014-03-17,20108.75000000006
2014-03-18,3068.1200000000413
2014-03-19,4769.924999999904
2014-03-20,5813.210000000022
2014-03-21,-8723.749999999958
2014-03-24,-10322.499999999975
2014-03-25,2133.234999999879
2014-03-26,-3515.2699999998817
2014-03-27,153.9949999998936
2014-03-28,4139.460000000099
2014-03-31,2590.4899999999334
2014-04-01,7700.244999999918
2014-04-02,693.4550000000282
2014-04-03,2527.2050000001036
2014-04-04,-27727.50000000005
2014-04-07,-6804.754999999975
2014-04-08,-5394.755000000058
2014-04-09,16884.48500000009
2014-04-10,-19975.760000000093
2014-04-11,-3391.765000000027
2014-04-14,934.7300000000168
2014-04-15,14251.250000000064
2014-04-16,9286.494999999946
2014-04-17,5566.445000000049
2014-04-21,7297.939999999946
2014-04-22,257.5000000000864
2014-04-23,2713.2349999999774
2014-04-24,-7452.5000000000755
2014-04-25,-7709.754999999926
2014-04-28,8265.489999999938
2014-04-29,-945.7849999999187
2014-04-30,9398.72499999996
2014-05-01,4303.7000000000535
2014-05-02,-12952.330000000018
2014-05-05,-6446.004999999914
2014-05-06,-13843.800000000041
2014-05-07,9069.515
2014-05-08,-7618.9950000000945
2014-05-09,13271.740000000069
2014-05-12,4493.749999999998
2014-05-13,1273.9599999999582
2014-05-14,-7858.290000000014
2014-05-15,-4149.290000000012
2014-05-16,6531.495
2014-05-19,13331.33000000004
2014-05-20,1097.129999999937
2014-05-21,14441.049999999912
2014-05-22,-1886.234999999986
2014-05-23,237.6600000000387
2014-05-26,-349.0849999999673
2014-05-27,8604.22499999996
2014-05-28,2014.8749999999902
2014-05-29,5386.649999999984
2014-05-30,5393.749999999998
2014-06-02,13557.449999999968
2014-06-03,9613.750000000031
2014-06-04,5675.000000000038
2014-06-05,6766.200000000047
2014-06-06,7930.464999999899
2014-06-09,4466.44500000007
2014-06-10,-2998.749999999998
2014-06-11,-2132.4999999999536
2014-06-12,-5818.909999999989
2014-06-13,990.55
2014-06-16,6410.079999999954
2014-06-17,-3295.894999999895
2014-06-18,-3983.0900000000465
2014-06-19,-14758.844999999937
2014-06-20,-8863.135000000017
2014-06-23,-4177.170000000033
2014-06-24,11188.955000000105
2014-06-25,-5069.92500000016
2014-06-26,-3879.1749999999856
2014-06-27,-3197.949999999949
2014-06-30,-1203.630000000031
2014-07-01,5074.049999999929
2014-07-02,2686.4200000000624
2014-07-03,17899.31499999982
2014-07-04,-2261.444999999922
2014-07-07,-994.7249999999982
2014-07-08,-18229.954999999987
2014-07-09,-4401.239999999966
2014-07-10,-20303.120000000017
2014-07-11,12668.039999999855
2014-07-14,17605.645000000095
2014-07-15,11228.560000000009
2014-07-16,1808.2324999999937
2014-07-17,-36233.66249999988
2014-07-18,17134.549999999872
2014-07-21,4430.7175000000825
2014-07-22,310.90750000002123
2014-07-23,-3373.4275000000966
2014-07-24,8428.607500000056
2014-07-25,-2253.307500000091
2014-07-28,909.4475000000716
2014-07-29,3173.6875000000164
2014-07-30,7464.0475000000615
2014-07-31,-22399.49250000009
2014-08-01,-24584.492499999942
2014-08-04,2609.5399999999236
2014-08-05,-2678.8999999998987
2014-08-06,-7751.705000000059
2014-08-07,-18307.89249999999
2014-08-08,17272.17500000009
2014-08-11,-2232.2350000000574
2014-08-12,-55.97000000005892
2014-08-13,-10028.409999999849
2014-08-14,22767.93999999989
2014-08-15,-9691.604999999807
2014-08-18,19408.197499999882
2014-08-19,-185.43750000001535
2014-08-20,1797.932500000038
2014-08-21,6441.307499999986
2014-08-22,668.4499999999747
2014-08-25,12497.815
2014-08-26,-348.64249999983264
2014-08-27,-7032.7100000000655
2014-08-28,-1851.8150000000576
2014-08-29,7450.052499999948
2014-09-01,5154.46000000009
2014-09-02,17725.005000000117
2014-09-03,-3270.60000000015
2014-09-04,5205.335000000048
2014-09-05,599.3850000000542
2014-09-08,8337.319999999874
2014-09-09,11005.195000000062
2014-09-10,9588.030000000002
2014-09-11,2112.2500000000427
2014-09-12,-1447.2200000000644
2014-09-15,-985.3899999999525
2014-09-16,1049.705000000024
2014-09-17,11808.264999999928
2014-09-18,17750.54000000002
2014-09-19,11124.664999999988
2014-09-22,672.0049999999904
2014-09-23,2449.485
2014-09-24,-1395.075
2014-09-25,980.245
2014-09-26,-637.3699999999543
2014-09-29,-4600.035000000021
2014-09-30,13088.04000000004
2014-10-01,-14483.885000000046
2014-10-02,-6183.83000000004
2014-10-03,17280.28000000004
2014-10-06,-14325.755
2014-10-07,-19499.99499999999
2014-10-08,16312.960000000074
2014-10-09,-13388.419999999978
2014-10-10,-6635.025000000015
2014-10-13,-15447.524999999945
2014-10-14,3081.4949999999417
2014-10-15,-11943.529999999939
2014-10-16,-5095.785000000009
2014-10-17,12468.994999999924
2014-10-20,1630.7350000000856
2014-10-21,-3702.7300000000473
2014-10-22,5452.8750000000155
2014-10-23,-1138.749999999968
2014-10-24,12502.244999999939
2014-10-27,-9881.229999999878
2014-10-28,1748.5799999999635
2014-10-29,2156.7650000000094
2014-10-30,17738.494999999995
2014-10-31,12688.750000000024
2014-11-03,27285.285000000007
2014-11-04,8880.374999999989
2014-11-05,15159.059999999996
2014-11-06,8504.899999999978
2014-11-07,303.64999999998633
2014-11-10,1700.2650000000644
2014-11-11,-4729.100000000028
2014-11-12,-966.6750000000168
2014-11-13,6095.08500000001
2014-11-14,-1237.164999999982
2014-11-17,9701.159999999998
2014-11-18,7303.255000000004
2014-11-19,9642.675000000036
2014-11-20,-7319.270000000022
2014-11-21,2356.709999999965
2014-11-24,4121.185000000022
2014-11-25,4032.330000000034
2014-11-26,520.4200000000338
2014-11-27,17144.774999999998
2014-11-28,12092.174999999967
2014-12-01,-33070.85000000003
2014-12-02,3020.5650000000255
2014-12-03,4299.744999999976
2014-12-04,-152.34499999997408
2014-12-05,-7373.504999999976
2014-12-08,2689.3324999999486
2014-12-09,-3276.5874999999974
2014-12-10,518.0450000000002
2014-12-11,383.6900000000268
2014-12-12,-545.6500000000037
2014-12-15,-1372.1450000000073
2014-12-16,-8157.364999999953
2014-12-17,1090.4800000000027
2014-12-18,18919.07999999996
2014-12-19,2539.625000000032
2014-12-22,2481.6150000000016
2014-12-23,-10071.67499999998
2014-12-24,7714.899999999958
2014-12-25,1663.300000000011
2014-12-26,1408.4650000000038
2014-12-29,19317.22000000001
2014-12-30,-4940.175000000003
2014-12-31,-2140.0100000000093
2015-01-01,-2810.179999999999
2015-01-02,24377.950000000015
2015-01-05,2378.3624999999884
2015-01-06,1128.507499999996
2015-01-07,10489.64250000003
2015-01-08,3510.6124999999624
2015-01-09,-1293.9874999999847
2015-01-12,7002.849999999983
2015-01-13,1929.4350000000156
2015-01-14,-962.7325000000029
2015-01-15,13221.607499999996
2015-01-16,-18291.387499999993
2015-01-19,8566.442499999965
2015-01-20,-1153.897499999998
2015-01-21,-8926.097499999978
2015-01-22,14572.239999999945
2015-01-23,9779.219999999992
2015-01-26,-1528.2600000000118
2015-01-27,-7451.729999999996
2015-01-28,6780.912499999962
2015-01-29,8297.495000000052
2015-01-30,-6312.3250000000235
2015-02-02,-13666.492500000046
2015-02-03,-14486.76249999993
2015-02-04,10168.212499999992
2015-02-05,-8451.969999999998
2015-02-06,-7194.792500000015
2015-02-09,-3738.7100000000146
2015-02-10,8054.145000000031
2015-02-11,557.387499999993
2015-02-12,-4860.94250000003
2015-02-13,-8487.23249999999
2015-02-16,-1418.5124999999884
2015-02-17,-881.1225000000405
2015-02-18,7081.40250000001
2015-02-19,-9556.924999999985
2015-02-20,-1453.7724999999562
2015-02-23,9273.767499999993
2015-02-24,4073.6174999999257
2015-02-25,-6900.904999999964
2015-02-26,9373.347499999974
2015-02-27,-2037.2199999999552
2015-03-02,5147.022499999985
2015-03-03,-12816.730000000049
2015-03-04,5443.037499999994
2015-03-05,5920.145000000026
2015-03-06,-12278.127500000017
2015-03-09,8016.945000000026
2015-03-10,9979.539999999974
2015-03-11,6108.657500000019
2015-03-12,8004.999999999983
2015-03-13,4248.374999999983
2015-03-16,12235.802500000022
2015-03-17,6639.232500000008
2015-03-18,18763.137499999997
2015-03-19,877.01749999999
2015-03-20,-2809.3749999999627
2015-03-23,-7777.015000000009
2015-03-24,5479.167500000007
2015-03-25,-15998.050000000016
2015-03-26,-8480.262499999995
2015-03-27,12628.587500000014
2015-03-30,4784.98750000001
2015-03-31,7042.732499999973
2015-04-01,-6357.554999999985
2015-04-02,152.24249999998938
2015-04-03,1895.8699999999985
2015-04-06,-5179.675000000014
2015-04-07,5769.30749999998
2015-04-08,12483.282500000021
2015-04-09,642.0949999999845
2015-04-10,-8220.775000000018
2015-04-13,5495.382500000016
2015-04-14,3255.029999999985
2015-04-15,-2625.1349999999584
2015-04-16,-4863.585000000018
2015-04-17,-9142.725000000006
2015-04-20,3754.9300000000067
2015-04-21,3629.019999999994
2015-04-22,-7897.042500000006
2015-04-23,-558.4250000000311
2015-04-24,12004.01500000002
2015-04-27,1478.2499999999725
2015-04-28,-8649.599999999966
2015-04-29,-19664.505000000005
2015-04-30,-17892.359999999982
2015-05-01,24.11499999995953
2015-05-04,2664.495000000009
2015-05-05,-16252.810000000007
2015-05-06,-11556.329999999984
2015-05-07,19522.44
2015-05-08,6744.1375
2015-05-11,-11589.82250000001
2015-05-12,-2326.3275000000044
2015-05-13,2351.4000000000215
2015-05-14,4395.175000000001
2015-05-15,7271.30999999998
2015-05-18,-8248.704999999989
2015-05-19,6387.925
2015-05-20,5117.039999999975
2015-05-21,-3491.180000000007
2015-05-22,3327.8525000000045
2015-05-25,975.2874999999973
2015-05-26,10327.692499999988
2015-05-27,14540.442500000005
2015-05-28,1764.9025000000008
2015-05-29,-8738.97999999998
2015-06-01,-6766.025000000028
2015-06-02,-24671.487499999963
2015-06-03,-3378.185000000045
2015-06-04,1228.6450000000157
2015-06-05,-11595.234999999986
2015-06-08,-4695.154999999987
2015-06-09,-17106.640000000014
2015-06-10,7105.394999999996
2015-06-11,15389.145000000031
2015-06-12,-2315.2350000000397
2015-06-15,7000.100000000039
2015-06-16,-437.5250000000342
2015-06-17,914.6950000000257
2015-06-18,6600.919999999987
2015-06-19,13406.435000000014
2015-06-22,-7817.0350000000235
2015-06-23,-11938.055
2015-06-24,1926.5450000000276
2015-06-25,-14666.85500000003
2015-06-26,-15545.725000000004
2015-06-29,6643.409999999997
2015-06-30,-33831.06249999999
2015-07-01,6245.035000000001
2015-07-02,3018.1925000000156
2015-07-03,9841.525000000003
2015-07-06,13958.667500000003
2015-07-07,7384.822500000043
2015-07-08,-3593.024999999979
2015-07-09,-12244.755000000006
2015-07-10,-8358.495
2015-07-13,4620.159999999975
2015-07-14,8703.54250000001
2015-07-15,10776.77499999999
2015-07-16,4128.412500000032
2015-07-17,4375.484999999957
2015-07-20,6196.557499999994
2015-07-21,-10403.054999999968
2015-07-22,-344.57000000000244
2015-07-23,5567.0250000000015
2015-07-24,3848.1149999999707
2015-07-27,13801.234999999993
2015-07-28,-2115.2549999999915
2015-07-29,-7518.904999999986
2015-07-30,11268.280000000004
2015-07-31,19859.087499999987
2015-08-03,7912.232500000017
2015-08-04,-18055.95000000003
2015-08-05,4563.977499999985
2015-08-06,975.977500000015
2015-08-07,4718.870000000035
2015-08-10,-10071.980000000063
2015-08-11,3821.7950000000264
2015-08-12,-13724.962500000023
2015-08-13,7319.874999999993
2015-08-14,6416.645000000054
2015-08-17,10123.244999999975
2015-08-18,3263.0374999999963
2015-08-19,1723.1949999999972
2015-08-20,-17520.02499999998
2015-08-21,-12740.890000000018
2015-08-24,-13321.97500000004
2015-08-25,-17690.405000000006
2015-08-26,14471.745000000008
2015-08-27,-17750.13499999999
2015-08-28,-14531.935000000003
2015-08-31,-18167.355000000003
2015-09-01,14948.175000000014
2015-09-02,-6547.235000000043
2015-09-03,-5113.644999999954
2015-09-04,8139.400000000008
2015-09-07,1141.5499999999815
2015-09-08,-5685.795000000013
2015-09-09,4166.025000000013
2015-09-10,-6194.737500000026
2015-09-11,7559.850000000008
2015-09-14,3219.4100000000058
2015-09-15,-13535.912500000006
2015-09-16,-13180.285000000002
2015-09-17,13421.42
2015-09-18,7324.660000000015
2015-09-21,-3232.370000000021
2015-09-22,7091.775000000025
2015-09-23,3117.945000000046
2015-09-24,-5236.212500000078
2015-09-25,587.1400000000416
2015-09-28,10506.665
2015-09-29,-1230.5799999999747
2015-09-30,-5047.460000000038
2015-10-01,3464.3250000000194
2015-10-02,9176.55500000001
2015-10-05,-8534.409999999967
2015-10-06,-10149.764999999992
2015-10-07,467.3550000000066
2015-10-08,-1823.7800000000218
2015-10-09,-5585.255000000011
2015-10-12,8031.050000000026
2015-10-13,11845.024999999998
2015-10-14,1505.627499999997
2015-10-15,-1242.4850000000233
2015-10-16,5412.427500000029
2015-10-19,6835.859999999987
2015-10-20,-10064.01750000003
2015-10-21,12500.769999999999
2015-10-22,8034.655000000011
2015-10-23,7366.300000000021
2015-10-26,19564.072499999984
2015-10-27,7500.627500000006
2015-10-28,-14061.970000000023
2015-10-29,3637.712499999995
2015-10-30,-3944.604999999976
2015-11-02,-1169.350000000018
2015-11-03,-5511.567500000018
2015-11-04,7245.675000000002
2015-11-05,5186.925000000022
2015-11-06,-2785.675000000001
2015-11-09,919.0099999999956
2015-11-10,2552.040000000026
2015-11-11,-1659.9625000000226
2015-11-12,78.56999999996373
2015-11-13,5367.257500000019
2015-11-16,12510.107499999993
2015-11-17,-3591.0224999999923
2015-11-18,4481.852500000003
2015-11-19,816.7050000000216
2015-11-20,6106.165000000005
2015-11-23,1221.1250000000218
2015-11-24,-8546.047500000002
2015-11-25,2734.5224999999973
2015-11-26,5485.057500000018
2015-11-27,43.50500000002225
2015-11-30,2559.2025000000044
2015-12-01,4501.15500000001
2015-12-02,1790.8550000000423
2015-12-03,-28493.129999999994
2015-12-04,15484.004999999985
2015-12-07,22217.85750000001
2015-12-08,1452.5500000000122
2015-12-09,-2805.4799999999987
2015-12-10,2888.6849999999645
2015-12-11,16064.969999999948
2015-12-14,-8496.157499999943
2015-12-15,2604.027499999962
2015-12-16,2936.2025000000403
2015-12-17,2265.7349999999906
2015-12-18,-9242.662500000006
2015-12-21,-5087.799999999982
2015-12-22,-8408.447500000015
2015-12-23,-11889.667500000005
2015-12-24,-1193.0724999999672
2015-12-28,2224.2074999999527
2015-12-29,-12644.942500000023
2015-12-30,-484.03249999996626
2015-12-31,-3815.2850000000035
2016-01-04,5176.165000000006
2016-01-05,-5251.315000000018
2016-01-06,12865.227500000023
2016-01-07,3288.0824999999586
2016-01-08,-1503.0999999999515
2016-01-11,10157.609999999953
2016-01-12,10152.04500000003
2016-01-13,-2143.8850000000007
2016-01-14,8577.857499999967
2016-01-15,25405.02750000004
2016-01-18,-1744.9100000000053
2016-01-19,-3917.1574999999943
2016-01-20,10445.415000000014
2016-01-21,-11459.654999999984
2016-01-22,-20437.10500000001
2016-01-25,17734.81499999993
2016-01-26,-2485.187499999984
2016-01-27,-8286.98
2016-01-28,-1401.609999999948
2016-01-29,10065.7125
2016-02-01,1647.7274999999838
2016-02-02,14177.30000000002
2016-02-03,-5612.9725
2016-02-04,7178.420000000007
2016-02-05,-5693.142500000019
2016-02-08,10736.869999999968
2016-02-09,9974.580000000007
2016-02-10,15298.700000000006
2016-02-11,75.22500000002219
2016-02-12,-14166.262500000017
2016-02-15,-10938.847499999958
2016-02-16,5796.392499999983
2016-02-17,-14421.870000000004
2016-02-18,15841.387500000024
2016-02-19,2015.45249999997
2016-02-22,-6202.244999999977
2016-02-23,13118.239999999987
2016-02-24,-3113.945000000038
2016-02-25,1755.2900000000084
2016-02-26,-9190.395000000046
2016-02-29,1985.4174999999923
2016-03-01,-11285.76250000003
2016-03-02,-4178.090000000028
2016-03-03,-872.0624999999468
2016-03-04,-15156.27750000003
2016-03-07,-15265.622500000018
2016-03-08,16928.42000000003
2016-03-09,-13146.825000000004
2016-03-10,-4746.875000000009
2016-03-11,-14373.759999999995
2016-03-14,-2671.664999999992
2016-03-15,-266.9800000000554
2016-03-16,14810.139999999998
2016-03-17,1276.7524999999655
2016-03-18,7135.255
2016-03-21,-11020.934999999909
2016-03-22,-4597.830000000067
2016-03-23,16725.31500000003
2016-03-24,-7933.0000000000555
2016-03-28,362.32000000002085
2016-03-29,13333.200000000028
2016-03-30,14027.032499999987
2016-03-31,10005.692500000037
2016-04-01,1637.4974999999201
2016-04-04,4805.757500000061
2016-04-05,8904.712500000027
2016-04-06,-1023.9550000000042
2016-04-07,10161.507499999963
2016-04-08,-12673.804999999988
2016-04-11,-186.54999999998634
2016-04-12,-23757.924999999985
2016-04-13,-14254.634999999995
2016-04-14,-910.650000000032
2016-04-15,10726.91750000005
2016-04-18,-8982.050000000047
2016-04-19,-12078.70499999996
2016-04-20,-23127.51750000002
2016-04-21,1953.9350000000318
2016-04-22,-2780.4149999999863
2016-04-25,-559.7425000000171
2016-04-26,-13927.449999999966
2016-04-27,9337.947499999993
2016-04-28,12247.699999999948
2016-04-29,2653.5325000000216
2016-05-02,6787.125000000002
2016-05-03,16565.244999999988
2016-05-04,-803.1374999999764
2016-05-05,2767.9199999999364
2016-05-06,-3797.3099999999627
2016-05-09,6528.637500000006
2016-05-10,-8905.23750000001
2016-05-11,2219.937499999984
2016-05-12,-9675.267499999954
2016-05-13,-1602.225000000039
2016-05-16,-6716.122499999978
2016-05-17,-11197.105000000007
2016-05-18,-13527.422500000032
2016-05-19,4597.357499999998
2016-05-20,-838.4499999999192
2016-05-23,1826.4199999999714
2016-05-24,-227.66749999998666
2016-05-25,-28.96500000001714
2016-05-26,690.7574999999774
2016-05-27,-6231.187499999965
2016-05-30,-2057.9024999999997
2016-05-31,2027.8974999999082
2016-06-01,4098.624999999993
2016-06-02,9060.275
2016-06-03,22232.249999999985
2016-06-06,-1429.742499999977
2016-06-07,-1478.2549999999574
2016-06-08,741.4724999999514
2016-06-09,5419.445000000058
2016-06-10,17366.55250000001
2016-06-13,11583.227500000019
2016-06-14,6645.8249999999525
2016-06-15,5777.695000000097
2016-06-16,2531.1824999999953
2016-06-17,-5558.039999999998
2016-06-20,-13908.127500000024
2016-06-21,-14260.942499999957
2016-06-22,296.23750000004947
2016-06-23,-5807.940000000054
2016-06-24,31075.417499999996
2016-06-27,19558.324999999983
2016-06-28,-10141.07500000001
2016-06-29,-7252.820000000007
2016-06-30,8341.915000000034
2016-07-01,881.4549999999973
2016-07-04,5045.774999999971
2016-07-05,11938.862499999994
2016-07-06,-5049.192499999993
2016-07-07,8276.035000000022
2016-07-08,1983.0149999999728
2016-07-11,-3533.355000000024
2016-07-12,-18826.799999999996
2016-07-13,9226.720000000025
2016-07-14,-12521.984999999997
2016-07-15,-2341.150000000021
2016-07-18,-2400.249999999979
2016-07-19,606.1499999999787
2016-07-20,-10085.799999999994
2016-07-21,8031.424999999995
2016-07-22,-4546.267500000029
2016-07-25,-945.7575000000047
2016-07-26,4203.367500000013
2016-07-27,9460.337500000016
2016-07-28,-3664.6099999999747
2016-07-29,8448.929999999993
2016-08-01,3663.267499999996
2016-08-02,951.9250000000078
2016-08-03,-12657.957500000004
2016-08-04,4389.579999999982
2016-08-05,-18248.229999999963
2016-08-08,597.3224999999823
2016-08-09,7270.0
2016-08-10,14099.415000000015
2016-08-11,-17815.970000000016
2016-08-12,-2673.2900000000045
2016-08-15,-960.9249999999573
2016-08-16,-2942.5500000000466
2016-08-17,-2217.629999999971
2016-08-18,-6840.770000000033
2016-08-19,-1768.5449999999937
2016-08-22,3432.6250000000155
2016-08-23,329.34500000001856
2016-08-24,-4543.4500000000235
2016-08-25,-865.5249999999984
2016-08-26,2500.819999999993
2016-08-29,16390.48000000005
2016-08-30,-3201.905000000056
2016-08-31,2138.790000000059
2016-09-01,7263.304999999971
2016-09-02,1554.7399999999902
2016-09-05,-1812.6999999999769
2016-09-06,21325.585000000014
2016-09-07,-14183.070000000018
2016-09-08,-15056.354999999976
2016-09-09,-26335.455000000027
2016-09-12,6225.28000000002
2016-09-13,-3940.224999999974
2016-09-14,-58.22500000001619
2016-09-15,4686.685000000017
2016-09-16,-5245.704999999997
2016-09-19,4512.614999999936
2016-09-20,-1904.9000000000096
2016-09-21,8425.615000000033
2016-09-22,6171.99999999999
2016-09-23,-689.6000000000349
2016-09-26,-4969.949999999964
2016-09-27,8786.859999999995
2016-09-28,-8447.809999999996
2016-09-29,-5704.830000000018
2016-09-30,-116.19999999997617
2016-10-03,-6044.254999999998
2016-10-04,-29761.900000000005
2016-10-05,-2822.0900000000183
2016-10-06,-3217.6900000000064
2016-10-07,4177.714999999995
2016-10-10,-8709.554999999993
2016-10-11,-4167.23999999999
2016-10-12,3604.4150000000054
2016-10-13,-11830.405000000039
2016-10-14,-1314.10999999997
2016-10-17,2524.2000000000007
2016-10-18,5479.524999999987
2016-10-19,5204.96999999999
2016-10-20,-3248.020000000008
2016-10-21,-2859.284999999984
2016-10-24,7641.479999999986
2016-10-25,4242.724999999995
2016-10-26,-3846.3399999999874
2016-10-27,-14052.220000000001
2016-10-28,3404.8000000000425
2016-10-31,-1658.6900000000019
2016-11-01,16573.924999999974
2016-11-02,3411.97999999996
2016-11-03,-1872.9400000000176
2016-11-04,1572.745000000008
2016-11-07,6102.990000000049
2016-11-08,-1241.7650000000308
2016-11-09,-14136.00500000002
2016-11-10,-11971.004999999976
2016-11-11,-3768.7349999999956
2016-11-14,-5984.7149999999765
2016-11-15,1196.2250000000201
2016-11-16,-3875.4750000000063
2016-11-17,-10629.750000000073
2016-11-18,-6456.48499999993
2016-11-21,-7087.270000000042
2016-11-22,3541.65999999998
2016-11-23,-12589.60999999997
2016-11-24,-2555.945000000021
2016-11-25,9761.465000000055
2016-11-28,6600.394999999922
2016-11-29,6195.099999999996
2016-11-30,-24723.82499999994
2016-12-01,-4534.075000000048
2016-12-02,2508.5950000000266
2016-12-05,-5349.200000000006
2016-12-06,-2736.2400000000403
2016-12-07,13425.520000000068
2016-12-08,-10157.815000000004
2016-12-09,-4219.015000000021
2016-12-12,-6202.115000000054
2016-12-13,869.1799999999937
2016-12-14,-9408.549999999967
2016-12-15,-2406.8999999999814
2016-12-16,-9113.700000000064
2016-12-19,956.255000000114
2016-12-20,-138.77000000003588
2016-12-21,-4012.875000000026
2016-12-22,-1449.360000000021
2016-12-23,-802.9049999999371
2016-12-26,-1354.0150000000092
2016-12-27,400.0349999999763
2016-12-28,-733.7400000000184
2016-12-29,-2350.124999999994
2016-12-30,-7653.229999999964
2017-01-02,4211.189999999921
2017-01-03,6430.250000000008
2017-01-04,-4895.654999999943
2017-01-05,-7818.709999999993
2017-01-06,7470.630000000011
2017-01-09,-3317.550000000042
2017-01-10,5815.599999999964
2017-01-11,-331.3749999999276
2017-01-12,5331.164999999982
2017-01-13,2353.009999999982
2017-01-16,899.0949999999817
2017-01-17,-16824.524999999947
2017-01-18,19210.23499999996
2017-01-19,-1852.3699999999828
2017-01-20,-1439.6400000000472
2017-01-23,-12975.989999999929
2017-01-24,20374.134999999987
2017-01-25,6109.54500000001
2017-01-26,1951.6850000000009
2017-01-27,-339.3999999999628
2017-01-30,-6567.370000000015
2017-01-31,-4770.71499999997
2017-02-01,1094.5000000000025
2017-02-02,-3048.900000000044
2017-02-03,4105.66000000005
2017-02-06,-4233.140000000052
2017-02-07,-7817.214999999979
2017-02-08,11036.62000000001
2017-02-09,9355.764999999945
2017-02-10,13759.982500000013
2017-02-13,4577.807500000011
2017-02-14,5396.944999999995
2017-02-15,7485.245000000014
2017-02-16,-8666.46000000005
2017-02-17,5111.465000000031
2017-02-20,5972.777499999985
2017-02-21,4589.174999999981
2017-02-22,-1573.6450000000002
2017-02-23,-7186.3099999999995
2017-02-24,-988.5999999999894
2017-02-27,7940.230000000033
2017-02-28,1857.6950000000245
2017-03-01,13627.494999999983
2017-03-02,-11219.499999999985
2017-03-03,-843.7900000000536
2017-03-06,4145.785000000092
2017-03-07,-1368.5550000000271
2017-03-08,-6894.535000000024
2017-03-09,1953.5700000000388
2017-03-10,-9131.712500000014
2017-03-13,6765.749999999959
2017-03-14,-1448.5749999999553
2017-03-15,-11309.650000000045
2017-03-16,-3524.1550000000357
2017-03-17,-2632.5499999999283
2017-03-20,525.4499999999723
2017-03-21,-27124.740000000053
2017-03-22,4292.055000000068
2017-03-23,-3299.3550000000273
2017-03-24,-1330.9450000000006
2017-03-27,-5768.805000000036
2017-03-28,18635.915000000074
2017-03-29,6995.249999999925
2017-03-30,6642.9700000000785
2017-03-31,-8821.490000000082
2017-04-03,-8198.604999999961
2017-04-04,14547.100000000015
2017-04-05,-4015.9299999999894
2017-04-06,8337.734999999873
2017-04-07,7710.325000000063
2017-04-10,-6619.299999999979
2017-04-11,-14548.644999999988
2017-04-12,-10774.175000000012
2017-04-13,3776.600000000017
2017-04-17,5106.629999999987
2017-04-18,-23838.15500000012
2017-04-19,-2863.959999999918
2017-04-20,14426.214999999995
2017-04-21,-8524.485000000064
2017-04-24,3260.9900000000216
2017-04-25,-2814.209999999988
2017-04-26,1670.8000000000175
2017-04-27,-6195.495000000006
2017-04-28,-7143.580000000013
2017-05-01,-3200.605000000019
2017-05-02,-3179.099999999947
2017-05-03,-5144.294999999967
2017-05-04,-4613.259999999996
2017-05-05,-498.34000000005807
2017-05-08,8262.899999999989
2017-05-09,-569.3699999999449
2017-05-10,13473.420000000006
2017-05-11,6767.800000000021
2017-05-12,-2429.27000000009
2017-05-15,5088.015000000006
2017-05-16,-14796.475
2017-05-17,-19888.79999999995
2017-05-18,12526.780000000032
2017-05-19,-292.5000000000132
2017-05-22,4280.069999999946
2017-05-23,7846.964999999965
2017-05-24,-4824.795000000038
2017-05-25,8524.035000000036
2017-05-26,-5055.19999999995
2017-05-29,-931.074999999984
2017-05-30,5222.339999999965
2017-05-31,-7255.779999999972
2017-06-01,10045.590000000058
2017-06-02,7973.174999999954
2017-06-05,6241.890000000064
2017-06-06,-5485.807500000025
2017-06-07,3610.920000000019
2017-06-08,7506.274999999992
2017-06-09,-9993.755000000012
2017-06-12,5757.095000000039
2017-06-13,-5962.5175
2017-06-14,6189.00999999998
2017-06-15,-1394.0950000000291
2017-06-16,-7722.799999999975
2017-06-19,3221.340000000034
2017-06-20,4068.199999999937
2017-06-21,9013.560000000003
2017-06-22,2717.079999999966
2017-06-23,5516.865000000048
2017-06-26,4990.217499999929
2017-06-27,-20947.922499999993
2017-06-28,1626.3649999999677
2017-06-29,-16701.579999999994
2017-06-30,-20429.89500000002
2017-07-03,-11054.839999999966
2017-07-04,-6078.960000000034
2017-07-05,1762.8000000000334
2017-07-06,-1657.4000000000165
2017-07-07,7906.207500000071
2017-07-10,-10474.455000000038
2017-07-11,-1779.577500000005
2017-07-12,29769.849999999973
2017-07-13,10866.875000000016
2017-07-14,59.029999999994885
2017-07-17,3932.3724999999226
2017-07-18,-2259.6299999999387
2017-07-19,-4495.975000000004
2017-07-20,1274.467500000019
2017-07-21,14942.124999999924
2017-07-24,-49.52999999994452
2017-07-25,-720.4850000000424
2017-07-26,6385.390000000033
2017-07-27,-9438.68999999999
2017-07-28,-6013.470000000056
2017-07-31,7453.699999999965
2017-08-01,15629.240000000045
2017-08-02,-1868.5000000000018
2017-08-03,-7928.980000000044
2017-08-04,12944.759999999964
2017-08-07,4802.64500000003
2017-08-08,-10538.189999999993
2017-08-09,-15001.330000000034
2017-08-10,-28887.76999999996
2017-08-11,5660.599999999951
2017-08-14,16698.885
2017-08-15,14916.05000000003
2017-08-16,-1775.1500000000137
2017-08-17,-30324.830000000038
2017-08-18,3312.032500000042
2017-08-21,-12291.172500000004
2017-08-22,21407.039999999997
2017-08-23,-13563.48500000008
2017-08-24,14774.800000000028
2017-08-25,-9695.754999999977
2017-08-28,-13264.635000000017
2017-08-29,12613.199999999993
2017-08-30,10583.59999999996
2017-08-31,1382.3250000000526
2017-09-01,-1491.8700000000172
2017-09-04,-6657.139999999983
2017-09-05,-19359.94000000004
2017-09-06,5297.685000000023
2017-09-07,-6670.714999999999
2017-09-08,2903.995000000028
2017-09-11,17548.91999999996
2017-09-12,-4147.975000000016
2017-09-13,-9246.619999999935
2017-09-14,-11074.755000000065
2017-09-15,18950.00000000008
2017-09-18,5458.869999999903
2017-09-19,5564.279999999994
2017-09-20,2838.8799999999787
2017-09-21,-7181.009999999943
2017-09-22,-2005.4749999999915
2017-09-25,-5710.855000000023
2017-09-26,3355.6999999999853
2017-09-27,6112.379999999991
2017-09-28,6711.87000000001
2017-09-29,3696.9699999999643
2017-10-02,10451.295000000038
2017-10-03,5626.339999999945
2017-10-04,6557.089999999979
2017-10-05,9387.385000000006
2017-10-06,-6636.52000000002
2017-10-09,2558.514999999985
2017-10-10,4797.955000000032
2017-10-11,6277.5650000000205
2017-10-12,-12951.640000000012
2017-10-13,-7379.509999999976
2017-10-16,20051.274999999954
2017-10-17,1227.3600000000165
2017-10-18,14989.000000000011
2017-10-19,-7829.98499999998
2017-10-20,20072.91499999991
2017-10-23,-14668.995000000014
2017-10-24,11824.390000000012
2017-10-25,-4228.874999999973
2017-10-26,12530.484999999957
2017-10-27,1363.670000000034
2017-10-30,-1036.7499999999911
2017-10-31,19363.894999999993
2017-11-01,-5597.805000000022
2017-11-02,-11002.280000000006
2017-11-03,3818.994999999987
2017-11-06,-10530.474999999953
2017-11-07,-6260.380000000005
2017-11-08,2065.1950000000143
2017-11-09,-3252.010000000022
2017-11-10,1265.2450000000158
2017-11-13,8671.24999999998
2017-11-14,-1443.4650000000236
2017-11-15,-8852.179999999966
2017-11-16,15594.844999999972
2017-11-17,-21535.799999999967
2017-11-20,13949.079999999967
2017-11-21,6243.525000000035
2017-11-22,-2750.2749999999874
2017-11-23,2562.875000000036
2017-11-24,14309.424999999972
2017-11-27,-3331.1299999999896
2017-11-28,10184.949999999995
2017-11-29,-4307.729999999977
2017-11-30,13804.649999999954
2017-12-01,-9023.529999999975
2017-12-04,4517.044999999965
2017-12-05,-9007.367500000038
2017-12-06,-3184.0224999999873
2017-12-07,18223.894999999997
2017-12-08,4482.350000000031
2017-12-11,13025.570000000062
2017-12-12,6974.177499999989
2017-12-13,-13508.46
2017-12-14,7237.72499999994
2017-12-15,21380.957499999997
2017-12-18,1267.585000000071
2017-12-19,4783.097500000015
2017-12-20,2741.1325000000597
2017-12-21,7073.319999999975
2017-12-22,243.67499999994664
2017-12-25,-992.1699999999433
2017-12-26,10208.822499999977
2017-12-27,-13305.425000000076
2017-12-28,-159.18499999992326
2017-12-29,-12962.174999999954
2018-01-01,1671.6999999999925
2018-01-02,6128.417499999967
2018-01-03,4909.352500000056
2018-01-04,16216.782500000005
2018-01-05,6550.642499999971
2018-01-08,2227.027500000094
2018-01-09,-3253.9125000000163
2018-01-10,268.89499999994473
2018-01-11,9292.90000000009
2018-01-12,18319.85499999991
2018-01-15,12714.907500000023
2018-01-16,-9025.784999999982
2018-01-17,6228.98499999999
2018-01-18,-1714.9025000000245
2018-01-19,5991.0224999999255
2018-01-22,10811.305000000091
2018-01-23,-7593.220000000002
2018-01-24,14218.905000000063
2018-01-25,-603.8025000000731
2018-01-26,20672.927499999994
2018-01-29,-12738.679999999991
2018-01-30,-23580.879999999957
2018-01-31,21667.452499999956
2018-02-01,15249.900000000036
2018-02-02,-29468.592500000046
2018-02-05,-68200.7175
2018-02-06,29276.875000000007
2018-02-07,-25022.527500000015
2018-02-08,-12823.460000000006
2018-02-09,4250.082499999982
2018-02-12,-285.3950000000291
2018-02-13,1647.0425000000223
2018-02-14,19438.985000000033
2018-02-15,9861.862499999985
2018-02-16,-4120.039999999963
2018-02-19,3113.680000000005
2018-02-20,-4147.995000000049
2018-02-21,-1558.0849999999639
2018-02-22,5883.892499999985
2018-02-23,2539.7774999999665
2018-02-26,4599.959999999988
2018-02-27,-6952.0000000000255
2018-02-28,-18486.332499999993
2018-03-01,-22981.582499999993
2018-03-02,9141.540000000023
2018-03-05,4698.4124999999585
2018-03-06,-6585.812499999973
2018-03-07,10396.01499999997
2018-03-08,-11296.734999999995
2018-03-09,18995.25750000001
2018-03-12,-2370.875000000013
2018-03-13,-4019.4700000000184
2018-03-14,3496.1400000000526
2018-03-15,3770.379999999945
2018-03-16,2105.550000000054
2018-03-19,8339.519999999944
2018-03-20,5042.77
2018-03-21,4460.979999999993
2018-03-22,-20345.609999999993
2018-03-23,-1948.455000000001
2018-03-26,17993.33000000004
2018-03-27,-14307.950000000088
2018-03-28,-4161.287499999913
2018-03-29,-8741.109999999993
2018-04-02,-9488.862500000007
2018-04-03,9125.19750000001
2018-04-04,12398.35749999999
2018-04-05,-12705.637500000017
2018-04-06,-9316.317499999996
2018-04-09,897.122499999968
2018-04-10,20324.71000000006
2018-04-11,1513.594999999958
2018-04-12,22.85000000001537
2018-04-13,2861.29999999995
2018-04-16,6798.220000000037
2018-04-17,3343.149999999998
2018-04-18,6564.075000000028
2018-04-19,353.7000000000034
2018-04-20,-8.075000000009936
2018-04-23,7265.799999999993
2018-04-24,-11538.93499999997
2018-04-25,-4373.885000000005
2018-04-26,4619.5449999999755
2018-04-27,-9199.48
2018-04-30,-2513.385000000032
2018-05-01,-13958.007500000025
2018-05-02,-3042.624999999963
2018-05-03,-2053.674999999992
2018-05-04,10699.155000000028
2018-05-07,4551.487499999974
2018-05-08,-3622.4724999999817
2018-05-09,11517.69000000001
2018-05-10,2650.825000000001
2018-05-11,5598.074999999981
2018-05-14,6548.665000000024
2018-05-15,-2746.1500000000246
2018-05-16,10404.265000000009
2018-05-17,-2256.6200000000113
2018-05-18,-14584.250000000013
2018-05-21,9742.085000000014
2018-05-22,-7002.224999999997
2018-05-23,-14224.675000000045
2018-05-24,-3391.7925000000023
2018-05-25,-22126.39749999998
2018-05-28,-4188.705000000021
2018-05-29,-18518.91999999999
2018-05-30,26001.589999999986
2018-05-31,-3069.9474999999984
2018-06-01,6248.2324999999955
2018-06-04,13653.714999999976
2018-06-05,1141.495000000034
2018-06-06,6101.944999999994
2018-06-07,-1238.360000000026
2018-06-08,-181.13499999998186
2018-06-11,6184.544999999977
2018-06-12,-4770.975000000013
2018-06-13,3619.280000000015
2018-06-14,9571.070000000027
2018-06-15,-11155.154999999988
2018-06-18,2701.9049999999543
2018-06-19,2551.6699999999614
2018-06-20,1881.7200000000448
2018-06-21,-11857.689999999988
2018-06-22,7825.729999999972
2018-06-25,-6978.800000000003
2018-06-26,6802.300000000023
2018-06-27,-3985.73
2018-06-28,6586.644999999994
2018-06-29,-1514.880000000017
2018-07-02,7489.175000000029
2018-07-03,-8506.332500000006
2018-07-04,-346.88750000001494
2018-07-05,947.6650000000193
2018-07-06,-748.255000000009
2018-07-09,20199.68249999999
2018-07-10,-2631.2374999999324
2018-07-11,-7387.405000000089
2018-07-12,3361.4950000000026
2018-07-13,2675.9749999999954
2018-07-16,-14457.14499999996
2018-07-17,5762.055000000013
2018-07-18,4186.099999999983
2018-07-19,-7337.610000000021
2018-07-20,1262.3899999999992
2018-07-23,6532.36999999996
2018-07-24,2985.000000000086
2018-07-25,-999.6400000000585
2018-07-26,6831.5350000000135
2018-07-27,-10844.16999999994
2018-07-30,-8373.555000000079
2018-07-31,-3407.520000000015
2018-08-01,-569.9200000000177
2018-08-02,7497.215000000036
2018-08-03,-5583.354999999958
2018-08-06,3011.5299999999966
2018-08-07,3141.4949999999426
2018-08-08,-12447.619999999992
2018-08-09,1781.9250000000911
2018-08-10,11288.169999999907
2018-08-13,-1388.8999999999787
2018-08-14,-2115.1999999999252
2018-08-15,-6236.320000000113
2018-08-16,533.7200000000851
2018-08-17,-5278.840000000005
2018-08-20,7511.537500000043
2018-08-21,2108.997500000009
2018-08-22,18347.4025
2018-08-23,5736.942499999988
2018-08-24,6022.1800000000285
2018-08-27,11876.824999999973
2018-08-28,4845.70000000001
2018-08-29,11096.940000000006
2018-08-30,178.77000000004747
2018-08-31,-4494.765000000018
2018-09-03,4966.489999999964
2018-09-04,-910.1699999999475
2018-09-05,-10309.040000000005
2018-09-06,-8081.934999999949
2018-09-07,859.8149999999833
2018-09-10,3780.6349999999866
2018-09-11,10442.124999999996
2018-09-12,-3383.9999999999736
2018-09-13,2562.0350000000017
2018-09-14,8436.069999999976
2018-09-17,-14343.714999999978
2018-09-18,7602.60000000001
2018-09-19,1402.6000000000367
2018-09-20,-3707.2050000000104
2018-09-21,-5139.255000000003
2018-09-24,4328.569999999978
2018-09-25,-4591.899999999957
2018-09-26,1793.9999999999654
2018-09-27,6909.9800000000205
2018-09-28,26.624999999985988
2018-10-01,992.4999999999882
2018-10-02,-8203.754999999954
2018-10-03,8664.044999999951
2018-10-04,-7021.429999999978
2018-10-05,-10509.05500000002
2018-10-08,115.80000000000007
2018-10-09,-1310.400000000028
2018-10-10,-37299.799999999996
2018-10-11,-20254.409999999967
2018-10-12,1934.6899999999962
2018-10-15,-9026.855000000014
2018-10-16,19579.500000000022
2018-10-17,-7194.555000000018
2018-10-18,-2974.809999999975
2018-10-19,-148.30000000000518
2018-10-22,2869.9599999999764
2018-10-23,-16486.355000000007
2018-10-24,-21834.29999999998
2018-10-25,7495.089999999977
2018-10-26,-1548.8999999999985
2018-10-29,-4724.004999999995
2018-10-30,11898.094999999985
2018-10-31,5731.880000000014
2018-11-01,-17528.954999999987
2018-11-02,-6114.784999999979
2018-11-05,7992.845000000001
2018-11-06,4527.499999999969
2018-11-07,11274.445000000036
2018-11-08,-3563.955000000022
2018-11-09,-833.9549999999757
2018-11-12,-5497.7300000000005
2018-11-13,-7450.655000000013
2018-11-14,-4392.119999999999
2018-11-15,-7023.5000000000155
2018-11-16,-186.99999999996817
2018-11-19,-7285.019999999989
2018-11-20,-15023.699999999995
2018-11-21,-1026.9300000000562
2018-11-22,-6626.254999999937
2018-11-23,-4398.680000000025
2018-11-26,9946.575000000052
2018-11-27,7276.054999999993
2018-11-28,1672.9200000000076
2018-11-29,-3774.7700000000136
2018-11-30,2516.2700000000277
2018-12-03,1783.2850000000149
2018-12-04,-18913.620000000024
2018-12-05,-8764.819999999952
2018-12-06,2022.4449999999947
2018-12-07,-13290.840000000007
2018-12-10,2954.704999999979
2018-12-11,-3413.7749999999974
2018-12-12,561.5050000000207
2018-12-13,2058.399999999991
2018-12-14,-9742.897499999968
2018-12-17,-10203.22250000001
2018-12-18,-4070.8525000000786
2018-12-19,-7936.797499999944
2018-12-20,-8848.402499999978
2018-12-21,-6101.33
2018-12-24,-14246.962500000076
2018-12-25,2601.9050000000343
2018-12-26,12301.527499999987
2018-12-27,824.8174999999896
2018-12-28,-6671.677499999959
2018-12-31,-2440.9050000000097
2019-01-01,807.6625000000012
2019-01-02,-5640.602500000011
2019-01-03,-11837.759999999986
2019-01-04,3118.745000000029
2019-01-07,929.1974999999616
2019-01-08,2232.4649999999992
2019-01-09,-6639.382499999993
2019-01-10,4150.187499999988
2019-01-11,4703.634999999952
2019-01-14,8005.130000000023
2019-01-15,134.52500000003056
2019-01-16,-1107.205000000026
2019-01-17,-7499.374999999973
2019-01-18,-11116.320000000016
2019-01-21,2609.749999999997
2019-01-22,4953.370000000024
2019-01-23,3531.982499999987
2019-01-24,3370.084999999977
2019-01-25,-15286.637499999959
2019-01-28,10720.90750000001
2019-01-29,-4714.025000000021
2019-01-30,705.8949999999666
2019-01-31,7870.257500000035
2019-02-01,-10961.875000000022
2019-02-04,-10546.487500000008
2019-02-05,6151.8500000000295
2019-02-06,-730.3099999999865
2019-02-07,9458.574999999955
2019-02-08,3740.305000000034
2019-02-11,1269.2450000000183
2019-02-12,-12431.375000000005
2019-02-13,-4203.375000000002
2019-02-14,3095.2949999999655
2019-02-15,-14433.73999999999
2019-02-18,-2617.957499999993
2019-02-19,3089.857499999961
2019-02-20,-4190.342499999942
2019-02-21,-7092.592500000025
2019-02-22,2818.352499999986
2019-02-25,338.93500000004485
2019-02-26,-3701.932500000017
2019-02-27,-5021.099999999914
2019-02-28,-5840.482500000059
2019-03-01,5930.115000000024
2019-03-04,-4039.625000000026
2019-03-05,2196.344999999909
2019-03-06,4036.309999999972
2019-03-07,8402.517500000093
2019-03-08,-2478.410000000042
2019-03-11,-13877.94499999987
2019-03-12,3882.2149999999197
2019-03-13,-5304.670000000001
2019-03-14,4117.420000000066
2019-03-15,-397.92249999996045
2019-03-18,-5372.875000000063
2019-03-19,-2458.109999999987
2019-03-20,2345.594999999944
2019-03-21,4402.014999999989
2019-03-22,-6626.059999999874
2019-03-25,-2326.4000000001524
2019-03-26,5811.854999999989
2019-03-27,8738.425000000114
2019-03-28,3724.1799999999216
2019-03-29,9442.452500000018
2019-04-01,-14798.597499999982
2019-04-02,2012.7174999999727
2019-04-03,-15081.535
2019-04-04,4811.290000000059
2019-04-05,5251.98499999987
2019-04-08,-4626.614999999965
2019-04-09,1307.3900000001447
2019-04-10,1584.4949999999617
2019-04-11,1967.9599999998964
2019-04-12,-7404.959999999898
2019-04-15,-1469.6900000000792
2019-04-16,9727.140000000058
2019-04-17,-464.13500000001216
2019-04-18,6800.220000000064
2019-04-22,1357.8999999999037
2019-04-23,13652.965000000057
2019-04-24,5496.455000000049
2019-04-25,-9265.99499999999
2019-04-26,-1909.3399999999938
2019-04-29,518.4299999999964
2019-04-30,-902.7300000000266
2019-05-01,4802.549999999964
2019-05-02,-792.3349999999697
2019-05-03,-941.4375000000606
2019-05-06,4568.522500000018
2019-05-07,-9541.23249999995
2019-05-08,3242.6774999999757
2019-05-09,12907.492499999955
2019-05-10,3762.5775000001127
2019-05-13,-17796.545000000075
2019-05-14,-1685.1174999998914
2019-05-15,7385.66750000003
2019-05-16,1894.4599999998122
2019-05-17,7461.0900000000765
2019-05-20,-14112.194999999985
2019-05-21,1560.600000000067
2019-05-22,8007.869999999931
2019-05-23,-2516.8000000000197
2019-05-24,-14672.567499999908
2019-05-27,1626.7824999999077
2019-05-28,-5631.3199999999415
2019-05-29,5772.53749999985
2019-05-30,-2715.1524999999447
2019-05-31,11703.632499999943
2019-06-03,-5694.939999999893
2019-06-04,7021.299999999923
2019-06-05,19944.295000000006
2019-06-06,-5644.17499999999
2019-06-07,9217.89499999997
2019-06-10,5730.644999999992
2019-06-11,-4297.26999999997
2019-06-12,2980.6449999999895
2019-06-13,-6310.367500000009
2019-06-14,-7565.14249999997
2019-06-17,-559.7025000000746
2019-06-18,7990.085000000058
2019-06-19,12135.127499999975
2019-06-20,-13954.847499999925
2019-06-21,-9139.560000000003
2019-06-24,-6130.36249999998
2019-06-25,2069.950000000016
2019-06-26,-5652.187500000035
2019-06-27,2652.3300000000495
2019-06-28,4084.222499999997
2019-07-01,9629.757499999976
2019-07-02,16719.825000000008
2019-07-03,-2462.660000000013
2019-07-04,3361.527499999989
2019-07-05,-19814.450000000008
2019-07-08,-2154.512499999987
2019-07-09,-4191.107500000012
2019-07-10,-4846.987499999983
2019-07-11,-9540.204999999994
2019-07-12,-480.0950000000165
2019-07-15,10773.592500000006
2019-07-16,2603.4425
2019-07-17,2975.1249999999995
2019-07-18,3125.619999999997
2019-07-19,-13234.075000000023
2019-07-22,4803.100000000022
2019-07-23,-2246.6100000000265
2019-07-24,6902.632500000013
2019-07-25,-6380.2799999999725
2019-07-26,4382.384999999968
2019-07-29,8960.777500000122
2019-07-30,-5372.180000000043
2019-07-31,-6294.127499999994
2019-08-01,29347.827500000076
2019-08-02,3355.454999999985
2019-08-05,-12228.180000000064
2019-08-06,19629.134999999955
2019-08-07,-3278.184999999978
2019-08-08,3421.1200000000085
2019-08-09,-7113.440000000056
2019-08-12,2931.5949999999616
2019-08-13,-9857.574999999917
2019-08-14,4661.589999999943
2019-08-15,9106.980000000009
2019-08-16,1687.9299999999853
2019-08-19,-635.149999999956
2019-08-20,-2624.6500000000533
2019-08-21,3175.8100000000004
2019-08-22,-6495.049999999954
2019-08-23,-4839.455000000061
2019-08-26,8926.809999999994
2019-08-27,1936.3000000000332
2019-08-28,-954.7699999999776
2019-08-29,872.532499999852
2019-08-30,5408.710000000022
2019-09-02,2034.567500000022
2019-09-03,15306.91999999999
2019-09-04,-29194.37250000002
2019-09-05,-24439.424999999956
2019-09-06,-7602.784999999991
2019-09-09,-24600.610000000037
2019-09-10,-16053.579999999965
2019-09-11,10833.222499999962
2019-09-12,-4129.634999999989
2019-09-13,-24680.684999999987
2019-09-16,-15132.997500000018
2019-09-17,16458.010000000028
2019-09-18,-2903.9325000000176
2019-09-19,4024.9024999999865
2019-09-20,12340.675000000012
2019-09-23,3425.2900000000036
2019-09-24,17268.90999999998
2019-09-25,-20462.967499999973
2019-09-26,5856.25249999997
2019-09-27,-692.179999999959
2019-09-30,-3607.589999999983
2019-10-01,10736.989999999985
2019-10-02,18153.81499999995
2019-10-03,8006.450000000052
2019-10-04,-3427.1450000000077
2019-10-07,-7214.239999999977
2019-10-08,-520.6050000000022
2019-10-09,-4807.415000000075
2019-10-10,-13802.674999999977
2019-10-11,-25766.61000000001
2019-10-14,3223.144999999999
2019-10-15,-7683.310000000003
2019-10-16,3263.6299999999787
2019-10-17,-5168.109999999963
2019-10-18,-1851.039999999926
2019-10-21,-905.3950000000058
2019-10-22,4276.480000000018
2019-10-23,-10639.567499999972
2019-10-24,2726.6324999999206
2019-10-25,-8174.044999999992
2019-10-28,-9676.462499999981
2019-10-29,-1946.5474999999994
2019-10-30,10930.990000000007
2019-10-31,14478.522499999988
2019-11-01,-11270.239999999987
2019-11-04,-11950.102499999968
2019-11-05,-16772.1450000001
2019-11-06,13494.950000000033
2019-11-07,-14079.175000000057
2019-11-08,-1473.8974999999198
2019-11-11,7461.557499999984
2019-11-12,-33.88000000004055
2019-11-13,10458.882499999929
2019-11-14,9166.38750000006
2019-11-15,-1364.4350000000386
2019-11-18,10530.189999999979
2019-11-19,3100.730000000037
2019-11-20,485.24999999993054
2019-11-21,-7202.372499999999
2019-11-22,2205.2650000001154
2019-11-25,7331.462499999934
2019-11-26,2960.1799999999585
2019-11-27,404.57999999996485
2019-11-28,-795.6199999999401
2019-11-29,-770.6549999999755
2019-12-02,-19321.385000000053
2019-12-03,2443.3000000000156
2019-12-04,-3799.5599999999804
2019-12-05,1971.1949999999586
2019-12-06,-3474.959999999948
2019-12-09,4728.745000000053
2019-12-10,-4879.160000000139
2019-12-11,2959.490000000006
2019-12-12,-20965.625000000025
2019-12-13,15980.170000000053
2019-12-16,-14316.210000000043
2019-12-17,-709.2549999999798
2019-12-18,5275.200000000019
2019-12-19,2655.6149999999657
2019-12-20,4986.569999999979
2019-12-23,6589.645000000087
2019-12-24,7309.69000000001
2019-12-25,-2485.0250000000365
2019-12-26,4830.974999999993
2019-12-27,-15273.745000000223
2019-12-30,-11018.704999999982
2019-12-31,1155.3000000000382
2020-01-01,436.0999999999917
2020-01-02,18451.49999999998
2020-01-03,24539.650000000067
2020-01-06,-2424.3150000001024
2020-01-07,10173.750000000033
2020-01-08,-6939.275000000049
2020-01-09,6991.825000000004
2020-01-10,-11808.609999999975
2020-01-13,5076.644999999968
2020-01-14,-7822.300000000028
2020-01-15,6512.744999999988
2020-01-16,21010.14500000011
2020-01-17,-2575.345000000135
2020-01-20,3370.2200000000917
2020-01-21,787.772499999905
2020-01-22,-17272.42249999997
2020-01-23,3328.195000000049
2020-01-24,-6149.300000000072
2020-01-27,-11409.344999999925
2020-01-28,10988.790000000026
2020-01-29,5881.325000000009
2020-01-30,11193.644999999871
2020-01-31,-24656.95499999996
2020-02-03,1830.2799999999727
2020-02-04,11184.650000000114
2020-02-05,25957.594999999932
2020-02-06,3440.594999999984
2020-02-07,-3283.0400000001364
2020-02-10,12129.660000000149
2020-02-11,174.39999999988459
2020-02-12,1481.8000000000993
2020-02-13,2326.459999999913
2020-02-14,851.6899999999971
2020-02-17,-2231.920000000076
2020-02-18,3306.990000000133
2020-02-19,14628.564999999831
2020-02-20,12677.890000000001
2020-02-21,-3059.529999999983
2020-02-24,707.1299999998648
2020-02-25,-23528.49999999995
2020-02-26,-5017.279999999954
2020-02-27,-21643.200000000026
2020-02-28,3110.7099999999177
2020-03-02,-6889.714999999958
2020-03-03,-8248.084999999963
2020-03-04,2098.5849999999646
2020-03-05,11056.604999999985
2020-03-06,16770.420000000016
2020-03-09,12635.149999999994
2020-03-10,-22369.109999999968
2020-03-11,-4158.3150000000205
2020-03-12,-25187.950000000015
2020-03-13,7278.840000000002
2020-03-16,8754.509999999982
2020-03-17,-2255.6649999999904
2020-03-18,6825.160000000004
2020-03-19,-14161.720000000005
2020-03-20,9817.055000000018
2020-03-23,3269.699999999979
2020-03-24,-68.10500000003202
2020-03-25,3989.719999999993
2020-03-26,7889.700000000008
2020-03-27,16981.60000000001
2020-03-30,2334.2274999999795
2020-03-31,1835.1325000000004
2020-04-01,13416.93000000002
2020-04-02,-589.3000000000238
2020-04-03,-328.05000000001564
2020-04-06,-3407.63999999996
2020-04-07,-8261.720000000001
2020-04-08,-9769.110000000004
2020-04-09,16816.844999999987
2020-04-13,521.4299999999844
2020-04-14,5922.812500000049
2020-04-15,9285.812499999976
2020-04-16,-14530.902499999976
2020-04-17,4862.179999999964
2020-04-20,1736.9800000000146
2020-04-21,23480.839999999993
2020-04-22,-11000.109999999953
2020-04-23,-2153.6200000000244
2020-04-24,-855.5899999999831
2020-04-27,-5232.110000000002
2020-04-28,470.14000000002943
2020-04-29,-12242.177499999983
2020-04-30,-7197.68750000004
2020-05-01,3330.3974999999987
2020-05-04,-12876.460000000025
2020-05-05,-14170.587499999983
2020-05-06,8082.340000000018
2020-05-07,-1097.4600000000269
2020-05-08,-8421.587499999992
2020-05-11,2358.307499999998
2020-05-12,11889.520000000026
2020-05-13,3995.1250000000045
2020-05-14,-6982.357499999999
2020-05-15,1030.4949999999872
2020-05-18,-26676.175
2020-05-19,10589.632500000014
2020-05-20,2401.1999999999825
2020-05-21,-2750.4599999999905
2020-05-22,1990.0950000000096
2020-05-25,-2136.8250000000035
2020-05-26,-8462.447499999995
2020-05-27,1885.2625000000392
2020-05-28,7932.224999999978
2020-05-29,926.4874999999574
2020-06-01,3452.4650000000074
2020-06-02,-9545.52499999999
2020-06-03,-10001.200000000032
2020-06-04,-1150.3899999999956
2020-06-05,-21197.350000000013
2020-06-08,1502.6400000000096
2020-06-09,8122.695000000013
2020-06-10,18211.745
2020-06-11,4874.15
2020-06-12,-1732.375000000019
2020-06-15,-9555.944999999989
2020-06-16,-152.975000000004
2020-06-17,386.0550000000016
2020-06-18,-6188.705000000002
2020-06-19,6361.240000000022
2020-06-22,-723.3800000000043
2020-06-23,3453.4875000000047
2020-06-24,7552.2749999999705
2020-06-25,6533.187500000014
2020-06-26,12209.232500000006
2020-06-29,-13030.19750000002
2020-06-30,-2352.24499999999
2020-07-01,-5757.7399999999925
2020-07-02,253.00749999999124
2020-07-03,-138.92999999999756
2020-07-06,-7132.920000000001
2020-07-07,5358.54499999998
2020-07-08,7331.950000000013
2020-07-09,-870.1800000000076
2020-07-10,-1538.9175000000132
2020-07-13,12453.145000000011
2020-07-14,-780.0249999999846
2020-07-15,-4056.537499999991
2020-07-16,-1197.145000000031
2020-07-17,3131.5175000000118
2020-07-20,11931.007500000005
2020-07-21,11780.089999999982
2020-07-22,441.2124999999961
2020-07-23,998.4074999999909
2020-07-24,-2391.8849999999866
2020-07-27,8837.439999999984
2020-07-28,4362.890000000022
2020-07-29,3638.862499999979
2020-07-30,10443.132499999994
2020-07-31,4578.117500000009
2020-08-03,-12054.5525
2020-08-04,11225.465000000031
2020-08-05,-6970.665000000047
2020-08-06,6984.90500000003
2020-08-07,-8719.672500000019
2020-08-10,-9963.259999999984
2020-08-11,-17764.835000000014
2020-08-12,-8678.815000000002
2020-08-13,-17130.827499999978
2020-08-14,1167.9599999999907
2020-08-17,-1925.4349999999986
2020-08-18,5626.194999999988
2020-08-19,-3976.309999999984
2020-08-20,5215.922499999989
2020-08-21,4230.232500000011
2020-08-24,-7486.520000000006
2020-08-25,-10930.219999999998
2020-08-26,5550.754999999997
2020-08-27,-7407.555000000004
2020-08-28,6569.614999999995
2020-08-31,2760.7449999999994
2020-09-01,3553.840000000006
2020-09-02,6234.890000000009
2020-09-03,-6688.114999999998
2020-09-04,-7459.999999999979
2020-09-07,218.76999999997872
2020-09-08,856.9174999999885
2020-09-09,-2537.972500000006
2020-09-10,-5909.79999999999
2020-09-11,-4817.98000000002
2020-09-14,7315.870000000009
2020-09-15,-2170.450000000013
2020-09-16,-8195.849999999995
2020-09-17,-8647.240000000013
2020-09-18,-11031.084999999968
2020-09-21,5804.829999999962
2020-09-22,1101.879999999991
2020-09-23,-23524.354999999992
2020-09-24,6343.679999999989
2020-09-25,-41.59999999998945
2020-09-28,7267.3199999999915
2020-09-29,10073.105000000034
2020-09-30,-5515.555000000057
2020-10-01,617.3849999999924
2020-10-02,5742.930000000015
2020-10-05,-12298.269999999995
2020-10-06,-5849.634999999994
2020-10-07,-1806.4049999999797
2020-10-08,-2566.895000000015
2020-10-09,725.1000000000297
2020-10-12,11683.644999999984
2020-10-13,-2556.0799999999717
2020-10-14,-3562.600000000001
2020-10-15,1394.3899999999999
2020-10-16,-1150.054999999983
2020-10-19,783.7050000000024
2020-10-20,-476.73500000000547
2020-10-21,3601.2549999999887
2020-10-22,-3449.3950000000027
2020-10-23,2813.0500000000184
2020-10-26,2347.384999999997
2020-10-27,1356.944999999993
2020-10-28,1439.3800000000324
2020-10-29,-3544.5800000000318
2020-10-30,-3736.105000000036
2020-11-02,-85.07499999993388
2020-11-03,-8894.650000000016
2020-11-04,11962.214999999955
2020-11-05,5432.410000000042
2020-11-06,2687.3849999999757
2020-11-09,-25889.325000000015
2020-11-10,-9931.50499999996
2020-11-11,1301.4999999999657
2020-11-12,6425.050000000032
2020-11-13,12775.025000000009
2020-11-16,-2030.8300000000181
2020-11-17,-2904.2049999999927
2020-11-18,-6329.544999999998
2020-11-19,7638.159999999999
2020-11-20,-3369.90500000001
2020-11-23,-13306.304999999984
2020-11-24,-5886.754999999971
2020-11-25,-5295.175000000077
2020-11-26,3880.0649999999737
2020-11-27,1606.3749999999998
2020-11-30,-175.8850000000399
2020-12-01,8628.370000000008
2020-12-02,1335.31499999998
2020-12-03,2852.085000000008
2020-12-04,-1764.940000000041
2020-12-07,12054.145000000042
2020-12-08,-783.2899999999929
2020-12-09,-4205.504999999989
2020-12-10,1250.9499999999882
2020-12-11,695.4349999999973
2020-12-14,-10807.305000000035
2020-12-15,7154.045000000051
2020-12-16,2492.8449999999502
2020-12-17,6763.645000000023
2020-12-18,-1121.9549999999742
2020-12-21,8372.524999999998
2020-12-22,1695.7149999999835
2020-12-23,-5871.8600000000015
2020-12-24,2302.0000000000064
2020-12-28,9714.400000000009
2020-12-29,-3457.505000000012
2020-12-30,-924.9149999999985
2020-12-31,-10533.705000000033
2021-01-04,12004.500000000058
2021-01-05,-5570.305000000043
2021-01-06,-6506.55999999998
2021-01-07,7577.749999999978
2021-01-08,-16651.71500000001
2021-01-11,-6638.2649999999685
2021-01-12,-3349.554999999991
2021-01-13,-296.6149999999976
2021-01-14,212.20500000000737
2021-01-15,-12032.50000000003
2021-01-18,6407.2499999999945
2021-01-19,6217.562499999998
2021-01-20,9331.735000000039
2021-01-21,-3984.900000000028
2021-01-22,-4087.7000000000253
2021-01-25,-1999.224999999985
2021-01-26,-3955.1000000000467
2021-01-27,-20015.22999999997
2021-01-28,11764.315000000022
2021-01-29,-3020.855000000036
2021-02-01,2846.6650000000404
2021-02-02,-22478.037500000053
2021-02-03,-212.99249999999563
2021-02-04,-8165.859999999997
2021-02-05,5773.9175000000205
2021-02-08,8264.727500000034
2021-02-09,3274.672500000002
2021-02-10,-7852.507500000007
2021-02-11,610.1049999999688
2021-02-12,-6558.332500000033
2021-02-15,-6948.902499999996
2021-02-16,-3156.6174999999594
2021-02-17,-11064.087499999985
2021-02-18,1392.9074999999523
2021-02-19,10549.170000000055
2021-02-22,-5447.332500000066
2021-02-23,1515.6975000000175
2021-02-24,10645.157499999956
2021-02-25,-20350.7925
2021-02-26,-21557.850000000013
2021-03-01,2797.76249999998
2021-03-02,6691.40000000003
2021-03-03,-17049.982499999936
2021-03-04,-18069.722499999916
2021-03-05,10793.774999999876
2021-03-08,11175.175000000052
2021-03-09,4688.032500000014
2021-03-10,-3897.090000000002
2021-03-11,1286.6450000000104
2021-03-12,5371.002499999957
2021-03-15,9107.012500000012
2021-03-16,-2563.4000000000124
2021-03-17,9919.712499999981
2021-03-18,11053.262499999993
2021-03-19,2008.9100000000453
2021-03-22,-6808.504999999941
2021-03-23,-24258.707500000022
2021-03-24,-1032.59500000006
2021-03-25,1811.1675000000191
2021-03-26,14781.53750000002
2021-03-29,-4721.994999999991
2021-03-30,-344.03750000002765
2021-03-31,18502.27749999998
2021-04-01,-2698.8649999999843
2021-04-02,13808.682500000083
2021-04-05,-11042.24000000006
2021-04-06,-11178.247500000045
2021-04-07,-7260.400000000014
2021-04-08,-4237.542499999966
2021-04-09,7914.577499999967
2021-04-12,21.31750000005266
2021-04-13,-7670.242499999985
2021-04-14,15390.019999999984
2021-04-15,117.03000000000999
2021-04-16,-1223.1100000000395
2021-04-19,-5631.90750000004
2021-04-20,-9820.507499999889
2021-04-21,6304.869999999935
2021-04-22,714.147500000047
2021-04-23,6276.974999999906
2021-04-26,7878.13750000011
2021-04-27,11857.924999999997
2021-04-28,-120.41750000001701
2021-04-29,6132.379999999966
2021-04-30,-7290.144999999971
2021-05-03,2348.1424999998717
2021-05-04,-489.4899999998136
2021-05-05,-8746.642500000115
2021-05-06,-1239.4049999999647
2021-05-07,-2841.182499999996
2021-05-10,519.3900000000484
2021-05-11,13954.387499999952
2021-05-12,6386.907499999991
2021-05-13,-16052.592500000026
2021-05-14,2303.282500000012
2021-05-17,3794.107500000115
2021-05-18,-3195.9250000001484
2021-05-19,-2872.5175
2021-05-20,-18114.21749999993
2021-05-21,4594.53999999995
2021-05-24,3315.8400000000215
2021-05-25,-18302.63000000003
2021-05-26,7651.272499999964
2021-05-27,26224.555000000033
2021-05-28,-8598.269999999895
2021-05-31,-5784.345000000045
2021-06-01,10185.302500000002
2021-06-02,-2285.3025000000307
2021-06-03,14632.804999999918
2021-06-04,-13916.102499999994
2021-06-07,-57.92750000003811
2021-06-08,526.7674999999986
2021-06-09,-10809.284999999916
2021-06-10,-13172.522500000041
2021-06-11,-2358.984999999995
2021-06-14,-1039.8624999999392
2021-06-15,5.699999999993224
2021-06-16,21898.827499999985
2021-06-17,-25446.78000000004
2021-06-18,4601.509999999979
2021-06-21,12336.724999999986
2021-06-22,-7496.86749999993
2021-06-23,7639.427499999962
2021-06-24,-1328.612499999964
2021-06-25,-4676.552500000135
2021-06-28,-6939.214999999866
2021-06-29,-146.70000000014295
2021-06-30,14039.265000000098
2021-07-01,3568.832499999907
2021-07-02,-10879.54250000002
2021-07-05,3523.0900000000665
2021-07-06,-33682.11750000003
2021-07-07,-6235.174999999919
2021-07-08,-14176.565000000068
2021-07-09,16130.940000000042
2021-07-12,8735.119999999997
2021-07-13,11746.652499999964
2021-07-14,-20649.614999999936
2021-07-15,-9125.847500000024
2021-07-16,2591.337500000045
2021-07-19,-31933.45500000011
2021-07-20,6894.735000000085
2021-07-21,22673.63499999995
2021-07-22,-1523.0875000000085
2021-07-23,4569.847500000029
2021-07-26,4338.515000000002
2021-07-27,-9623.70999999998
2021-07-28,-6818.530000000047
2021-07-29,3156.3075000000636
2021-07-30,-7457.974999999998
2021-08-02,-13128.827500000001
2021-08-03,-5553.325000000035
2021-08-04,-1297.2450000000304
2021-08-05,15665.96999999997
2021-08-06,16718.90250000001
2021-08-09,2463.3000000000357
2021-08-10,13483.44499999997
2021-08-11,-1399.8925000000108
2021-08-12,1958.8125000000243
2021-08-13,-21699.774999999947
2021-08-16,-8369.587499999989
2021-08-17,-7383.5025000000105
2021-08-18,-4704.200000000012
2021-08-19,-12308.559999999903
2021-08-20,-4386.25000000002
2021-08-23,3249.5250000000606
2021-08-24,16493.377500000002
2021-08-25,19497.915000000008
2021-08-26,-2049.774999999932
2021-08-27,-4332.792500000046
2021-08-30,304.70750000005233
2021-08-31,653.7499999999252
2021-09-01,-9614.82749999987
2021-09-02,7109.709999999949
2021-09-03,-3415.050000000081
2021-09-06,2082.6425000001122
2021-09-07,5622.930000000063
2021-09-08,-1463.9500000001433
2021-09-09,-14161.549999999912
2021-09-10,14859.709999999894
2021-09-13,-774.9199999999772
2021-09-14,-13030.044999999986
2021-09-15,13340.550000000056
2021-09-16,19377.43499999992
2021-09-17,8228.77499999998
2021-09-20,-19147.57499999991
2021-09-21,-3202.0700000001098
2021-09-22,13192.54499999988
2021-09-23,14189.730000000094
2021-09-24,10344.795000000124
2021-09-27,18760.11999999996
2021-09-28,5354.907500000067
2021-09-29,11829.960000000006
2021-09-30,-9297.357500000098
2021-10-01,-4785.22499999991
2021-10-04,-9036.644999999991
2021-10-05,16658.47999999997
2021-10-06,-9893.330000000014
2021-10-07,14396.73499999994
2021-10-08,2416.260000000023
2021-10-11,5584.610000000037
2021-10-12,-5515.785000000052
2021-10-13,2440.64499999998
2021-10-14,7441.5750000000335
2021-10-15,18393.447499999973
2021-10-18,4766.732499999994
2021-10-19,5733.450000000047
2021-10-20,-1404.309999999979
2021-10-21,-9620.825000000084
2021-10-22,-4587.745000000014
2021-10-25,11939.770000000088
2021-10-26,-5572.775000000038
2021-10-27,-17278.80499999997
2021-10-28,3346.6250000000337
2021-10-29,6951.229999999907
2021-11-01,1806.5650000000016
2021-11-02,1415.3699999999662
2021-11-03,-5935.7
2021-11-04,-4704.699999999945
2021-11-05,-17652.280000000006
2021-11-08,2402.924999999999
2021-11-09,-6584.374999999971
2021-11-10,5136.549999999983
2021-11-11,6404.844999999937
2021-11-12,-4079.7999999999847
2021-11-15,13299.010000000022
2021-11-16,14251.790000000057
2021-11-17,-26588.620000000003
2021-11-18,638.8649999999501
2021-11-19,-3886.3299999999244
2021-11-22,22964.26000000001
2021-11-23,14832.02749999996
2021-11-24,6345.165000000022
2021-11-25,-10680.752500000111
2021-11-26,-66516.1249999999
2021-11-29,14577.739999999842
2021-11-30,-23824.88999999998
2021-12-01,-11309.944999999996
2021-12-02,7576.339999999971
2021-12-03,-12103.835000000015
2021-12-06,20199.060000000016
2021-12-07,11211.969999999996
2021-12-08,5280.925000000104
2021-12-09,-1789.4750000000622
2021-12-10,1718.2699999999475
2021-12-13,-9227.71499999991
2021-12-14,2012.1200000000213
2021-12-15,5545.494999999962
2021-12-16,-6571.524999999896
2021-12-17,1864.5099999998884
2021-12-20,-4867.444999999878
2021-12-21,14389.154999999888
2021-12-22,6563.95000000002
2021-12-23,3860.9150000000345
2021-12-27,8071.399999999939
2021-12-28,-2627.1050000000714
2021-12-29,5475.650000000035
2021-12-30,-9109.604999999945
2021-12-31,-11417.500000000005
2022-01-03,22817.650000000016
2022-01-04,8804.935000000029
2022-01-05,6281.284999999952
2022-01-06,15641.530000000088
2022-01-07,-6882.36000000015
2022-01-10,629.6550000000639
2022-01-11,2980.2949999999755
2022-01-12,-5743.574999999958
2022-01-13,-17417.742499999982
2022-01-14,19758.66249999997
2022-01-17,4117.2025000000685
2022-01-18,11850.259999999847
2022-01-19,-15387.942499999914
2022-01-20,-10656.882500000025
2022-01-21,2583.5650000000423
2022-01-24,7056.850000000045
2022-01-25,4490.444999999981
2022-01-26,25756.324999999957
2022-01-27,20649.8950000001
2022-01-28,8541.145000000006
2022-01-31,-430.315000000062
2022-02-01,1398.3399999999522
2022-02-02,-5882.074999999977
2022-02-03,4938.295000000017
2022-02-04,12699.95000000007
2022-02-07,-3260.8050000000653
2022-02-08,1289.3949999999497
2022-02-09,7745.000000000066
2022-02-10,195.99999999996908
2022-02-11,-4444.849999999942
2022-02-14,7711.077499999924
2022-02-15,185.10000000002537
2022-02-16,-7640.9949999999935
2022-02-17,-11164.442500000012
2022-02-18,934.1450000000237
2022-02-21,-3743.047500000056
2022-02-22,7629.7875000000695
2022-02-23,-4834.065000000002
2022-02-24,19704.155000000024
2022-02-25,-28238.452499999996
2022-02-28,11962.572499999951
2022-03-01,39564.34500000006
2022-03-02,35409.74999999995
2022-03-03,4567.500000000042
2022-03-04,-5304.130000000069
2022-03-07,7443.995000000002
2022-03-08,2205.0000000000227
2022-03-09,-10178.749999999922
2022-03-10,6668.994999999889
2022-03-11,15414.24000000009
2022-03-14,8133.624999999985
2022-03-15,3991.22500000002
2022-03-16,-12871.249999999987
2022-03-17,-4697.280000000029
2022-03-18,-1001.764999999992
2022-03-21,15380.709999999961
2022-03-22,7027.922500000046
2022-03-23,-1542.255000000008
2022-03-24,2554.7049999999977
2022-03-25,10357.585000000045
2022-03-28,1581.4024999999822
2022-03-29,-15312.904999999913
2022-03-30,610.6249999999475
2022-03-31,1130.9124999999835
2022-04-01,1639.62000000006
2022-04-04,4549.374999999987
2022-04-05,17315.312499999996
2022-04-06,1197.2050000000152
2022-04-07,5607.542499999943
2022-04-08,6540.219999999992
2022-04-11,1984.5525000000105
2022-04-12,-252.56749999996543
2022-04-13,-7554.155000000062
2022-04-14,9209.932500000023
2022-04-18,13933.792500000043
2022-04-19,7881.4949999999935
2022-04-20,-8497.482500000027
2022-04-21,11595.219999999967
2022-04-22,4310.642500000033
2022-04-25,-1749.4674999999872
2022-04-26,2807.8550000000023
2022-04-27,10973.750000000025
2022-04-28,5442.162499999994
2022-04-29,1289.7299999999902
2022-05-02,-353.14999999997315
2022-05-03,-2294.0625000000246
2022-05-04,-11971.655000000035
2022-05-05,19043.057500000057
2022-05-06,3104.417499999981
2022-05-09,-5958.749999999975
2022-05-10,3400.5324999999657
2022-05-11,3620.3124999999445
2022-05-12,3262.990000000067
2022-05-13,-2756.3850000000043
2022-05-16,1414.2400000000118
2022-05-17,-1999.8225000000086
2022-05-18,-2196.7650000000217
2022-05-19,-9591.874999999976
2022-05-20,-1589.6875000000377
2022-05-23,282.1875000000357
2022-05-24,-12737.879999999977
2022-05-25,-1913.5725000000086
2022-05-26,-2142.212500000011
2022-05-27,-2546.0050000000024
2022-05-30,2183.2099999999873
2022-05-31,-2106.7649999999635
2022-06-01,3532.989999999972
2022-06-02,-14875.785000000016
2022-06-03,6284.239999999982
2022-06-06,10044.485000000015
2022-06-07,-1049.5099999999838
2022-06-08,10971.984999999964
2022-06-09,11083.725000000044
2022-06-10,7127.229999999985
2022-06-13,5160.879999999951
2022-06-14,3434.4849999999306
2022-06-15,-10093.504999999977
2022-06-16,-7743.259999999994
2022-06-17,5143.2100000000455
2022-06-20,-1885.515000000015
2022-06-21,-5913.80000000003
2022-06-22,3256.6900000000037
2022-06-23,-6363.260000000025
2022-06-24,-4486.250000000019
2022-06-27,525.4900000000634
2022-06-28,9791.740000000018
2022-06-29,4248.9699999999775
2022-06-30,-6606.765000000022
2022-07-01,-7559.045000000002
2022-07-04,385.4899999999975
2022-07-05,-6440.049999999975
2022-07-06,1166.2250000000308
2022-07-07,5396.740000000017
2022-07-08,8665.489999999956
2022-07-11,4184.730000000012
2022-07-12,-13743.529999999988
2022-07-13,1735.735000000004
2022-07-14,4189.999999999989
2022-07-15,-6749.020000000026
2022-07-18,769.730000000005
2022-07-19,-7280.5150000000285
2022-07-20,-2098.0149999999817
2022-07-21,-9978.749999999978
2022-07-22,-5233.014999999976
2022-07-25,5761.739999999935
2022-07-26,5570.735000000074
2022-07-27,-8900.54
2022-07-28,-6227.525000000013
2022-07-29,-5186.764999999982
2022-08-01,-9452.525000000043
2022-08-02,5441.985000000005
2022-08-03,-1391.2500000000273
2022-08-04,1039.485000000054
2022-08-05,8177.499999999969
2022-08-08,-7220.000000000003
2022-08-09,4913.749999999984
2022-08-10,-9923.774999999985
2022-08-11,5646.249999999984
2022-08-12,-1688.749999999973
2022-08-15,2906.2500000000127
2022-08-16,-616.2500000000082
2022-08-17,7022.990000000001
2022-08-18,3004.975000000008
2022-08-19,12126.249999999978
2022-08-22,11264.99999999998
2022-08-23,876.2500000000209
2022-08-24,702.4750000000023
2022-08-25,-9056.275000000018
2022-08-26,12353.750000000011
2022-08-29,7336.24999999999
2022-08-30,5926.250000000048
2022-08-31,5130.9800000000105
2022-09-01,3903.969999999949
2022-09-02,2108.7500000000177
2022-09-05,-2787.50000000002
2022-09-06,11561.597500000014
2022-09-07,-8560.252500000033
2022-09-08,-2752.4999999999836
2022-09-09,1775.7349999999528
2022-09-12,-5323.504999999989
2022-09-13,18478.750000000015
2022-09-14,-5770.000000000002
2022-09-15,6725.980000000002
2022-09-16,-5076.275000000003
2022-09-19,4189.87499999999
2022-09-20,9004.999999999975
2022-09-21,4835.000000000071
2022-09-22,-3194.020000000051
2022-09-23,11517.499999999998
2022-09-26,3820.2450000000163
2022-09-27,2779.9999999999727
2022-09-28,-8193.749999999964
2022-09-29,-7963.75000000003
2022-09-30,1461.4950000000085
2022-10-03,-13136.250000000005
2022-10-04,-8549.755000000021
2022-10-05,5383.970000000029
2022-10-06,7053.750000000008
2022-10-07,7383.749999999982
2022-10-10,4368.750000000013
2022-10-11,1923.7250000000186
2022-10-12,-514.020000000015
2022-10-13,26.984999999995452
2022-10-14,10120.000000000018
2022-10-17,-7827.50000000003
2022-10-18,266.74000000001706
2022-10-19,9868.234999999986
2022-10-20,-98.01499999997226
2022-10-21,-9659.020000000004
2022-10-24,2948.4799999999686
2022-10-25,-3130.5400000000072
2022-10-26,-9498.504999999956
2022-10-27,3271.2499999999595
2022-10-28,1805.4900000000086
2022-10-31,8462.744999999999
2022-11-01,-4875.7600000000275
2022-11-02,5050.490000000046
2022-11-03,2254.2399999999807
2022-11-04,-8529.265000000027
2022-11-07,788.7500000000316
2022-11-08,-11421.250000000031
2022-11-09,-686.0049999999613
2022-11-10,-21735.000000000025
2022-11-11,-6489.510000000006
2022-11-14,1590.4650000000265
2022-11-15,1709.9999999999684
2022-11-16,-1161.2499999999943
2022-11-17,2222.989999999993
2022-11-18,-1556.9949999999928
2022-11-21,6971.529999999987
2022-11-22,-3533.705
2022-11-23,-16637.049999999956
2022-11-24,-1379.700000000039
2022-11-25,-3385.3075000000094
2022-11-28,-2631.4849999999806
2022-11-29,3260.3449999999893
2022-11-30,-7950.129999999993
2022-12-01,-8694.685000000005
2022-12-02,-12351.859999999995
2022-12-05,-304.835000000042
2022-12-06,-11418.75499999996
2022-12-07,-2483.4450000000224
2022-12-08,-1548.994999999966
2022-12-09,4730.53500000001
2022-12-12,5926.88000000001
2022-12-13,-619.9250000000369
2022-12-14,1238.0250000000292
2022-12-15,3262.0449999999782
2022-12-16,3815.600000000013
2022-12-19,3336.9500000000235
2022-12-20,-3623.0500000000293
2022-12-21,13471.665000000019
2022-12-22,934.1699999999882
2022-12-23,8363.984999999995
2022-12-26,2092.864999999986
2022-12-27,5405.525000000023
2022-12-28,1881.895000000032
2022-12-29,-3990.525000000006
2022-12-30,2778.2750000000306
2023-01-02,-5806.095000000016
2023-01-03,-16639.109999999982
2023-01-04,-10519.86999999998
2023-01-05,-2580.8300000000027
2023-01-06,-16342.875000000004
2023-01-09,2211.9200000000174
2023-01-10,-4231.0299999999925
2023-01-11,-125.80500000000313
2023-01-12,-2076.925000000011
2023-01-13,2673.6300000000024
2023-01-16,2438.4449999999924
2023-01-17,4136.340000000024
2023-01-18,-12493.194999999998
2023-01-19,4885.084999999981
2023-01-20,-148.05999999994663
2023-01-23,759.3749999999895
2023-01-24,-1896.8749999999986
2023-01-25,-6026.589999999982
2023-01-26,5799.989999999998
2023-01-27,-4676.744999999992
2023-01-30,6884.824999999991
2023-01-31,-2975.8300000000536
2023-02-01,-20660.369999999974
2023-02-02,-573.2550000000012
2023-02-03,-379.81499999995197
2023-02-06,2987.6499999999487
2023-02-07,-4849.24999999998
2023-02-08,8220.27000000001
2023-02-09,-2715.9599999999828
2023-02-10,11268.045000000031
2023-02-13,763.7249999999688
2023-02-14,-2522.4600000000246
2023-02-15,2763.365000000028
2023-02-16,-362.04999999998876
2023-02-17,-345.8050000000223
2023-02-20,4446.039999999955
2023-02-21,11823.520000000048
2023-02-22,-20284.980000000003
2023-02-23,-5627.409999999975
2023-02-24,1995.699999999979
2023-02-27,-3060.899999999967
2023-02-28,964.2349999999582
2023-03-01,10497.480000000025
2023-03-02,3865.525000000051
2023-03-03,4110.944999999947
2023-03-06,6889.214999999951
2023-03-07,-13925.82
2023-03-08,-7034.700000000009
2023-03-09,-12876.814999999904
2023-03-10,-7165.619999999968
2023-03-13,-18875.510000000086
2023-03-14,8803.51500000007
2023-03-15,-24234.02500000005
2023-03-16,20782.85000000006
2023-03-17,-9993.970000000067
2023-03-20,7534.910000000034
2023-03-21,4241.004999999952
2023-03-22,-8036.589999999979
2023-03-23,-4333.10999999998
2023-03-24,2593.5699999999724
2023-03-27,8711.975000000011
2023-03-28,789.2250000000954
2023-03-29,10266.929999999915
2023-03-30,2817.4499999999957
2023-03-31,8670.415000000019
2023-04-03,3623.779999999962
2023-04-04,-9213.709999999952
2023-04-05,1736.3500000000045
2023-04-06,1503.247500000017
2023-04-07,336.2499999999519
2023-04-10,2532.7575
2023-04-11,7688.872499999936
2023-04-12,7167.71250000001
2023-04-13,2485.1225000000027
2023-04-14,-14422.96499999992
2023-04-17,-4050.122500000014
2023-04-18,963.3150000000504
2023-04-19,-7915.4849999999915
2023-04-20,5766.6874999999445
2023-04-21,-6452.08000000002
2023-04-24,4761.2925000000705
2023-04-25,5520.102499999959
2023-04-26,-2940.7925000000373
2023-04-27,-17546.037499999962
2023-04-28,-5784.880000000004
2023-05-01,6711.635000000061
2023-05-02,-2777.170000000074
2023-05-03,8941.169999999991
2023-05-04,-1692.0599999999529
2023-05-05,2884.5949999999807
2023-05-08,441.27999999993165
2023-05-09,2236.6125000000975
2023-05-10,1189.295000000019
2023-05-11,4747.322499999993
2023-05-12,-4172.950000000058
2023-05-15,-7400.509999999951
2023-05-16,-4796.305000000019
2023-05-17,280.3949999999635
2023-05-18,-8935.354999999967
2023-05-19,8423.509999999977
2023-05-22,6522.469999999982
2023-05-23,-9996.364999999972
2023-05-24,-3089.9549999999504
2023-05-25,12525.544999999982
2023-05-26,9489.529999999952
2023-05-29,426.9000000000403
2023-05-30,18746.11000000003
2023-05-31,-2469.9350000001086
2023-06-01,14222.84000000005
2023-06-02,-9013.699999999933
2023-06-05,-2311.100000000036
2023-06-06,-3106.4250000000275
2023-06-07,-15896.02000000001
2023-06-08,17046.329999999994
2023-06-09,-761.5149999999394
2023-06-12,11071.879999999948
2023-06-13,-2444.399999999941
2023-06-14,-1666.2800000000473
2023-06-15,-5173.139999999982
2023-06-16,-2794.379999999959
2023-06-19,-1407.3849999999975
2023-06-20,-6404.700000000033
2023-06-21,-20482.589999999946
2023-06-22,12139.759999999944
2023-06-23,699.6900000000232
2023-06-26,-1683.000000000003
2023-06-27,20670.810000000005
2023-06-28,7424.439999999938
2023-06-29,-3545.4849999999087
2023-06-30,1198.430000000029
2023-07-03,3662.989999999943
2023-07-04,-4107.4400000000005
2023-07-05,-13171.289999999974
2023-07-06,-8833.38999999999
2023-07-07,3991.3999999999846
2023-07-10,6810.500000000014
2023-07-11,3210.3950000000295
2023-07-12,18825.82499999997
2023-07-13,8937.830000000029
2023-07-14,5995.510000000001
2023-07-17,7025.424999999997
2023-07-18,3122.8649999999766
2023-07-19,-13115.570000000023
2023-07-20,-18032.600000000028
2023-07-21,-3005.6849999999927
2023-07-24,-10857.630000000041
2023-07-25,6514.689999999999
2023-07-26,-555.4300000000321
2023-07-27,-11537.480000000021
2023-07-28,10503.30500000005
2023-07-31,6381.614999999947
2023-08-01,-5079.22
2023-08-02,-6568.000000000037
2023-08-03,-949.6999999999584
2023-08-04,-12886.520000000028
2023-08-07,-2580.6899999999564
2023-08-08,-15347.980000000018
2023-08-09,-7618.400000000043
2023-08-10,14789.177500000027
2023-08-11,54.975000000006375
2023-08-14,10337.872499999965
2023-08-15,-3516.874999999976
2023-08-16,-80.45749999997679
2023-08-17,-7867.510000000017
2023-08-18,-8388.739999999963
2023-08-21,26434.49999999999
2023-08-22,-2665.245000000088
2023-08-23,12746.9550000001
2023-08-24,-10872.670000000055
2023-08-25,15795.800000000054
2023-08-28,-7114.525000000019
2023-08-29,7846.425000000004
2023-08-30,-11505.050000000027
2023-08-31,-1604.834999999985
2023-09-01,1886.4299999999587
2023-09-04,5217.9900000000225
2023-09-05,8397.447499999962
2023-09-06,2025.3150000000514
2023-09-07,-7481.40499999997
2023-09-08,7246.694999999979
2023-09-11,13845.204999999958
2023-09-12,-11528.589999999924
2023-09-13,-227.71000000008974
2023-09-14,600.4600000000572
2023-09-15,-2184.8500000000295
2023-09-18,-824.5750000000573
2023-09-19,-2396.789999999926
2023-09-20,-14464.870000000026
2023-09-21,3708.605000000035
2023-09-22,-3525.425000000031
2023-09-25,-407.9000000000127
2023-09-26,-13692.714999999947
2023-09-27,313.449999999968
2023-09-28,-1368.2399999999598
2023-09-29,-1783.6700000001065
2023-10-02,-7836.744999999919
2023-10-03,-16385.200000000063
2023-10-04,-12674.705000000018
2023-10-05,-20351.760000000013
2023-10-06,23461.130000000005
2023-10-09,-684.3650000000039
2023-10-10,10286.765000000036
2023-10-11,6492.150000000015
2023-10-12,5606.080000000013
2023-10-13,2484.8899999999817
2023-10-16,20505.220000000078
2023-10-17,15900.70499999998
2023-10-18,-4060.13500000001
2023-10-19,-5301.3749999999945
2023-10-20,-6991.37000000005
2023-10-23,-18229.359999999982
2023-10-24,-1075.2350000000224
2023-10-25,-7957.4699999999575
2023-10-26,-13433.305000000013
2023-10-27,-8100.340000000007
2023-10-30,15334.63499999998
2023-10-31,7052.575000000112
2023-11-01,1511.489999999958
2023-11-02,9659.950000000057
2023-11-03,7300.804999999946
2023-11-06,4854.264999999978
2023-11-07,421.5000000001203
2023-11-08,-3123.9675000001157
2023-11-09,3776.8825000000693
2023-11-10,11767.465000000031
2023-11-13,-8229.20500000006
2023-11-14,13414.050000000047
2023-11-15,14798.914999999928
2023-11-16,-2483.1499999999655
2023-11-17,1902.7599999999586
2023-11-20,8311.510000000006
2023-11-21,2447.6449999999913
2023-11-22,183.4850000000242
2023-11-23,4801.605000000059
2023-11-24,12627.709999999905
2023-11-27,8410.540000000032
2023-11-28,8578.700000000046
2023-11-29,-7238.565000000018
2023-11-30,-11356.79
2023-12-01,-15453.25999999999
2023-12-04,-17499.86499999997
2023-12-05,-7100.480000000016
2023-12-06,-9539.144999999995
2023-12-07,-3575.685000000112
2023-12-08,1319.5650000000112
2023-12-11,15798.840000000087
2023-12-12,-2884.34500000008
2023-12-13,145.2750000000243
2023-12-14,-13726.150000000012
2023-12-15,-5091.205000000014
2023-12-18,13529.95499999999
2023-12-19,6551.514999999971
2023-12-20,-5940.655000000067
2023-12-21,-1491.3499999999285
2023-12-22,-4398.860000000013
2023-12-25,1816.370000000048
2023-12-26,4968.354999999972
2023-12-27,-4062.9199999999773
2023-12-28,-5285.52500000003
2023-12-29,1004.3550000000279
2024-01-01,-1119.5200000000314
2024-01-02,6787.202500000026
2024-01-03,-12096.615000000038
2024-01-04,-6806.300000000033
2024-01-05,-787.7899999999981
2024-01-08,14316.930000000035
2024-01-09,-9427.709999999975
2024-01-10,12430.939999999951
2024-01-11,-2177.5699999999856
2024-01-12,-2171.0049999999064
2024-01-15,5566.534999999965
2024-01-16,6720.955000000005
2024-01-17,-2451.2700000000445
2024-01-18,20643.765000000018
2024-01-19,16638.989999999987
2024-01-22,5866.909999999922
2024-01-23,-3559.4549999999235
2024-01-24,-12235.025000000009
2024-01-25,4366.955000000082
2024-01-26,13307.18999999995
2024-01-29,13859.525000000056
2024-01-30,-15410.600000000048
2024-01-31,-18233.14999999999
2024-02-01,27354.974999999922
2024-02-02,3495.980000000097
2024-02-05,-5729.75500000001
2024-02-06,11728.234999999955
2024-02-07,8541.494999999995
2024-02-08,13788.479999999985
2024-02-09,5865.285000000061
2024-02-12,1109.924999999968
2024-02-13,-26985.04999999996
2024-02-14,16113.454999999893
2024-02-15,17348.590000000044
2024-02-16,-11525.609999999995
2024-02-19,1639.6649999999545
2024-02-20,-21958.51
2024-02-21,10989.374999999969
2024-02-22,19395.730000000083
2024-02-23,5802.314999999959
2024-02-26,3166.8999999999446
2024-02-27,-4715.659999999993
2024-02-28,-15519.954999999982
2024-02-29,2486.7500000000073
2024-03-01,17112.245000000054
2024-03-04,-4382.68000000005
2024-03-05,-3681.3099999999113
2024-03-06,3471.084999999967
2024-03-07,6215.880000000021
2024-03-08,-13060.595000000052
2024-03-11,3404.2450000000463
2024-03-12,2736.8499999999813
2024-03-13,3061.2200000000375
2024-03-14,-3584.260000000037
2024-03-15,-9168.359999999966
2024-03-18,9173.264999999996
2024-03-19,10287.825000000024
2024-03-20,16294.87
2024-03-21,-5887.650000000074
2024-03-22,-2942.8149999999628
2024-03-25,-1161.9999999999861
2024-03-26,-3061.5849999999373
2024-03-27,8121.764999999986
2024-03-28,-3093.6049999999987
2024-04-01,-2229.4850000000115
2024-04-02,12934.379999999996
2024-04-03,-7686.97999999994
2024-04-04,-14277.160000000016
2024-04-05,7622.174999999972
2024-04-08,-1785.3799999999344
2024-04-09,-2181.275000000007
2024-04-10,3713.595000000029
2024-04-11,20907.554999999924
2024-04-12,-30829.190000000002
2024-04-15,2409.754999999985
2024-04-16,11917.36500000004
2024-04-17,-28065.487500000036
2024-04-18,-1665.147499999973
2024-04-19,-11710.392500000036
2024-04-22,2703.015000000044
2024-04-23,12660.36999999996
2024-04-24,-2056.0900000000147
2024-04-25,2925.6099999999983
2024-04-26,11586.944999999992
2024-04-29,-10499.889999999976
2024-04-30,1862.7350000000129
2024-05-01,-16759.849999999977
2024-05-02,-12982.82500000002
2024-05-03,-17848.567499999972
2024-05-06,-4034.3250000000166
2024-05-07,-4091.074999999995
2024-05-08,15170.360000000015
2024-05-09,4121.959999999982
2024-05-10,-10527.647500000008
2024-05-13,-8085.360000000039
2024-05-14,3350.0075000000393
2024-05-15,-3052.39250000004
2024-05-16,8349.667500000018
2024-05-17,10809.809999999996
2024-05-20,-9469.397499999974
2024-05-21,-4554.149999999988
2024-05-22,-21205.31250000004
2024-05-23,-1140.4325000000122
2024-05-24,5808.064999999979
2024-05-27,4728.475000000038
2024-05-28,15417.28999999999
2024-05-29,866.5499999999462
2024-05-30,-17200.174999999985
2024-05-31,2903.2650000000035
2024-06-03,-24166.567500000023
2024-06-04,-6422.874999999958
2024-06-05,18870.88749999994
2024-06-06,-3615.849999999922
2024-06-07,3805.382499999959
2024-06-10,13624.947500000004
2024-06-11,-3693.19
2024-06-12,3950.399999999976
2024-06-13,-8732.12249999995
2024-06-14,8955.17
2024-06-17,20999.25749999996
2024-06-18,-2134.6724999999988
2024-06-19,1173.9374999999914
2024-06-20,17009.49250000004
2024-06-21,-8875.86250000002
2024-06-24,-1506.1224999999974
2024-06-25,6655.215000000112
2024-06-26,17325.102499999954
2024-06-27,8342.99999999993
2024-06-28,12650.007500000069
2024-07-01,23209.327499999985
2024-07-02,2955.659999999952
2024-07-03,8697.342500000024
2024-07-04,57.99749999996854
2024-07-05,581.5800000000578
2024-07-08,8145.210000000009
2024-07-09,-950.5400000000618
2024-07-10,16549.170000000013
2024-07-11,-18557.324999999957
2024-07-12,-403.8350000000512
2024-07-15,21376.24500000005
2024-07-16,3695.329999999947
2024-07-17,-6604.774999999895
2024-07-18,-9190.605000000041
2024-07-19,-16761.61
2024-07-22,-9010.950000000055
2024-07-23,-751.2399999999398
2024-07-24,-9622.249999999949
2024-07-25,-8323.88500000001
2024-07-26,12920.469999999916
2024-07-29,624.4949999999909
2024-07-30,6121.465000000058
2024-07-31,18448.530000000002
2024-08-01,-27371.814999999995
2024-08-02,-33860.69999999999
2024-08-05,-24492.410000000036
2024-08-06,-10211.599999999968
2024-08-07,8660.849999999999
2024-08-08,31299.144999999993
2024-08-09,-3875.810000000055
2024-08-12,14327.42500000003
2024-08-13,14976.094999999954
2024-08-14,-8814.654999999939
2024-08-15,26143.734999999968
2024-08-16,11036.945000000016
2024-08-19,-3240.639999999986
2024-08-20,-5019.020000000009
2024-08-21,7267.589999999966
2024-08-22,-6873.554999999993
2024-08-23,10790.899999999985
2024-08-26,2344.2700000000063
2024-08-27,-2935.019999999972
2024-08-28,-8231.709999999966
2024-08-29,-3903.8550000000405
2024-08-30,-770.5449999999774
2024-09-02,-1667.9500000000194
2024-09-03,-24251.695000000043
2024-09-04,-5923.254999999938
2024-09-05,5191.444999999997
2024-09-06,-11535.554999999948
2024-09-09,13267.499999999949
2024-09-10,7285.090000000024
2024-09-11,185.13499999999783
2024-09-12,12985.0
2024-09-13,9553.299999999967
2024-09-16,2408.2250000000754
2024-09-17,-482.88000000002467
2024-09-18,418.8199999999836
2024-09-19,14134.150000000029
2024-09-20,2508.4499999999725
2024-09-23,-12582.379999999988
2024-09-24,16224.869999999964
2024-09-25,-6466.525000000019
2024-09-26,19748.450000000048
2024-09-27,-17646.974999999977
2024-09-30,119.3749999998939
2024-10-01,-12674.224999999957
2024-10-02,2025.2950000000956
2024-10-03,-17706.365000000027
2024-10-04,9955.524999999994
2024-10-07,-16851.875
2024-10-08,7439.949999999962
2024-10-09,2643.040000000071
2024-10-10,-4412.700000000043
2024-10-11,11306.835000000034
2024-10-14,25496.70000000007
2024-10-15,4311.244999999996
2024-10-16,8719.43499999995
2024-10-17,-3063.484999999976
2024-10-18,26807.999999999996
2024-10-21,-16299.749999999978
2024-10-22,-7674.055000000039
2024-10-23,-14878.129999999977
2024-10-24,1330.2999999999856
2024-10-25,-1389.199999999968
2024-10-28,19835.574999999946
2024-10-29,2258.4250000000125
2024-10-30,-7838.630000000002
2024-10-31,-14651.730000000041
2024-11-01,4591.020000000027
2024-11-04,-8329.604999999961
2024-11-05,6800.8999999999505
2024-11-06,5650.099999999994
2024-11-07,7467.945000000008
2024-11-08,1878.4999999999761
2024-11-11,861.3999999999896
2024-11-12,-8096.369999999993
2024-11-13,894.9849999999819
2024-11-14,3102.435000000005
2024-11-15,-10545.489999999994
2024-11-18,-6774.300000000016
2024-11-19,5883.100000000011
2024-11-20,2068.7399999999816
2024-11-21,2492.6950000000097
2024-11-22,14352.139999999976
2024-11-25,-2427.184999999962
2024-11-26,7918.909999999981
2024-11-27,416.4349999999682
2024-11-28,-421.8999999999422
2024-11-29,-4054.8400000000574
2024-12-02,8340.264999999863
2024-12-03,-1041.2999999999993
2024-12-04,6997.300000000087
2024-12-05,-10888.065000000059
2024-12-06,6265.099999999971
2024-12-09,-3132.1749999999834
2024-12-10,-2259.404999999963
2024-12-11,-97.9600000000056
2024-12-12,-1850.6999999999707
2024-12-13,2158.2299999999946
2024-12-16,-292.4100000000081
2024-12-17,-1223.1049999999302
2024-12-18,-6678.8250000000135
2024-12-19,-142.42500000001186
2024-12-20,-779.8149999999538
2024-12-23,3036.909999999945
2024-12-24,6342.240000000025
2024-12-25,586.3900000000443
2024-12-26,-3133.2150000000497
2024-12-27,-11154.190000000046
2024-12-30,-23779.770000000037
2024-12-31,1008.3800000000092
2025-01-01,1304.8549999999898
2025-01-02,7019.435000000019
2025-01-03,17126.99999999995
2025-01-06,-11122.110000000052
2025-01-07,-37.52999999995862
2025-01-08,2403.500000000072
2025-01-09,6227.37500000006
2025-01-10,-17740.655000000086
2025-01-13,-17221.944999999956
2025-01-14,3962.2450000000467
2025-01-15,10397.839999999962
2025-01-16,1474.990000000013
2025-01-17,1380.4150000000373
2025-01-20,-3629.9500000000185
2025-01-21,-467.01499999993365
2025-01-22,9359.884999999895
2025-01-23,184.29999999999194
2025-01-24,2739.690000000057
2025-01-27,-1099.2050000000343
2025-01-28,8641.835000000037
2025-01-29,-7676.850000000032
2025-01-30,15963.684999999981
2025-01-31,-3867.0099999999657
2025-02-03,-11647.6
2025-02-04,-3445.4450000000306
2025-02-05,7063.810000000011
2025-02-06,-11063.549999999974
2025-02-07,2824.9949999999926
2025-02-10,9284.090000000033
2025-02-11,-4.134999999990995
2025-02-12,8699.459999999975
2025-02-13,-5403.7600000000075
2025-02-14,-22172.775000000052
2025-02-17,3397.9950000000536
2025-02-18,10979.555000000004
2025-02-19,-1625.6599999999794
2025-02-20,-8020.70000000006
2025-02-21,-15193.274999999896
2025-02-24,3256.7299999999786
2025-02-25,-12436.205000000005
2025-02-26,4413.82000000004
2025-02-27,-7255.61
2025-02-28,6732.245000000019
2025-03-03,746.8999999999592
2025-03-04,-280.66000000001964
2025-03-05,-584.5700000000129
2025-03-06,-15475.949999999932
2025-03-07,4775.1549999998815
2025-03-10,-19963.474999999922
2025-03-11,6798.875000000037
2025-03-12,3218.799999999944
2025-03-13,8130.10000000002
2025-03-14,2065.8000000000466
2025-03-17,2070.1450000000195
2025-03-18,505.1999999999084
2025-03-19,9496.129999999965
2025-03-20,-6326.524999999877
2025-03-21,-10.63999999999399
2025-03-24,7882.114999999936
2025-03-25,7622.7200000000585
2025-03-26,-3210.2150000000925
2025-03-27,2971.145000000081
2025-03-28,-10772.535000000005
2025-03-31,7236.254999999985
2025-04-01,-9757.900000000074
2025-04-02,-11508.804999999922
2025-04-03,-31490.480000000036
2025-04-04,-15510.740000000067
2025-04-07,-4467.339999999992
2025-04-08,-7916.479999999977
2025-04-09,9535.860000000008
2025-04-10,-4506.864999999978
2025-04-11,-11203.13000000003
2025-04-14,3916.9350000000236
2025-04-15,4446.034999999994
2025-04-16,-3250.20000000002
2025-04-17,-4269.42499999997
2025-04-21,6144.430000000026
2025-04-22,-6094.2850000000435
2025-04-23,7915.939999999985
2025-04-24,-7025.200000000001
2025-04-25,-548.5099999999975
2025-04-28,6895.045000000005
2025-04-29,13508.30000000001
2025-04-30,733.6749999999955
2025-05-01,2082.484999999977
2025-05-02,-4745.869999999953
2025-05-05,11482.664999999968
2025-05-06,-6040.645000000012
2025-05-07,9500.317500000036
2025-05-08,-15875.750000000033
2025-05-09,-304.4674999999563
2025-05-12,-19680.432500000014
2025-05-13,-12189.185000000009
2025-05-14,1712.3749999999889
2025-05-15,-859.5600000000231
2025-05-16,1870.1850000000254
2025-05-19,-987.7349999999775
2025-05-20,355.8699999999501
2025-05-21,7078.074999999964
2025-05-22,161.5600000000072
2025-05-23,5648.580000000006
2025-05-26,793.890000000057
2025-05-27,-1395.9450000000606
2025-05-28,-9126.494999999979
2025-05-29,17256.949999999968
2025-05-30,1419.869999999999
2025-06-02,-58.9449999999503
2025-06-03,-8747.95500000001
2025-06-04,4473.025000000023
2025-06-05,-3027.7999999999747
2025-06-06,-5020.350000000024
2025-06-09,711.6449999999792
2025-06-10,-581.8049999999524
2025-06-11,-2243.2350000000515
2025-06-12,1420.9350000000213
2025-06-13,-22526.09999999998
2025-06-16,5861.274999999932
2025-06-17,-15891.325000000013
2025-06-18,-7452.364999999933
2025-06-19,-1160.685000000026
2025-06-20,2094.8100000000245
2025-06-23,29662.885000000002
2025-06-24,7716.660000000062
2025-06-25,6452.824999999934
2025-06-26,-1688.7050000000045
2025-06-27,8884.76000000001
2025-06-30,-2233.3900000000367
2025-07-01,-6833.015000000021
2025-07-02,-15864.159999999963
2025-07-03,2382.2999999999774
2025-07-04,-1547.3650000000182
2025-07-07,9017.41500000005
2025-07-08,-2023.6750000000193
2025-07-09,2229.9200000000196
2025-07-10,3863.0099999999957
2025-07-11,2719.6549999999866
2025-07-14,-23.40499999998822
2025-07-15,-441.5449999999511
2025-07-16,-1952.7750000001988
2025-07-17,1926.4050000001268
2025-07-18,-5222.215000000105
2025-07-21,6239.95500000002
2025-07-22,-2283.1050000000077
2025-07-23,2105.3849999999948
2025-07-24,-4895.815000000007
2025-07-25,-2696.009999999945
2025-07-28,-5748.31000000004
2025-07-29,-8018.574999999976
2025-07-30,-4500.479999999938
2025-07-31,-4214.670000000019
2025-08-01,7906.434999999922
2025-08-04,6912.050000000005
2025-08-05,14515.289999999988
2025-08-06,4156.800000000034
2025-08-07,-1155.2000000000523
2025-08-08,-5691.804999999993
2025-08-11,-8963.249999999987
2025-08-12,1713.805000000018
2025-08-13,-6459.495000000006
2025-08-14,-2254.004999999981
2025-08-15,5055.604999999974
2025-08-18,1970.4299999999544
2025-08-19,-1176.6549999999415
2025-08-20,2203.969999999966
2025-08-21,-2384.4524999999935
2025-08-22,-245.25249999998516
2025-08-25,327.97999999997705
2025-08-26,6589.482500000028
2025-08-27,1285.790000000005
2025-08-28,-1934.3900000000076
2025-08-29,3828.0600000000095
2025-09-01,6251.814999999924
2025-09-02,5587.3050000000185
2025-09-03,-2478.2500000000305
2025-09-04,3935.484999999979
2025-09-05,-5130.265000000015
2025-09-08,-4098.724999999977
2025-09-09,-2147.6499999999605
2025-09-10,2803.749999999949
2025-09-11,-943.3299999999492
2025-09-12,-5487.015000000002
2025-09-15,7889.740000000076
2025-09-16,-9895.120000000015
2025-09-17,-1743.3750000000387
2025-09-18,4260.520000000071
2025-09-19,16460.729999999916
2025-09-22,24639.885000000042
2025-09-23,-6171.380000000069
2025-09-24,1756.0949999999837
2025-09-25,12721.230000000118
2025-09-26,17604.490000000005
2025-09-29,-3784.8225000000125
2025-09-30,4676.297499999959
