date,net_pnl
2010-06-07,0.0
2010-06-08,0.0
2010-06-09,0.0
2010-06-10,0.0
2010-06-11,0.0
2010-06-14,0.0
2010-06-15,0.0
2010-06-16,0.0
2010-06-17,0.0
2010-06-18,0.0
2010-06-21,0.0
2010-06-22,0.0
2010-06-23,0.0
2010-06-24,0.0
2010-06-25,0.0
2010-06-28,0.0
2010-06-29,0.0
2010-06-30,0.0
2010-07-01,0.0
2010-07-02,0.0
2010-07-05,0.0
2010-07-06,0.0
2010-07-07,0.0
2010-07-08,0.0
2010-07-09,0.0
2010-07-12,0.0
2010-07-13,0.0
2010-07-14,0.0
2010-07-15,0.0
2010-07-16,0.0
2010-07-19,0.0
2010-07-20,0.0
2010-07-21,0.0
2010-07-22,0.0
2010-07-23,0.0
2010-07-26,0.0
2010-07-27,0.0
2010-07-28,0.0
2010-07-29,0.0
2010-07-30,0.0
2010-08-02,0.0
2010-08-03,0.0
2010-08-04,0.0
2010-08-05,0.0
2010-08-06,0.0
2010-08-09,0.0
2010-08-10,0.0
2010-08-11,0.0
2010-08-12,0.0
2010-08-13,0.0
2010-08-16,0.0
2010-08-17,0.0
2010-08-18,0.0
2010-08-19,0.0
2010-08-20,0.0
2010-08-23,0.0
2010-08-24,0.0
2010-08-25,0.0
2010-08-26,0.0
2010-08-27,0.0
2010-08-30,0.0
2010-08-31,0.0
2010-09-01,0.0
2010-09-02,0.0
2010-09-03,0.0
2010-09-06,0.0
2010-09-07,0.0
2010-09-08,0.0
2010-09-09,0.0
2010-09-10,0.0
2010-09-13,0.0
2010-09-14,0.0
2010-09-15,0.0
2010-09-16,0.0
2010-09-17,0.0
2010-09-20,0.0
2010-09-21,0.0
2010-09-22,0.0
2010-09-23,0.0
2010-09-24,0.0
2010-09-27,0.0
2010-09-28,0.0
2010-09-29,0.0
2010-09-30,0.0
2010-10-01,0.0
2010-10-04,0.0
2010-10-05,0.0
2010-10-06,0.0
2010-10-07,0.0
2010-10-08,0.0
2010-10-11,0.0
2010-10-12,0.0
2010-10-13,0.0
2010-10-14,0.0
2010-10-15,0.0
2010-10-18,0.0
2010-10-19,0.0
2010-10-20,0.0
2010-10-21,0.0
2010-10-22,0.0
2010-10-25,0.0
2010-10-26,0.0
2010-10-27,0.0
2010-10-28,0.0
2010-10-29,0.0
2010-11-01,0.0
2010-11-02,0.0
2010-11-03,0.0
2010-11-04,0.0
2010-11-05,0.0
2010-11-08,0.0
2010-11-09,0.0
2010-11-10,0.0
2010-11-11,0.0
2010-11-12,0.0
2010-11-15,0.0
2010-11-16,0.0
2010-11-17,0.0
2010-11-18,0.0
2010-11-19,0.0
2010-11-22,0.0
2010-11-23,0.0
2010-11-24,0.0
2010-11-25,0.0
2010-11-26,0.0
2010-11-29,0.0
2010-11-30,0.0
2010-12-01,0.0
2010-12-02,0.0
2010-12-03,0.0
2010-12-06,0.0
2010-12-07,0.0
2010-12-08,0.0
2010-12-09,0.0
2010-12-10,0.0
2010-12-13,0.0
2010-12-14,0.0
2010-12-15,0.0
2010-12-16,0.0
2010-12-17,0.0
2010-12-20,0.0
2010-12-21,0.0
2010-12-22,0.0
2010-12-23,0.0
2010-12-27,0.0
2010-12-28,0.0
2010-12-29,0.0
2010-12-30,0.0
2010-12-31,0.0
2011-01-03,0.0
2011-01-04,0.0
2011-01-05,0.0
2011-01-06,0.0
2011-01-07,0.0
2011-01-10,0.0
2011-01-11,0.0
2011-01-12,0.0
2011-01-13,0.0
2011-01-14,0.0
2011-01-17,0.0
2011-01-18,0.0
2011-01-19,0.0
2011-01-20,0.0
2011-01-21,0.0
2011-01-24,0.0
2011-01-25,0.0
2011-01-26,0.0
2011-01-27,0.0
2011-01-28,0.0
2011-01-31,0.0
2011-02-01,0.0
2011-02-02,0.0
2011-02-03,0.0
2011-02-04,0.0
2011-02-07,0.0
2011-02-08,0.0
2011-02-09,0.0
2011-02-10,0.0
2011-02-11,0.0
2011-02-14,0.0
2011-02-15,0.0
2011-02-16,0.0
2011-02-17,0.0
2011-02-18,0.0
2011-02-21,0.0
2011-02-22,0.0
2011-02-23,0.0
2011-02-24,0.0
2011-02-25,0.0
2011-02-28,0.0
2011-03-01,0.0
2011-03-02,0.0
2011-03-03,0.0
2011-03-04,0.0
2011-03-07,0.0
2011-03-08,0.0
2011-03-09,0.0
2011-03-10,0.0
2011-03-11,0.0
2011-03-14,0.0
2011-03-15,0.0
2011-03-16,0.0
2011-03-17,0.0
2011-03-18,0.0
2011-03-21,0.0
2011-03-22,0.0
2011-03-23,0.0
2011-03-24,0.0
2011-03-25,0.0
2011-03-28,0.0
2011-03-29,0.0
2011-03-30,0.0
2011-03-31,0.0
2011-04-01,0.0
2011-04-04,0.0
2011-04-05,0.0
2011-04-06,0.0
2011-04-07,0.0
2011-04-08,0.0
2011-04-11,0.0
2011-04-12,0.0
2011-04-13,0.0
2011-04-14,0.0
2011-04-15,-850.6775
2011-04-18,5160.544999999938
2011-04-19,-11878.024999999972
2011-04-20,20312.92000000002
2011-04-21,4894.829999999968
2011-04-25,5826.9774999999345
2011-04-26,12292.685000000158
2011-04-27,11441.750000000173
2011-04-28,-1687.4050000001023
2011-04-29,-18799.349999999944
2011-05-02,-9282.74000000007
2011-05-03,-15812.817500000052
2011-05-04,-4922.087500000031
2011-05-05,-22083.902500000113
2011-05-06,-2840.3175000000087
2011-05-09,33669.895000000186
2011-05-10,10860.732499999798
2011-05-11,-42391.20999999993
2011-05-12,-4692.697499999915
2011-05-13,-5631.755000000011
2011-05-16,-13674.20000000007
2011-05-17,21049.149999999954
2011-05-18,6262.275000000064
2011-05-19,1252.7099999999957
2011-05-20,-2640.0775000000413
2011-05-23,-13695.975000000057
2011-05-24,7736.940000000125
2011-05-25,9854.399999999965
2011-05-26,-1443.3174999999992
2011-05-27,10967.257500000027
2011-05-30,-568.652500000125
2011-05-31,-4274.427499999995
2011-06-01,8812.067499999946
2011-06-02,-6871.547499999848
2011-06-03,3201.0624999999036
2011-06-06,-714.7549999999072
2011-06-07,-8560.157500000028
2011-06-08,10516.134999999855
2011-06-09,8193.5650000001
2011-06-10,-11315.384999999984
2011-06-13,13443.779999999915
2011-06-14,-9265.472500000005
2011-06-15,-381.24249999997926
2011-06-16,22860.087500000096
2011-06-17,-1738.3099999999633
2011-06-20,-6593.822500000089
2011-06-21,-10139.030000000092
2011-06-22,15235.897500000083
2011-06-23,16548.907499999958
2011-06-24,14064.555000000066
2011-06-27,-5779.917499999936
2011-06-28,10893.104999999989
2011-06-29,-6657.515000000077
2011-06-30,-10890.430000000066
2011-07-01,-4552.105000000087
2011-07-04,-7771.919999999928
2011-07-05,7050.6949999999715
2011-07-06,16369.272500000003
2011-07-07,16408.099999999988
2011-07-08,-5129.172499999933
2011-07-11,6277.497499999989
2011-07-12,-6161.13999999981
2011-07-13,4588.337499999978
2011-07-14,-6999.950000000169
2011-07-15,-11003.094999999887
2011-07-18,9487.582499999828
2011-07-19,-6297.432499999955
2011-07-20,1667.3000000000889
2011-07-21,1785.1549999999825
2011-07-22,9742.232499999936
2011-07-25,5176.314999999948
2011-07-26,5796.2475000000195
2011-07-27,9294.320000000132
2011-07-28,-5895.324999999899
2011-07-29,-521.0574999999316
2011-08-01,8112.077499999837
2011-08-02,-1345.5724999998308
2011-08-03,-9873.007500000293
2011-08-04,14956.385000000193
2011-08-05,-25448.86750000015
2011-08-08,-22476.957499999982
2011-08-09,7250.727500000113
2011-08-10,-2037.9175000000894
2011-08-11,-10711.072500000102
2011-08-12,-47.139999999865395
2011-08-15,-5947.885000000002
2011-08-16,-1655.9424999999828
2011-08-17,94.48249999992316
2011-08-18,3046.4699999999516
2011-08-19,13930.397500000017
2011-08-22,9809.425000000101
2011-08-23,-19685.217500000053
2011-08-24,-8745.244999999979
2011-08-25,9230.52750000004
2011-08-26,-238.1000000000491
2011-08-29,-1662.3324999998822
2011-08-30,12271.469999999967
2011-08-31,-2512.417500000007
2011-09-01,21124.48250000001
2011-09-02,25149.784999999934
2011-09-05,7967.500000000133
2011-09-06,-27092.30000000009
2011-09-07,-3836.5575000000094
2011-09-08,-1680.1374999999173
2011-09-09,-3573.3825000000056
2011-09-12,5616.537500000024
2011-09-13,-4509.447500000218
2011-09-14,-3217.724999999835
2011-09-15,138.1175000000473
2011-09-16,4324.58249999993
2011-09-19,24994.850000000122
2011-09-20,5707.434999999919
2011-09-21,28211.077500000156
2011-09-22,11128.482499999971
2011-09-23,-26750.914999999954
2011-09-26,-16670.122500000023
2011-09-27,-1753.4600000000476
2011-09-28,12245.112499999992
2011-09-29,-4243.6249999999645
2011-09-30,12311.962500000081
2011-10-03,10239.882499999983
2011-10-04,-562.0050000000732
2011-10-05,4778.294999999921
2011-10-06,12761.182500000174
2011-10-07,-2052.467500000195
2011-10-10,6434.65000000005
2011-10-11,6000.277500000099
2011-10-12,3396.7224999999803
2011-10-13,-202.02750000001186
2011-10-14,-19076.467500000035
2011-10-17,4001.6450000000696
2011-10-18,9546.9275
2011-10-19,-11045.622499999952
2011-10-20,-8617.542500000056
2011-10-21,-3971.2925000000705
2011-10-24,-3892.5725000000543
2011-10-25,6624.620000000182
2011-10-26,1273.4499999999011
2011-10-27,-6845.052500000012
2011-10-28,277.4650000000134
2011-10-31,-32574.41000000005
2011-11-01,25319.915000000077
2011-11-02,-1845.1675000000805
2011-11-03,-11934.05999999994
2011-11-04,2802.5425000000537
2011-11-07,14927.477500000023
2011-11-08,-7190.255000000131
2011-11-09,20763.312500000156
2011-11-10,-5817.05000000004
2011-11-11,956.3275000000126
2011-11-14,4400.959999999944
2011-11-15,14794.902500000031
2011-11-16,11548.899999999921
2011-11-17,-26038.71749999993
2011-11-18,2675.375000000019
2011-11-21,-7957.61749999996
2011-11-22,9737.049999999992
2011-11-23,-2760.3200000001148
2011-11-24,5209.332500000196
2011-11-25,-13131.11750000005
2011-11-28,21804.112499999985
2011-11-29,-12633.002499999979
2011-11-30,-6046.177500000092
2011-12-01,948.5325000000163
2011-12-02,1087.0399999999938
2011-12-05,6215.91749999999
2011-12-06,-4773.742499999985
2011-12-07,-2671.7449999999762
2011-12-08,1573.595000000123
2011-12-09,-5277.120000000013
2011-12-12,8567.352500000003
2011-12-13,9301.372499999827
2011-12-14,-5479.154999999867
2011-12-15,-588.2625000000122
2011-12-16,706.0274999999632
2011-12-19,11320.975
2011-12-20,3217.9350000000063
2011-12-21,1015.5900000001177
2011-12-22,-5009.780000000227
2011-12-23,11913.042500000065
2011-12-26,2095.600000000024
2011-12-27,-3904.544999999955
2011-12-28,8987.342499999986
2011-12-29,8134.147500000074
2011-12-30,2048.6024999998153
2012-01-02,1254.9249999999952
2012-01-03,17029.1225000001
2012-01-04,-6190.939999999921
2012-01-05,10680.562499999958
2012-01-06,6097.327499999979
2012-01-09,-5622.327499999937
2012-01-10,4479.644999999957
2012-01-11,16481.78249999999
2012-01-12,-8387.129999999966
2012-01-13,2639.6275000000496
2012-01-16,5562.6725000000215
2012-01-17,3587.554999999962
2012-01-18,-5566.395000000021
2012-01-19,-914.9924999999929
2012-01-20,8137.612499999929
2012-01-23,-31767.98499999991
2012-01-24,-14397.407499999996
2012-01-25,-5616.122500000042
2012-01-26,10505.69000000007
2012-01-27,15939.042500000029
2012-01-30,9236.34249999987
2012-01-31,15435.125000000058
2012-02-01,-8922.672500000133
2012-02-02,3834.9325000000326
2012-02-03,-19258.277499999836
2012-02-06,-1044.1375000000419
2012-02-07,-10.187499999873566
2012-02-08,6427.9899999999525
2012-02-09,-11060.75999999996
2012-02-10,16527.677499999805
2012-02-13,17431.80750000004
2012-02-14,-12697.682499999935
2012-02-15,7335.857499999927
2012-02-16,-9366.355000000001
2012-02-17,-17788.30499999987
2012-02-20,2158.4024999999665
2012-02-21,-12368.622499999969
2012-02-22,10588.542500000049
2012-02-23,9947.232500000015
2012-02-24,-23330.342500000057
2012-02-27,12061.21999999995
2012-02-28,-9987.697500000122
2012-02-29,-15937.78749999981
2012-03-01,500.8975000000514
2012-03-02,-1931.6625000000936
2012-03-05,6022.1225000002005
2012-03-06,17768.72999999979
2012-03-07,2223.932500000156
2012-03-08,-6624.082500000128
2012-03-09,10590.945000000072
2012-03-12,-420.1024999999362
2012-03-13,-12571.722500000136
2012-03-14,1599.605000000171
2012-03-15,-15568.307500000114
2012-03-16,-34.920000000077394
2012-03-19,-4347.424999999877
2012-03-20,-4951.67749999982
2012-03-21,1889.9399999998693
2012-03-22,15139.762500000077
2012-03-23,-411.6725000001968
2012-03-26,-11728.067499999874
2012-03-27,-2315.2375
2012-03-28,2766.3649999999866
2012-03-29,3175.6275000000323
2012-03-30,-8060.937499999895
2012-04-02,21661.660000000073
2012-04-03,-2193.3225000000693
2012-04-04,-2303.402500000008
2012-04-05,18103.350000000013
2012-04-06,6226.614999999926
2012-04-09,-417.3299999999982
2012-04-10,-17369.909999999927
2012-04-11,9080.624999999915
2012-04-12,4948.235000000202
2012-04-13,5178.617499999891
2012-04-16,-21122.76999999986
2012-04-17,17279.07499999993
2012-04-18,-6802.882500000034
2012-04-19,-4507.767499999984
2012-04-20,-5365.722500000016
2012-04-23,-6638.417500000059
2012-04-24,-7871.1025000000345
2012-04-25,-10386.839999999895
2012-04-26,13806.947500000106
2012-04-27,3865.617499999736
2012-04-30,-7785.467499999986
2012-05-01,-12926.222499999996
2012-05-02,17752.287500000166
2012-05-03,-19352.775000000125
2012-05-04,6167.347500000041
2012-05-07,-731.637499999861
2012-05-08,-8960.422500000228
2012-05-09,6656.927500000176
2012-05-10,6983.79499999994
2012-05-11,-15348.41250000006
2012-05-14,8999.540000000245
2012-05-15,8503.08249999995
2012-05-16,-11910.70500000013
2012-05-17,12669.169999999986
2012-05-18,-34364.5599999998
2012-05-21,12697.444999999841
2012-05-22,-6271.062499999911
2012-05-23,13539.292499999976
2012-05-24,1844.2524999999266
2012-05-25,4259.199999999967
2012-05-28,11673.057500000043
2012-05-29,15510.962500000036
2012-05-30,9686.879999999957
2012-05-31,7310.647499999951
2012-06-01,1910.0900000000945
2012-06-04,-12039.609999999962
2012-06-05,2831.734999999887
2012-06-06,-13408.65249999991
2012-06-07,8586.135000000018
2012-06-08,10067.854999999796
2012-06-11,6794.957500000235
2012-06-12,3467.4274999999197
2012-06-13,-2658.16000000002
2012-06-14,-24705.559999999925
2012-06-15,-6125.470000000069
2012-06-18,12377.582499999993
2012-06-19,1541.144999999865
2012-06-20,-8205.575000000003
2012-06-21,307.7749999999993
2012-06-22,-6628.347500000114
2012-06-25,6363.177499999967
2012-06-26,5817.667500000018
2012-06-27,-1427.012500000038
2012-06-28,3688.427500000008
2012-06-29,-7223.822499999829
2012-07-02,13642.112499999781
2012-07-03,7351.162500000152
2012-07-04,3806.5824999999436
2012-07-05,15272.459999999994
2012-07-06,14380.49999999996
2012-07-09,-393.0924999999745
2012-07-10,9605.970000000087
2012-07-11,-5082.417500000066
2012-07-12,420.63249999994844
2012-07-13,-438.2874999999452
2012-07-16,2111.332499999976
2012-07-17,1142.4450000001527
2012-07-18,-639.2975000002637
2012-07-19,5672.122500000016
2012-07-20,17481.455000000224
2012-07-23,-4469.012500000073
2012-07-24,-1443.5300000001882
2012-07-25,3237.1600000002013
2012-07-26,-14503.227500000121
2012-07-27,1748.370000000118
2012-07-30,1999.842499999917
2012-07-31,-5170.884999999863
2012-08-01,14447.847499999909
2012-08-02,23736.980000000116
2012-08-03,-20990.67500000013
2012-08-06,5878.847500000025
2012-08-07,1596.3574999999225
2012-08-08,6787.980000000048
2012-08-09,10090.972500000005
2012-08-10,8853.027499999987
2012-08-13,-4915.059999999993
2012-08-14,-11820.697499999782
2012-08-15,13365.999999999633
2012-08-16,-10088.834999999832
2012-08-17,-10185.872500000067
2012-08-20,-1774.4675000000627
2012-08-21,-9701.34749999989
2012-08-22,7449.007499999944
2012-08-23,-6631.66250000004
2012-08-24,1005.4100000000418
2012-08-27,3582.3225000001976
2012-08-28,-283.4025000000086
2012-08-29,-3059.812500000199
2012-08-30,-3672.7900000000327
2012-08-31,5005.447500000165
2012-09-03,-8211.277499999947
2012-09-04,2313.5599999998344
2012-09-05,-11176.909999999798
2012-09-06,11545.227500000203
2012-09-07,-16702.72750000027
2012-09-10,-229.27749999990493
2012-09-11,-14676.262500000066
2012-09-12,-11774.422499999919
2012-09-13,4424.727499999976
2012-09-14,-18401.752500000086
2012-09-17,-9002.509999999975
2012-09-18,6038.327500000044
2012-09-19,-6222.5674999998855
2012-09-20,124.7974999999145
2012-09-21,-3633.8424999998856
2012-09-24,1003.7924999999245
2012-09-25,-5888.327500000021
2012-09-26,-8412.917499999987
2012-09-27,9672.332499999904
2012-09-28,-12104.90000000002
2012-10-01,-14924.067499999892
2012-10-02,-17748.067500000103
2012-10-03,-3100.41749999996
2012-10-04,12653.377500000102
2012-10-05,-7274.199999999993
2012-10-08,-3150.047499999955
2012-10-09,7249.592499999893
2012-10-10,1551.4775000000648
2012-10-11,-1626.3549999999427
2012-10-12,-9835.370000000106
2012-10-15,3547.1700000001365
2012-10-16,-16650.747499999972
2012-10-17,8598.062499999874
2012-10-18,-11385.772499999963
2012-10-19,-12578.227499999952
2012-10-22,1438.3224999998326
2012-10-23,4121.625000000197
2012-10-24,10380.750000000031
2012-10-25,5216.23249999991
2012-10-26,6263.612500000079
2012-10-29,-13883.282499999945
2012-10-30,446.782499999984
2012-10-31,-4988.73249999998
2012-11-01,5348.199999999887
2012-11-02,11354.462500000014
2012-11-05,9944.777500000147
2012-11-06,3338.037500000102
2012-11-07,-16967.25000000022
2012-11-08,-5520.604999999901
2012-11-09,9486.73000000007
2012-11-12,2747.2224999999257
2012-11-13,-11951.07250000008
2012-11-14,-12021.952500000125
2012-11-15,1158.5725000000816
2012-11-16,11115.172500000028
2012-11-19,12220.767500000034
2012-11-20,-10120.222500000302
2012-11-21,-7214.4474999999065
2012-11-22,-9827.767499999829
2012-11-23,3419.7100000000055
2012-11-26,-3332.339999999989
2012-11-27,6739.68250000001
2012-11-28,4548.177499999985
2012-11-29,4649.217499999749
2012-11-30,14533.280000000299
2012-12-03,-9783.52249999993
2012-12-04,11453.562499999898
2012-12-05,-8636.89249999981
2012-12-06,15789.597499999649
2012-12-07,4228.8150000001115
2012-12-10,10928.372500000074
2012-12-11,902.5774999999596
2012-12-12,-4919.872499999883
2012-12-13,-537.9225000002355
2012-12-14,804.7924999998233
2012-12-17,-9557.757499999647
2012-12-18,7956.052499999765
2012-12-19,2359.947500000205
2012-12-20,-4092.152500000101
2012-12-21,-14428.195000000034
2012-12-24,9294.255000000285
2012-12-25,192.14500000003352
2012-12-26,3065.6524999997296
2012-12-27,7298.227500000007
2012-12-28,-2435.7149999999488
2012-12-31,25999.255000000165
2013-01-01,885.2699999999493
2013-01-02,29901.712499999914
2013-01-03,4647.35500000016
2013-01-04,-3749.4225000000906
2013-01-07,2628.2349999999865
2013-01-08,-1042.917499999956
2013-01-09,14568.047499999966
2013-01-10,4828.649999999986
2013-01-11,-28702.51749999991
2013-01-14,10351.989999999643
2013-01-15,-16085.422499999755
2013-01-16,6428.182499999941
2013-01-17,6453.592500000012
2013-01-18,-12292.150000000001
2013-01-21,-3880.887499999853
2013-01-22,7191.582500000112
2013-01-23,-13619.064999999928
2013-01-24,10681.057499999863
2013-01-25,3413.3174999999205
2013-01-28,9886.142500000182
2013-01-29,2830.8974999999414
2013-01-30,2815.7299999999263
2013-01-31,6864.242500000194
2013-02-01,-3769.5125000001694
2013-02-04,2226.7374999998756
2013-02-05,-2618.9624999997995
2013-02-06,-2234.822500000069
2013-02-07,14993.352499999952
2013-02-08,-2293.492499999979
2013-02-11,1437.4775000000902
2013-02-12,9611.977499999817
2013-02-13,-8349.872500000029
2013-02-14,21054.734999999964
2013-02-15,-12059.139999999774
2013-02-18,-2571.902499999991
2013-02-19,2156.354999999847
2013-02-20,-22929.020000000008
2013-02-21,3280.300000000199
2013-02-22,3047.2900000000773
2013-02-25,-13834.52250000015
2013-02-26,-1069.1424999998821
2013-02-27,-1434.6024999999102
2013-02-28,-2030.6400000001647
2013-03-01,-2832.957500000088
2013-03-04,9163.827500000172
2013-03-05,7057.0949999998265
2013-03-06,8758.997500000005
2013-03-07,3846.682499999967
2013-03-08,-1504.812499999986
2013-03-11,1602.3049999998946
2013-03-12,3207.8425000001
2013-03-13,-12502.827499999908
2013-03-14,-6297.452500000037
2013-03-15,-2432.5449999999396
2013-03-18,-26757.885
2013-03-19,-21215.095000000216
2013-03-20,18306.78999999992
2013-03-21,-4869.647499999896
2013-03-22,-2968.4224999997987
2013-03-25,-14417.422500000059
2013-03-26,7516.527499999805
2013-03-27,-8927.207499999866
2013-03-28,888.9149999999345
2013-04-01,-13425.497499999821
2013-04-02,-1783.1500000000722
2013-04-03,-20386.72750000001
2013-04-04,25061.792499999847
2013-04-05,11547.927500000053
2013-04-08,10256.702500000114
2013-04-09,2272.0649999998077
2013-04-10,-8563.467499999819
2013-04-11,5030.900000000095
2013-04-12,-4190.492500000202
2013-04-15,-18993.534999999916
2013-04-16,8861.590000000204
2013-04-17,8661.219999999901
2013-04-18,308.7524999998218
2013-04-19,9332.91000000004
2013-04-22,-16134.424999999854
2013-04-23,1723.919999999981
2013-04-24,-4106.555000000018
2013-04-25,-18548.60000000006
2013-04-26,1084.6524999999472
2013-04-29,8268.585000000028
2013-04-30,-4880.732499999965
2013-05-01,-3061.0275000001034
2013-05-02,-21099.117499999928
2013-05-03,4298.927499999982
2013-05-06,-10872.684999999921
2013-05-07,-4163.095000000057
2013-05-08,8924.729999999838
2013-05-09,-6653.312500000095
2013-05-10,670.2050000002423
2013-05-13,3643.9524999999358
2013-05-14,5222.754999999965
2013-05-15,-1722.8499999999667
2013-05-16,-15566.485000000084
2013-05-17,6155.655000000111
2013-05-20,1053.252499999964
2013-05-21,14261.979999999981
2013-05-22,-3038.4850000000065
2013-05-23,10522.642500000005
2013-05-24,-3183.3950000000154
2013-05-27,-4351.162499999874
2013-05-28,5777.4224999999105
2013-05-29,-436.9149999999248
2013-05-30,-1228.8875000000637
2013-05-31,1768.522499999967
2013-06-03,-13894.375000000022
2013-06-04,-9226.324999999959
2013-06-05,-15153.819999999969
2013-06-06,2558.430000000018
2013-06-07,-2458.840000000006
2013-06-10,-6996.212500000037
2013-06-11,-10298.847500000007
2013-06-12,1202.2450000000335
2013-06-13,11253.230000000043
2013-06-14,-578.7300000000477
2013-06-17,171.35750000000758
2013-06-18,1095.1175000000298
2013-06-19,-14384.000000000093
2013-06-20,10282.05999999995
2013-06-21,47.957500000037044
2013-06-24,1348.347500000084
2013-06-25,1452.1499999999116
2013-06-26,17081.230000000047
2013-06-27,3051.580000000011
2013-06-28,-10728.762500000137
2013-07-01,16903.302500000078
2013-07-02,-7006.769999999888
2013-07-03,-18527.022499999992
2013-07-04,10560.797499999911
2013-07-05,7911.22999999995
2013-07-08,3157.0875000000638
2013-07-09,1398.8149999999923
2013-07-10,24672.74000000008
2013-07-11,2103.542499999948
2013-07-12,-744.9425000000218
2013-07-15,3318.5400000000113
2013-07-16,-1405.2649999999865
2013-07-17,425.9575000000083
2013-07-18,4795.3949999999595
2013-07-19,3307.340000000043
2013-07-22,-15090.82250000006
2013-07-23,4209.427500000072
2013-07-24,1023.6024999998972
2013-07-25,4101.185000000191
2013-07-26,-7516.567500000169
2013-07-29,4158.877500000092
2013-07-30,-6367.322499999979
2013-07-31,15266.875000000104
2013-08-01,18190.557499999835
2013-08-02,-4581.00499999991
2013-08-05,6277.744999999922
2013-08-06,-6437.322500000038
2013-08-07,238.6825000000414
2013-08-08,-5061.9299999999685
2013-08-09,1448.4674999999324
2013-08-12,254.2524999999236
2013-08-13,4163.972500000119
2013-08-14,-1737.35999999998
2013-08-15,-7577.305000000127
2013-08-16,-804.3099999998738
2013-08-19,-2444.3925000001136
2013-08-20,14731.59000000007
2013-08-21,-5020.854999999989
2013-08-22,-4457.342499999981
2013-08-23,7640.814999999967
2013-08-26,-8780.692499999977
2013-08-27,5307.579999999919
2013-08-28,-3323.360000000017
2013-08-29,-17233.764999999872
2013-08-30,686.1899999999873
2013-09-02,-8156.402500000069
2013-09-03,7984.300000000002
2013-09-04,-26504.627499999984
2013-09-05,374.7725000000255
2013-09-06,14539.252500000011
2013-09-09,-787.0375000000907
2013-09-10,-3573.7499999999654
2013-09-11,7301.604999999918
2013-09-12,523.9275000001651
2013-09-13,2936.427499999908
2013-09-16,-1936.2099999999778
2013-09-17,7183.735000000192
2013-09-18,6893.809999999845
2013-09-19,6556.864999999987
2013-09-20,-155.89749999993742
2013-09-23,-13812.674999999985
2013-09-24,-10096.762500000123
2013-09-25,-459.5649999998745
2013-09-26,-3101.822500000099
2013-09-27,2387.935000000062
2013-09-30,-4693.817499999954
2013-10-01,-14633.095000000052
2013-10-02,14418.994999999968
2013-10-03,3762.500000000037
2013-10-04,-6016.222499999958
2013-10-07,-13327.149999999889
2013-10-08,-1760.172500000145
2013-10-09,-7598.229999999929
2013-10-10,12014.484999999957
2013-10-11,-2769.0675000000433
2013-10-14,2540.6100000001734
2013-10-15,-5220.962500000151
2013-10-16,9548.735000000112
2013-10-17,-1559.6500000001506
2013-10-18,-23264.812499999905
2013-10-21,7395.709999999904
2013-10-22,6388.927499999915
2013-10-23,-10587.87999999992
2013-10-24,2720.8025000000957
2013-10-25,702.4325000000364
2013-10-28,14384.367499999902
2013-10-29,3040.1025000001655
2013-10-30,8858.209999999963
2013-10-31,-3968.26750000008
2013-11-01,-9357.642499999953
2013-11-04,6491.554999999861
2013-11-05,-3213.512500000037
2013-11-06,4851.107500000148
2013-11-07,-14046.460000000041
2013-11-08,27076.292499999985
2013-11-11,9456.604999999938
2013-11-12,4027.747500000079
2013-11-13,3346.250000000022
2013-11-14,4797.687499999916
2013-11-15,-12166.072500000068
2013-11-18,-3927.254999999918
2013-11-19,4287.932500000098
2013-11-20,3136.4949999999662
2013-11-21,18290.88750000003
2013-11-22,9489.55249999993
2013-11-25,-3522.4300000000076
2013-11-26,13391.182499999972
2013-11-27,-2119.1874999999955
2013-11-28,7772.43250000003
2013-11-29,-842.1274999999839
2013-12-02,16407.84750000019
2013-12-03,10671.24999999988
2013-12-04,19112.29749999997
2013-12-05,4812.744999999921
2013-12-06,3051.739999999953
2013-12-09,9367.677500000045
2013-12-10,130.55750000007458
2013-12-11,538.9274999999589
2013-12-12,11693.12499999994
2013-12-13,-5137.0099999997865
2013-12-16,8103.06249999982
2013-12-17,5883.995000000013
2013-12-18,2462.8475000000317
2013-12-19,-14572.862500000068
2013-12-20,-6812.347500000065
2013-12-23,1136.412499999959
2013-12-24,9851.277500000093
2013-12-25,1700.244999999981
2013-12-26,-1969.567499999912
2013-12-27,18804.919999999976
2013-12-30,44.23249999988832
2013-12-31,4867.077500000243
2014-01-01,-1436.9000000000494
2014-01-02,-26063.582499999957
2014-01-03,-37661.30750000015
2014-01-06,-4594.577500000042
2014-01-07,4198.9674999999515
2014-01-08,3842.537500000083
2014-01-09,-10533.267500000034
2014-01-10,14859.037500000139
2014-01-13,3077.7499999999645
2014-01-14,14874.667500000025
2014-01-15,2782.972499999862
2014-01-16,2194.432500000009
2014-01-17,-13175.682499999873
2014-01-20,-2765.8049999998684
2014-01-21,6918.594999999814
2014-01-22,4862.812500000084
2014-01-23,10478.737499999868
2014-01-24,10228.88500000003
2014-01-27,-7341.685000000158
2014-01-28,-4710.829999999838
2014-01-29,24994.247499999874
2014-01-30,-23239.627499999973
2014-01-31,-5545.545000000014
2014-02-03,-15084.359999999822
2014-02-04,-4475.505000000113
2014-02-05,-6729.440000000092
2014-02-06,9466.782500000021
2014-02-07,6161.679999999953
2014-02-10,-4739.2724999998145
2014-02-11,-828.8175000000355
2014-02-12,7189.527500000146
2014-02-13,16047.29499999991
2014-02-14,-18420.252499999984
2014-02-17,-317.35499999994624
2014-02-18,5707.409999999939
2014-02-19,6498.789999999975
2014-02-20,-3926.5049999998882
2014-02-21,9817.86999999988
2014-02-24,-16298.617499999913
2014-02-25,4596.94999999978
2014-02-26,9457.162500000168
2014-02-27,10020.309999999918
2014-02-28,5112.267499999961
2014-03-03,-31206.092499999948
2014-03-04,11606.675000000107
2014-03-05,918.5275000000064
2014-03-06,-5854.377500000214
2014-03-07,-20349.55499999999
2014-03-10,3012.4875000002007
2014-03-11,-16448.002500000162
2014-03-12,-18719.24999999997
2014-03-13,-10148.122499999927
2014-03-14,-7931.675000000053
2014-03-17,17561.09500000013
2014-03-18,-3080.602499999994
2014-03-19,-3741.2100000000687
2014-03-20,-11172.564999999917
2014-03-21,-13859.8875
2014-03-24,-4021.1474999999764
2014-03-25,9117.779999999822
2014-03-26,-7916.142499999704
2014-03-27,-8089.380000000198
2014-03-28,15115.820000000107
2014-03-31,15828.29999999993
2014-04-01,23049.724999999893
2014-04-02,-5505.084999999964
2014-04-03,-9368.114999999854
2014-04-04,-19999.030000000075
2014-04-07,9707.484999999953
2014-04-08,-3297.7500000000755
2014-04-09,19102.207500000215
2014-04-10,-15546.322500000124
2014-04-11,-2741.955000000055
2014-04-14,-11874.944999999938
2014-04-15,4765.022500000132
2014-04-16,10369.584999999846
2014-04-17,8196.067500000057
2014-04-21,228.1924999997663
2014-04-22,-8759.904999999748
2014-04-23,-1809.512500000025
2014-04-24,7477.017499999946
2014-04-25,3211.4050000000852
2014-04-28,12714.98250000004
2014-04-29,-12779.925
2014-04-30,14013.112500000074
2014-05-01,518.7875000000263
2014-05-02,-3885.2024999999494
2014-05-05,519.1049999999747
2014-05-06,-2773.0825000000677
2014-05-07,-8101.682499999939
2014-05-08,-6248.027499999963
2014-05-09,4601.219999999892
2014-05-12,-3166.1274999999528
2014-05-13,-7745.050000000067
2014-05-14,-7190.860000000094
2014-05-15,7847.232500000102
2014-05-16,369.4149999999731
2014-05-19,23517.59749999998
2014-05-20,12148.034999999927
2014-05-21,6410.114999999983
2014-05-22,-3385.0074999999347
2014-05-23,-3331.0725000000675
2014-05-26,3483.9025000001043
2014-05-27,-921.7050000000618
2014-05-28,1933.4974999999586
2014-05-29,-10799.40750000011
2014-05-30,10318.124999999996
2014-06-02,16716.88250000003
2014-06-03,2983.927500000027
2014-06-04,-566.5099999999171
2014-06-05,806.4925000000105
2014-06-06,-13574.060000000167
2014-06-09,-19541.984999999837
2014-06-10,-6727.012500000083
2014-06-11,3523.1250000002565
2014-06-12,-21085.78500000001
2014-06-13,-3315.1575000000003
2014-06-16,-2485.962500000196
2014-06-17,-4348.322499999694
2014-06-18,-1202.3550000001223
2014-06-19,-14212.770000000017
2014-06-20,-4986.244999999984
2014-06-23,8393.30250000008
2014-06-24,-1964.9375000000828
2014-06-25,1903.4550000000174
2014-06-26,389.4974999998318
2014-06-27,-4945.692499999862
2014-06-30,8792.895000000011
2014-07-01,-10221.760000000144
2014-07-02,10634.07250000015
2014-07-03,3528.5174999997835
2014-07-04,-1210.2599999999609
2014-07-07,6.700000000081332
2014-07-08,-5991.7900000001655
2014-07-09,3438.3700000001204
2014-07-10,-14951.890000000001
2014-07-11,17879.819999999832
2014-07-14,4521.390000000017
2014-07-15,9274.937500000027
2014-07-16,-11078.95999999986
2014-07-17,-34815.86749999996
2014-07-18,9233.497499999683
2014-07-21,-5885.70749999998
2014-07-22,-12337.497499999796
2014-07-23,-2923.817500000091
2014-07-24,-2274.8224999999375
2014-07-25,11167.119999999975
2014-07-28,2190.0599999999636
2014-07-29,15844.7975
2014-07-30,505.41500000007187
2014-07-31,3228.379999999816
2014-08-01,-12625.29499999983
2014-08-04,4204.882499999776
2014-08-05,4155.870000000287
2014-08-06,-16298.082500000291
2014-08-07,-5268.604999999741
2014-08-08,9664.655000000164
2014-08-11,-9255.050000000141
2014-08-12,-5206.367500000012
2014-08-13,-21377.254999999805
2014-08-14,9137.609999999666
2014-08-15,3106.1825000003873
2014-08-18,356.7399999997699
2014-08-19,3066.8424999999897
2014-08-20,17765.017500000085
2014-08-21,4040.464999999929
2014-08-22,7809.147499999996
2014-08-25,9524.840000000007
2014-08-26,-11405.827499999747
2014-08-27,-5029.290000000151
2014-08-28,-10378.3275000001
2014-08-29,5311.334999999927
2014-09-01,-2876.994999999938
2014-09-02,11011.150000000134
2014-09-03,-14270.05750000019
2014-09-04,-1783.2600000000346
2014-09-05,-6036.587499999839
2014-09-08,12723.859999999837
2014-09-09,-8801.832499999888
2014-09-10,11836.249999999865
2014-09-11,-1430.2699999998508
2014-09-12,523.1674999998793
2014-09-15,-15258.667499999967
2014-09-16,-676.072499999859
2014-09-17,14626.427499999836
2014-09-18,-2494.6449999999545
2014-09-19,10038.995000000104
2014-09-22,-4745.852499999915
2014-09-23,8341.495
2014-09-24,-11472.15
2014-09-25,-3727.9475
2014-09-26,1354.3500000000017
2014-09-29,6099.362499999951
2014-09-30,15842.05250000011
2014-10-01,-10681.005000000157
2014-10-02,-6234.467499999993
2014-10-03,12286.250000000015
2014-10-06,-18412.06
2014-10-07,8494.40999999992
2014-10-08,-10256.207499999873
2014-10-09,7679.417499999955
2014-10-10,-15341.87500000001
2014-10-13,654.8650000000309
2014-10-14,5719.72999999996
2014-10-15,-6871.764999999828
2014-10-16,2727.407499999958
2014-10-17,2385.667499999838
2014-10-20,-2046.8999999999037
2014-10-21,208.1249999999991
2014-10-22,7042.154999999886
2014-10-23,6078.9275000000835
2014-10-24,5006.099999999961
2014-10-27,-984.1449999998963
2014-10-28,-915.0675000000255
2014-10-29,10155.755000000014
2014-10-30,11315.249999999984
2014-10-31,12343.995000000145
2014-11-03,34620.245000000024
2014-11-04,3603.5999999999767
2014-11-05,8413.970000000038
2014-11-06,11430.967499999848
2014-11-07,2730.8650000000052
2014-11-10,-9418.444999999896
2014-11-11,10778.234999999884
2014-11-12,-16420.59
2014-11-13,-1932.8374999999664
2014-11-14,-16606.79000000008
2014-11-17,11539.564999999953
2014-11-18,9180.775000000041
2014-11-19,11817.297500000082
2014-11-20,-4177.405000000062
2014-11-21,580.372499999982
2014-11-24,-687.660000000025
2014-11-25,3269.8074999999976
2014-11-26,3537.740000000053
2014-11-27,11657.43000000004
2014-11-28,-6788.555000000014
2014-12-01,-41939.487500000134
2014-12-02,-2063.149999999842
2014-12-03,9041.934999999927
2014-12-04,5127.450000000057
2014-12-05,17722.06999999989
2014-12-08,666.3349999999282
2014-12-09,1138.6325000001123
2014-12-10,3887.530000000055
2014-12-11,7231.332499999974
2014-12-12,8883.000000000073
2014-12-15,-4726.88250000012
2014-12-16,-4595.754999999986
2014-12-17,-2082.604999999934
2014-12-18,-776.8125000000792
2014-12-19,-2454.739999999958
2014-12-22,-1777.02500000001
2014-12-23,-14129.50499999992
2014-12-24,5638.577499999922
2014-12-25,1367.7950000000449
2014-12-26,7274.4675000000925
2014-12-29,13598.279999999975
2014-12-30,-3623.7500000000273
2014-12-31,-2317.254999999999
2015-01-01,-1330.225000000118
2015-01-02,2895.840000000055
2015-01-05,15929.612500000007
2015-01-06,4626.664999999928
2015-01-07,-2841.569999999889
2015-01-08,726.4274999999527
2015-01-09,1003.6750000000009
2015-01-12,-10292.270000000006
2015-01-13,-1099.999999999875
2015-01-14,7073.049999999844
2015-01-15,8682.365000000133
2015-01-16,-4096.570000000074
2015-01-19,-6934.8474999999735
2015-01-20,13306.022500000012
2015-01-21,-13786.017499999944
2015-01-22,995.1299999999308
2015-01-23,3957.927499999937
2015-01-26,1012.7200000000157
2015-01-27,-3501.780000000067
2015-01-28,-2411.3249999998525
2015-01-29,-7863.355000000014
2015-01-30,-8570.025000000078
2015-02-02,-16227.692500000043
2015-02-03,-10488.45499999986
2015-02-04,7818.475000000042
2015-02-05,3290.089999999984
2015-02-06,6304.240000000001
2015-02-09,-3565.220000000022
2015-02-10,2001.3724999999263
2015-02-11,4542.580000000145
2015-02-12,-5336.820000000142
2015-02-13,-1223.4075000000253
2015-02-16,317.7150000000215
2015-02-17,-2288.910000000085
2015-02-18,-2481.164999999938
2015-02-19,-660.0675000000136
2015-02-20,12226.032500000105
2015-02-23,-3060.9599999999764
2015-02-24,-3297.9750000002036
2015-02-25,1936.340000000095
2015-02-26,138.7274999998914
2015-02-27,-2100.479999999886
2015-03-02,-5795.944999999948
2015-03-03,-3907.2150000000474
2015-03-04,-10315.280000000072
2015-03-05,-2289.2425000000176
2015-03-06,-2593.8049999999776
2015-03-09,-2194.969999999943
2015-03-10,1983.380000000034
2015-03-11,-813.5775000000374
2015-03-12,-15256.935000000038
2015-03-13,1725.3650000000412
2015-03-16,3741.6399999999717
2015-03-17,-1251.6024999999636
2015-03-18,-2156.174999999979
2015-03-19,2628.8274999999758
2015-03-20,-5511.9975000000395
2015-03-23,-9134.147499999995
2015-03-24,-1334.970000000011
2015-03-25,-5977.850000000002
2015-03-26,2824.87249999999
2015-03-27,-1331.0549999999796
2015-03-30,-8345.650000000023
2015-03-31,11360.822500000146
2015-04-01,3452.1949999998183
2015-04-02,-14881.784999999954
2015-04-03,-5269.289999999974
2015-04-06,2513.132499999941
2015-04-07,8774.852500000172
2015-04-08,4105.25999999997
2015-04-09,-1675.2174999998833
2015-04-10,-5602.550000000052
2015-04-13,8319.399999999865
2015-04-14,4805.249999999906
2015-04-15,10035.282500000087
2015-04-16,4043.215000000055
2015-04-17,6602.6650000000045
2015-04-20,-1847.2674999999351
2015-04-21,-1105.4000000000656
2015-04-22,4521.925000000101
2015-04-23,5646.044999999919
2015-04-24,9139.52249999997
2015-04-27,3413.770000000132
2015-04-28,-8955.005000000005
2015-04-29,-1882.730000000021
2015-04-30,-2245.542499999997
2015-05-01,-6761.194999999994
2015-05-04,2194.3950000000086
2015-05-05,2120.7449999999353
2015-05-06,-10015.457499999948
2015-05-07,14104.2
2015-05-08,-16028.037499999975
2015-05-11,4206.160000000003
2015-05-12,-6499.010000000024
2015-05-13,-15765.059999999992
2015-05-14,-9327.355000000009
2015-05-15,6017.200000000038
2015-05-18,-12104.170000000038
2015-05-19,5339.484999999955
2015-05-20,4597.194999999995
2015-05-21,272.4475000000067
2015-05-22,6282.670000000108
2015-05-25,1291.499999999941
2015-05-26,9767.962499999923
2015-05-27,12807.979999999958
2015-05-28,2872.294999999986
2015-05-29,14887.000000000167
2015-06-01,-9212.74250000009
2015-06-02,-7274.047499999966
2015-06-03,-8224.572500000088
2015-06-04,4492.05000000011
2015-06-05,10618.745000000019
2015-06-08,-9057.697500000155
2015-06-09,-1005.1599999999864
2015-06-10,-3894.049999999853
2015-06-11,6387.634999999939
2015-06-12,2630.1824999999517
2015-06-15,-5888.720000000012
2015-06-16,10269.635000000013
2015-06-17,3345.060000000033
2015-06-18,3023.852499999903
2015-06-19,4447.339999999968
2015-06-22,-9893.997499999763
2015-06-23,8084.492499999926
2015-06-24,-8582.839999999867
2015-06-25,-9717.027500000107
2015-06-26,9110.945000000052
2015-06-29,-3347.0350000001354
2015-06-30,-10165.844999999947
2015-07-01,-13753.430000000024
2015-07-02,-10318.55750000002
2015-07-03,-3042.7175000001175
2015-07-06,-799.8175000000192
2015-07-07,5001.7850000002345
2015-07-08,-17054.977499999954
2015-07-09,-9469.072500000037
2015-07-10,9394.514999999823
2015-07-13,-3915.579999999956
2015-07-14,13874.120000000124
2015-07-15,-2313.6550000000475
2015-07-16,11340.95750000005
2015-07-17,3699.994999999896
2015-07-20,-7221.384999999898
2015-07-21,-9967.985000000024
2015-07-22,5283.750000000035
2015-07-23,2321.684999999946
2015-07-24,-3534.042500000067
2015-07-27,-5728.709999999842
2015-07-28,1675.8524999998838
2015-07-29,-4370.485000000056
2015-07-30,13532.075000000119
2015-07-31,-232.64000000007695
2015-08-03,11731.582500000077
2015-08-04,-1915.3850000000043
2015-08-05,3023.157500000079
2015-08-06,389.9499999999316
2015-08-07,-5441.279999999974
2015-08-10,-11480.669999999987
2015-08-11,9174.122500000063
2015-08-12,18234.89999999985
2015-08-13,-2488.7174999999374
2015-08-14,6151.677500000043
2015-08-17,-2305.0975000000717
2015-08-18,14891.42000000014
2015-08-19,2194.089999999879
2015-08-20,1429.1300000000429
2015-08-21,-1669.1099999999647
2015-08-24,21656.74999999996
2015-08-25,-8334.060000000076
2015-08-26,-13494.990000000058
2015-08-27,-17827.219999999943
2015-08-28,2019.2900000000827
2015-08-31,-342.98500000006277
2015-09-01,6778.235000000108
2015-09-02,-8816.825000000157
2015-09-03,-6613.842499999968
2015-09-04,-1074.3250000000248
2015-09-07,2504.7275000000654
2015-09-08,-9311.177500000042
2015-09-09,3696.275000000265
2015-09-10,3735.6499999998455
2015-09-11,2917.577499999971
2015-09-14,-6279.150000000031
2015-09-15,-9679.114999999956
2015-09-16,2173.4699999999934
2015-09-17,-2027.9099999999341
2015-09-18,24771.925
2015-09-21,-6460.839999999958
2015-09-22,2586.7299999999923
2015-09-23,8754.02500000006
2015-09-24,7805.727499999922
2015-09-25,-17949.914999999924
2015-09-28,16021.389999999989
2015-09-29,-4989.02500000001
2015-09-30,-24547.502500000057
2015-10-01,-4346.114999999912
2015-10-02,4890.644999999996
2015-10-05,-13974.607499999958
2015-10-06,-2902.129999999957
2015-10-07,2038.064999999958
2015-10-08,-6688.127500000165
2015-10-09,-8570.654999999959
2015-10-12,4802.145000000001
2015-10-13,2209.2625000000444
2015-10-14,5534.324999999867
2015-10-15,-2408.7824999999875
2015-10-16,8944.722500000094
2015-10-19,4979.647500000178
2015-10-20,963.7449999998888
2015-10-21,9700.865000000034
2015-10-22,-11736.977500000123
2015-10-23,188.23500000006857
2015-10-26,9230.382499999969
2015-10-27,1053.8449999999716
2015-10-28,3081.794999999985
2015-10-29,490.6750000000149
2015-10-30,1023.2950000001432
2015-11-02,-4709.072499999981
2015-11-03,-11728.585000000116
2015-11-04,3153.559999999919
2015-11-05,-6113.394999999925
2015-11-06,-8939.7224999999
2015-11-09,-1232.5199999999797
2015-11-10,-2466.5900000000415
2015-11-11,2046.630000000002
2015-11-12,4663.562499999992
2015-11-13,-229.92999999997517
2015-11-16,-3223.310000000083
2015-11-17,-9061.569999999885
2015-11-18,7102.874999999871
2015-11-19,9364.302500000056
2015-11-20,-647.119999999919
2015-11-23,433.27249999999054
2015-11-24,-12014.955000000013
2015-11-25,-2998.4175000000737
2015-11-26,-2500.914999999916
2015-11-27,-13252.097499999942
2015-11-30,-4004.3149999999496
2015-12-01,-3734.2274999999254
2015-12-02,-6001.500000000068
2015-12-03,30279.975000000137
2015-12-04,9714.469999999881
2015-12-07,13136.692500000232
2015-12-08,14695.785000000042
2015-12-09,3320.1849999999076
2015-12-10,7664.900000000038
2015-12-11,-6778.647500000189
2015-12-14,-11840.929999999862
2015-12-15,14865.535000000098
2015-12-16,-5563.539999999954
2015-12-17,80.0650000000062
2015-12-18,-7204.650000000133
2015-12-21,-26339.91499999996
2015-12-22,-12930.06500000012
2015-12-23,-1898.349999999832
2015-12-24,9828.202500000029
2015-12-28,-11570.555000000139
2015-12-29,-11598.707500000042
2015-12-30,-9412.189999999924
2015-12-31,-3939.4050000000007
2016-01-04,30375.71499999995
2016-01-05,-628.8949999999876
2016-01-06,6687.8800000000465
2016-01-07,7105.749999999816
2016-01-08,-12770.799999999948
2016-01-11,9381.862500000041
2016-01-12,-2301.650000000143
2016-01-13,6331.220000000078
2016-01-14,-3130.2074999999836
2016-01-15,30085.290000000074
2016-01-18,-7545.592500000117
2016-01-19,2333.5575000000026
2016-01-20,-5504.612500000101
2016-01-21,-19396.639999999836
2016-01-22,-11214.445000000027
2016-01-25,16030.097499999869
2016-01-26,-23155.53499999999
2016-01-27,10963.109999999966
2016-01-28,-18744.047499999844
2016-01-29,-21286.37999999998
2016-02-01,10243.077499999827
2016-02-02,8324.112500000083
2016-02-03,-4770.420000000021
2016-02-04,14408.237499999963
2016-02-05,11105.007499999954
2016-02-08,-3458.7124999999987
2016-02-09,-7788.922500000045
2016-02-10,24116.21000000008
2016-02-11,22921.17500000004
2016-02-12,-5748.962499999932
2016-02-15,-18057.51249999989
2016-02-16,-3506.6200000000554
2016-02-17,-12616.865000000087
2016-02-18,11952.495000000044
2016-02-19,3264.2849999999053
2016-02-22,-15639.224999999858
2016-02-23,15148.844999999894
2016-02-24,-3513.007499999989
2016-02-25,-10504.917499999998
2016-02-26,-15867.434999999996
2016-02-29,13797.049999999994
2016-03-01,-19516.315000000097
2016-03-02,-3142.0275000000747
2016-03-03,654.5425000001414
2016-03-04,-4359.430000000124
2016-03-07,5585.750000000055
2016-03-08,17227.795000000006
2016-03-09,-11250.722500000067
2016-03-10,20981.32000000006
2016-03-11,-27131.840000000007
2016-03-14,404.12499999997965
2016-03-15,7484.094999999882
2016-03-16,-17267.79249999997
2016-03-17,-5756.902500000104
2016-03-18,397.69500000002836
2016-03-21,6610.892500000104
2016-03-22,12832.544999999907
2016-03-23,4887.075000000104
2016-03-24,-1053.060000000133
2016-03-28,-8933.804999999946
2016-03-29,4915.572500000008
2016-03-30,-5712.53500000005
2016-03-31,29110.105000000076
2016-04-01,13070.964999999847
2016-04-04,-2947.7049999998867
2016-04-05,13282.122500000143
2016-04-06,-2542.405000000025
2016-04-07,12177.24999999989
2016-04-08,-1374.855000000061
2016-04-11,218.16750000011496
2016-04-12,-24634.165000000034
2016-04-13,-13927.874999999967
2016-04-14,-4107.544999999994
2016-04-15,2401.690000000044
2016-04-18,-16488.610000000208
2016-04-19,-11580.102499999859
2016-04-20,-8312.394999999995
2016-04-21,13431.915000000068
2016-04-22,-29387.94000000005
2016-04-25,10597.24499999991
2016-04-26,-88.08999999989129
2016-04-27,3910.645000000068
2016-04-28,19351.299999999832
2016-04-29,9661.355000000049
2016-05-02,5251.297500000014
2016-05-03,16679.64499999994
2016-05-04,12343.420000000106
2016-05-05,-8470.105000000149
2016-05-06,12372.137500000055
2016-05-09,-4887.744999999939
2016-05-10,9458.489999999942
2016-05-11,12744.240000000002
2016-05-12,-12221.749999999949
2016-05-13,6364.194999999944
2016-05-16,-6666.067499999904
2016-05-17,6777.6624999999685
2016-05-18,-9419.84000000007
2016-05-19,1437.7124999999685
2016-05-20,4427.115000000205
2016-05-23,5522.732499999948
2016-05-24,-23724.534999999993
2016-05-25,-2680.0000000000523
2016-05-26,-11863.452500000018
2016-05-27,-1990.7474999998794
2016-05-30,-1153.157499999987
2016-05-31,-1593.265000000184
2016-06-01,11424.95000000015
2016-06-02,7676.165000000029
2016-06-03,4835.739999999933
2016-06-06,-10500.454999999933
2016-06-07,1675.8399999999801
2016-06-08,14119.897499999892
2016-06-09,-821.6549999999028
2016-06-10,12524.349999999999
2016-06-13,-3654.5650000000046
2016-06-14,1.6999999999436568
2016-06-15,-7403.827499999862
2016-06-16,4081.41249999999
2016-06-17,7310.319999999978
2016-06-20,-19902.775000000016
2016-06-21,-12660.319999999965
2016-06-22,-3106.5149999999257
2016-06-23,6897.479999999874
2016-06-24,13778.547500000106
2016-06-27,17987.897499999923
2016-06-28,-10148.360000000002
2016-06-29,1811.509999999978
2016-06-30,-3010.4499999998757
2016-07-01,13529.844999999937
2016-07-04,551.450000000022
2016-07-05,11696.032499999932
2016-07-06,12320.944999999996
2016-07-07,-6053.699999999928
2016-07-08,4103.100000000017
2016-07-11,-5012.500000000056
2016-07-12,-18689.374999999964
2016-07-13,2544.065000000127
2016-07-14,-17373.760000000104
2016-07-15,1001.4999999998463
2016-07-18,-6753.982499999853
2016-07-19,3474.099999999998
2016-07-20,-10590.899999999967
2016-07-21,455.8249999998239
2016-07-22,-11920.367499999933
2016-07-25,-1913.7725000000214
2016-07-26,10747.027499999997
2016-07-27,2670.045000000001
2016-07-28,-21120.030000000006
2016-07-29,11697.424999999987
2016-08-01,-8737.74000000007
2016-08-02,-156.1099999998464
2016-08-03,-1994.9200000000574
2016-08-04,16030.484999999971
2016-08-05,1570.157500000003
2016-08-08,6352.664999999953
2016-08-09,9933.890000000096
2016-08-10,-1927.3225000000284
2016-08-11,11000.719999999925
2016-08-12,-547.6525000000082
2016-08-15,6106.895000000079
2016-08-16,-8267.810000000112
2016-08-17,3642.695000000099
2016-08-18,-11764.367499999946
2016-08-19,1287.509999999959
2016-08-22,-27.53000000001437
2016-08-23,1229.6900000000044
2016-08-24,-247.4924999999538
2016-08-25,-1275.899999999987
2016-08-26,5670.499999999957
2016-08-29,10621.84999999998
2016-08-30,-5218.344999999967
2016-08-31,-10800.835000000015
2016-09-01,-2569.6549999999856
2016-09-02,-2515.8150000000123
2016-09-05,7073.6325000000725
2016-09-06,7230.77250000001
2016-09-07,3391.299999999778
2016-09-08,-9777.310000000032
2016-09-09,-14996.154999999979
2016-09-12,-10288.209999999968
2016-09-13,-8049.599999999974
2016-09-14,-14296.600000000051
2016-09-15,6115.694999999988
2016-09-16,12080.310000000129
2016-09-19,10126.064999999939
2016-09-20,1659.3350000000949
2016-09-21,11986.647500000026
2016-09-22,-2867.654999999973
2016-09-23,-9927.287500000199
2016-09-26,3350.5650000001465
2016-09-27,917.4050000000578
2016-09-28,3670.7899999999936
2016-09-29,510.5174999998287
2016-09-30,4629.770000000098
2016-10-03,15480.32500000008
2016-10-04,-16129.692500000043
2016-10-05,-12587.200000000012
2016-10-06,17218.527499999906
2016-10-07,-8610.454999999934
2016-10-10,-7015.679999999993
2016-10-11,3662.9750000000076
2016-10-12,4342.485000000089
2016-10-13,-1847.6725000000276
2016-10-14,854.9249999999192
2016-10-17,5017.289999999972
2016-10-18,1230.4950000000933
2016-10-19,4558.5824999999095
2016-10-20,-646.7299999999861
2016-10-21,8884.675000000036
2016-10-24,4223.3625000000975
2016-10-25,3315.2699999998667
2016-10-26,-5819.392500000053
2016-10-27,-13895.504999999903
2016-10-28,-6829.869999999926
2016-10-31,16701.859999999837
2016-11-01,-20882.10500000003
2016-11-02,-3113.4300000000358
2016-11-03,-6193.230000000019
2016-11-04,-7909.642499999941
2016-11-07,-9028.029999999922
2016-11-08,-2862.897500000084
2016-11-09,-37396.1975000001
2016-11-10,-31967.00249999987
2016-11-11,-13435.109999999986
2016-11-14,4095.65249999999
2016-11-15,3969.522500000059
2016-11-16,805.509999999967
2016-11-17,-17267.727500000103
2016-11-18,2666.6050000001196
2016-11-21,-1279.3650000000364
2016-11-22,5461.444999999921
2016-11-23,-11695.70749999992
2016-11-24,-5619.16250000007
2016-11-25,10279.685000000063
2016-11-28,22006.782499999863
2016-11-29,-208.13000000005002
2016-11-30,-23961.379999999936
2016-12-01,4639.479999999856
2016-12-02,-8901.954999999953
2016-12-05,-870.4724999999278
2016-12-06,3966.089999999912
2016-12-07,12057.382500000089
2016-12-08,-16008.650000000007
2016-12-09,-5654.490000000049
2016-12-12,10584.124999999942
2016-12-13,-651.4474999999765
2016-12-14,13638.439999999946
2016-12-15,11470.702500000078
2016-12-16,-11292.925000000148
2016-12-19,-140.5099999998754
2016-12-20,-5849.582500000048
2016-12-21,3534.522500000054
2016-12-22,6686.167499999914
2016-12-23,-6446.1499999999705
2016-12-26,-1273.2000000000194
2016-12-27,1500.837500000001
2016-12-28,8430.819999999865
2016-12-29,-16751.300000000017
2016-12-30,-2772.8824999998747
2017-01-02,3351.034999999982
2017-01-03,-4122.437500000134
2017-01-04,1790.7000000001208
2017-01-05,-14900.80750000001
2017-01-06,-181.82000000001318
2017-01-09,3063.3700000000454
2017-01-10,13142.894999999891
2017-01-11,3499.1750000001066
2017-01-12,11692.632499999965
2017-01-13,1967.6949999999406
2017-01-16,-3272.0050000000188
2017-01-17,-14797.497499999907
2017-01-18,-3705.5000000000805
2017-01-19,-6192.375000000029
2017-01-20,-3835.9700000000757
2017-01-23,-2948.9949999998407
2017-01-24,18223.504999999896
2017-01-25,1511.787500000085
2017-01-26,-2474.997500000028
2017-01-27,-2443.1249999998518
2017-01-30,-234.47500000000926
2017-01-31,-4300.877499999913
2017-02-01,-4370.802499999877
2017-02-02,6102.329999999929
2017-02-03,4187.84499999997
2017-02-06,-1492.3275000000972
2017-02-07,-14308.592499999966
2017-02-08,5105.79500000002
2017-02-09,2647.7399999999698
2017-02-10,19511.594999999932
2017-02-13,1648.0450000001433
2017-02-14,432.1674999998988
2017-02-15,3553.52000000007
2017-02-16,-8313.96000000004
2017-02-17,2817.867500000115
2017-02-20,6952.719999999909
2017-02-21,9540.702499999992
2017-02-22,-3098.1150000000284
2017-02-23,-9784.360000000039
2017-02-24,-909.0650000000132
2017-02-27,4194.857500000024
2017-02-28,-13796.604999999905
2017-03-01,2450.142500000022
2017-03-02,-13876.030000000002
2017-03-03,-2260.652500000092
2017-03-06,2393.7850000000863
2017-03-07,2324.645000000004
2017-03-08,-8937.277500000131
2017-03-09,-5617.904999999914
2017-03-10,-5509.92500000002
2017-03-13,9814.544999999984
2017-03-14,5225.252500000024
2017-03-15,-328.9150000000131
2017-03-16,-8928.067499999823
2017-03-17,-1634.0250000000628
2017-03-20,-1775.0750000000107
2017-03-21,-21549.59750000007
2017-03-22,6922.680000000068
2017-03-23,-5573.179999999986
2017-03-24,-9156.214999999935
2017-03-27,-7136.322500000036
2017-03-28,11983.864999999945
2017-03-29,6481.819999999963
2017-03-30,6858.120000000138
2017-03-31,-9700.42750000005
2017-04-03,-14661.205000000107
2017-04-04,-1343.099999999913
2017-04-05,4106.570000000069
2017-04-06,21.919999999799188
2017-04-07,4588.39500000006
2017-04-10,537.3600000000769
2017-04-11,-17047.954999999914
2017-04-12,-3713.2225000000053
2017-04-13,12669.765000000012
2017-04-17,4902.369999999884
2017-04-18,-25872.725000000108
2017-04-19,5880.715000000166
2017-04-20,4904.259999999891
2017-04-21,5106.7125
2017-04-24,-3574.430000000039
2017-04-25,-10875.504999999868
2017-04-26,-8385.04750000008
2017-04-27,3354.3400000000056
2017-04-28,-9039.397500000052
2017-05-01,10291.239999999985
2017-05-02,-9788.617500000004
2017-05-03,-12792.429999999964
2017-05-04,-596.9899999999858
2017-05-05,-5383.369999999948
2017-05-08,2152.3849999999106
2017-05-09,7003.882500000125
2017-05-10,-2367.1650000000677
2017-05-11,4893.392500000032
2017-05-12,3346.429999999938
2017-05-15,6858.757499999995
2017-05-16,3697.5650000000596
2017-05-17,-12611.205000000064
2017-05-18,-5752.494999999856
2017-05-19,-8048.690000000074
2017-05-22,7187.392500000079
2017-05-23,-3838.1250000000814
2017-05-24,-3993.2075000001105
2017-05-25,2073.0750000000294
2017-05-26,-13309.317499999943
2017-05-29,-7798.5099999999875
2017-05-30,272.1250000000548
2017-05-31,-1960.4874999999292
2017-06-01,-9684.787499999973
2017-06-02,2567.2249999999385
2017-06-05,2957.612500000041
2017-06-06,-2384.9999999999973
2017-06-07,8952.499999999969
2017-06-08,20162.964999999993
2017-06-09,-10365.657500000007
2017-06-12,-4331.964999999926
2017-06-13,-10337.515000000016
2017-06-14,-1013.9850000001519
2017-06-15,-797.2625000000073
2017-06-16,-5173.572500000144
2017-06-19,-1757.6049999998475
2017-06-20,-628.9525000001169
2017-06-21,12388.380000000063
2017-06-22,-12111.147500000121
2017-06-23,3616.640000000052
2017-06-26,10775.712500000043
2017-06-27,1621.7399999998936
2017-06-28,-3960.7075000000636
2017-06-29,-6490.039999999891
2017-06-30,-4117.777500000054
2017-07-03,-9128.42249999999
2017-07-04,-9933.670000000044
2017-07-05,7676.122499999989
2017-07-06,14159.144999999955
2017-07-07,15022.250000000025
2017-07-10,3998.7325000000665
2017-07-11,10402.664999999944
2017-07-12,-8015.795000000004
2017-07-13,1278.992499999942
2017-07-14,2603.3100000000804
2017-07-17,-2442.6125000001157
2017-07-18,8142.730000000137
2017-07-19,1086.8775000000712
2017-07-20,7696.84749999995
2017-07-21,-7465.125000000123
2017-07-24,5259.99750000013
2017-07-25,24623.16499999992
2017-07-26,8836.48750000009
2017-07-27,1461.4725000000467
2017-07-28,-221.17250000017862
2017-07-31,15460.500000000005
2017-08-01,-2308.447499999842
2017-08-02,-1378.1550000000466
2017-08-03,-2151.960000000053
2017-08-04,16346.140000000078
2017-08-07,104.4900000000996
2017-08-08,-11551.427500000085
2017-08-09,-12476.92250000005
2017-08-10,-18516.364999999998
2017-08-11,12586.329999999998
2017-08-14,-4599.582500000022
2017-08-15,9564.252500000028
2017-08-16,7514.640000000015
2017-08-17,-14716.7800000001
2017-08-18,16877.61000000007
2017-08-21,-7940.749999999942
2017-08-22,5479.622500000052
2017-08-23,-1229.975000000171
2017-08-24,13186.255000000056
2017-08-25,-3707.737499999937
2017-08-28,-7789.23250000008
2017-08-29,17660.102500000048
2017-08-30,3525.4175000001164
2017-08-31,5341.405000000032
2017-09-01,-5476.192500000097
2017-09-04,-5224.544999999936
2017-09-05,-4544.652499999974
2017-09-06,6981.079999999966
2017-09-07,-984.4999999999545
2017-09-08,-12116.122499999876
2017-09-11,9123.19749999983
2017-09-12,-5688.147499999982
2017-09-13,-10164.299999999937
2017-09-14,-16189.155000000123
2017-09-15,-2168.4274999998493
2017-09-18,4006.339999999816
2017-09-19,2704.2724999999514
2017-09-20,-5569.199999999988
2017-09-21,-3821.8424999998765
2017-09-22,10678.682499999999
2017-09-25,-9799.805000000057
2017-09-26,-6269.867499999988
2017-09-27,-603.3150000000302
2017-09-28,9346.982499999964
2017-09-29,-1324.104999999951
2017-10-02,2106.5725000000634
2017-10-03,879.8474999999198
2017-10-04,5684.139999999947
2017-10-05,8263.075000000033
2017-10-06,-7288.827500000072
2017-10-09,-2886.5299999999597
2017-10-10,-3396.232499999978
2017-10-11,3809.8799999999883
2017-10-12,-1399.142500000002
2017-10-13,869.2325000000681
2017-10-16,8811.817500000052
2017-10-17,2949.6349999999493
2017-10-18,20150.467500000086
2017-10-19,-9089.67000000016
2017-10-20,6079.209999999875
2017-10-23,-5120.540000000105
2017-10-24,19341.380000000096
2017-10-25,-12019.954999999973
2017-10-26,10344.610000000028
2017-10-27,-1148.8149999999573
2017-10-30,-3409.2699999999727
2017-10-31,10988.552499999945
2017-11-01,-6901.844999999965
2017-11-02,-14626.22750000007
2017-11-03,-2337.900000000021
2017-11-06,-3178.167499999843
2017-11-07,-5557.7050000000045
2017-11-08,-2609.447499999963
2017-11-09,-3633.615000000043
2017-11-10,9018.599999999988
2017-11-13,-3094.2500000001182
2017-11-14,-11920.34999999991
2017-11-15,-1535.2150000000418
2017-11-16,4879.712500000076
2017-11-17,-8468.532500000136
2017-11-20,16056.925000000012
2017-11-21,-1950.3475000000058
2017-11-22,4438.395000000102
2017-11-23,3122.6550000000593
2017-11-24,12114.622499999949
2017-11-27,-8538.995000000015
2017-11-28,-7768.577500000044
2017-11-29,-6635.4124999998985
2017-11-30,16515.63499999991
2017-12-01,-6541.03500000003
2017-12-04,6658.887500000005
2017-12-05,8599.212499999932
2017-12-06,-4325.997499999935
2017-12-07,23008.185000000045
2017-12-08,-9155.604999999989
2017-12-11,12961.400000000178
2017-12-12,99.61750000002513
2017-12-13,-15508.277500000106
2017-12-14,5512.4299999999175
2017-12-15,3581.5824999999404
2017-12-18,-16385.67499999983
2017-12-19,2303.2775000000706
2017-12-20,950.1249999999754
2017-12-21,5209.572500000073
2017-12-22,638.8449999999262
2017-12-25,-734.0724999998963
2017-12-26,14860.23749999993
2017-12-27,-7941.34500000001
2017-12-28,-16554.360000000106
2017-12-29,2624.410000000171
2018-01-01,-6590.490000000159
2018-01-02,-4001.0999999999935
2018-01-03,6748.8874999999925
2018-01-04,8478.110000000135
2018-01-05,-3440.2775000002266
2018-01-08,-193.64999999989968
2018-01-09,-18028.967499999944
2018-01-10,-17611.297500000273
2018-01-11,-5663.554999999881
2018-01-12,25433.267500000016
2018-01-15,7878.470000000092
2018-01-16,-2101.8649999998897
2018-01-17,4927.017499999803
2018-01-18,-1808.8274999999946
2018-01-19,-2831.5050000000874
2018-01-22,11505.332500000082
2018-01-23,-20321.46499999995
2018-01-24,455.99250000006805
2018-01-25,86.65499999967847
2018-01-26,-13499.294999999873
2018-01-29,-3735.760000000046
2018-01-30,-5577.642500000022
2018-01-31,20029.535000000073
2018-02-01,10471.527500000137
2018-02-02,-228.91000000017948
2018-02-05,-27969.32499999986
2018-02-06,25968.732500000042
2018-02-07,-33066.89000000013
2018-02-08,-10772.714999999966
2018-02-09,-5112.0050000000465
2018-02-12,6022.12749999987
2018-02-13,5474.9675000000325
2018-02-14,12641.152500000177
2018-02-15,5489.459999999935
2018-02-16,753.7900000000711
2018-02-19,2462.069999999954
2018-02-20,5740.374999999893
2018-02-21,-8311.182499999733
2018-02-22,652.9225000000315
2018-02-23,8900.267499999867
2018-02-26,-4509.600000000005
2018-02-27,-5200.197500000017
2018-02-28,-17253.627499999988
2018-03-01,-12938.882499999921
2018-03-02,6535.927500000045
2018-03-05,7764.299999999914
2018-03-06,-7766.580000000002
2018-03-07,1338.7525000000107
2018-03-08,-8985.522500000026
2018-03-09,-930.792500000028
2018-03-12,-6388.202499999986
2018-03-13,9894.332499999857
2018-03-14,-4159.317499999887
2018-03-15,13377.99249999989
2018-03-16,15286.980000000158
2018-03-19,705.5749999998112
2018-03-20,-1808.102499999942
2018-03-21,4520.700000000055
2018-03-22,1378.4874999999236
2018-03-23,-3440.932499999955
2018-03-26,1117.6225000000059
2018-03-27,-6545.272500000115
2018-03-28,8265.110000000224
2018-03-29,565.979999999972
2018-04-02,1328.0249999998996
2018-04-03,-4308.164999999957
2018-04-04,-10295.775000000021
2018-04-05,-4821.915000000021
2018-04-06,4446.225000000078
2018-04-09,-44.50500000014552
2018-04-10,10356.425000000076
2018-04-11,2547.9349999999154
2018-04-12,6524.359999999994
2018-04-13,-4429.750000000171
2018-04-16,2115.2400000001307
2018-04-17,1286.6325000000174
2018-04-18,1043.9074999999566
2018-04-19,-2782.2349999999597
2018-04-20,2334.0699999999956
2018-04-23,8263.049999999977
2018-04-24,-4707.577499999917
2018-04-25,-544.175000000075
2018-04-26,2977.437500000106
2018-04-27,-13464.12499999992
2018-04-30,843.5249999998639
2018-05-01,-15158.615000000003
2018-05-02,-4148.659999999999
2018-05-03,-1621.0699999999028
2018-05-04,1723.1149999999118
2018-05-07,-2494.7175000000743
2018-05-08,4756.925000000011
2018-05-09,11190.547500000073
2018-05-10,-5098.354999999933
2018-05-11,-3406.8675000000712
2018-05-14,13932.025000000194
2018-05-15,-4266.417500000208
2018-05-16,2909.6999999999944
2018-05-17,-1481.0674999999856
2018-05-18,-19825.50999999998
2018-05-21,14747.54249999997
2018-05-22,-9672.149999999958
2018-05-23,-5028.79249999997
2018-05-24,-10287.707499999986
2018-05-25,-18704.194999999967
2018-05-28,1822.8099999998715
2018-05-29,-3830.7824999998643
2018-05-30,12584.369999999933
2018-05-31,-10343.472499999878
2018-06-01,6826.752499999686
2018-06-04,15609.450000000274
2018-06-05,1907.110000000063
2018-06-06,8969.249999999867
2018-06-07,-3247.320000000001
2018-06-08,2113.310000000099
2018-06-11,-4425.462500000195
2018-06-12,-4446.195000000049
2018-06-13,-2948.254999999909
2018-06-14,-15417.934999999898
2018-06-15,-16294.2225
2018-06-18,9361.929999999842
2018-06-19,-10290.499999999993
2018-06-20,-153.38500000004
2018-06-21,-9788.387499999972
2018-06-22,12623.000000000207
2018-06-25,-7786.7150000002375
2018-06-26,1286.1100000001688
2018-06-27,65.24749999982703
2018-06-28,9088.495000000068
2018-06-29,7887.704999999976
2018-07-02,3406.707500000184
2018-07-03,-13402.255000000108
2018-07-04,-2713.6000000001213
2018-07-05,-3506.8774999999787
2018-07-06,6379.650000000135
2018-07-09,8351.929999999995
2018-07-10,3917.4950000001413
2018-07-11,-14489.792500000323
2018-07-12,14445.345000000043
2018-07-13,12785.405000000068
2018-07-16,-14095.202500000134
2018-07-17,3204.8050000001813
2018-07-18,-18.13250000017439
2018-07-19,-1829.1699999999662
2018-07-20,9372.294999999953
2018-07-23,12083.017499999893
2018-07-24,8930.875000000298
2018-07-25,-8514.720000000134
2018-07-26,-5875.589999999978
2018-07-27,-5609.44249999997
2018-07-30,-6411.38500000001
2018-07-31,-4096.452500000093
2018-08-01,2278.337499999979
2018-08-02,-5836.594999999732
2018-08-03,-5600.447500000035
2018-08-06,-10533.192500000046
2018-08-07,-375.6925000000614
2018-08-08,-15395.530000000068
2018-08-09,-1297.7174999997746
2018-08-10,4915.929999999758
2018-08-13,10756.462500000152
2018-08-14,-12693.224999999808
2018-08-15,2195.819999999681
2018-08-16,-2969.6599999998316
2018-08-17,5086.3949999997385
2018-08-20,2606.512500000217
2018-08-21,8695.339999999971
2018-08-22,10920.144999999995
2018-08-23,-2446.0725000000775
2018-08-24,3.1250000001409717
2018-08-27,3592.74499999996
2018-08-28,1129.619999999879
2018-08-29,10973.372499999992
2018-08-30,-697.5499999999472
2018-08-31,-4193.904999999987
2018-09-03,-1935.5399999999017
2018-09-04,3773.3124999997954
2018-09-05,-1366.6799999999005
2018-09-06,-8561.317500000068
2018-09-07,2132.4000000001433
2018-09-10,9656.639999999936
2018-09-11,-2494.314999999918
2018-09-12,4423.135000000037
2018-09-13,-12131.957500000084
2018-09-14,13391.82499999986
2018-09-17,-9444.84999999994
2018-09-18,-12852.490000000109
2018-09-19,5432.130000000037
2018-09-20,-18429.53499999989
2018-09-21,-12580.90250000012
2018-09-24,13216.664999999937
2018-09-25,-6460.345000000053
2018-09-26,5979.097500000204
2018-09-27,-21376.63000000011
2018-09-28,-1313.9599999999145
2018-10-01,-9092.95499999996
2018-10-02,-2053.4624999998946
2018-10-03,2658.919999999991
2018-10-04,6417.652499999779
2018-10-05,5613.057500000142
2018-10-08,-8334.755000000043
2018-10-09,-3217.567499999914
2018-10-10,29153.749999999996
2018-10-11,-3598.59749999998
2018-10-12,7555.244999999929
2018-10-15,-8400.827499999981
2018-10-16,-7276.697500000037
2018-10-17,-11828.039999999904
2018-10-18,13523.995000000117
2018-10-19,1401.4274999997654
2018-10-22,5736.884999999924
2018-10-23,-13219.609999999995
2018-10-24,6087.129999999973
2018-10-25,-8537.280000000135
2018-10-26,10695.57500000014
2018-10-29,1055.8699999999353
2018-10-30,-21173.857499999824
2018-10-31,2198.362499999769
2018-11-01,-15971.004999999996
2018-11-02,-10193.909999999922
2018-11-05,-12017.660000000029
2018-11-06,-1888.867499999921
2018-11-07,-1746.1300000000524
2018-11-08,-5820.515000000012
2018-11-09,-7812.322500000099
2018-11-12,6990.177500000168
2018-11-13,-24394.332500000142
2018-11-14,-15441.839999999971
2018-11-15,21166.99500000002
2018-11-16,-10773.409999999929
2018-11-19,9156.87749999988
2018-11-20,24.350000000067666
2018-11-21,-6589.827500000022
2018-11-22,2186.2199999999243
2018-11-23,8812.645000000019
2018-11-26,-160.90250000004292
2018-11-27,-6916.950000000073
2018-11-28,-4433.767499999956
2018-11-29,-9955.945000000109
2018-11-30,5608.194999999961
2018-12-03,-7936.202499999893
2018-12-04,7483.590000000044
2018-12-05,-833.2975000000692
2018-12-06,-2730.2325000001224
2018-12-07,14612.3775000001
2018-12-10,-12629.069999999998
2018-12-11,-6678.750000000063
2018-12-12,-3421.8025000001317
2018-12-13,7982.020000000215
2018-12-14,-1279.6675000001037
2018-12-17,-1069.755000000062
2018-12-18,8562.21499999999
2018-12-19,-23643.915
2018-12-20,4285.755000000076
2018-12-21,1712.0324999999355
2018-12-24,7425.204999999838
2018-12-25,4101.697500000154
2018-12-26,-14023.42500000021
2018-12-27,1191.060000000225
2018-12-28,-8269.292499999974
2018-12-31,-11414.867500000071
2019-01-01,783.1499999999453
2019-01-02,20127.227500000045
2019-01-03,6142.362499999966
2019-01-04,-21572.587499999874
2019-01-07,-6864.430000000092
2019-01-08,-4045.8300000001063
2019-01-09,-5410.242499999976
2019-01-10,1748.9725000000165
2019-01-11,-12.655000000011004
2019-01-14,20436.095000000078
2019-01-15,-7453.700000000004
2019-01-16,-7822.967500000053
2019-01-17,-14069.417499999958
2019-01-18,-13303.297499999937
2019-01-21,-192.807500000017
2019-01-22,7487.13000000007
2019-01-23,1334.4499999999923
2019-01-24,-542.4549999999366
2019-01-25,-13313.122499999925
2019-01-28,12033.839999999842
2019-01-29,-7872.22999999984
2019-01-30,-14059.435000000258
2019-01-31,1707.7500000001514
2019-02-01,-11537.96750000003
2019-02-04,-9395.897500000066
2019-02-05,2944.240000000068
2019-02-06,-718.5899999998582
2019-02-07,-569.6300000002204
2019-02-08,6132.05000000005
2019-02-11,2482.2900000000914
2019-02-12,-9620.842499999982
2019-02-13,-5676.335000000022
2019-02-14,861.0699999999778
2019-02-15,-11237.957499999868
2019-02-18,598.2749999999127
2019-02-19,-4830.057500000159
2019-02-20,-14327.694999999712
2019-02-21,-9404.592500000186
2019-02-22,2480.252500000123
2019-02-25,-9107.192499999946
2019-02-26,4957.4325000000545
2019-02-27,-12530.012499999868
2019-02-28,-11698.790000000248
2019-03-01,-18070.389999999807
2019-03-04,78.2350000000241
2019-03-05,11851.264999999787
2019-03-06,-4529.472500000087
2019-03-07,8651.840000000195
2019-03-08,8437.434999999736
2019-03-11,-12372.124999999614
2019-03-12,9998.524999999863
2019-03-13,-8222.867500000182
2019-03-14,-1549.2674999999006
2019-03-15,-1927.2224999997864
2019-03-18,-5277.350000000233
2019-03-19,4226.790000000164
2019-03-20,-1798.1600000000842
2019-03-21,-6828.774999999978
2019-03-22,18071.265000000116
2019-03-25,1812.307499999801
2019-03-26,2737.7399999999757
2019-03-27,8850.93250000017
2019-03-28,-15200.430000000115
2019-03-29,6820.114999999913
2019-04-01,-227.0749999999498
2019-04-02,2163.9674999999756
2019-04-03,-12068.72499999997
2019-04-04,214.96500000018628
2019-04-05,-4859.710000000315
2019-04-08,-3585.987499999984
2019-04-09,1262.2300000003775
2019-04-10,-7962.635000000111
2019-04-11,-10527.757500000072
2019-04-12,3286.557500000209
2019-04-15,-10665.732500000082
2019-04-16,4111.807500000195
2019-04-17,11706.252499999795
2019-04-18,-1356.3999999998846
2019-04-22,-9388.380000000285
2019-04-23,3127.175000000257
2019-04-24,2061.475000000051
2019-04-25,12815.8600000001
2019-04-26,6464.910000000061
2019-04-29,-7688.189999999978
2019-04-30,-1240.5474999999412
2019-05-01,14319.25249999981
2019-05-02,10951.74500000009
2019-05-03,-12946.554999999937
2019-05-06,7213.674999999815
2019-05-07,11462.640000000034
2019-05-08,3020.375000000027
2019-05-09,8522.112499999916
2019-05-10,6796.605000000206
2019-05-13,22349.12749999993
2019-05-14,-1739.617499999702
2019-05-15,-1022.7175000001164
2019-05-16,9601.454999999738
2019-05-17,8114.797500000254
2019-05-20,4914.967499999845
2019-05-21,3018.185000000203
2019-05-22,-3058.765000000103
2019-05-23,-10321.094999999943
2019-05-24,9386.937499999985
2019-05-27,5502.525000000029
2019-05-28,-5750.767499999834
2019-05-29,-8752.417500000212
2019-05-30,13984.755000000165
2019-05-31,7251.309999999699
2019-06-03,-10813.849999999851
2019-06-04,-7856.8075000000545
2019-06-05,3040.2650000000936
2019-06-06,14673.7775000001
2019-06-07,4899.439999999879
2019-06-10,7161.517499999983
2019-06-11,4028.177499999829
2019-06-12,-2543.527499999831
2019-06-13,-5192.7175000000325
2019-06-14,9805.405000000104
2019-06-17,-6003.465000000139
2019-06-18,11288.962500000001
2019-06-19,1800.4174999999755
2019-06-20,12469.000000000211
2019-06-21,-5654.609999999985
2019-06-24,-2125.3924999999394
2019-06-25,5868.662499999883
2019-06-26,-2327.999999999999
2019-06-27,-8645.669999999911
2019-06-28,-17048.52999999994
2019-07-01,797.9599999996569
2019-07-02,30288.35250000044
2019-07-03,6248.020000000082
2019-07-04,2690.63000000005
2019-07-05,-6435.487500000009
2019-07-08,-1813.680000000223
2019-07-09,-149.58749999981873
2019-07-10,-3381.722499999984
2019-07-11,-3303.027499999899
2019-07-12,-2813.907500000224
2019-07-15,-1169.6399999999874
2019-07-16,3013.125000000245
2019-07-17,11927.870000000004
2019-07-18,-10870.407500000103
2019-07-19,-684.7100000000987
2019-07-22,535.8099999999731
2019-07-23,10618.380000000161
2019-07-24,-3972.560000000072
2019-07-25,1589.872500000039
2019-07-26,10580.047499999913
2019-07-29,14809.282500000143
2019-07-30,1271.3775000000912
2019-07-31,7010.1699999996445
2019-08-01,17629.5500000003
2019-08-02,14388.387500000055
2019-08-05,-13864.805000000124
2019-08-06,430.71749999978084
2019-08-07,-6844.799999999707
2019-08-08,9569.812500000044
2019-08-09,5210.9299999999075
2019-08-12,-986.3399999999662
2019-08-13,-6573.874999999955
2019-08-14,5298.127499999983
2019-08-15,4392.602499999901
2019-08-16,-1260.62500000001
2019-08-19,-11048.127499999879
2019-08-20,5735.254999999863
2019-08-21,5251.435000000053
2019-08-22,-5318.437500000111
2019-08-23,9805.214999999986
2019-08-26,-959.9149999999407
2019-08-27,13351.312499999998
2019-08-28,-2639.444999999799
2019-08-29,-3123.1600000002086
2019-08-30,-866.2149999999688
2019-09-02,5557.700000000046
2019-09-03,-9046.474999999979
2019-09-04,-24746.592500000137
2019-09-05,-26344.465000000033
2019-09-06,-1782.217499999847
2019-09-09,-30629.762500000084
2019-09-10,-1323.0675000000138
2019-09-11,-8079.997500000083
2019-09-12,597.6275000000417
2019-09-13,-29437.3099999999
2019-09-16,29953.96749999988
2019-09-17,573.3849999999742
2019-09-18,4392.322499999799
2019-09-19,8697.017500000044
2019-09-20,9913.567500000257
2019-09-23,5956.462499999803
2019-09-24,5532.369999999953
2019-09-25,-1991.5724999998897
2019-09-26,9247.50249999986
2019-09-27,-7717.227499999945
2019-09-30,7489.870000000213
2019-10-01,8191.434999999912
2019-10-02,-6531.030000000207
2019-10-03,6692.475000000111
2019-10-04,3003.725000000118
2019-10-07,-3302.5000000001237
2019-10-08,4642.989999999945
2019-10-09,-6477.59999999995
2019-10-10,-19164.855000000018
2019-10-11,-19521.832499999815
2019-10-14,11191.984999999788
2019-10-15,-3471.5199999997794
2019-10-16,-8773.46250000003
2019-10-17,-7171.875000000165
2019-10-18,-13828.817499999945
2019-10-21,-1852.5450000001538
2019-10-22,6254.2450000000645
2019-10-23,-3969.0949999997133
2019-10-24,10114.244999999919
2019-10-25,-4605.747499999972
2019-10-28,-9015.830000000038
2019-10-29,-7530.642499999982
2019-10-30,-2374.977499999897
2019-10-31,19376.257499999676
2019-11-01,-3164.607499999879
2019-11-04,-1592.4924999998987
2019-11-05,-15743.267500000178
2019-11-06,3280.2375000000043
2019-11-07,-3228.1549999999015
2019-11-08,-1477.3349999999625
2019-11-11,1562.7950000001956
2019-11-12,927.5249999997144
2019-11-13,7938.847499999954
2019-11-14,14499.222500000102
2019-11-15,-6750.205000000128
2019-11-18,6186.560000000068
2019-11-19,-10926.744999999964
2019-11-20,4035.0774999999494
2019-11-21,6190.669999999738
2019-11-22,-8269.304999999657
2019-11-25,-3701.809999999982
2019-11-26,318.9924999999035
2019-11-27,1972.912499999945
2019-11-28,3272.2800000000193
2019-11-29,-5411.194999999932
2019-12-02,-29770.930000000095
2019-12-03,8831.759999999862
2019-12-04,4135.36250000018
2019-12-05,7455.430000000057
2019-12-06,-10953.967499999952
2019-12-09,12973.840000000024
2019-12-10,-2167.4050000002135
2019-12-11,-4289.4499999999325
2019-12-12,-36204.655
2019-12-13,30234.494999999937
2019-12-16,-9499.182499999888
2019-12-17,3668.18750000014
2019-12-18,8941.894999999984
2019-12-19,-3880.5850000001087
2019-12-20,3872.7000000000794
2019-12-23,4689.255000000012
2019-12-24,7812.777500000116
2019-12-25,-4402.847499999973
2019-12-26,6509.489999999919
2019-12-27,-5374.84500000005
2019-12-30,989.2649999999746
2019-12-31,7833.510000000112
2020-01-01,-2481.835000000092
2020-01-02,20763.53249999982
2020-01-03,33348.37500000034
2020-01-06,-2624.592500000038
2020-01-07,20424.542500000007
2020-01-08,-37581.209999999934
2020-01-09,3920.4199999999387
2020-01-10,-5111.804999999901
2020-01-13,-13485.434999999985
2020-01-14,-427.4050000001274
2020-01-15,3107.5025000000296
2020-01-16,11401.432500000219
2020-01-17,-78.46000000030085
2020-01-20,5771.867500000084
2020-01-21,16756.462499999925
2020-01-22,-9883.722499999983
2020-01-23,5953.207500000057
2020-01-24,7831.1374999995915
2020-01-27,3165.230000000239
2020-01-28,-1679.659999999909
2020-01-29,5942.982500000113
2020-01-30,10931.284999999792
2020-01-31,-14898.874999999929
2020-02-03,-8025.0250000000415
2020-02-04,-16121.497499999814
2020-02-05,1906.3724999999497
2020-02-06,6739.574999999904
2020-02-07,18357.389999999887
2020-02-10,6980.645000000276
2020-02-11,-9954.705000000327
2020-02-12,10914.875000000231
2020-02-13,3024.667500000229
2020-02-14,5738.344999999863
2020-02-17,-5852.675000000072
2020-02-18,15395.477499999964
2020-02-19,12154.960000000085
2020-02-20,9381.540000000106
2020-02-21,-393.3099999999758
2020-02-24,-5256.800000000231
2020-02-25,-3717.0474999998833
2020-02-26,-2334.9474999999193
2020-02-27,-7848.220000000249
2020-02-28,-11950.687500000213
2020-03-02,-11193.572499999707
2020-03-03,2839.882500000116
2020-03-04,-10572.174999999888
2020-03-05,28796.750000000022
2020-03-06,11897.334999999815
2020-03-09,8979.269999999886
2020-03-10,-19659.60749999978
2020-03-11,-1305.302500000173
2020-03-12,-8819.1649999999
2020-03-13,2582.8150000000496
2020-03-16,7619.615000000093
2020-03-17,12045.940000000068
2020-03-18,16675.81249999988
2020-03-19,11165.08500000007
2020-03-20,5867.849999999998
2020-03-23,-1521.5549999999894
2020-03-24,1128.1624999999528
2020-03-25,11432.190000000033
2020-03-26,3081.445000000051
2020-03-27,4707.71750000003
2020-03-30,-5098.597500000058
2020-03-31,-5492.73999999994
2020-04-01,10759.019999999939
2020-04-02,4731.582499999918
2020-04-03,10669.819999999929
2020-04-06,-603.9149999999095
2020-04-07,-21556.435000000012
2020-04-08,-3604.549999999882
2020-04-09,7272.39999999991
2020-04-13,1995.134999999931
2020-04-14,2243.320000000111
2020-04-15,6803.782499999929
2020-04-16,-5251.529999999982
2020-04-17,3331.9499999999525
2020-04-20,25271.98750000004
2020-04-21,24233.34249999999
2020-04-22,-11274.00499999996
2020-04-23,-6888.437500000104
2020-04-24,-10181.534999999927
2020-04-27,-3448.100000000044
2020-04-28,1065.2900000000236
2020-04-29,-19238.55999999998
2020-04-30,-713.147500000026
2020-05-01,13415.912500000006
2020-05-04,2662.3699999999694
2020-05-05,-8075.215000000001
2020-05-06,-1830.007499999976
2020-05-07,-7844.950000000077
2020-05-08,-10874.02500000002
2020-05-11,3381.0400000000386
2020-05-12,264.8449999999858
2020-05-13,1488.160000000022
2020-05-14,2793.682500000018
2020-05-15,-2173.867500000077
2020-05-18,-21174.804999999986
2020-05-19,4002.119999999904
2020-05-20,2604.3250000000558
2020-05-21,-4514.754999999915
2020-05-22,5769.214999999968
2020-05-25,-4143.327500000024
2020-05-26,-11089.399999999961
2020-05-27,-899.1374999999582
2020-05-28,-5346.697499999948
2020-05-29,3557.229999999901
2020-06-01,-9305.494999999935
2020-06-02,-22990.362500000014
2020-06-03,-1637.7949999999432
2020-06-04,-4899.822500000105
2020-06-05,-20501.697500000086
2020-06-08,4492.500000000092
2020-06-09,10489.375000000015
2020-06-10,11328.750000000087
2020-06-11,17379.374999999967
2020-06-12,-19487.567500000096
2020-06-15,1321.2100000000296
2020-06-16,3300.8025000000416
2020-06-17,4187.407500000007
2020-06-18,-3106.277499999952
2020-06-19,3062.9000000000046
2020-06-22,-3333.332500000015
2020-06-23,7868.699999999915
2020-06-24,1150.7900000000411
2020-06-25,5449.120000000042
2020-06-26,-3620.7050000000268
2020-06-29,-3724.0025000000405
2020-06-30,504.4225000001086
2020-07-01,7182.01499999997
2020-07-02,3844.8199999999792
2020-07-03,3111.6999999999316
2020-07-06,-3222.049999999946
2020-07-07,10710.137499999826
2020-07-08,8965.362500000208
2020-07-09,582.9774999999288
2020-07-10,3865.474999999982
2020-07-13,-3905.6274999999814
2020-07-14,260.27000000009167
2020-07-15,-2651.5050000001133
2020-07-16,-1928.974999999824
2020-07-17,7361.022499999956
2020-07-20,7675.187500000038
2020-07-21,-2676.022500000009
2020-07-22,2401.4575000000477
2020-07-23,-1930.0374999999972
2020-07-24,7263.387499999947
2020-07-27,9380.064999999986
2020-07-28,30.27249999999291
2020-07-29,-3160.3625000000493
2020-07-30,10712.110000000135
2020-07-31,3039.6049999998304
2020-08-03,-25567.157499999954
2020-08-04,9323.792500000081
2020-08-05,-5295.962500000053
2020-08-06,9531.04750000017
2020-08-07,-2788.4925000000785
2020-08-10,-11292.160000000044
2020-08-11,-19537.927500000016
2020-08-12,1240.3149999999523
2020-08-13,1640.5950000001324
2020-08-14,-8114.05250000005
2020-08-17,7157.967500000088
2020-08-18,714.5124999998819
2020-08-19,-14806.372499999981
2020-08-20,19024.829999999973
2020-08-21,-314.04249999986735
2020-08-24,451.6249999999202
2020-08-25,1717.5350000000428
2020-08-26,5390.885000000018
2020-08-27,-8784.025000000067
2020-08-28,4.722500000002682
2020-08-31,4943.950000000061
2020-09-01,16666.315000000006
2020-09-02,-2708.6975000001753
2020-09-03,-8464.24750000001
2020-09-04,-13705.802499999894
2020-09-07,-6973.527500000029
2020-09-08,-11685.472500000025
2020-09-09,3257.087500000084
2020-09-10,-5169.655000000124
2020-09-11,-14971.3924999999
2020-09-14,6760.840000000018
2020-09-15,2648.9524999999844
2020-09-16,-14140.642500000016
2020-09-17,-14747.527499999926
2020-09-18,-794.2975000000804
2020-09-21,-2380.142499999976
2020-09-22,-5720.89250000002
2020-09-23,-9248.199999999932
2020-09-24,10314.127500000019
2020-09-25,60.452499999952344
2020-09-28,9008.552500000007
2020-09-29,6693.477500000125
2020-09-30,-12749.227500000037
2020-10-01,8156.964999999874
2020-10-02,-10488.36749999993
2020-10-05,14809.155000000077
2020-10-06,-12086.515000000065
2020-10-07,1832.8525000000502
2020-10-08,-4585.430000000013
2020-10-09,11062.225000000026
2020-10-12,11372.607500000002
2020-10-13,-12718.950000000024
2020-10-14,-6626.029999999937
2020-10-15,-4075.437500000171
2020-10-16,93.45250000011714
2020-10-19,766.4800000000934
2020-10-20,-6326.91750000009
2020-10-21,-6701.705000000116
2020-10-22,-7334.222499999901
2020-10-23,4689.039999999973
2020-10-26,-346.03499999988503
2020-10-27,-59.455000000130056
2020-10-28,-2434.727499999966
2020-10-29,-4987.357499999867
2020-10-30,-4642.822500000053
2020-11-02,-2050.4224999999715
2020-11-03,2804.2549999999324
2020-11-04,17270.577500000036
2020-11-05,10907.207499999984
2020-11-06,186.8350000000079
2020-11-09,-36475.499999999985
2020-11-10,-17086.917499999927
2020-11-11,9065.494999999994
2020-11-12,9975.107499999964
2020-11-13,-1195.967500000035
2020-11-16,-7157.542500000025
2020-11-17,-3769.26749999998
2020-11-18,-5135.952500000052
2020-11-19,-444.1924999999288
2020-11-20,-11419.662500000048
2020-11-23,-11684.437499999993
2020-11-24,-1685.0449999999637
2020-11-25,-1344.4850000001786
2020-11-26,3147.7825000000066
2020-11-27,-2038.2649999999835
2020-11-30,-9801.095000000088
2020-12-01,18652.327500000203
2020-12-02,2320.3249999999593
2020-12-03,-12348.78750000002
2020-12-04,-15054.467500000112
2020-12-07,9266.127500000102
2020-12-08,3816.8699999999235
2020-12-09,-2771.4749999999376
2020-12-10,9229.319999999998
2020-12-11,447.7625000001124
2020-12-14,6366.920000000035
2020-12-15,-2096.4349999999376
2020-12-16,4500.747500000011
2020-12-17,5891.294999999825
2020-12-18,1562.8350000001515
2020-12-21,13153.732499999995
2020-12-22,-2167.1050000000278
2020-12-23,-1309.4125000000256
2020-12-24,-1464.5699999998365
2020-12-28,10731.4799999999
2020-12-29,5920.322499999918
2020-12-30,-4430.124999999866
2020-12-31,-14107.840000000055
2021-01-04,3528.1125000000206
2021-01-05,-1601.4225000001115
2021-01-06,-890.1474999999684
2021-01-07,-5765.745000000069
2021-01-08,5019.434999999931
2021-01-11,-5401.997500000004
2021-01-12,-1390.71499999999
2021-01-13,-8984.712499999963
2021-01-14,-4327.272500000127
2021-01-15,-8550.140000000089
2021-01-18,2927.3150000002915
2021-01-19,5459.934999999762
2021-01-20,-6682.40249999994
2021-01-21,2487.615000000084
2021-01-22,6618.202499999939
2021-01-25,1502.7299999999286
2021-01-26,-2304.940000000029
2021-01-27,-3593.0024999999587
2021-01-28,158.38250000013306
2021-01-29,-10142.860000000066
2021-02-01,3986.530000000054
2021-02-02,-5298.967500000066
2021-02-03,1465.5950000001349
2021-02-04,-8283.110000000175
2021-02-05,-2149.827500000097
2021-02-08,1792.3825000000334
2021-02-09,8839.98250000017
2021-02-10,-14240.820000000109
2021-02-11,12738.965000000017
2021-02-12,-673.8600000001857
2021-02-15,-3684.487499999824
2021-02-16,-7398.3875000000135
2021-02-17,1069.2674999998744
2021-02-18,-388.72999999987485
2021-02-19,-4922.680000000128
2021-02-22,-5620.187500000043
2021-02-23,-2836.149999999974
2021-02-24,23701.90750000005
2021-02-25,12502.730000000096
2021-02-26,-5586.417500000096
2021-03-01,-9544.992500000128
2021-03-02,-6441.095000000012
2021-03-03,-2625.719999999949
2021-03-04,5181.065000000089
2021-03-05,1467.7074999998176
2021-03-08,-1127.3600000000547
2021-03-09,10844.430000000235
2021-03-10,-7209.567500000198
2021-03-11,11473.102500000232
2021-03-12,-7429.13000000016
2021-03-15,1023.1249999999759
2021-03-16,-11859.617499999995
2021-03-17,1204.5674999998264
2021-03-18,-22280.9824999999
2021-03-19,3872.517500000033
2021-03-22,2796.832500000205
2021-03-23,-21915.740000000147
2021-03-24,4488.707499999836
2021-03-25,8896.457500000095
2021-03-26,10465.935000000038
2021-03-29,-3454.1575000000353
2021-03-30,5457.034999999934
2021-03-31,9322.252500000082
2021-04-01,-10141.392499999996
2021-04-02,-2800.534999999899
2021-04-05,2542.1374999998216
2021-04-06,-15759.610000000048
2021-04-07,-14307.724999999993
2021-04-08,-11963.454999999953
2021-04-09,-5561.642500000035
2021-04-12,-6118.382499999936
2021-04-13,-6721.557499999949
2021-04-14,16916.982499999875
2021-04-15,-11608.427499999923
2021-04-16,-4322.697500000108
2021-04-19,5174.077499999918
2021-04-20,-8762.072499999827
2021-04-21,7813.177499999752
2021-04-22,-6938.659999999912
2021-04-23,6381.359999999872
2021-04-26,12175.400000000205
2021-04-27,5638.297500000087
2021-04-28,9709.924999999896
2021-04-29,2997.449999999979
2021-04-30,-5575.7050000000145
2021-05-03,230.9824999998201
2021-05-04,4450.730000000227
2021-05-05,-9337.112500000194
2021-05-06,-2255.204999999959
2021-05-07,2308.9824999999664
2021-05-10,8643.490000000087
2021-05-11,12426.419999999931
2021-05-12,18695.6499999999
2021-05-13,-22450.17250000002
2021-05-14,2907.205000000091
2021-05-17,570.5575000000955
2021-05-18,-2079.982500000132
2021-05-19,-7520.344999999996
2021-05-20,-10401.587499999845
2021-05-21,-4711.510000000096
2021-05-24,11848.565000000048
2021-05-25,-20794.89000000005
2021-05-26,7489.307499999995
2021-05-27,29185.177500000005
2021-05-28,-2942.1024999998886
2021-05-31,-3435.240000000068
2021-06-01,-801.9749999999582
2021-06-02,-474.1374999999934
2021-06-03,-5040.367500000169
2021-06-04,-8074.94500000002
2021-06-07,-1074.8725000000422
2021-06-08,1179.7450000000854
2021-06-09,-4733.80999999988
2021-06-10,-10194.7674999999
2021-06-11,687.7649999997564
2021-06-14,-6955.687499999953
2021-06-15,-1303.0599999998165
2021-06-16,-8782.057500000146
2021-06-17,-9811.227500000201
2021-06-18,-26144.02999999982
2021-06-21,15653.06250000002
2021-06-22,19053.835000000054
2021-06-23,4175.744999999975
2021-06-24,-7665.922500000029
2021-06-25,-11006.322500000157
2021-06-28,-7648.357499999873
2021-06-29,-5564.492500000119
2021-06-30,6399.682500000107
2021-07-01,-673.6400000001121
2021-07-02,7101.332500000016
2021-07-05,2203.9749999999954
2021-07-06,-19923.112500000003
2021-07-07,-8247.157499999807
2021-07-08,-20519.352500000157
2021-07-09,16336.39500000002
2021-07-12,-11456.199999999988
2021-07-13,-1097.9525000000924
2021-07-14,-15232.409999999867
2021-07-15,-17324.497500000016
2021-07-16,-6069.01499999985
2021-07-19,-38285.14750000013
2021-07-20,11516.117500000157
2021-07-21,23721.54999999991
2021-07-22,4215.989999999989
2021-07-23,7479.8775000000605
2021-07-26,9702.129999999974
2021-07-27,-3071.3174999999296
2021-07-28,-4486.605000000133
2021-07-29,-2607.697499999769
2021-07-30,3049.9424999998932
2021-08-02,-18889.58749999987
2021-08-03,-13027.837500000192
2021-08-04,-4530.972500000019
2021-08-05,14369.612499999992
2021-08-06,12941.519999999842
2021-08-09,10301.10000000023
2021-08-10,4188.8949999998085
2021-08-11,3880.350000000071
2021-08-12,-4869.167500000017
2021-08-13,-22569.547499999873
2021-08-16,-24645.859999999884
2021-08-17,-5554.050000000001
2021-08-18,-2573.7675000002546
2021-08-19,-29109.13249999985
2021-08-20,-2654.230000000029
2021-08-23,16750.947500000115
2021-08-24,20202.89249999989
2021-08-25,22403.245000000086
2021-08-26,-23578.594999999998
2021-08-27,-412.9375000001516
2021-08-30,10122.989999999982
2021-08-31,-4060.7075000001164
2021-09-01,-14698.324999999835
2021-09-02,9391.112499999972
2021-09-03,-5192.54250000011
2021-09-06,2140.1075000000583
2021-09-07,-428.84999999989304
2021-09-08,-11243.570000000089
2021-09-09,-2149.442499999909
2021-09-10,22427.80999999987
2021-09-13,-7245.78250000008
2021-09-14,-14548.159999999923
2021-09-15,7226.630000000091
2021-09-16,6141.992499999778
2021-09-17,11999.47000000012
2021-09-20,-19696.019999999997
2021-09-21,2205.062499999787
2021-09-22,-1328.5350000001197
2021-09-23,14821.977500000108
2021-09-24,1436.4325000001925
2021-09-27,-3510.1924999999815
2021-09-28,-2030.5449999999478
2021-09-29,17806.157499999987
2021-09-30,-10846.165000000185
2021-10-01,2774.0275000002057
2021-10-04,3290.684999999988
2021-10-05,4169.334999999985
2021-10-06,-7533.572500000049
2021-10-07,13153.632500000003
2021-10-08,10445.609999999893
2021-10-11,9961.267500000255
2021-10-12,-2663.7575000001984
2021-10-13,-5081.970000000022
2021-10-14,4913.542500000131
2021-10-15,6790.199999999986
2021-10-18,404.02749999989834
2021-10-19,8316.542500000154
2021-10-20,1639.5050000000676
2021-10-21,-24345.30250000014
2021-10-22,-17518.20000000018
2021-10-25,2329.202500000093
2021-10-26,4464.289999999905
2021-10-27,-21954.709999999915
2021-10-28,5189.657499999916
2021-10-29,-9018.182499999983
2021-11-01,2756.5200000000946
2021-11-02,10441.862499999816
2021-11-03,-4175.219999999991
2021-11-04,-14148.699999999806
2021-11-05,-12485.135000000173
2021-11-08,3889.9075000000103
2021-11-09,1295.7325000000978
2021-11-10,-19033.435000000183
2021-11-11,-10089.182500000024
2021-11-12,8753.062500000004
2021-11-15,9329.292499999992
2021-11-16,9685.882499999998
2021-11-17,-17699.109999999964
2021-11-18,4259.722499999893
2021-11-19,-7416.332499999802
2021-11-22,8833.02999999988
2021-11-23,13195.427499999956
2021-11-24,1884.1024999999943
2021-11-25,-6988.127500000135
2021-11-26,-47525.83499999991
2021-11-29,28383.114999999936
2021-11-30,-12707.519999999986
2021-12-01,-773.9699999999721
2021-12-02,-1756.5250000000208
2021-12-03,-17819.307500000068
2021-12-06,23044.672499999982
2021-12-07,7561.575
2021-12-08,1985.9200000000906
2021-12-09,-7768.837499999994
2021-12-10,-4507.675000000176
2021-12-13,-2325.004999999717
2021-12-14,-1287.7150000001086
2021-12-15,5745.630000000005
2021-12-16,-8296.497499999861
2021-12-17,-2616.117500000175
2021-12-20,-4598.814999999845
2021-12-21,8665.494999999975
2021-12-22,4098.120000000036
2021-12-23,12123.53999999995
2021-12-27,294.0350000000793
2021-12-28,-3995.7200000001835
2021-12-29,6103.1175000000385
2021-12-30,-1148.4724999999437
2021-12-31,-396.7624999999683
2022-01-03,2999.2075000000495
2022-01-04,12319.065000000033
2022-01-05,-12497.045000000104
2022-01-06,3787.627500000102
2022-01-07,-886.1250000002351
2022-01-10,-6878.062499999872
2022-01-11,8162.794999999991
2022-01-12,-5319.009999999918
2022-01-13,-4593.200000000052
2022-01-14,3578.959999999911
2022-01-17,373.46250000011736
2022-01-18,-200.92250000015306
2022-01-19,-5686.619999999883
2022-01-20,-4997.695000000098
2022-01-21,-6929.2374999999065
2022-01-24,205.7400000001096
2022-01-25,2742.1249999999754
2022-01-26,86.09749999994489
2022-01-27,1611.1550000000907
2022-01-28,-4466.610000000065
2022-01-31,-11931.284999999942
2022-02-01,7021.362499999888
2022-02-02,-15727.729999999932
2022-02-03,6331.514999999827
2022-02-04,-7155.822499999759
2022-02-07,2990.0649999998677
2022-02-08,-2223.414999999996
2022-02-09,8788.384999999931
2022-02-10,-5755.334999999961
2022-02-11,-12398.702500000007
2022-02-14,4031.4674999999793
2022-02-15,3701.424999999898
2022-02-16,-8402.632499999905
2022-02-17,-5032.54250000004
2022-02-18,-688.099999999919
2022-02-21,-8027.725000000149
2022-02-22,1148.0400000001782
2022-02-23,-10503.944999999974
2022-02-24,7196.61999999987
2022-02-25,-638.6699999998948
2022-02-28,950.5150000000036
2022-03-01,-7593.102500000044
2022-03-02,24889.77249999984
2022-03-03,-1636.269999999969
2022-03-04,-10272.162499999902
2022-03-07,-25226.7925000001
2022-03-08,-649.8799999998937
2022-03-09,-7086.499999999985
2022-03-10,-3379.320000000054
2022-03-11,9638.575000000177
2022-03-14,3016.402499999903
2022-03-15,-1571.472499999979
2022-03-16,721.5400000000299
2022-03-17,6276.929999999973
2022-03-18,12526.962499999932
2022-03-21,-7388.2774999999965
2022-03-22,9190.462500000105
2022-03-23,413.6750000000571
2022-03-24,5079.257499999938
2022-03-25,2367.4925000001335
2022-03-28,15175.152499999898
2022-03-29,-10600.429999999946
2022-03-30,4395.819999999932
2022-03-31,16158.722500000029
2022-04-01,2564.015000000077
2022-04-04,-1287.6450000000727
2022-04-05,7093.777499999939
2022-04-06,-7548.892499999936
2022-04-07,-6803.082499999983
2022-04-08,215.41499999998638
2022-04-11,-3772.1874999999745
2022-04-12,-2410.312499999989
2022-04-13,-4559.375000000104
2022-04-14,-5585.092499999994
2022-04-18,13571.267500000007
2022-04-19,4861.49500000003
2022-04-20,1240.802499999991
2022-04-21,-3968.0400000001537
2022-04-22,-5207.644999999931
2022-04-25,1386.4150000000507
2022-04-26,-10912.030000000106
2022-04-27,4033.862500000183
2022-04-28,6403.252499999937
2022-04-29,-6953.087499999996
2022-05-02,-3888.297499999993
2022-05-03,-110.77249999995135
2022-05-04,-873.885000000085
2022-05-05,-4722.70249999987
2022-05-06,-16477.92999999999
2022-05-09,-6959.560000000082
2022-05-10,8561.495000000032
2022-05-11,-3586.2500000000873
2022-05-12,-3405.0499999999565
2022-05-13,-5106.764999999957
2022-05-16,5673.167500000017
2022-05-17,-1720.0000000000327
2022-05-18,-1879.0625000000605
2022-05-19,48.075000000149174
2022-05-20,-2954.020000000035
2022-05-23,13819.062500000013
2022-05-24,-6334.9825000000155
2022-05-25,2296.1825000000813
2022-05-26,-8831.317500000057
2022-05-27,3432.0525000000894
2022-05-30,805.8124999999577
2022-05-31,8707.27250000004
2022-06-01,4238.032499999862
2022-06-02,-4116.722499999986
2022-06-03,-3124.5850000000273
2022-06-06,16227.652499999927
2022-06-07,-1955.3799999999837
2022-06-08,-14646.54499999998
2022-06-09,-877.4999999999563
2022-06-10,-11019.510000000057
2022-06-13,-14938.282499999985
2022-06-14,-15149.265000000127
2022-06-15,11521.11500000012
2022-06-16,-10207.94749999996
2022-06-17,-2023.66500000005
2022-06-20,778.6149999999955
2022-06-21,5866.714999999891
2022-06-22,6943.9025000001275
2022-06-23,-3506.9000000000656
2022-06-24,-1219.442499999968
2022-06-27,-7088.352499999963
2022-06-28,1693.9950000000663
2022-06-29,4503.522499999941
2022-06-30,-7434.442500000012
2022-07-01,1527.5425000000255
2022-07-04,3424.349999999909
2022-07-05,4654.5525000000325
2022-07-06,5354.417500000025
2022-07-07,13113.437500000045
2022-07-08,-1352.525000000002
2022-07-11,-1198.5050000000629
2022-07-12,-1737.21249999995
2022-07-13,-265.06750000002455
2022-07-14,4876.815000000051
2022-07-15,-99.72499999995043
2022-07-18,-7825.097499999985
2022-07-19,3573.94999999993
2022-07-20,-587.2099999998884
2022-07-21,2272.1499999999205
2022-07-22,-4665.37999999987
2022-07-25,3527.999999999862
2022-07-26,5576.4000000001015
2022-07-27,-2756.0499999999547
2022-07-28,-6693.500000000068
2022-07-29,-15066.155000000012
2022-08-01,-7084.0350000000235
2022-08-02,5056.600000000013
2022-08-03,-3060.100000000012
2022-08-04,-7662.564999999833
2022-08-05,1883.8799999999233
2022-08-08,1702.8249999999516
2022-08-09,9629.539999999974
2022-08-10,-301.96000000002056
2022-08-11,2672.979999999998
2022-08-12,4965.78000000005
2022-08-15,-1755.7199999998961
2022-08-16,5754.102499999906
2022-08-17,8708.882500000016
2022-08-18,3109.540000000073
2022-08-19,2391.8699999999762
2022-08-22,1875.8149999999994
2022-08-23,7828.457499999996
2022-08-24,3977.0050000000315
2022-08-25,-716.5550000000516
2022-08-26,-5256.072499999941
2022-08-29,-72.79000000004547
2022-08-30,-4784.209999999953
2022-08-31,-11699.59499999991
2022-09-01,15174.99999999989
2022-09-02,9005.645000000137
2022-09-05,-308.2250000001817
2022-09-06,5131.442500000159
2022-09-07,1878.9774999999956
2022-09-08,-6917.255000000025
2022-09-09,-3035.2199999999875
2022-09-12,-3183.1725000000242
2022-09-13,-13725.83749999997
2022-09-14,-20795.7
2022-09-15,-6305.00000000002
2022-09-16,-10743.465000000038
2022-09-19,10279.795
2022-09-20,-6259.730000000029
2022-09-21,-11248.797499999877
2022-09-22,397.0574999999502
2022-09-23,-6214.750000000013
2022-09-26,-3385.89750000003
2022-09-27,8430.695000000009
2022-09-28,8319.835000000046
2022-09-29,-3962.730000000152
2022-09-30,-17226.974999999842
2022-10-03,6178.774999999979
2022-10-04,3569.137499999991
2022-10-05,8384.982499999971
2022-10-06,1878.1799999999857
2022-10-07,9404.022500000097
2022-10-10,-8414.144999999997
2022-10-11,13141.340000000064
2022-10-12,7022.619999999842
2022-10-13,1746.075000000056
2022-10-14,5099.420000000034
2022-10-17,10105.964999999991
2022-10-18,2268.37999999997
2022-10-19,-12197.615000000063
2022-10-20,-731.3749999999807
2022-10-21,7212.354999999998
2022-10-24,8749.330000000022
2022-10-25,-6891.425000000105
2022-10-26,-9289.32499999994
2022-10-27,2188.145000000133
2022-10-28,-795.6750000000852
2022-10-31,-2659.915000000003
2022-11-01,-10355.324999999935
2022-11-02,7417.099999999855
2022-11-03,7872.480000000052
2022-11-04,4537.365000000003
2022-11-07,-4530.420000000002
2022-11-08,4281.490000000023
2022-11-09,6587.794999999961
2022-11-10,-19763.625000000033
2022-11-11,-5359.382499999865
2022-11-14,7235.772500000022
2022-11-15,-556.0975000001247
2022-11-16,-6712.034999999957
2022-11-17,-3351.3474999999908
2022-11-18,-3238.8249999999944
2022-11-21,-3839.6275000000155
2022-11-22,-3872.8700000000235
2022-11-23,-11892.237499999912
2022-11-24,-812.0100000000042
2022-11-25,10019.664999999926
2022-11-28,-3921.8299999999663
2022-11-29,1802.8499999999867
2022-11-30,-2889.654999999948
2022-12-01,-11882.485000000073
2022-12-02,-11373.755000000025
2022-12-05,-4221.994999999901
2022-12-06,-1617.6049999999543
2022-12-07,-12986.015000000045
2022-12-08,4783.584999999842
2022-12-09,-2901.4499999998206
2022-12-12,4365.279999999926
2022-12-13,6504.585000000097
2022-12-14,9858.057499999968
2022-12-15,-6500.335000000087
2022-12-16,-3280.254999999943
2022-12-19,7381.525000000049
2022-12-20,4028.594999999912
2022-12-21,10651.835000000081
2022-12-22,-6979.760000000002
2022-12-23,4340.799999999878
2022-12-26,743.8825000001057
2022-12-27,18705.34750000001
2022-12-28,5922.54250000004
2022-12-29,-1782.3125000000703
2022-12-30,-12553.757499999962
2023-01-02,1824.0124999998334
2023-01-03,-10525.004999999956
2023-01-04,20593.565000000104
2023-01-05,-15562.660000000054
2023-01-06,11589.774999999892
2023-01-09,-6092.709999999931
2023-01-10,4400.89999999994
2023-01-11,-18978.575000000008
2023-01-12,96.82750000001965
2023-01-13,-3523.187500000023
2023-01-16,10214.252499999982
2023-01-17,-11673.955000000038
2023-01-18,-14321.1325
2023-01-19,3774.0975000000117
2023-01-20,1270.4074999999868
2023-01-23,2701.4699999999584
2023-01-24,-2415.604999999976
2023-01-25,-1908.9699999999282
2023-01-26,1212.3550000000346
2023-01-27,-3763.692500000008
2023-01-30,88.92499999988422
2023-01-31,3902.6850000000827
2023-02-01,3690.0449999998345
2023-02-02,-13472.579999999934
2023-02-03,-16955.8999999999
2023-02-06,-3562.4025000001548
2023-02-07,1793.570000000136
2023-02-08,5127.244999999934
2023-02-09,-12665.249999999909
2023-02-10,5266.617500000046
2023-02-13,2968.5024999998936
2023-02-14,-12251.230000000027
2023-02-15,6665.180000000118
2023-02-16,-4654.727500000105
2023-02-17,7054.015000000162
2023-02-20,-786.1125000001423
2023-02-21,5565.879999999972
2023-02-22,-17325.17500000005
2023-02-23,-10569.23249999989
2023-02-24,1277.6399999998746
2023-02-27,-9501.137499999908
2023-02-28,-18976.580000000056
2023-03-01,6933.817500000011
2023-03-02,11324.427500000029
2023-03-03,-77.80000000005748
2023-03-06,13392.220000000028
2023-03-07,-22009.634999999977
2023-03-08,-12572.382500000063
2023-03-09,9676.015000000201
2023-03-10,15784.147500000066
2023-03-13,21968.834999999744
2023-03-14,-593.6174999997977
2023-03-15,-9455.922500000119
2023-03-16,7684.320000000072
2023-03-17,3125.924999999998
2023-03-20,3214.914999999961
2023-03-21,4625.100000000002
2023-03-22,6596.900000000051
2023-03-23,2271.7000000000285
2023-03-24,-13663.615000000078
2023-03-27,13711.365000000053
2023-03-28,-3246.7649999999544
2023-03-29,625.9749999999076
2023-03-30,7697.03500000015
2023-03-31,-1951.9800000000591
2023-04-03,6893.635000000038
2023-04-04,-958.7999999998665
2023-04-05,2619.044999999848
2023-04-06,-4972.809999999816
2023-04-07,1799.9324999998666
2023-04-10,-4608.374999999978
2023-04-11,17780.332499999873
2023-04-12,12802.052499999947
2023-04-13,8308.082500000019
2023-04-14,-16214.4874999999
2023-04-17,-7749.250000000089
2023-04-18,-6524.394999999954
2023-04-19,6401.780000000073
2023-04-20,1216.787499999939
2023-04-21,3073.7450000000094
2023-04-24,13618.722500000085
2023-04-25,8861.579999999876
2023-04-26,3190.2275000001273
2023-04-27,-16238.544999999938
2023-04-28,9797.684999999985
2023-05-01,10567.525000000092
2023-05-02,1328.8099999999545
2023-05-03,1478.6449999999359
2023-05-04,-9515.964999999927
2023-05-05,-12929.970000000063
2023-05-08,-4096.345000000101
2023-05-09,1679.9900000001355
2023-05-10,1614.8900000000497
2023-05-11,17709.33499999982
2023-05-12,-15027.70500000004
2023-05-15,-6872.419999999967
2023-05-16,2302.390000000025
2023-05-17,-4840.855000000099
2023-05-18,-7559.822499999921
2023-05-19,-1046.1424999999344
2023-05-22,23436.674999999916
2023-05-23,-11195.817499999906
2023-05-24,10092.092499999915
2023-05-25,-1156.2174999999213
2023-05-26,-1583.8325000002392
2023-05-29,-6390.722499999958
2023-05-30,-5129.879999999797
2023-05-31,-11908.91750000026
2023-06-01,5472.182500000093
2023-06-02,-3450.1749999999442
2023-06-05,87.90499999991732
2023-06-06,-18607.860000000073
2023-06-07,2533.4774999999286
2023-06-08,10291.00000000004
2023-06-09,-1.149999999944157
2023-06-12,-9449.180000000084
2023-06-13,5090.395000000113
2023-06-14,4610.54999999992
2023-06-15,4864.439999999973
2023-06-16,13154.155000000026
2023-06-19,-3808.9449999999533
2023-06-20,-10183.595000000141
2023-06-21,-5950.4374999998745
2023-06-22,-5846.077500000139
2023-06-23,5519.214999999979
2023-06-26,6884.607500000084
2023-06-27,8054.582499999921
2023-06-28,16094.307500000037
2023-06-29,-11738.082499999935
2023-06-30,-8155.222499999856
2023-07-03,-4874.005000000086
2023-07-04,321.59750000006215
2023-07-05,10447.40249999993
2023-07-06,21516.65750000003
2023-07-07,-1342.1900000000223
2023-07-10,-2512.8550000001355
2023-07-11,-2233.334999999729
2023-07-12,8935.994999999974
2023-07-13,16704.02499999991
2023-07-14,2223.8450000000967
2023-07-17,-2795.577500000049
2023-07-18,-4697.522500000005
2023-07-19,-12116.200000000103
2023-07-20,-20095.64500000007
2023-07-21,22235.045
2023-07-24,-8508.249999999885
2023-07-25,-3050.56999999992
2023-07-26,12273.809999999921
2023-07-27,-2735.112500000132
2023-07-28,14668.0975000002
2023-07-31,-10956.445000000078
2023-08-01,23656.18500000002
2023-08-02,-8371.94500000019
2023-08-03,5166.690000000126
2023-08-04,-7830.687500000107
2023-08-07,-6631.512499999888
2023-08-08,-3469.117500000132
2023-08-09,3398.7450000000404
2023-08-10,17260.33500000003
2023-08-11,2809.254999999957
2023-08-14,5327.784999999984
2023-08-15,7401.5950000000685
2023-08-16,15593.385000000031
2023-08-17,7274.984999999881
2023-08-18,-5479.580000000008
2023-08-21,22178.827500000025
2023-08-22,-15250.262499999972
2023-08-23,3435.125000000095
2023-08-24,-5997.717500000233
2023-08-25,11280.887500000212
2023-08-28,-3191.0425000000814
2023-08-29,6107.699999999991
2023-08-30,-1964.2075000000054
2023-08-31,-10561.222500000078
2023-09-01,-2745.442500000044
2023-09-04,6372.574999999995
2023-09-05,11774.279999999922
2023-09-06,-1972.7349999997855
2023-09-07,-8445.48000000002
2023-09-08,8159.894999999822
2023-09-11,5264.540000000099
2023-09-12,-14529.604999999998
2023-09-13,2982.499999999989
2023-09-14,-14492.904999999955
2023-09-15,2399.319999999968
2023-09-18,-3773.8474999999535
2023-09-19,463.4500000002904
2023-09-20,-8245.872500000141
2023-09-21,14745.967500000093
2023-09-22,-14249.117500000148
2023-09-25,-49.90000000006057
2023-09-26,6258.67500000008
2023-09-27,-733.4649999999428
2023-09-28,629.5350000001108
2023-09-29,-5033.710000000082
2023-10-02,-7531.975000000134
2023-10-03,3188.3100000000036
2023-10-04,1752.420000000025
2023-10-05,-9388.547499999837
2023-10-06,1914.5899999997866
2023-10-09,-3921.9499999999252
2023-10-10,9626.43000000005
2023-10-11,-3621.1999999999566
2023-10-12,15952.049999999947
2023-10-13,10186.912499999924
2023-10-16,8798.740000000103
2023-10-17,-71.13500000002387
2023-10-18,10868.322500000011
2023-10-19,20961.82999999994
2023-10-20,12124.240000000209
2023-10-23,-10435.570000000076
2023-10-24,-22732.974999999948
2023-10-25,6648.785000000178
2023-10-26,-19308.50500000006
2023-10-27,12318.194999999927
2023-10-30,267.3999999997593
2023-10-31,-1231.7649999997393
2023-11-01,-723.362499999947
2023-11-02,-14194.204999999967
2023-11-03,17573.06249999996
2023-11-06,11475.889999999781
2023-11-07,2784.0500000002166
2023-11-08,2035.7824999998174
2023-11-09,1715.2325000001365
2023-11-10,8604.200000000104
2023-11-13,1435.4849999998364
2023-11-14,16060.097500000134
2023-11-15,1141.8024999996853
2023-11-16,4132.015000000211
2023-11-17,-14013.08250000012
2023-11-20,-935.037500000037
2023-11-21,8450.78750000001
2023-11-22,-2613.7349999999096
2023-11-23,-392.63499999997487
2023-11-24,-3513.99000000005
2023-11-27,12465.44500000011
2023-11-28,16828.6299999999
2023-11-29,4342.854999999872
2023-11-30,-19092.79000000001
2023-12-01,-14539.484999999922
2023-12-04,-14457.327499999956
2023-12-05,-2584.557499999971
2023-12-06,-3803.06250000003
2023-12-07,-20156.380000000147
2023-12-08,-7759.815000000103
2023-12-11,28829.612500000247
2023-12-12,-4938.480000000062
2023-12-13,1500.0550000000749
2023-12-14,-4488.820000000103
2023-12-15,-18925.654999999948
2023-12-18,17793.319999999952
2023-12-19,-1040.5199999999609
2023-12-20,2160.0124999997715
2023-12-21,-9560.602499999912
2023-12-22,-1249.4799999999814
2023-12-25,-1147.88250000002
2023-12-26,-815.2324999998872
2023-12-27,5977.749999999953
2023-12-28,-13665.475000000006
2023-12-29,8580.240000000098
2024-01-01,-7529.660000000012
2024-01-02,-6426.3000000001175
2024-01-03,13252.694999999985
2024-01-04,-1182.600000000038
2024-01-05,1975.9900000000487
2024-01-08,-5830.772499999943
2024-01-09,-3751.659999999927
2024-01-10,11965.477499999895
2024-01-11,12638.41999999997
2024-01-12,-7574.612499999825
2024-01-15,10580.252499999946
2024-01-16,17083.20749999997
2024-01-17,-6074.090000000023
2024-01-18,12209.295000000115
2024-01-19,114.24999999989996
2024-01-22,13010.127499999904
2024-01-23,844.4700000001466
2024-01-24,-1380.9500000000974
2024-01-25,-6921.97749999996
2024-01-26,3293.8574999999933
2024-01-29,-9485.194999999889
2024-01-30,-8335.177500000082
2024-01-31,2679.6499999999114
2024-02-01,8039.027499999982
2024-02-02,-10081.05499999989
2024-02-05,13729.5975
2024-02-06,-2297.3225000000384
2024-02-07,10255.67249999996
2024-02-08,21075.249999999978
2024-02-09,-5767.354999999888
2024-02-12,-7708.4349999999395
2024-02-13,-2833.6500000000633
2024-02-14,-13377.737500000063
2024-02-15,3177.6000000000604
2024-02-16,-3127.600000000055
2024-02-19,7302.712499999999
2024-02-20,-24659.88750000002
2024-02-21,-4214.067500000036
2024-02-22,1287.2950000002288
2024-02-23,2295.827499999849
2024-02-26,6400.227499999967
2024-02-27,-11479.882500000012
2024-02-28,-5182.125000000055
2024-02-29,-5398.389999999879
2024-03-01,29572.955000000075
2024-03-04,412.71499999987304
2024-03-05,-648.7924999998867
2024-03-06,3056.4349999999445
2024-03-07,15151.67000000004
2024-03-08,-353.63000000002955
2024-03-11,-8458.66499999996
2024-03-12,6134.340000000105
2024-03-13,-6688.440000000043
2024-03-14,3878.7749999998728
2024-03-15,2256.5150000000167
2024-03-18,-1667.3774999998577
2024-03-19,6767.5299999998915
2024-03-20,20139.202500000076
2024-03-21,-34701.245000000185
2024-03-22,-201.49999999994282
2024-03-25,6154.250000000109
2024-03-26,-7754.069999999967
2024-03-27,-4156.602500000159
2024-03-28,-7807.727500000058
2024-04-01,531.7600000001243
2024-04-02,24893.512500000095
2024-04-03,-2962.355000000095
2024-04-04,-6930.987500000007
2024-04-05,4093.144999999869
2024-04-08,-15280.877499999984
2024-04-09,-5237.104999999975
2024-04-10,3135.57750000012
2024-04-11,16678.66000000007
2024-04-12,-14611.605000000014
2024-04-15,16284.432500000046
2024-04-16,2733.9450000001502
2024-04-17,-11924.005000000021
2024-04-18,-18502.025000000016
2024-04-19,-12598.999999999982
2024-04-22,-20016.32
2024-04-23,4428.069999999997
2024-04-24,-136.85000000021284
2024-04-25,12296.280000000083
2024-04-26,14931.895000000042
2024-04-29,-13550.520000000006
2024-04-30,-6329.8624999998065
2024-05-01,-4576.100000000163
2024-05-02,-16059.937500000024
2024-05-03,-9797.217499999831
2024-05-06,11076.95999999978
2024-05-07,-7970.734999999919
2024-05-08,6347.452500000116
2024-05-09,-9313.185000000058
2024-05-10,-6082.215000000179
2024-05-13,-8474.472499999942
2024-05-14,-642.23249999985
2024-05-15,-5985.922500000233
2024-05-16,4321.27250000026
2024-05-17,-2122.5600000000677
2024-05-20,166.8450000001248
2024-05-21,-2394.9225000002198
2024-05-22,-10942.359999999859
2024-05-23,-2773.399999999833
2024-05-24,11570.009999999815
2024-05-27,2959.250000000179
2024-05-28,6039.859999999927
2024-05-29,-1841.527500000211
2024-05-30,-14040.004999999985
2024-05-31,5119.082500000062
2024-06-03,-20443.577499999923
2024-06-04,-10831.004999999956
2024-06-05,13950.684999999954
2024-06-06,-6903.242499999912
2024-06-07,-11884.302500000034
2024-06-10,14325.719999999821
2024-06-11,658.4000000002343
2024-06-12,8860.352499999912
2024-06-13,4621.962500000127
2024-06-14,-2501.712500000319
2024-06-17,2976.567500000127
2024-06-18,1940.9250000000366
2024-06-19,4755.822499999877
2024-06-20,8477.690000000028
2024-06-21,256.5924999999735
2024-06-24,-4363.040000000177
2024-06-25,7328.200000000323
2024-06-26,10793.84499999976
2024-06-27,13281.490000000053
2024-06-28,9645.665000000017
2024-07-01,32911.00750000003
2024-07-02,-283.39500000009275
2024-07-03,10783.412500000137
2024-07-04,2582.307499999904
2024-07-05,13358.262499999842
2024-07-08,-1555.8099999999827
2024-07-09,299.43500000005696
2024-07-10,7105.667499999883
2024-07-11,-16837.354999999978
2024-07-12,-7130.78500000008
2024-07-15,3478.750000000189
2024-07-16,-24273.505000000157
2024-07-17,-9639.75499999992
2024-07-18,1514.1725000000563
2024-07-19,-13310.607500000206
2024-07-22,-1530.692499999942
2024-07-23,-8248.15000000009
2024-07-24,-10892.254999999815
2024-07-25,-17170.910000000003
2024-07-26,28.9949999997699
2024-07-29,-3129.509999999874
2024-07-30,-14676.62999999996
2024-07-31,15824.374999999984
2024-08-01,-25667.30999999996
2024-08-02,-14110.855000000081
2024-08-05,-10478.064999999993
2024-08-06,-17686.00500000001
2024-08-07,12745.244999999972
2024-08-08,26984.730000000054
2024-08-09,-9666.004999999988
2024-08-12,2174.4850000001225
2024-08-13,12792.499999999784
2024-08-14,-13926.519999999991
2024-08-15,16114.240000000033
2024-08-16,5522.989999999911
2024-08-19,-2671.519999999676
2024-08-20,-109.51000000014551
2024-08-21,419.2399999999575
2024-08-22,2538.9950000000563
2024-08-23,17371.494999999886
2024-08-26,3873.3300000000163
2024-08-27,-964.9999999998354
2024-08-28,-13636.520000000117
2024-08-29,9761.427499999863
2024-08-30,-1965.1650000000172
2024-09-02,5041.252500000212
2024-09-03,-17133.4200000001
2024-09-04,-8284.357500000131
2024-09-05,1034.6875000002397
2024-09-06,-20366.562500000102
2024-09-09,13801.639999999907
2024-09-10,-13252.567499999974
2024-09-11,11602.052499999956
2024-09-12,10157.744999999957
2024-09-13,-11788.377499999975
2024-09-16,-3297.352499999968
2024-09-17,3577.187499999937
2024-09-18,231.7825000001644
2024-09-19,11397.552499999993
2024-09-20,10123.124999999975
2024-09-23,-10707.415000000132
2024-09-24,-3598.639999999837
2024-09-25,-797.4575000000282
2024-09-26,8440.355000000043
2024-09-27,-18330.337500000005
2024-09-30,7672.744999999893
2024-10-01,-1105.514999999951
2024-10-02,6190.912499999977
2024-10-03,3442.652500000058
2024-10-04,9611.427499999998
2024-10-07,2934.4849999999205
2024-10-08,4446.689999999955
2024-10-09,8859.680000000106
2024-10-10,6632.290000000007
2024-10-11,-2825.32000000014
2024-10-14,9813.995000000064
2024-10-15,-5242.524999999929
2024-10-16,-6407.770000000034
2024-10-17,13068.995000000008
2024-10-18,2070.3974999999327
2024-10-21,-6679.467499999883
2024-10-22,8637.854999999998
2024-10-23,-9920.269999999991
2024-10-24,-2665.3125000000505
2024-10-25,5610.625000000107
2024-10-28,-9088.719999999981
2024-10-29,11587.522499999835
2024-10-30,1416.6050000000955
2024-10-31,-2794.3749999999677
2024-11-01,-7600.925000000035
2024-11-04,1290.8399999999542
2024-11-05,8813.345000000003
2024-11-06,-10018.149999999923
2024-11-07,2978.2099999999546
2024-11-08,-6805.515000000031
2024-11-11,-20463.639999999894
2024-11-12,-4384.6450000000805
2024-11-13,-7004.185000000173
2024-11-14,16344.800000000134
2024-11-15,-21255.2350000001
2024-11-18,7151.88500000014
2024-11-19,5025.245000000052
2024-11-20,-12836.552500000076
2024-11-21,-9567.390000000047
2024-11-22,11500.667500000081
2024-11-25,-12036.53499999997
2024-11-26,-658.8175000000591
2024-11-27,1687.2300000000073
2024-11-28,-773.3924999998334
2024-11-29,-5705.38750000014
2024-12-02,-1699.4250000001232
2024-12-03,8147.974999999995
2024-12-04,-398.16499999983944
2024-12-05,988.1199999999036
2024-12-06,-717.1774999999946
2024-12-09,12482.119999999899
2024-12-10,2767.7450000000654
2024-12-11,8260.86999999991
2024-12-12,-11985.312499999882
2024-12-13,798.9274999999832
2024-12-16,8561.862499999988
2024-12-17,-5279.734999999996
2024-12-18,-8081.434999999913
2024-12-19,-2599.295000000128
2024-12-20,-10354.667499999938
2024-12-23,12766.309999999876
2024-12-24,-5172.1949999999515
2024-12-25,2611.157500000121
2024-12-26,-4241.410000000161
2024-12-27,13017.09500000017
2024-12-30,-7897.177500000129
2024-12-31,11058.970000000105
2025-01-01,2959.5875000000215
2025-01-02,-3747.66
2025-01-03,1461.749999999971
2025-01-06,-4618.367500000043
2025-01-07,10143.795000000146
2025-01-08,-20921.37500000003
2025-01-09,-753.6549999998199
2025-01-10,-3053.842500000082
2025-01-13,-5248.470000000073
2025-01-14,-2195.7599999998492
2025-01-15,5012.474999999889
2025-01-16,-9954.577499999863
2025-01-17,14552.804999999847
2025-01-20,8953.749999999949
2025-01-21,-1780.784999999851
2025-01-22,1043.2699999999727
2025-01-23,1541.7400000001483
2025-01-24,9352.829999999922
2025-01-27,-23524.780000000173
2025-01-28,15464.93250000015
2025-01-29,-5924.449999999933
2025-01-30,-3076.4600000000764
2025-01-31,4462.364999999991
2025-02-03,-14988.34249999986
2025-02-04,-54.720000000099134
2025-02-05,-23547.269999999957
2025-02-06,-6008.520000000108
2025-02-07,-11280.337499999996
2025-02-10,2796.1150000001885
2025-02-11,15102.474999999844
2025-02-12,6119.875000000042
2025-02-13,-6583.334999999994
2025-02-14,-12804.015000000156
2025-02-17,5731.210000000267
2025-02-18,8569.000000000064
2025-02-19,-2439.290000000112
2025-02-20,6930.917500000001
2025-02-21,-12773.474999999811
2025-02-24,-6141.64000000014
2025-02-25,-16727.96750000002
2025-02-26,13468.912500000057
2025-02-27,-7138.460000000145
2025-02-28,-477.10749999999837
2025-03-03,8660.397500000054
2025-03-04,16260.99000000016
2025-03-05,-2532.5150000002527
2025-03-06,987.3600000000669
2025-03-07,14387.764999999956
2025-03-10,-7207.734999999845
2025-03-11,253.66000000003476
2025-03-12,-7803.160000000022
2025-03-13,1049.6099999999958
2025-03-14,7401.845000000068
2025-03-17,-11790.820000000174
2025-03-18,-7691.550000000054
2025-03-19,-5108.100000000015
2025-03-20,-8932.014999999905
2025-03-21,368.7900000002053
2025-03-24,8912.069999999801
2025-03-25,-4373.2699999999495
2025-03-26,-10812.554999999933
2025-03-27,12679.824999999872
2025-03-28,5714.392500000142
2025-03-31,365.42999999991014
2025-04-01,-13325.470000000154
2025-04-02,34845.57250000001
2025-04-03,27549.37250000006
2025-04-04,-2264.500000000132
2025-04-07,2921.942500000172
2025-04-08,31189.607499999936
2025-04-09,-22940.395000000095
2025-04-10,33094.2525
2025-04-11,-9005.30250000002
2025-04-14,-10206.759999999953
2025-04-15,5456.989999999967
2025-04-16,-2320.3300000000527
2025-04-17,-6368.0774999998575
2025-04-21,13189.055
2025-04-22,-41603.247500000136
2025-04-23,-910.5349999999451
2025-04-24,-3843.222500000008
2025-04-25,-2735.420000000003
2025-04-28,10311.875000000033
2025-04-29,-2699.7224999999685
2025-04-30,478.6325000000695
2025-05-01,-2628.367500000149
2025-05-02,-5687.9874999998665
2025-05-05,4113.900000000003
2025-05-06,-2525.2975000001647
2025-05-07,8053.965000000182
2025-05-08,-8739.962500000067
2025-05-09,7010.682500000057
2025-05-12,-20893.279999999944
2025-05-13,-8932.46000000001
2025-05-14,-4451.630000000064
2025-05-15,5518.759999999943
2025-05-16,-3086.359999999953
2025-05-19,-2234.4549999999945
2025-05-20,11017.714999999953
2025-05-21,10605.104999999994
2025-05-22,-1774.9850000000179
2025-05-23,-2386.599999999931
2025-05-26,2635.3749999999627
2025-05-27,8952.00499999997
2025-05-28,-18769.179999999942
2025-05-29,11781.750000000004
2025-05-30,-8655.065000000075
2025-06-02,3776.17000000013
2025-06-03,-7189.865000000057
2025-06-04,164.54500000004384
2025-06-05,-9701.179999999988
2025-06-06,-8752.140000000063
2025-06-09,-5744.335000000055
2025-06-10,397.42000000009114
2025-06-11,4444.024999999934
2025-06-12,10376.395000000006
2025-06-13,-480.6049999998832
2025-06-16,-1172.9000000001297
2025-06-17,-3466.540000000042
2025-06-18,-14832.589999999807
2025-06-19,8111.439999999874
2025-06-20,-5647.87499999996
2025-06-23,5462.56249999993
2025-06-24,6587.800000000058
2025-06-25,3106.212499999979
2025-06-26,-12989.665000000046
2025-06-27,2663.202499999995
2025-06-30,-1641.6149999999552
2025-07-01,-7531.490000000091
2025-07-02,-7949.999999999951
2025-07-03,-3611.5099999999293
2025-07-04,7590.974999999865
2025-07-07,-5119.769999999928
2025-07-08,-41859.36999999995
2025-07-09,-2876.529999999939
2025-07-10,-6184.6200000000945
2025-07-11,2960.150000000003
2025-07-14,3425.0999999999267
2025-07-15,-904.6324999998085
2025-07-16,8213.734999999802
2025-07-17,-1140.3999999998096
2025-07-18,-148.21000000007695
2025-07-21,1589.3800000000629
2025-07-22,-7905.127500000084
2025-07-23,-11705.3925
2025-07-24,-764.69999999994
2025-07-25,3282.642499999921
2025-07-28,-7460.642499999964
2025-07-29,-1115.204999999998
2025-07-30,14024.120000000099
2025-07-31,5737.9849999999815
2025-08-01,28589.58749999992
2025-08-04,-11466.585000000021
2025-08-05,2574.084999999833
2025-08-06,12599.090000000175
2025-08-07,5306.584999999942
2025-08-08,-7053.812499999936
2025-08-11,-5688.645000000074
2025-08-12,-3438.1550000000298
2025-08-13,-6517.6749999998
2025-08-14,6462.657499999903
2025-08-15,10073.617499999977
2025-08-18,-3273.8475000001868
2025-08-19,-4653.964999999811
2025-08-20,-3971.0025000000287
2025-08-21,-655.0525000000495
2025-08-22,-2937.7424999999457
2025-08-25,-7258.987500000041
2025-08-26,3114.780000000052
2025-08-27,-2952.864999999981
2025-08-28,-4091.485000000196
2025-08-29,-5497.409999999827
2025-09-01,7250.069999999899
2025-09-02,-5000.64
2025-09-03,6644.027500000127
2025-09-04,6016.189999999854
2025-09-05,-73.61749999996044
2025-09-08,6497.392500000016
2025-09-09,-3962.4874999998765
2025-09-10,-4642.805000000166
2025-09-11,-9172.32249999986
2025-09-12,11483.467499999959
2025-09-15,3122.500000000127
2025-09-16,5673.749999999924
2025-09-17,735.7899999999436
2025-09-18,-1130.4349999999185
2025-09-19,699.1649999999497
2025-09-22,15200.82250000007
2025-09-23,-7403.874999999916
2025-09-24,-4787.07250000006
2025-09-25,2517.320000000165
2025-09-26,11338.08500000003
2025-09-29,-14850.810000000234
2025-09-30,3702.5425000000964
