date,net_pnl
2010-06-07,0.0
2010-06-08,0.0
2010-06-09,0.0
2010-06-10,0.0
2010-06-11,0.0
2010-06-14,0.0
2010-06-15,0.0
2010-06-16,0.0
2010-06-17,0.0
2010-06-18,0.0
2010-06-21,0.0
2010-06-22,0.0
2010-06-23,0.0
2010-06-24,0.0
2010-06-25,0.0
2010-06-28,0.0
2010-06-29,0.0
2010-06-30,0.0
2010-07-01,0.0
2010-07-02,0.0
2010-07-05,0.0
2010-07-06,0.0
2010-07-07,0.0
2010-07-08,0.0
2010-07-09,0.0
2010-07-12,0.0
2010-07-13,0.0
2010-07-14,0.0
2010-07-15,0.0
2010-07-16,0.0
2010-07-19,0.0
2010-07-20,0.0
2010-07-21,0.0
2010-07-22,0.0
2010-07-23,0.0
2010-07-26,0.0
2010-07-27,0.0
2010-07-28,0.0
2010-07-29,0.0
2010-07-30,0.0
2010-08-02,0.0
2010-08-03,-236.515
2010-08-04,-6007.937499999976
2010-08-05,-10810.737500000021
2010-08-06,6406.63999999999
2010-08-09,3024.3625000000065
2010-08-10,-4133.6750000000175
2010-08-11,-2777.099999999995
2010-08-12,8005.995
2010-08-13,4678.390000000063
2010-08-16,-3448.8100000000604
2010-08-17,6380.449999999983
2010-08-18,-2458.9500000000044
2010-08-19,-10824.254999999988
2010-08-20,27.03250000000582
2010-08-23,-3213.7449999999535
2010-08-24,-1698.0749999999657
2010-08-25,5346.977499999957
2010-08-26,-1655.977500000015
2010-08-27,7559.102499999975
2010-08-30,-12485.365000000014
2010-08-31,-1100.144999999942
2010-09-01,-2054.97000000001
2010-09-02,-4037.8099999999695
2010-09-03,6232.082499999983
2010-09-06,-3042.4849999999906
2010-09-07,1735.3250000000062
2010-09-08,6122.449999999953
2010-09-09,3043.3749999999663
2010-09-10,-1525.9599999999757
2010-09-13,-5249.584999999939
2010-09-14,1026.664999999997
2010-09-15,7238.4199999999955
2010-09-16,-2265.6750000000156
2010-09-17,-653.2774999999116
2010-09-20,12123.489999999976
2010-09-21,-673.4549999999823
2010-09-22,-7780.8000000000375
2010-09-23,-4150.31499999999
2010-09-24,10721.899999999945
2010-09-27,5153.719999999963
2010-09-28,-145.00999999992223
2010-09-29,110.43250000004252
2010-09-30,6274.919999999968
2010-10-01,1236.749999999971
2010-10-04,147.20749999999055
2010-10-05,2528.7000000000126
2010-10-06,1617.2450000000222
2010-10-07,604.344999999956
2010-10-08,3517.9000000000597
2010-10-11,7217.122499999952
2010-10-12,-4360.7249999999585
2010-10-13,8539.25749999995
2010-10-14,-1710.9674999999886
2010-10-15,-9803.625000000007
2010-10-18,5891.625000000029
2010-10-19,-19462.374999999975
2010-10-20,11736.527499999984
2010-10-21,-2873.509999999971
2010-10-22,2780.249999999943
2010-10-25,4115.432499999978
2010-10-26,1252.2750000000087
2010-10-27,-4648.972499999997
2010-10-28,-2684.529999999968
2010-10-29,-2088.697500000024
2010-11-01,10882.125000000058
2010-11-02,2490.474999999988
2010-11-03,-3874.942500000023
2010-11-04,11651.727499999972
2010-11-05,3066.022500000052
2010-11-08,-4353.717500000023
2010-11-09,3175.624999999992
2010-11-10,12078.207500000024
2010-11-11,6969.032499999964
2010-11-12,-4392.684999999907
2010-11-15,1646.7999999999276
2010-11-16,487.944999999973
2010-11-17,-10617.534999999973
2010-11-18,8600.625000000005
2010-11-19,-6534.835000000016
2010-11-22,-5819.042499999955
2010-11-23,1773.8324999999675
2010-11-24,9656.525000000003
2010-11-25,-136.72750000000477
2010-11-26,-6008.6374999999725
2010-11-29,7143.92249999999
2010-11-30,-5290.2524999999605
2010-12-01,10417.012499999943
2010-12-02,557.352499999969
2010-12-03,-16228.92249999989
2010-12-06,-8494.795
2010-12-07,4967.549999999881
2010-12-08,-5020.9024999999565
2010-12-09,5337.885000000065
2010-12-10,-5566.25000000008
2010-12-13,-575.3449999999532
2010-12-14,5976.984999999965
2010-12-15,4653.762499999959
2010-12-16,1939.332500000128
2010-12-17,-3967.670000000104
2010-12-20,-5825.249999999984
2010-12-21,14080.349999999993
2010-12-22,-4142.820000000085
2010-12-23,13042.17750000018
2010-12-27,3084.3449999998415
2010-12-28,-17324.534999999978
2010-12-29,-10481.835000000026
2010-12-30,122.65500000006885
2010-12-31,8275.472499999893
2011-01-03,-16219.549999999896
2011-01-04,10697.95000000005
2011-01-05,25859.16999999986
2011-01-06,-4057.955000000005
2011-01-07,-3889.0849999998827
2011-01-10,-1765.9550000000827
2011-01-11,-233.30499999993606
2011-01-12,12592.724999999988
2011-01-13,-2893.2249999999485
2011-01-14,3167.6574999999684
2011-01-17,3073.400000000009
2011-01-18,-8219.56000000004
2011-01-19,-14312.942499999896
2011-01-20,-639.5800000000407
2011-01-21,4661.61249999994
2011-01-24,56.722500000066574
2011-01-25,-20173.405000000075
2011-01-26,2470.1250000000473
2011-01-27,12397.215000000124
2011-01-28,-3875.625000000139
2011-01-31,6813.760000000081
2011-02-01,17047.107499999947
2011-02-02,4600.372499999976
2011-02-03,3137.519999999995
2011-02-04,11363.37000000007
2011-02-07,-596.8500000002246
2011-02-08,8068.57500000013
2011-02-09,-2341.2174999998892
2011-02-10,3052.880000000036
2011-02-11,16117.744999999994
2011-02-14,1578.43249999994
2011-02-15,-12490.505000000017
2011-02-16,3289.315000000037
2011-02-17,-11478.404999999868
2011-02-18,-7203.435000000227
2011-02-21,-17794.859999999902
2011-02-22,-12486.872499999936
2011-02-23,-2973.142500000081
2011-02-24,5788.717499999931
2011-02-25,10363.319999999976
2011-02-28,9987.554999999938
2011-03-01,-17585.35999999983
2011-03-02,963.0149999999445
2011-03-03,18143.827500000116
2011-03-04,-17731.67000000006
2011-03-07,254.19000000005713
2011-03-08,15777.787499999962
2011-03-09,-152.00500000006366
2011-03-10,-3698.2050000000017
2011-03-11,-13243.85999999998
2011-03-14,6060.414999999783
2011-03-15,-15052.055000000057
2011-03-16,-36570.154999999795
2011-03-17,10510.614999999907
2011-03-18,17988.334999999915
2011-03-21,24537.700000000168
2011-03-22,-24.910000000067846
2011-03-23,1543.2400000000134
2011-03-24,-221.21999999998837
2011-03-25,13604.494999999888
2011-03-28,6363.245000000099
2011-03-29,12122.877499999868
2011-03-30,15376.069999999982
2011-03-31,8765.325000000223
2011-04-01,14987.444999999896
2011-04-04,-5486.425000000003
2011-04-05,11301.544999999986
2011-04-06,1700.5500000001994
2011-04-07,-10709.075000000339
2011-04-08,12939.95000000023
2011-04-11,-13816.504999999928
2011-04-12,-14323.997500000214
2011-04-13,2835.9325000001663
2011-04-14,16338.324999999875
2011-04-15,3763.6949999999815
2011-04-18,-14298.847499999907
2011-04-19,15818.44000000002
2011-04-20,1985.3274999999062
2011-04-21,819.6600000001724
2011-04-25,-7327.630000000135
2011-04-26,795.3500000001222
2011-04-27,27520.132499999778
2011-04-28,4602.3000000000375
2011-04-29,5296.5850000000955
2011-05-02,-23117.57999999995
2011-05-03,-30442.51750000005
2011-05-04,-17637.52500000001
2011-05-05,-33923.45500000007
2011-05-06,13122.315000000057
2011-05-09,3810.115000000079
2011-05-10,15886.157499999916
2011-05-11,4314.520000000034
2011-05-12,-6310.505000000087
2011-05-13,-2522.409999999869
2011-05-16,-9595.605000000067
2011-05-17,7404.844999999944
2011-05-18,-4122.177499999978
2011-05-19,6530.620000000165
2011-05-20,-11532.025000000114
2011-05-23,3367.057499999997
2011-05-24,-1304.6550000000293
2011-05-25,-8140.255000000064
2011-05-26,-5126.067499999975
2011-05-27,-9498.922500000002
2011-05-30,3875.432500000085
2011-05-31,7376.937499999867
2011-06-01,-16088.632499999781
2011-06-02,-7103.7600000002
2011-06-03,-10576.154999999862
2011-06-06,-4252.254999999979
2011-06-07,5509.832500000041
2011-06-08,-449.47000000010013
2011-06-09,26532.805000000077
2011-06-10,-19454.92249999997
2011-06-13,-1767.865000000039
2011-06-14,8380.097500000025
2011-06-15,-7959.722500000091
2011-06-16,7369.502500000097
2011-06-17,7134.932500000009
2011-06-20,1501.7499999999027
2011-06-21,-8258.454999999874
2011-06-22,4989.992499999909
2011-06-23,-8502.460000000025
2011-06-24,-15249.419999999966
2011-06-27,4508.262499999998
2011-06-28,8847.735000000062
2011-06-29,10281.579999999924
2011-06-30,-2374.535000000087
2011-07-01,5779.719999999989
2011-07-04,-3481.0999999998826
2011-07-05,-2382.287500000089
2011-07-06,5524.467500000046
2011-07-07,15154.050000000061
2011-07-08,-14912.800000000105
2011-07-11,-13111.05750000006
2011-07-12,-9300.96749999994
2011-07-13,4078.7500000000437
2011-07-14,-4142.510000000058
2011-07-15,-739.4999999999714
2011-07-18,3762.042499999925
2011-07-19,852.5500000001084
2011-07-20,7312.694999999974
2011-07-21,6153.6950000000315
2011-07-22,-928.3775000000237
2011-07-25,-10033.30000000001
2011-07-26,897.465000000044
2011-07-27,72.87750000002961
2011-07-28,-12483.850000000071
2011-07-29,-11371.72500000004
2011-08-01,5845.705000000013
2011-08-02,-14728.322499999924
2011-08-03,11141.802499999892
2011-08-04,-11267.204999999884
2011-08-05,1243.3274999998953
2011-08-08,5981.802500000075
2011-08-09,-24350.519999999982
2011-08-10,604.6475000000389
2011-08-11,3090.8449999999098
2011-08-12,14217.802500000054
2011-08-15,11132.999999999969
2011-08-16,5095.499999999948
2011-08-17,2800.9025000000365
2011-08-18,3876.874999999986
2011-08-19,11173.75000000003
2011-08-22,7045.257500000003
2011-08-23,-8858.199999999993
2011-08-24,-11910.600000000015
2011-08-25,4114.507499999989
2011-08-26,7563.340000000036
2011-08-29,1162.5450000000137
2011-08-30,333.60249999990504
2011-08-31,-6209.299999999978
2011-09-01,2026.2700000000325
2011-09-02,13908.697499999915
2011-09-05,-7353.209999999897
2011-09-06,14449.597499999909
2011-09-07,-1048.9674999999538
2011-09-08,-1924.9424999999992
2011-09-09,-9092.000000000033
2011-09-12,-5541.059999999973
2011-09-13,-4644.567499999996
2011-09-14,-3647.6424999999945
2011-09-15,840.2450000000291
2011-09-16,4631.632499999966
2011-09-19,-389.0199999999247
2011-09-20,8013.34999999991
2011-09-21,2655.4500000001008
2011-09-22,-14240.534999999933
2011-09-23,-23270.80000000007
2011-09-26,-5347.784999999927
2011-09-27,862.6449999999753
2011-09-28,-9410.767500000107
2011-09-29,1090.9950000000454
2011-09-30,4116.100000000041
2011-10-03,-9709.22250000001
2011-10-04,3682.3550000000314
2011-10-05,5283.197499999962
2011-10-06,2845.49000000006
2011-10-07,5964.222499999939
2011-10-10,7136.700000000077
2011-10-11,-131.8000000001157
2011-10-12,18708.640000000018
2011-10-13,95.025000000006
2011-10-14,-1592.9549999999692
2011-10-17,-14675.997500000007
2011-10-18,7527.749999999942
2011-10-19,-4710.822500000009
2011-10-20,-5609.240000000001
2011-10-21,-1346.3124999999038
2011-10-24,-312.00000000001364
2011-10-25,3916.1824999999903
2011-10-26,6189.482499999986
2011-10-27,15212.127499999982
2011-10-28,-5867.5124999999225
2011-10-31,20193.437499999964
2011-11-01,869.8949999999095
2011-11-02,2853.3375000000387
2011-11-03,3402.974999999965
2011-11-04,4601.997500000043
2011-11-07,12537.264999999894
2011-11-08,-8746.879999999937
2011-11-09,-5998.29749999996
2011-11-10,27.057499999902685
2011-11-11,9620.39500000009
2011-11-14,-8722.097500000014
2011-11-15,5557.470000000055
2011-11-16,863.2749999999874
2011-11-17,-16262.467500000026
2011-11-18,9107.494999999972
2011-11-21,-23571.122500000074
2011-11-22,8066.847500000114
2011-11-23,-13521.612500000007
2011-11-24,-542.475000000027
2011-11-25,-6227.0950000000175
2011-11-28,20430.63750000006
2011-11-29,-925.3000000001048
2011-11-30,8023.645000000129
2011-12-01,2457.002499999945
2011-12-02,4063.2699999999763
2011-12-05,3162.1075000000974
2011-12-06,309.4999999999568
2011-12-07,7119.977500000023
2011-12-08,-8857.27500000013
2011-12-09,841.7250000000458
2011-12-12,-865.3199999999363
2011-12-13,4071.682500000028
2011-12-14,-2243.5000000000373
2011-12-15,282.55250000002593
2011-12-16,-3168.8174999999665
2011-12-19,-1458.2799999999736
2011-12-20,16292.144999999997
2011-12-21,6002.900000000015
2011-12-22,5771.295000000028
2011-12-23,1929.9025000000327
2011-12-26,2355.200000000009
2011-12-27,-2990.9475000000493
2011-12-28,-19672.837500000016
2011-12-29,1668.7025000000253
2011-12-30,-7472.5774999999785
2012-01-02,325.54500000001565
2012-01-03,20882.994999999926
2012-01-04,-8497.342499999957
2012-01-05,10045.334999999968
2012-01-06,-13915.797499999984
2012-01-09,4514.615000000009
2012-01-10,9068.952499999994
2012-01-11,-5561.2750000000515
2012-01-12,-4268.497499999986
2012-01-13,1539.6275000000007
2012-01-16,7437.232499999914
2012-01-17,5578.165000000095
2012-01-18,4768.8375000000015
2012-01-19,3927.127499999958
2012-01-20,4786.0500000001075
2012-01-23,-14258.092500000048
2012-01-24,-55.254999999999086
2012-01-25,4217.577499999968
2012-01-26,4618.502499999926
2012-01-27,-4210.854999999936
2012-01-30,-4729.272500000047
2012-01-31,9671.027500000111
2012-02-01,4614.332499999982
2012-02-02,3523.677499999887
2012-02-03,8357.345000000128
2012-02-06,1605.082499999838
2012-02-07,9975.72250000009
2012-02-08,2459.70000000003
2012-02-09,4983.027499999931
2012-02-10,5387.827500000107
2012-02-13,7186.295000000003
2012-02-14,12540.08750000001
2012-02-15,7471.647499999885
2012-02-16,3262.877499999972
2012-02-17,2837.710000000125
2012-02-20,3308.4849999998673
2012-02-21,-4067.122499999913
2012-02-22,3050.3800000000083
2012-02-23,10021.857499999913
2012-02-24,8579.290000000032
2012-02-27,-1803.139999999964
2012-02-28,3399.8074999999135
2012-02-29,761.2925000001406
2012-03-01,7170.497499999859
2012-03-02,-5691.517499999927
2012-03-05,1241.8025000000323
2012-03-06,-11135.577500000156
2012-03-07,19295.735000000175
2012-03-08,13657.917500000003
2012-03-09,-570.5725000000664
2012-03-12,-712.2625000000564
2012-03-13,10651.462500000118
2012-03-14,9084.585000000052
2012-03-15,-15645.087499999961
2012-03-16,397.9474999999478
2012-03-19,142.3774999998514
2012-03-20,-12374.882499999927
2012-03-21,-8825.072499999847
2012-03-22,-14013.177500000116
2012-03-23,1393.0624999999015
2012-03-26,5520.132499999982
2012-03-27,-9839.479999999918
2012-03-28,-6045.122499999953
2012-03-29,110.42750000005074
2012-03-30,2974.1975000000275
2012-04-02,9411.012499999884
2012-04-03,4850.8950000001605
2012-04-04,-5389.440000000061
2012-04-05,8126.850000000017
2012-04-06,-5534.82250000008
2012-04-09,-4337.264999999978
2012-04-10,-23921.332499999975
2012-04-11,12291.69500000002
2012-04-12,10654.472499999945
2012-04-13,4415.585000000055
2012-04-16,-5950.287499999991
2012-04-17,15255.42749999998
2012-04-18,-2943.4550000000186
2012-04-19,1604.9274999999627
2012-04-20,-2052.5999999999644
2012-04-23,-8781.822500000017
2012-04-24,2473.022500000062
2012-04-25,-9101.930000000033
2012-04-26,5943.387500000092
2012-04-27,-7784.732500000191
2012-04-30,-14481.672499999895
2012-05-01,-1738.5149999998969
2012-05-02,7908.182499999925
2012-05-03,-10550.672499999782
2012-05-04,-4276.417500000153
2012-05-07,-5115.252499999971
2012-05-08,-14203.17750000011
2012-05-09,-7877.272499999877
2012-05-10,-7824.467500000031
2012-05-11,516.5024999999691
2012-05-14,6878.817499999995
2012-05-15,5807.272499999901
2012-05-16,-7660.704999999974
2012-05-17,-930.2049999999807
2012-05-18,-17341.12250000003
2012-05-21,5707.622500000111
2012-05-22,-12653.182500000048
2012-05-23,-4415.082500000083
2012-05-24,5559.632500000021
2012-05-25,-4054.079999999941
2012-05-28,10023.072499999986
2012-05-29,5591.87499999996
2012-05-30,-3685.5475000001225
2012-05-31,-295.4799999999035
2012-06-01,-3329.5974999999016
2012-06-04,-9786.112500000056
2012-06-05,11450.48499999983
2012-06-06,17757.17500000013
2012-06-07,8615.577500000016
2012-06-08,11076.427499999902
2012-06-11,-4443.057499999835
2012-06-12,9256.42249999999
2012-06-13,10091.214999999947
2012-06-14,-11620.180000000095
2012-06-15,-19362.657499999867
2012-06-18,509.58499999988726
2012-06-19,-564.8600000002505
2012-06-20,-6722.769999999901
2012-06-21,-12178.002499999928
2012-06-22,2574.1275000000114
2012-06-25,-8024.347499999945
2012-06-26,10291.122499999909
2012-06-27,6395.9099999999435
2012-06-28,-5059.452500000057
2012-06-29,26218.365000000125
2012-07-02,3949.679999999854
2012-07-03,16600.80750000023
2012-07-04,-1250.3350000001599
2012-07-05,3397.037499999992
2012-07-06,2396.927500000079
2012-07-09,-962.8224999999327
2012-07-10,1763.4024999998621
2012-07-11,4148.072500000019
2012-07-12,-4663.007500000101
2012-07-13,7107.8525000001355
2012-07-16,-2187.797499999927
2012-07-17,8542.06499999997
2012-07-18,-11672.980000000109
2012-07-19,-2318.3750000000423
2012-07-20,5826.050000000161
2012-07-23,-1574.590000000089
2012-07-24,996.4949999999072
2012-07-25,6380.800000000179
2012-07-26,-866.910000000137
2012-07-27,15403.345000000194
2012-07-30,2695.559999999828
2012-07-31,-9182.514999999854
2012-08-01,13907.204999999884
2012-08-02,16137.115000000178
2012-08-03,-8329.535000000136
2012-08-06,-2974.8600000000465
2012-08-07,277.7000000000471
2012-08-08,8122.710000000022
2012-08-09,21383.674999999992
2012-08-10,17963.339999999895
2012-08-13,-9550.009999999975
2012-08-14,-2479.624999999679
2012-08-15,18763.49999999966
2012-08-16,-5812.045000000024
2012-08-17,-12010.130000000054
2012-08-20,4076.495000000029
2012-08-21,-14519.759999999764
2012-08-22,1061.194999999755
2012-08-23,-4847.574999999895
2012-08-24,8275.680000000051
2012-08-27,5517.495000000209
2012-08-28,-3967.8100000001427
2012-08-29,-2215.0550000001626
2012-08-30,-9971.880000000103
2012-08-31,25722.795000000187
2012-09-03,-14469.43499999993
2012-09-04,-2103.755000000195
2012-09-05,-11987.974999999773
2012-09-06,12444.995000000226
2012-09-07,-11062.310000000283
2012-09-10,10363.410000000069
2012-09-11,-3905.3850000000625
2012-09-12,-1797.859999999904
2012-09-13,9340.719999999952
2012-09-14,-9357.530000000133
2012-09-17,-17542.154999999962
2012-09-18,3883.9400000000574
2012-09-19,-5155.864999999878
2012-09-20,2925.9949999999053
2012-09-21,-1112.5299999998433
2012-09-24,-489.9050000000997
2012-09-25,-2313.760000000046
2012-09-26,-8367.92499999993
2012-09-27,6569.51999999989
2012-09-28,-3596.530000000029
2012-10-01,-12516.87999999988
2012-10-02,-20951.885000000104
2012-10-03,-2669.7249999999376
2012-10-04,11792.575000000092
2012-10-05,7389.295000000003
2012-10-08,10895.64499999993
2012-10-09,10722.07500000008
2012-10-10,-14292.105000000207
2012-10-11,-6550.899999999917
2012-10-12,-8505.6000000001
2012-10-15,1608.2000000001062
2012-10-16,-18326.204999999958
2012-10-17,7021.38999999981
2012-10-18,-702.9349999999492
2012-10-19,-15375.905000000155
2012-10-22,9270.204999999953
2012-10-23,-13152.237499999796
2012-10-24,3873.004999999952
2012-10-25,14557.752499999977
2012-10-26,-3761.9800000001087
2012-10-29,-4469.972499999858
2012-10-30,2596.782500000054
2012-10-31,880.1849999999849
2012-11-01,4893.739999999953
2012-11-02,8681.650000000005
2012-11-05,4644.867500000054
2012-11-06,19441.71000000007
2012-11-07,-20294.547500000263
2012-11-08,-13238.349999999868
2012-11-09,4193.190000000052
2012-11-12,119.4849999999327
2012-11-13,-14554.822499999931
2012-11-14,3950.4199999997973
2012-11-15,5766.780000000033
2012-11-16,6907.072500000064
2012-11-19,8824.177500000002
2012-11-20,-4214.977500000209
2012-11-21,6922.857500000158
2012-11-22,-7805.0224999999255
2012-11-23,6889.372499999954
2012-11-26,-1764.7899999999656
2012-11-27,-1315.6974999999236
2012-11-28,445.1124999998713
2012-11-29,776.2774999997982
2012-11-30,11553.710000000265
2012-12-03,-10715.372499999863
2012-12-04,6049.684999999842
2012-12-05,4575.067500000156
2012-12-06,14988.234999999728
2012-12-07,9095.497500000089
2012-12-10,9721.630000000081
2012-12-11,5613.152499999976
2012-12-12,-2382.322499999932
2012-12-13,-5074.785000000241
2012-12-14,8026.2324999997445
2012-12-17,-12366.859999999664
2012-12-18,-21377.327500000152
2012-12-19,2011.962500000029
2012-12-20,445.40499999991175
2012-12-21,-5242.515000000059
2012-12-24,5689.587500000304
2012-12-25,-1258.3999999999644
2012-12-26,2575.877499999687
2012-12-27,-1182.969999999927
2012-12-28,-20694.445000000196
2012-12-31,22398.542500000145
2013-01-01,-861.555000000034
2013-01-02,23092.73749999993
2013-01-03,2770.9375000003747
2013-01-04,-5127.972500000069
2013-01-07,-382.0225000001569
2013-01-08,4941.527500000166
2013-01-09,4349.722499999773
2013-01-10,-14859.087499999927
2013-01-11,-22670.119999999886
2013-01-14,25476.499999999585
2013-01-15,-3985.3549999998586
2013-01-16,540.6325000000314
2013-01-17,4369.309999999885
2013-01-18,-15541.72749999985
2013-01-21,-324.15249999986673
2013-01-22,15606.444999999914
2013-01-23,-8063.344999999857
2013-01-24,-7324.837500000147
2013-01-25,-11099.882499999898
2013-01-28,12698.335
2013-01-29,4878.432500000058
2013-01-30,-21442.867500000084
2013-01-31,370.7025000000567
2013-02-01,8054.270000000008
2013-02-04,6961.842499999995
2013-02-05,1136.1725000001072
2013-02-06,-3400.127500000077
2013-02-07,13625.507500000009
2013-02-08,-18413.967500000053
2013-02-11,786.7450000000437
2013-02-12,11734.752499999893
2013-02-13,-8068.855000000068
2013-02-14,5820.334999999973
2013-02-15,-17771.32749999972
2013-02-18,4653.655000000038
2013-02-19,14963.142499999796
2013-02-20,-17799.997500000092
2013-02-21,19262.44500000008
2013-02-22,1771.9775000000848
2013-02-25,-6643.865000000101
2013-02-26,-6143.344999999834
2013-02-27,3324.382499999938
2013-02-28,-6844.292500000057
2013-03-01,-3085.295000000057
2013-03-04,17848.532500000132
2013-03-05,8158.057499999963
2013-03-06,13768.082499999904
2013-03-07,-1424.8425000000643
2013-03-08,6387.245000000052
2013-03-11,5503.397499999931
2013-03-12,2760.1100000000547
2013-03-13,-5860.292499999955
2013-03-14,2914.2574999998105
2013-03-15,4388.240000000032
2013-03-18,4032.664999999984
2013-03-19,-5492.650000000063
2013-03-20,-4548.300000000093
2013-03-21,20232.67750000004
2013-03-22,-13111.367499999747
2013-03-25,5086.574999999846
2013-03-26,11659.102499999874
2013-03-27,5349.1800000001895
2013-03-28,5111.297499999803
2013-04-01,9739.80750000006
2013-04-02,-3916.3424999998533
2013-04-03,-16937.984999999993
2013-04-04,13286.037499999913
2013-04-05,9953.92249999995
2013-04-08,-3414.159999999858
2013-04-09,4360.232499999804
2013-04-10,8188.755000000083
2013-04-11,5887.622500000008
2013-04-12,-31659.709999999966
2013-04-15,-69027.88750000017
2013-04-16,6220.250000000253
2013-04-17,17283.832499999986
2013-04-18,-3045.64750000003
2013-04-19,8395.044999999967
2013-04-22,-876.5624999999433
2013-04-23,13902.177499999972
2013-04-24,3378.37749999997
2013-04-25,-2550.359999999942
2013-04-26,486.62249999987705
2013-04-29,6956.392500000111
2013-04-30,-7517.457499999991
2013-05-01,475.5124999999928
2013-05-02,3756.0024999999328
2013-05-03,-12288.38500000003
2013-05-06,-5759.650000000001
2013-05-07,576.332500000099
2013-05-08,-905.425000000183
2013-05-09,1664.2900000000584
2013-05-10,122.62250000007349
2013-05-13,-1564.9299999999996
2013-05-14,-3878.420000000138
2013-05-15,1564.9750000001295
2013-05-16,-2592.634999999971
2013-05-17,-13168.572500000002
2013-05-20,1370.4225000000154
2013-05-21,-4546.410000000073
2013-05-22,-11297.347499999993
2013-05-23,-4022.7574999998965
2013-05-24,-797.0775000000837
2013-05-27,-8657.729999999954
2013-05-28,21471.23999999999
2013-05-29,-14470.249999999925
2013-05-30,9095.592499999895
2013-05-31,-18621.562499999938
2013-06-03,3957.857499999963
2013-06-04,-12628.382499999983
2013-06-05,-19910.09999999996
2013-06-06,11746.482499999927
2013-06-07,2880.127500000028
2013-06-10,2267.0724999999816
2013-06-11,-1378.9800000000014
2013-06-12,-6228.122499999951
2013-06-13,3105.752500000006
2013-06-14,2802.469999999957
2013-06-17,-12122.767500000002
2013-06-18,-4986.212500000041
2013-06-19,-14374.537499999911
2013-06-20,-21782.40000000004
2013-06-21,3631.7749999999996
2013-06-24,5314.40500000001
2013-06-25,2730.9299999999043
2013-06-26,-315.3399999999787
2013-06-27,-5917.327499999977
2013-06-28,-267.4824999999494
2013-07-01,-1048.4749999999945
2013-07-02,-161.8625000001103
2013-07-03,-3574.8775000000264
2013-07-04,6043.597500000004
2013-07-05,-2278.28499999994
2013-07-08,4717.984999999906
2013-07-09,26147.77750000003
2013-07-10,-7745.130000000009
2013-07-11,-5682.290000000036
2013-07-12,-4914.874999999899
2013-07-15,6566.107499999968
2013-07-16,7676.944999999937
2013-07-17,463.7500000000283
2013-07-18,1289.145000000156
2013-07-19,4992.027499999818
2013-07-22,2540.2500000000423
2013-07-23,3764.047500000041
2013-07-24,-9160.325000000057
2013-07-25,-6205.555000000003
2013-07-26,7254.205000000033
2013-07-29,-4525.404999999862
2013-07-30,-13180.122500000052
2013-07-31,-10724.042500000038
2013-08-01,-4244.669999999904
2013-08-02,-9842.817500000068
2013-08-05,-1758.205000000039
2013-08-06,-14805.882499999967
2013-08-07,-4141.400000000029
2013-08-08,9005.227500000068
2013-08-09,16208.834999999894
2013-08-12,7133.427500000096
2013-08-13,3994.530000000021
2013-08-14,5410.89999999991
2013-08-15,-5101.12249999996
2013-08-16,2277.632500000038
2013-08-19,-8927.517499999978
2013-08-20,-7759.347500000038
2013-08-21,-7028.600000000064
2013-08-22,5959.324999999978
2013-08-23,13317.89000000006
2013-08-26,-2272.2549999999874
2013-08-27,2823.005000000014
2013-08-28,10753.54999999997
2013-08-29,-527.0675000000273
2013-08-30,-1843.1174999999798
2013-09-02,-741.6774999999741
2013-09-03,10806.742499999902
2013-09-04,14806.465000000182
2013-09-05,11914.52749999987
2013-09-06,-8081.332499999937
2013-09-09,-2511.4800000000664
2013-09-10,3238.0450000001365
2013-09-11,4317.199999999943
2013-09-12,-2580.177499999974
2013-09-13,838.7324999999956
2013-09-16,-19697.19500000002
2013-09-17,-8365.045000000051
2013-09-18,11931.250000000051
2013-09-19,-16601.39499999997
2013-09-20,-11352.255000000083
2013-09-23,-3395.9625000000083
2013-09-24,5812.002500000081
2013-09-25,-9690.549999999994
2013-09-26,-4993.604999999992
2013-09-27,-12389.667500000043
2013-09-30,-13098.07499999998
2013-10-01,-13947.472499999945
2013-10-02,-1374.6999999999937
2013-10-03,4699.899999999914
2013-10-04,8214.995000000063
2013-10-07,-12565.872500000069
2013-10-08,111.6449999999603
2013-10-09,5945.275000000126
2013-10-10,3774.8950000000104
2013-10-11,-7812.637500000016
2013-10-14,-4386.705000000102
2013-10-15,1681.5225000000978
2013-10-16,18776.024999999907
2013-10-17,1411.8500000000258
2013-10-18,-6300.8174999999765
2013-10-21,4315.239999999946
2013-10-22,6001.182500000113
2013-10-23,-14209.380000000185
2013-10-24,525.672500000148
2013-10-25,-6712.222500000071
2013-10-28,9077.777499999966
2013-10-29,-1541.8675000000576
2013-10-30,-1121.644999999884
2013-10-31,6647.007499999978
2013-11-01,-2683.409999999907
2013-11-04,10599.142500000002
2013-11-05,-8812.242500000073
2013-11-06,10628.35000000006
2013-11-07,-3413.132499999923
2013-11-08,4443.344999999802
2013-11-11,3265.1925000002543
2013-11-12,-5122.322500000157
2013-11-13,18868.445000000014
2013-11-14,3656.6525000001525
2013-11-15,-3482.5100000001853
2013-11-18,5832.262500000103
2013-11-19,-3009.1975000001225
2013-11-20,-17679.65500000006
2013-11-21,-7031.575000000038
2013-11-22,-11919.377499999744
2013-11-25,6135.619999999796
2013-11-26,-8105.127499999973
2013-11-27,-10404.367499999933
2013-11-28,-1288.2474999999833
2013-11-29,-3799.4699999999684
2013-12-02,-5674.29750000006
2013-12-03,-6329.827500000091
2013-12-04,-18537.47250000004
2013-12-05,-9591.874999999893
2013-12-06,385.39499999998964
2013-12-09,419.64749999996536
2013-12-10,907.1225000000312
2013-12-11,-12292.147500000108
2013-12-12,-3110.3549999998436
2013-12-13,11080.464999999896
2013-12-16,9306.695000000096
2013-12-17,-9880.52250000002
2013-12-18,1245.614999999961
2013-12-19,10823.517499999956
2013-12-20,14232.02000000003
2013-12-23,-8085.337500000022
2013-12-24,7234.140000000096
2013-12-25,-1012.0000000000352
2013-12-26,1636.4075000000403
2013-12-27,-8257.389999999908
2013-12-30,2535.904999999908
2013-12-31,13239.372499999925
2014-01-01,-1176.7000000000003
2014-01-02,-21165.290000000023
2014-01-03,-4430.112499999906
2014-01-06,-6186.854999999915
2014-01-07,1165.3499999998676
2014-01-08,7740.027500000173
2014-01-09,1894.4224999998967
2014-01-10,-23733.000000000025
2014-01-13,-15758.67000000007
2014-01-14,-1636.0099999997572
2014-01-15,19931.37749999991
2014-01-16,-7995.572499999935
2014-01-17,7598.089999999967
2014-01-20,3193.794999999865
2014-01-21,-14612.402499999955
2014-01-22,-15519.542500000083
2014-01-23,-41270.352499999746
2014-01-24,-16970.057500000083
2014-01-27,5125.79
2014-01-28,3769.6799999999394
2014-01-29,-16585.96749999993
2014-01-30,7375.87249999993
2014-01-31,-10837.729999999881
2014-02-03,-2559.7750000000096
2014-02-04,17298.724999999977
2014-02-05,-11249.160000000044
2014-02-06,3910.582499999895
2014-02-07,-4965.9649999999465
2014-02-10,-11876.454999999947
2014-02-11,20356.48250000005
2014-02-12,1041.1774999999154
2014-02-13,-3844.867499999883
2014-02-14,-14821.422499999933
2014-02-17,4038.300000000021
2014-02-18,95.27249999983229
2014-02-19,-6697.155000000001
2014-02-20,-5254.769999999958
2014-02-21,5184.36249999995
2014-02-24,-1520.7624999999148
2014-02-25,-4290.230000000105
2014-02-26,4720.507500000026
2014-02-27,2741.050000000131
2014-02-28,-5842.657500000033
2014-03-03,-16468.7975000001
2014-03-04,18404.839999999993
2014-03-05,6673.907500000035
2014-03-06,7929.997500000092
2014-03-07,-4868.930000000109
2014-03-10,-21981.017500000034
2014-03-11,-21558.03499999996
2014-03-12,-11955.572500000004
2014-03-13,-225.08000000010804
2014-03-14,-2576.9950000000317
2014-03-17,12529.872500000138
2014-03-18,-5265.800000000079
2014-03-19,16139.152499999878
2014-03-20,518.3725000001245
2014-03-21,2046.3624999999963
2014-03-24,7784.92500000001
2014-03-25,13013.677499999994
2014-03-26,10527.225000000022
2014-03-27,11571.499999999955
2014-03-28,3213.545000000122
2014-03-31,-269.8775000000602
2014-04-01,-580.1275000001048
2014-04-02,3570.05249999998
2014-04-03,6363.93999999997
2014-04-04,3936.5075000000165
2014-04-07,-8552.50999999988
2014-04-08,-6326.62499999996
2014-04-09,2544.5474999999415
2014-04-10,-10676.322499999947
2014-04-11,-1818.130000000201
2014-04-14,3962.877500000038
2014-04-15,2474.525000000051
2014-04-16,12331.077499999947
2014-04-17,2193.7550000000147
2014-04-21,-855.1774999998013
2014-04-22,-5890.8425000001935
2014-04-23,-12791.760000000038
2014-04-24,-2218.7174999999675
2014-04-25,5790.745000000005
2014-04-28,9058.80750000004
2014-04-29,10787.19500000006
2014-04-30,-2200.0125000000144
2014-05-01,-1058.1474999999502
2014-05-02,2253.1325000000556
2014-05-05,-4458.48000000013
2014-05-06,4736.527500000104
2014-05-07,-1701.8600000001281
2014-05-08,18361.52499999992
2014-05-09,10583.34000000009
2014-05-12,-4201.550000000127
2014-05-13,241.67750000009914
2014-05-14,-3605.3549999999173
2014-05-15,7382.719999999951
2014-05-16,522.8024999999359
2014-05-19,2386.397500000146
2014-05-20,-15848.424999999934
2014-05-21,6280.652499999818
2014-05-22,1761.5374999999237
2014-05-23,9369.035000000153
2014-05-26,5342.502499999851
2014-05-27,1520.1025000000413
2014-05-28,-8806.367499999884
2014-05-29,9912.500000000085
2014-05-30,-2867.9625000000947
2014-06-02,-568.9674999999581
2014-06-03,-9988.992499999937
2014-06-04,-11405.630000000203
2014-06-05,-4934.4049999998515
2014-06-06,-5720.397499999957
2014-06-09,19397.534999999763
2014-06-10,9912.977500000317
2014-06-11,-5615.500000000222
2014-06-12,-7140.115000000015
2014-06-13,3849.875
2014-06-16,19612.67750000019
2014-06-17,-6928.1125000000775
2014-06-18,1171.5725000000236
2014-06-19,-6684.927499999869
2014-06-20,15817.602499999759
2014-06-23,10299.13499999999
2014-06-24,-8292.272499999885
2014-06-25,-2419.9000000000997
2014-06-26,3334.48500000026
2014-06-27,-9270.255000000097
2014-06-30,-17802.57000000016
2014-07-01,10832.59000000016
2014-07-02,-769.6350000001032
2014-07-03,8375.269999999795
2014-07-04,1887.2350000001377
2014-07-07,4688.562499999918
2014-07-08,715.4600000000278
2014-07-09,-9519.209999999955
2014-07-10,-3116.359999999896
2014-07-11,-12995.324999999986
2014-07-14,10058.917500000029
2014-07-15,6528.419999999987
2014-07-16,5404.422499999787
2014-07-17,-21827.92250000002
2014-07-18,15062.980000000172
2014-07-21,2494.4224999999406
2014-07-22,1335.6250000000705
2014-07-23,-1993.7350000002846
2014-07-24,16912.597500000233
2014-07-25,-18195.0925000001
2014-07-28,12073.777499999976
2014-07-29,1267.3750000001269
2014-07-30,-11778.352500000005
2014-07-31,-11349.209999999914
2014-08-01,-22696.577500000123
2014-08-04,6264.482500000065
2014-08-05,-6466.367500000203
2014-08-06,-10532.654999999682
2014-08-07,-1148.5475000000804
2014-08-08,5542.194999999906
2014-08-11,-2830.904999999804
2014-08-12,-136.40500000034342
2014-08-13,-636.2174999997864
2014-08-14,-1914.0975000000751
2014-08-15,-3893.1000000000067
2014-08-18,11072.380000000134
2014-08-19,4400.827499999592
2014-08-20,26424.267500000387
2014-08-21,6001.890000000036
2014-08-22,5564.71999999988
2014-08-25,-659.4674999998891
2014-08-26,7157.41749999986
2014-08-27,-840.4500000000262
2014-08-28,805.5950000000372
2014-08-29,7366.032500000116
2014-09-01,51.304999999958
2014-09-02,-4188.752499999863
2014-09-03,24322.98000000006
2014-09-04,22901.839999999702
2014-09-05,-6570.137499999801
2014-09-08,-9695.23500000022
2014-09-09,-13160.292499999901
2014-09-10,6365.290000000113
2014-09-11,-4505.254999999981
2014-09-12,-9161.26000000016
2014-09-15,701.9775000000537
2014-09-16,5518.995000000167
2014-09-17,8631.409999999767
2014-09-18,15323.017500000211
2014-09-19,12472.409999999863
2014-09-22,-21803.622499999918
2014-09-23,-2903.8175
2014-09-24,3189.75
2014-09-25,-2772.5675
2014-09-26,-6488.850000000106
2014-09-29,7964.610000000056
2014-09-30,-11361.029999999984
2014-10-01,7348.107499999928
2014-10-02,-4456.5800000000145
2014-10-03,-16015.800000000061
2014-10-06,23009.37750000029
2014-10-07,-27588.835000000192
2014-10-08,-3606.57499999986
2014-10-09,-9615.907500000101
2014-10-10,-6425.950000000137
2014-10-13,1318.1400000002402
2014-10-14,-9337.722500000213
2014-10-15,-8617.807499999844
2014-10-16,16117.260000000026
2014-10-17,3664.564999999972
2014-10-20,-3970.005000000039
2014-10-21,251.79499999994653
2014-10-22,-2009.1700000000437
2014-10-23,10246.677500000083
2014-10-24,-301.2599999999809
2014-10-27,-1621.4049999999834
2014-10-28,4567.252499999926
2014-10-29,8490.050000000025
2014-10-30,4535.624999999957
2014-10-31,-440.89999999992006
2014-11-03,-3870.6049999999495
2014-11-04,-4607.187500000024
2014-11-05,2453.3700000000617
2014-11-06,-1560.9750000001704
2014-11-07,10933.495000000066
2014-11-10,-6951.732499999986
2014-11-11,16108.844999999985
2014-11-12,-2481.855000000011
2014-11-13,-9098.254999999997
2014-11-14,-4784.482499999924
2014-11-17,-1136.5549999999917
2014-11-18,747.9649999998521
2014-11-19,-7302.942499999954
2014-11-20,1116.1499999999692
2014-11-21,12362.477499999974
2014-11-24,2044.9950000000274
2014-11-25,-15440.455000000047
2014-11-26,-3114.47249999995
2014-11-27,-3765.0399999999536
2014-11-28,-1885.4449999999956
2014-12-01,-12700.787500000035
2014-12-02,3263.875000000034
2014-12-03,7957.3899999999385
2014-12-04,-390.4049999999801
2014-12-05,6703.547500000043
2014-12-08,640.9549999999341
2014-12-09,-11991.404999999964
2014-12-10,-22999.617500000088
2014-12-11,4314.597500000004
2014-12-12,-10710.499999999909
2014-12-15,-9726.285000000065
2014-12-16,1883.5000000001269
2014-12-17,12306.845000000021
2014-12-18,3007.827499999927
2014-12-19,16636.859999999957
2014-12-22,11575.629999999983
2014-12-23,1435.2475000001443
2014-12-24,-1751.4000000001288
2014-12-25,-2660.1299999998987
2014-12-26,-3343.619999999985
2014-12-29,-9154.179999999973
2014-12-30,5363.999999999936
2014-12-31,4598.500000000011
2015-01-01,13055.095000000045
2015-01-02,-26084.780000000028
2015-01-05,-15976.885000000104
2015-01-06,-9435.459999999981
2015-01-07,10895.740000000014
2015-01-08,11374.744999999995
2015-01-09,-10055.559999999867
2015-01-12,-19207.310000000045
2015-01-13,-12997.205000000014
2015-01-14,-15286.465000000102
2015-01-15,-118556.31500000003
2015-01-16,10598.667500000078
2015-01-19,-3902.0425000000087
2015-01-20,-12542.3375
2015-01-21,-16950.025000000027
2015-01-22,-3692.9250000000193
2015-01-23,-24300.249999999985
2015-01-26,10642.929999999948
2015-01-27,-4739.379999999989
2015-01-28,-3544.2049999998826
2015-01-29,1269.949999999898
2015-01-30,-2698.1049999999696
2015-02-02,13998.434999999985
2015-02-03,8973.689999999984
2015-02-04,-5557.419999999985
2015-02-05,8778.345000000007
2015-02-06,-720.1549999999787
2015-02-09,-4773.562499999969
2015-02-10,-4371.90000000007
2015-02-11,97.48750000006976
2015-02-12,5222.632499999942
2015-02-13,2342.382499999979
2015-02-16,-45.72499999997021
2015-02-17,10085.227499999979
2015-02-18,1884.4025000000104
2015-02-19,-5787.800000000042
2015-02-20,2886.3574999999937
2015-02-23,-3746.8749999999145
2015-02-24,8795.46249999995
2015-02-25,1134.565000000033
2015-02-26,-7373.517500000082
2015-02-27,1818.7250000000865
2015-03-02,-170.6125000000079
2015-03-03,4130.890000000046
2015-03-04,2385.7374999999483
2015-03-05,-4681.972499999996
2015-03-06,2591.3949999999977
2015-03-09,3312.827500000033
2015-03-10,-5688.474999999978
2015-03-11,-2507.3624999999975
2015-03-12,15480.302499999938
2015-03-13,109.84499999999673
2015-03-16,-2875.46499999997
2015-03-17,-7225.5549999999275
2015-03-18,4632.399999999965
2015-03-19,-8009.477500000025
2015-03-20,3601.869999999934
2015-03-23,6117.76500000004
2015-03-24,-10444.51249999999
2015-03-25,-2704.649999999976
2015-03-26,-1005.7874999999312
2015-03-27,-7355.187500000007
2015-03-30,9404.337499999967
2015-03-31,1447.1275000000371
2015-04-01,-5979.95500000005
2015-04-02,3903.970000000026
2015-04-03,2805.000000000018
2015-04-06,-3066.9275000000466
2015-04-07,8262.315000000099
2015-04-08,3536.099999999933
2015-04-09,5234.4450000000825
2015-04-10,-3359.95499999996
2015-04-13,-3559.930000000081
2015-04-14,6.1999999999829924
2015-04-15,2943.5000000000173
2015-04-16,11955.794999999947
2015-04-17,-7159.054999999912
2015-04-20,3642.3324999999923
2015-04-21,-1831.9375000000173
2015-04-22,5390.692500000014
2015-04-23,-229.5675000000782
2015-04-24,1512.0250000000274
2015-04-27,-3943.487499999967
2015-04-28,6658.900000000013
2015-04-29,-598.2499999999852
2015-04-30,-1763.5199999999772
2015-05-01,761.1874999999139
2015-05-04,2095.2750000000724
2015-05-05,1081.3699999999521
2015-05-06,2988.837500000009
2015-05-07,-2709.7700000000195
2015-05-08,5119.924999999969
2015-05-11,4355.262500000059
2015-05-12,-1452.85000000003
2015-05-13,-168.37499999998363
2015-05-14,-9776.992499999955
2015-05-15,-3470.84250000009
2015-05-18,-5198.064999999954
2015-05-19,3605.607499999953
2015-05-20,1662.2000000000721
2015-05-21,-6838.932500000059
2015-05-22,-11408.23000000003
2015-05-25,3713.832499999998
2015-05-26,3397.55500000004
2015-05-27,-929.8074999999781
2015-05-28,-4108.855000000056
2015-05-29,377.6350000000182
2015-06-01,-4171.420000000024
2015-06-02,5082.42499999998
2015-06-03,3961.800000000031
2015-06-04,-3796.525000000001
2015-06-05,38.020000000029654
2015-06-08,3101.1924999999055
2015-06-09,4795.512500000105
2015-06-10,12841.562500000036
2015-06-11,-7534.917500000023
2015-06-12,1025.574999999944
2015-06-15,-3461.994999999956
2015-06-16,6312.840000000028
2015-06-17,-13205.265000000018
2015-06-18,5667.732499999909
2015-06-19,-731.0249999999855
2015-06-22,-10292.004999999952
2015-06-23,5080.750000000036
2015-06-24,-8696.230000000025
2015-06-25,2715.1499999999987
2015-06-26,-1151.4225000000158
2015-06-29,-4296.189999999989
2015-06-30,1548.864999999971
2015-07-01,1686.8400000000768
2015-07-02,-7486.432500000008
2015-07-03,-5806.450000000052
2015-07-06,-994.6549999999884
2015-07-07,4822.965000000008
2015-07-08,-1112.5599999999677
2015-07-09,2097.0999999999003
2015-07-10,-5603.542499999964
2015-07-13,-2265.2999999999724
2015-07-14,1024.299999999963
2015-07-15,-5534.999999999974
2015-07-16,3055.499999999979
2015-07-17,2173.4700000000616
2015-07-20,-2536.607500000089
2015-07-21,-3044.389999999996
2015-07-22,-5952.245000000008
2015-07-23,-3033.949999999907
2015-07-24,-3059.5250000000788
2015-07-27,-6986.789999999881
2015-07-28,6545.674999999925
2015-07-29,4055.3975000000637
2015-07-30,2584.889999999909
2015-07-31,-5553.504999999922
2015-08-03,2545.2525000000687
2015-08-04,11921.199999999928
2015-08-05,-4147.3674999999475
2015-08-06,4587.59999999992
2015-08-07,8469.532500000021
2015-08-10,-891.3300000000717
2015-08-11,-3666.964999999865
2015-08-12,528.4999999998545
2015-08-13,75.22500000002674
2015-08-14,-1939.924999999891
2015-08-17,-1802.650000000051
2015-08-18,-2150.4000000000015
2015-08-19,-14029.194999999932
2015-08-20,-1088.0299999999238
2015-08-21,-8994.425000000097
2015-08-24,-30325.120000000014
2015-08-25,-10076.95999999991
2015-08-26,4185.599999999928
2015-08-27,10507.314999999975
2015-08-28,473.49500000001694
2015-08-31,2118.755000000052
2015-09-01,-12621.59000000007
2015-09-02,-655.5949999999127
2015-09-03,333.73249999993925
2015-09-04,-3617.4150000001077
2015-09-07,3370.9000000002015
2015-09-08,4145.427499999893
2015-09-09,-8992.554999999951
2015-09-10,1402.7850000000246
2015-09-11,-6238.672500000073
2015-09-14,-518.7549999999987
2015-09-15,2692.0000000000737
2015-09-16,7403.714999999924
2015-09-17,-6848.739999999956
2015-09-18,5102.092499999889
2015-09-21,-156.74249999992782
2015-09-22,-3724.1049999999736
2015-09-23,-4580.405000000011
2015-09-24,3941.5000000001137
2015-09-25,2876.4399999999127
2015-09-28,-8543.909999999994
2015-09-29,5199.282499999958
2015-09-30,3857.8200000001148
2015-10-01,6038.015000000005
2015-10-02,-7906.930000000204
2015-10-05,4117.347499999977
2015-10-06,6281.027500000022
2015-10-07,4510.9249999999765
2015-10-08,4033.315000000181
2015-10-09,8013.774999999891
2015-10-12,-2018.2974999999562
2015-10-13,-8555.95000000004
2015-10-14,3223.39000000005
2015-10-15,9969.927499999985
2015-10-16,-658.800000000102
2015-10-19,-7147.8599999998605
2015-10-20,4104.81999999999
2015-10-21,3257.204999999975
2015-10-22,11402.32500000012
2015-10-23,2941.1624999998676
2015-10-26,8829.029999999944
2015-10-27,-4687.809999999986
2015-10-28,13747.495000000006
2015-10-29,-2895.9349999998267
2015-10-30,2818.2824999998033
2015-11-02,6101.765000000071
2015-11-03,4202.175000000027
2015-11-04,-2144.7250000000195
2015-11-05,-15630.375000000064
2015-11-06,-1403.4099999999546
2015-11-09,7499.07
2015-11-10,72.89000000002284
2015-11-11,399.50250000003393
2015-11-12,-4946.845000000043
2015-11-13,-6793.049999999983
2015-11-16,6897.745000000074
2015-11-17,1777.2400000000084
2015-11-18,9916.644999999908
2015-11-19,7319.597499999952
2015-11-20,7458.650000000074
2015-11-23,-1271.6250000000648
2015-11-24,7765.369999999978
2015-11-25,6832.737500000052
2015-11-26,-306.1450000000576
2015-11-27,221.52250000000274
2015-11-30,4881.795000000093
2015-12-01,8742.444999999892
2015-12-02,-2533.9249999998983
2015-12-03,-32661.650000000016
2015-12-04,4296.105000000049
2015-12-07,-7988.292500000066
2015-12-08,-13241.310000000016
2015-12-09,-4116.24999999993
2015-12-10,10309.689999999973
2015-12-11,-15065.699999999986
2015-12-14,6519.817499999915
2015-12-15,4715.389999999892
2015-12-16,2538.032500000042
2015-12-17,3895.627499999976
2015-12-18,-1783.1349999998781
2015-12-21,-11293.485000000028
2015-12-22,974.337500000067
2015-12-23,7395.439999999957
2015-12-24,-1688.2600000000593
2015-12-28,-12861.407500000007
2015-12-29,7059.240000000039
2015-12-30,-2477.4000000000146
2015-12-31,7027.324999999923
2016-01-04,5887.575000000084
2016-01-05,-4159.3425000000325
2016-01-06,-9560.004999999988
2016-01-07,-11383.755000000046
2016-01-08,-19957.11500000007
2016-01-11,11425.29500000016
2016-01-12,2864.3724999999654
2016-01-13,-6617.135000000006
2016-01-14,4431.827500000046
2016-01-15,-29040.49750000009
2016-01-18,3094.1699999999955
2016-01-19,-2677.7749999998746
2016-01-20,2258.1774999998165
2016-01-21,22898.11500000011
2016-01-22,13964.625000000035
2016-01-25,-18099.214999999826
2016-01-26,12673.644999999886
2016-01-27,2746.117500000108
2016-01-28,4283.419999999913
2016-01-29,20242.302500000023
2016-02-01,5474.572500000131
2016-02-02,-19916.780000000024
2016-02-03,-3595.415000000023
2016-02-04,-352.48749999999234
2016-02-05,5282.940000000017
2016-02-08,2241.994999999986
2016-02-09,371.6100000000255
2016-02-10,10665.414999999903
2016-02-11,8772.337500000072
2016-02-12,6725.125000000058
2016-02-15,1721.0925000000273
2016-02-16,-5287.922500000016
2016-02-17,12117.490000000034
2016-02-18,10664.694999999881
2016-02-19,-5865.422499999944
2016-02-22,9250.924999999981
2016-02-23,-4002.7500000000396
2016-02-24,-4206.094999999981
2016-02-25,19774.849999999966
2016-02-26,-3592.9049999999634
2016-02-29,-2095.522499999964
2016-03-01,9389.482499999931
2016-03-02,5210.964999999974
2016-03-03,10130.927500000073
2016-03-04,9624.799999999872
2016-03-07,9566.115000000133
2016-03-08,-3061.6050000000923
2016-03-09,5925.299999999988
2016-03-10,-17733.340000000077
2016-03-11,4022.509999999951
2016-03-14,-7807.82999999993
2016-03-15,-6895.504999999903
2016-03-16,1774.5974999998764
2016-03-17,4576.40250000001
2016-03-18,-702.5725000000257
2016-03-21,-8033.424999999991
2016-03-22,6512.379999999991
2016-03-23,-4573.57499999996
2016-03-24,-806.4099999999578
2016-03-28,1515.834999999927
2016-03-29,4038.3725000000873
2016-03-30,2793.210000000007
2016-03-31,22454.16999999996
2016-04-01,-4363.289999999797
2016-04-04,-11658.417500000187
2016-04-05,-13982.254999999912
2016-04-06,1365.3400000001245
2016-04-07,-5394.582500000106
2016-04-08,7867.770000000047
2016-04-11,22118.289999999975
2016-04-12,13542.089999999947
2016-04-13,9471.140000000081
2016-04-14,-3667.9074999999734
2016-04-15,7183.974999999821
2016-04-18,-3909.66999999978
2016-04-19,10574.389999999808
2016-04-20,12734.992499999908
2016-04-21,-3675.262499999873
2016-04-22,9631.832499999975
2016-04-25,-784.8899999999913
2016-04-26,11400.865000000082
2016-04-27,-944.7225000001215
2016-04-28,-6654.222499999926
2016-04-29,-11520.789999999999
2016-05-02,4236.29250000008
2016-05-03,-6707.060000000043
2016-05-04,1885.279999999938
2016-05-05,10699.345000000083
2016-05-06,2391.827499999964
2016-05-09,-5169.629999999984
2016-05-10,27675.969999999998
2016-05-11,-2999.439999999943
2016-05-12,835.2749999999169
2016-05-13,-6145.504999999916
2016-05-16,11555.652499999858
2016-05-17,10032.427499999914
2016-05-18,-2432.1799999997875
2016-05-19,446.12749999991524
2016-05-20,-1797.7600000000302
2016-05-23,-6664.387499999983
2016-05-24,-2064.804999999963
2016-05-25,4084.5899999998887
2016-05-26,-10723.117499999946
2016-05-27,1636.9275000000455
2016-05-30,2728.8899999999885
2016-05-31,-7227.797500000062
2016-06-01,-4629.044999999893
2016-06-02,2910.7974999998833
2016-06-03,-15329.504999999921
2016-06-06,1465.9075000000623
2016-06-07,13749.649999999863
2016-06-08,13485.672500000037
2016-06-09,-3087.0800000000027
2016-06-10,699.5249999999805
2016-06-13,-2945.189999999822
2016-06-14,-3687.0724999998865
2016-06-15,-5180.405000000187
2016-06-16,-5009.384999999974
2016-06-17,7226.3400000000665
2016-06-20,874.9949999999366
2016-06-21,-6122.429999999943
2016-06-22,-16.424999999998136
2016-06-23,2919.769999999896
2016-06-24,-7634.93499999988
2016-06-27,-276.0449999999143
2016-06-28,2457.959999999932
2016-06-29,12895.694999999925
2016-06-30,-1448.9299999998398
2016-07-01,11574.104999999901
2016-07-04,5332.110000000007
2016-07-05,-1852.9224999999653
2016-07-06,15882.23000000008
2016-07-07,-5257.020000000042
2016-07-08,2163.515000000154
2016-07-11,-922.5550000002203
2016-07-12,-1243.814999999804
2016-07-13,-518.8049999999674
2016-07-14,-3842.0750000000826
2016-07-15,2386.0450000000124
2016-07-18,-2702.442499999938
2016-07-19,477.24999999981856
2016-07-20,-4392.699999999902
2016-07-21,-6468.747499999941
2016-07-22,-10777.425000000088
2016-07-25,-10111.704999999933
2016-07-26,15622.345000000014
2016-07-27,-9481.405000000119
2016-07-28,-22096.99000000003
2016-07-29,4816.3950000000505
2016-08-01,-15696.53000000006
2016-08-02,314.85000000013406
2016-08-03,5855.499999999993
2016-08-04,14085.919999999993
2016-08-05,4235.324999999914
2016-08-08,4989.442500000017
2016-08-09,6064.6650000000745
2016-08-10,-11227.450000000008
2016-08-11,25197.032499999932
2016-08-12,-14007.969999999932
2016-08-15,5974.144999999882
2016-08-16,-8244.507499999856
2016-08-17,5328.422499999757
2016-08-18,-3380.9099999997898
2016-08-19,7370.825000000009
2016-08-22,1096.3499999999917
2016-08-23,-1736.9625
2016-08-24,4121.03999999997
2016-08-25,-3534.717499999858
2016-08-26,10138.489999999974
2016-08-29,5232.197499999823
2016-08-30,-2589.3549999999236
2016-08-31,-3696.5025000001015
2016-09-01,-10444.454999999778
2016-09-02,-708.5550000001206
2016-09-05,6521.157499999929
2016-09-06,-6217.752499999979
2016-09-07,3228.132499999864
2016-09-08,-1264.0224999998293
2016-09-09,-14086.380000000072
2016-09-12,-4988.197500000107
2016-09-13,-5910.074999999828
2016-09-14,821.0624999998736
2016-09-15,9258.72750000007
2016-09-16,14210.07249999999
2016-09-19,-5063.090000000019
2016-09-20,2243.535000000096
2016-09-21,-630.6050000000004
2016-09-22,2337.945000000055
2016-09-23,-8436.065000000155
2016-09-26,-3087.7725000000883
2016-09-27,7590.900000000132
2016-09-28,14760.002500000192
2016-09-29,-12440.177500000142
2016-09-30,3157.3350000000482
2016-10-03,20579.300000000047
2016-10-04,-13812.51250000007
2016-10-05,-11378.449999999935
2016-10-06,14648.694999999856
2016-10-07,-21051.61249999993
2016-10-10,5356.70750000003
2016-10-11,4041.472499999877
2016-10-12,5790.002500000011
2016-10-13,-10998.502499999904
2016-10-14,10053.709999999854
2016-10-17,4161.4500000000135
2016-10-18,6048.820000000089
2016-10-19,7632.424999999994
2016-10-20,-1837.502499999998
2016-10-21,6328.520000000017
2016-10-24,4210.199999999977
2016-10-25,8595.47000000002
2016-10-26,6069.494999999971
2016-10-27,-2552.889999999919
2016-10-28,-14301.414999999963
2016-10-31,16668.94499999981
2016-11-01,-26838.109999999942
2016-11-02,-3011.309999999962
2016-11-03,3272.800000000015
2016-11-04,-5948.377499999986
2016-11-07,8725.710000000006
2016-11-08,26334.934999999976
2016-11-09,-23414.445000000018
2016-11-10,5410.965000000149
2016-11-11,-11526.300000000047
2016-11-14,26309.30749999995
2016-11-15,10154.629999999916
2016-11-16,-8155.549999999941
2016-11-17,-2641.4725000000735
2016-11-18,-3946.76499999998
2016-11-21,10908.155000000033
2016-11-22,8366.544999999986
2016-11-23,10823.072500000033
2016-11-24,4368.542499999869
2016-11-25,-7382.447499999885
2016-11-28,4460.8724999998985
2016-11-29,-1935.5799999998462
2016-11-30,12776.94999999988
2016-12-01,10845.932500000106
2016-12-02,-5408.135000000005
2016-12-05,-3577.127500000103
2016-12-06,2458.839999999972
2016-12-07,177.38250000011897
2016-12-08,-6683.809999999973
2016-12-09,7055.995
2016-12-12,8206.949999999997
2016-12-13,171.67249999990239
2016-12-14,711.8950000000988
2016-12-15,24943.959999999963
2016-12-16,-5043.180000000058
2016-12-19,-10827.277499999927
2016-12-20,6488.277499999978
2016-12-21,-12331.867499999988
2016-12-22,-3231.424999999967
2016-12-23,-7243.454999999989
2016-12-26,-1978.7850000000942
2016-12-27,-936.2200000000358
2016-12-28,75.22500000007787
2016-12-29,-2639.867499999915
2016-12-30,5275.049999999904
2017-01-02,13239.694999999936
2017-01-03,7216.125000000048
2017-01-04,5884.39749999992
2017-01-05,-12552.27249999995
2017-01-06,3595.997500000009
2017-01-09,-145.26749999992
2017-01-10,-7425.375000000115
2017-01-11,19009.520000000062
2017-01-12,97.00250000005258
2017-01-13,-98.2550000001728
2017-01-16,-4574.477499999895
2017-01-17,3062.42500000004
2017-01-18,-8514.875000000095
2017-01-19,-361.29499999992777
2017-01-20,-2681.727500000015
2017-01-23,-11028.8550000001
2017-01-24,13613.5324999999
2017-01-25,-9614.85499999993
2017-01-26,1.0400000000668967
2017-01-27,-4734.904999999782
2017-01-30,-7995.127500000158
2017-01-31,-7268.139999999899
2017-02-01,591.037500000067
2017-02-02,6066.964999999894
2017-02-03,7742.262500000058
2017-02-06,-1597.8000000000457
2017-02-07,1627.5824999998995
2017-02-08,-147.51749999994888
2017-02-09,-1264.4550000000336
2017-02-10,7647.432500000022
2017-02-13,-1000.8074999999362
2017-02-14,4498.39499999987
2017-02-15,8854.195000000158
2017-02-16,-14392.37250000008
2017-02-17,-6271.797499999914
2017-02-20,663.7274999999019
2017-02-21,-1712.52500000001
2017-02-22,-2116.997499999895
2017-02-23,3303.022499999968
2017-02-24,-620.0850000000133
2017-02-27,-536.3875000000313
2017-02-28,968.6825000000988
2017-03-01,6204.882500000048
2017-03-02,-14188.115000000105
2017-03-03,-5899.004999999973
2017-03-06,-4402.87249999994
2017-03-07,-2943.6150000000894
2017-03-08,-12318.059999999996
2017-03-09,-10706.832500000026
2017-03-10,2982.3999999999846
2017-03-13,-2574.579999999933
2017-03-14,-2182.9174999999054
2017-03-15,9385.699999999919
2017-03-16,-6354.102500000042
2017-03-17,-985.1549999999216
2017-03-20,11114.74499999996
2017-03-21,-3588.660000000191
2017-03-22,-2796.064999999817
2017-03-23,-5489.647500000114
2017-03-24,-16596.42999999987
2017-03-27,-6614.100000000096
2017-03-28,5944.10750000008
2017-03-29,6411.94999999997
2017-03-30,3761.195000000059
2017-03-31,-7720.977499999957
2017-04-03,-3852.3200000001275
2017-04-04,-2886.9599999998723
2017-04-05,-1508.9975000000334
2017-04-06,5628.1400000000085
2017-04-07,10069.594999999945
2017-04-10,7653.600000000084
2017-04-11,9916.844999999876
2017-04-12,17349.940000000115
2017-04-13,7854.694999999939
2017-04-17,-3730.3549999999177
2017-04-18,-16132.127500000168
2017-04-19,-16470.707499999888
2017-04-20,8153.697499999961
2017-04-21,-3282.140000000001
2017-04-24,-7549.9125000000195
2017-04-25,-20667.800000000127
2017-04-26,-7251.75499999978
2017-04-27,-9898.410000000036
2017-04-28,3405.099999999878
2017-05-01,-26020.527499999975
2017-05-02,-3565.8699999999094
2017-05-03,1202.9024999999085
2017-05-04,-21488.804999999727
2017-05-05,5676.634999999842
2017-05-08,10636.145000000082
2017-05-09,7166.1274999999705
2017-05-10,-3434.4299999999903
2017-05-11,-3322.980000000106
2017-05-12,-17608.502500000057
2017-05-15,10853.264999999963
2017-05-16,-9032.244999999986
2017-05-17,14675.14500000017
2017-05-18,-11934.16500000006
2017-05-19,1160.5349999999964
2017-05-22,1800.2825000001576
2017-05-23,6537.619999999756
2017-05-24,8133.432499999989
2017-05-25,-25322.859999999855
2017-05-26,4864.394999999876
2017-05-29,10681.482500000018
2017-05-30,-5163.392499999899
2017-05-31,-11082.860000000184
2017-06-01,-2116.712499999837
2017-06-02,7680.084999999916
2017-06-05,5981.342500000224
2017-06-06,1212.6449999999659
2017-06-07,-7556.21000000004
2017-06-08,-5082.164999999854
2017-06-09,20178.977499999834
2017-06-12,21561.11499999996
2017-06-13,3520.2925000000555
2017-06-14,9560.57749999993
2017-06-15,-3425.610000000132
2017-06-16,2968.5025000003507
2017-06-19,462.5799999998634
2017-06-20,-10108.472499999994
2017-06-21,-21705.49999999993
2017-06-22,4361.192499999931
2017-06-23,-10118.804999999806
2017-06-26,4946.792499999701
2017-06-27,-12751.85999999983
2017-06-28,7411.472500000192
2017-06-29,-8120.520000000354
2017-06-30,9129.340000000058
2017-07-03,4868.005000000105
2017-07-04,-300.0050000001778
2017-07-05,7106.189999999999
2017-07-06,-18175.78749999992
2017-07-07,15064.664999999988
2017-07-10,-2975.915000000038
2017-07-11,-9857.547499999942
2017-07-12,17832.535000000014
2017-07-13,6577.772500000049
2017-07-14,16119.414999999886
2017-07-17,-11829.379999999917
2017-07-18,8348.2525
2017-07-19,18303.19500000004
2017-07-20,-5131.9975000000495
2017-07-21,-8030.117500000052
2017-07-24,6487.395000000137
2017-07-25,-8810.754999999977
2017-07-26,6302.467499999795
2017-07-27,13066.835000000157
2017-07-28,18616.259999999973
2017-07-31,5032.634999999958
2017-08-01,-8183.447499999975
2017-08-02,1219.032500000022
2017-08-03,2314.289999999879
2017-08-04,-3062.855000000015
2017-08-07,-9729.817499999965
2017-08-08,-2364.105000000105
2017-08-09,-5754.177499999884
2017-08-10,-3067.235000000047
2017-08-11,-5346.102500000044
2017-08-14,-1481.2724999999243
2017-08-15,5155.257499999922
2017-08-16,7999.082500000089
2017-08-17,2181.142499999986
2017-08-18,8989.694999999907
2017-08-21,-9090.74999999994
2017-08-22,7366.877500000063
2017-08-23,3706.5949999999716
2017-08-24,5792.824999999883
2017-08-25,-6705.942499999919
2017-08-28,2692.072500000113
2017-08-29,1160.2274999998042
2017-08-30,1930.1825000001581
2017-08-31,23513.43749999998
2017-09-01,3800.814999999891
2017-09-04,-11900.500000000042
2017-09-05,12367.332500000142
2017-09-06,-2553.742500000022
2017-09-07,10350.432499999928
2017-09-08,5530.795000000067
2017-09-11,7293.307500000023
2017-09-12,-5321.712500000053
2017-09-13,7181.569999999929
2017-09-14,14888.03250000013
2017-09-15,-3101.105000000124
2017-09-18,-12880.694999999847
2017-09-19,1519.0275000000163
2017-09-20,16833.722499999953
2017-09-21,-2609.6550000000316
2017-09-22,8873.722499999947
2017-09-25,9440.685000000207
2017-09-26,-6542.47249999992
2017-09-27,-27566.06000000026
2017-09-28,-716.2774999998961
2017-09-29,-1698.0999999999758
2017-10-02,11266.992500000051
2017-10-03,148.89999999994006
2017-10-04,10098.777499999976
2017-10-05,-4252.355000000019
2017-10-06,-2998.997500000066
2017-10-09,5401.150000000054
2017-10-10,-942.8775000000243
2017-10-11,754.6974999999981
2017-10-12,8682.749999999969
2017-10-13,10624.117500000035
2017-10-16,-10296.59999999991
2017-10-17,12136.042499999969
2017-10-18,12220.182499999983
2017-10-19,-5090.83749999993
2017-10-20,-350.0450000000699
2017-10-23,-8929.63750000013
2017-10-24,2082.8350000001997
2017-10-25,-15890.502500000039
2017-10-26,12103.04500000009
2017-10-27,20775.074999999822
2017-10-30,-6745.36999999991
2017-10-31,7785.994999999941
2017-11-01,18067.33
2017-11-02,8113.749999999933
2017-11-03,-7222.3224999999375
2017-11-06,625.3025000001414
2017-11-07,547.9949999998931
2017-11-08,11275.527500000075
2017-11-09,-20317.784999999938
2017-11-10,-6252.035000000084
2017-11-13,-7200.810000000015
2017-11-14,-1654.8400000000233
2017-11-15,4816.589999999925
2017-11-16,1944.3775000000826
2017-11-17,3087.6399999999812
2017-11-20,9924.197500000151
2017-11-21,7393.3499999998585
2017-11-22,-3549.00499999999
2017-11-23,3485.572500000134
2017-11-24,-2417.072500000172
2017-11-27,4661.010000000219
2017-11-28,8295.919999999714
2017-11-29,-8878.732499999716
2017-11-30,5708.459999999764
2017-12-01,17804.035000000164
2017-12-04,22724.312500000073
2017-12-05,23482.18499999991
2017-12-06,-12981.877499999935
2017-12-07,-6245.404999999956
2017-12-08,-618.605000000009
2017-12-11,-1520.0699999998974
2017-12-12,11003.399999999996
2017-12-13,-10753.350000000048
2017-12-14,14205.719999999756
2017-12-15,-6086.767499999909
2017-12-18,-15162.772499999883
2017-12-19,-6406.004999999935
2017-12-20,1886.5400000002162
2017-12-21,13666.292499999794
2017-12-22,2491.0950000000144
2017-12-25,230.99249999990997
2017-12-26,22778.432500000003
2017-12-27,-1078.350000000076
2017-12-28,-15953.527499999767
2017-12-29,-4947.727500000062
2018-01-01,-175.61000000003878
2018-01-02,-9102.444999999878
2018-01-03,13940.284999999765
2018-01-04,17085.26500000022
2018-01-05,15954.02250000001
2018-01-08,3439.7949999998636
2018-01-09,-10564.422499999857
2018-01-10,-11038.397500000261
2018-01-11,-5351.004999999981
2018-01-12,18605.112500000112
2018-01-15,4254.425000000005
2018-01-16,8003.9350000000095
2018-01-17,10243.690000000093
2018-01-18,-11265.520000000084
2018-01-19,3606.2524999999946
2018-01-22,-3784.0850000001906
2018-01-23,-2429.522499999807
2018-01-24,-6752.7975000001625
2018-01-25,1744.6625000000204
2018-01-26,-4344.482499999914
2018-01-29,-4222.532499999859
2018-01-30,-5769.067500000275
2018-01-31,-3990.364999999795
2018-02-01,-21567.36750000003
2018-02-02,-23136.18000000009
2018-02-05,-17025.98000000001
2018-02-06,11861.270000000015
2018-02-07,1864.3924999998749
2018-02-08,-2864.3775000000182
2018-02-09,6545.42499999999
2018-02-12,3891.5200000001178
2018-02-13,5380.722499999981
2018-02-14,2341.6399999999585
2018-02-15,-11190.027499999984
2018-02-16,2237.595000000024
2018-02-19,1215.0574999998917
2018-02-20,5264.367500000098
2018-02-21,-6990.737500000172
2018-02-22,-11916.417499999914
2018-02-23,11012.775000000107
2018-02-26,-4302.080000000045
2018-02-27,-4357.075000000021
2018-02-28,-5391.660000000029
2018-03-01,-7759.424999999962
2018-03-02,-1687.8299999999906
2018-03-05,-4323.725000000062
2018-03-06,6385.250000000019
2018-03-07,8412.427500000058
2018-03-08,9598.64999999993
2018-03-09,-5763.950000000132
2018-03-12,1772.7825000001042
2018-03-13,-2762.564999999942
2018-03-14,-12931.284999999989
2018-03-15,615.6975000000267
2018-03-16,-3670.3700000000367
2018-03-19,4347.975000000052
2018-03-20,3470.1224999999445
2018-03-21,3755.2324999998787
2018-03-22,-10518.29249999989
2018-03-23,4537.192500000099
2018-03-26,13941.172499999859
2018-03-27,590.3150000001472
2018-03-28,8069.372499999868
2018-03-29,8796.110000000093
2018-04-02,-6131.410000000077
2018-04-03,9199.34500000009
2018-04-04,5856.145000000018
2018-04-05,-5143.549999999943
2018-04-06,-444.92250000012905
2018-04-09,-4501.254999999906
2018-04-10,429.0100000000341
2018-04-11,6263.412499999801
2018-04-12,11555.345000000152
2018-04-13,5828.890000000065
2018-04-16,4422.274999999844
2018-04-17,4360.482500000077
2018-04-18,-15556.13249999992
2018-04-19,-12952.067500000032
2018-04-20,3155.652500000106
2018-04-23,-8841.805000000028
2018-04-24,-4818.922499999985
2018-04-25,-6462.36000000005
2018-04-26,6401.59750000005
2018-04-27,18031.74499999997
2018-04-30,-4974.5125000000135
2018-05-01,-3431.525000000053
2018-05-02,379.90750000009587
2018-05-03,1308.2449999999799
2018-05-04,6925.600000000046
2018-05-07,-3152.9225000000715
2018-05-08,-5350.647500000018
2018-05-09,8297.75000000014
2018-05-10,5552.0499999998865
2018-05-11,-9479.217499999857
2018-05-14,5694.307499999819
2018-05-15,-9335.154999999919
2018-05-16,-6194.572500000058
2018-05-17,-8120.699999999917
2018-05-18,-3154.407499999909
2018-05-21,20624.477499999783
2018-05-22,-14552.22499999993
2018-05-23,4463.172499999902
2018-05-24,-10460.504999999963
2018-05-25,-13867.919999999853
2018-05-28,925.1324999998934
2018-05-29,-13621.82750000002
2018-05-30,24373.122500000198
2018-05-31,-17237.062500000156
2018-06-01,-5252.292499999923
2018-06-04,477.8599999999437
2018-06-05,-17133.035000000127
2018-06-06,-8226.055000000022
2018-06-07,-9765.505
2018-06-08,3269.745000000057
2018-06-11,-2803.192499999926
2018-06-12,-8977.260000000142
2018-06-13,1538.24000000008
2018-06-14,13708.27750000009
2018-06-15,-34721.690000000075
2018-06-18,14283.557499999928
2018-06-19,-1677.2775000000127
2018-06-20,-16838.340000000047
2018-06-21,-12420.254999999936
2018-06-22,20914.934999999936
2018-06-25,-5920.034999999979
2018-06-26,-1175.717499999985
2018-06-27,8985.60999999998
2018-06-28,11071.495000000086
2018-06-29,-1555.3625000001427
2018-07-02,-439.7549999998545
2018-07-03,14008.995000000054
2018-07-04,6534.79749999988
2018-07-05,-4293.242499999814
2018-07-06,9631.199999999826
2018-07-09,-4677.0100000000675
2018-07-10,11171.740000000287
2018-07-11,-11316.942500000176
2018-07-12,8751.495000000055
2018-07-13,-4188.505000000155
2018-07-16,-1884.82249999983
2018-07-17,-6904.510000000051
2018-07-18,7187.744999999931
2018-07-19,-9205.202500000025
2018-07-20,-3537.08500000001
2018-07-23,-9861.637500000019
2018-07-24,8697.432500000157
2018-07-25,-3906.4675000001416
2018-07-26,-276.0049999998845
2018-07-27,7585.87000000016
2018-07-30,-4736.452500000226
2018-07-31,10053.045000000078
2018-08-01,-6281.367499999974
2018-08-02,-9449.025000000185
2018-08-03,5226.420000000172
2018-08-06,-6493.724999999955
2018-08-07,4094.507499999857
2018-08-08,-4474.149999999933
2018-08-09,-7011.817499999973
2018-08-10,-18411.402500000007
2018-08-13,-8962.067500000147
2018-08-14,15330.19500000006
2018-08-15,-4311.205000000058
2018-08-16,12233.935000000154
2018-08-17,-2266.285000000089
2018-08-20,3030.0674999999383
2018-08-21,-6812.605000000011
2018-08-22,-4028.359999999841
2018-08-23,-8620.252500000084
2018-08-24,15358.354999999963
2018-08-27,2680.9900000000184
2018-08-28,-12354.890000000076
2018-08-29,-4370.142500000071
2018-08-30,-19215.850000000093
2018-08-31,-13544.624999999913
2018-09-03,865.6000000001516
2018-09-04,-2714.3600000000793
2018-09-05,1472.9725000001226
2018-09-06,-5663.605000000243
2018-09-07,3712.0700000001552
2018-09-10,5854.194999999984
2018-09-11,7845.687499999889
2018-09-12,15178.590000000057
2018-09-13,2788.2100000000787
2018-09-14,999.1899999998684
2018-09-17,1215.8200000001652
2018-09-18,7118.244999999849
2018-09-19,18397.105
2018-09-20,-429.08999999991727
2018-09-21,-10830.160000000193
2018-09-24,-8632.034999999794
2018-09-25,-549.350000000044
2018-09-26,-8733.755000000032
2018-09-27,7972.52000000003
2018-09-28,16421.294999999976
2018-10-01,6131.290000000032
2018-10-02,5863.380000000043
2018-10-03,-4805.110000000069
2018-10-04,-4429.959999999772
2018-10-05,1094.9299999999275
2018-10-08,-5505.987500000107
2018-10-09,-5048.799999999981
2018-10-10,-28091.47249999996
2018-10-11,15109.624999999873
2018-10-12,-1371.2424999999616
2018-10-15,1859.5699999999479
2018-10-16,10732.847500000073
2018-10-17,-10526.715000000113
2018-10-18,-5686.197500000034
2018-10-19,5151.400000000191
2018-10-22,-1752.50499999993
2018-10-23,-8408.627500000144
2018-10-24,290.60000000000446
2018-10-25,9046.22000000009
2018-10-26,-16246.999999999924
2018-10-29,3135.4399999999328
2018-10-30,14626.799999999832
2018-10-31,-14014.670000000042
2018-11-01,15123.830000000073
2018-11-02,-10026.37499999999
2018-11-05,-4544.034999999985
2018-11-06,282.6875000000679
2018-11-07,-1539.830000000256
2018-11-08,8227.010000000271
2018-11-09,-14805.047500000239
2018-11-12,-21862.88999999997
2018-11-13,-7052.864999999957
2018-11-14,-22907.54999999994
2018-11-15,30791.994999999963
2018-11-16,-11001.80499999999
2018-11-19,-18037.205000000118
2018-11-20,-21594.417500000014
2018-11-21,13290.290000000103
2018-11-22,3227.04499999989
2018-11-23,-10269.989999999783
2018-11-26,2584.9724999998293
2018-11-27,7358.022500000062
2018-11-28,-7606.299999999976
2018-11-29,14824.840000000027
2018-11-30,831.7549999999084
2018-12-03,23339.84
2018-12-04,-18072.610000000062
2018-12-05,-5587.459999999804
2018-12-06,-12226.235000000122
2018-12-07,1681.3825000001243
2018-12-10,-16518.34500000004
2018-12-11,14008.032500000105
2018-12-12,-261.66750000009677
2018-12-13,4151.385000000065
2018-12-14,-3436.675000000158
2018-12-17,-13014.357499999973
2018-12-18,-11137.847499999927
2018-12-19,3773.5525000000694
2018-12-20,-20841.025000000267
2018-12-21,-13168.129999999934
2018-12-24,-19603.44000000001
2018-12-25,-1243.8650000000682
2018-12-26,14929.672500000008
2018-12-27,-22460.902499999786
2018-12-28,-6200.597500000074
2018-12-31,-8894.630000000008
2019-01-01,3376.4274999998706
2019-01-02,-21176.587499999907
2019-01-03,747.4499999999437
2019-01-04,30469.6625
2019-01-07,1892.6525000000245
2019-01-08,7121.495000000082
2019-01-09,-12617.322500000111
2019-01-10,6615.000000000108
2019-01-11,7202.297499999944
2019-01-14,900.6249999999382
2019-01-15,5163.995000000087
2019-01-16,2441.909999999945
2019-01-17,5288.302499999992
2019-01-18,9341.047500000039
2019-01-21,-5955.024999999989
2019-01-22,-7844.6025000000145
2019-01-23,3909.214999999992
2019-01-24,-1742.9475000000218
2019-01-25,8952.474999999928
2019-01-28,-13496.274999999885
2019-01-29,2867.7449999999053
2019-01-30,1990.1775000001642
2019-01-31,5374.79749999983
2019-02-01,3992.990000000103
2019-02-04,4130.325
2019-02-05,5866.4499999999125
2019-02-06,-8533.405000000032
2019-02-07,-9421.354999999807
2019-02-08,835.8000000000209
2019-02-11,7568.14499999984
2019-02-12,4336.000000000035
2019-02-13,2025.9399999999798
2019-02-14,-15254.155000000055
2019-02-15,5688.095000000085
2019-02-18,2016.7799999999413
2019-02-19,-1930.3449999998966
2019-02-20,-3467.8650000001257
2019-02-21,-2731.679999999899
2019-02-22,6962.025000000014
2019-02-25,7533.855000000001
2019-02-26,-4042.2550000000556
2019-02-27,5554.085000000016
2019-02-28,-3679.794999999925
2019-03-01,2667.3699999999176
2019-03-04,-6560.000000000152
2019-03-05,7327.39500000015
2019-03-06,-17583.485000000033
2019-03-07,7898.750000000091
2019-03-08,-10867.430000000053
2019-03-11,-4111.214999999857
2019-03-12,5446.424999999854
2019-03-13,-5549.959999999957
2019-03-14,1947.6749999998674
2019-03-15,-5357.249999999906
2019-03-18,-1097.1549999999465
2019-03-19,-2583.07500000002
2019-03-20,-12897.855000000018
2019-03-21,-12248.764999999828
2019-03-22,-15476.65000000001
2019-03-25,2260.7999999998265
2019-03-26,11505.750000000075
2019-03-27,5041.250000000085
2019-03-28,6424.180000000126
2019-03-29,21831.739999999932
2019-04-01,7238.134999999894
2019-04-02,-13821.674999999826
2019-04-03,2258.444999999862
2019-04-04,-127.42999999973415
2019-04-05,-4809.005000000291
2019-04-08,1402.6749999998908
2019-04-09,-5486.234999999648
2019-04-10,-2318.085000000095
2019-04-11,2689.179999999823
2019-04-12,17898.000000000004
2019-04-15,-8752.08499999987
2019-04-16,-2335.9250000000266
2019-04-17,5141.8999999999305
2019-04-18,-7335.515000000013
2019-04-22,-6463.235000000109
2019-04-23,6150.6000000002805
2019-04-24,-11343.015000000181
2019-04-25,-2602.269999999819
2019-04-26,-7728.660000000051
2019-04-29,3155.210000000055
2019-04-30,-1565.850000000171
2019-05-01,-7728.600000000025
2019-05-02,3473.6800000000335
2019-05-03,-9081.6549999999
2019-05-06,5579.089999999755
2019-05-07,47.80000000019186
2019-05-08,3122.4000000000115
2019-05-09,-2336.260000000112
2019-05-10,-592.2999999998123
2019-05-13,-20514.810000000154
2019-05-14,6220.460000000222
2019-05-15,103.57499999986054
2019-05-16,7960.604999999773
2019-05-17,-2557.714999999805
2019-05-20,5426.739999999905
2019-05-21,-1641.6799999998798
2019-05-22,-8705.174999999987
2019-05-23,-18389.425
2019-05-24,8118.195000000002
2019-05-27,7142.5899999999265
2019-05-28,-1698.1600000000549
2019-05-29,-8214.644999999968
2019-05-30,-12826.53499999997
2019-05-31,-7966.689999999964
2019-06-03,318.5000000001834
2019-06-04,-2813.7750000001365
2019-06-05,-1317.0099999999914
2019-06-06,8472.939999999866
2019-06-07,-4350.00499999989
2019-06-10,5697.699999999888
2019-06-11,-1758.5049999999246
2019-06-12,-7777.550000000147
2019-06-13,-187.15499999986412
2019-06-14,-5431.164999999949
2019-06-17,-4217.304999999982
2019-06-18,20089.5350000001
2019-06-19,-4377.384999999885
2019-06-20,-5087.179999999969
2019-06-21,-6353.514999999928
2019-06-24,-6273.790000000032
2019-06-25,16684.444999999734
2019-06-26,13009.500000000102
2019-06-27,1228.6200000000713
2019-06-28,-44.279999999974166
2019-07-01,8247.329999999898
2019-07-02,-9888.144999999995
2019-07-03,11654.495000000283
2019-07-04,-3054.5250000002084
2019-07-05,3081.800000000121
2019-07-08,-4014.6600000002204
2019-07-09,-11031.564999999691
2019-07-10,2628.0999999998626
2019-07-11,12530.839999999811
2019-07-12,-7677.53999999992
2019-07-15,-183.39000000008912
2019-07-16,2500.539999999985
2019-07-17,-8373.604999999921
2019-07-18,-9102.199999999904
2019-07-19,9914.799999999843
2019-07-22,-14959.090000000055
2019-07-23,-313.3599999998937
2019-07-24,-1996.5499999999888
2019-07-25,4636.245000000005
2019-07-26,-2455.96000000021
2019-07-29,1132.0100000002244
2019-07-30,-10924.520000000033
2019-07-31,11170.659999999865
2019-08-01,-21151.159999999865
2019-08-02,-4014.3750000000805
2019-08-05,-32998.09999999995
2019-08-06,4306.239999999942
2019-08-07,-7984.599999999819
2019-08-08,13634.399999999827
2019-08-09,-3919.9099999999225
2019-08-12,-15632.79999999996
2019-08-13,19624.899999999983
2019-08-14,-17767.664999999914
2019-08-15,5943.694999999899
2019-08-16,6927.124999999998
2019-08-19,2322.5799999999954
2019-08-20,-9941.725000000017
2019-08-21,9341.654999999992
2019-08-22,-919.8950000000335
2019-08-23,-14336.95499999998
2019-08-26,3714.145000000013
2019-08-27,-2885.579999999979
2019-08-28,-5205.9799999998695
2019-08-29,6006.689999999833
2019-08-30,-2955.599999999902
2019-09-02,-7143.7500000000055
2019-09-03,-17707.844999999965
2019-09-04,7339.4799999999
2019-09-05,28947.17999999997
2019-09-06,16845.925000000152
2019-09-09,8034.819999999878
2019-09-10,-1305.4249999999847
2019-09-11,4962.764999999998
2019-09-12,-12885.250000000015
2019-09-13,4480.610000000052
2019-09-16,-1331.1399999999962
2019-09-17,-5326.114999999855
2019-09-18,1162.814999999855
2019-09-19,-8289.549999999974
2019-09-20,-5088.9599999999555
2019-09-23,-3255.0550000000885
2019-09-24,-2022.1099999999935
2019-09-25,8190.23000000008
2019-09-26,11968.844999999974
2019-09-27,9180.094999999916
2019-09-30,6043.6450000000605
2019-10-01,-15372.99500000008
2019-10-02,-15125.009999999811
2019-10-03,-3940.960000000166
2019-10-04,8898.410000000007
2019-10-07,1729.0749999999662
2019-10-08,-8459.9499999999
2019-10-09,-181.50000000002547
2019-10-10,27736.349999999962
2019-10-11,9339.960000000132
2019-10-14,-7062.865000000094
2019-10-15,-4102.454999999929
2019-10-16,-4047.150000000089
2019-10-17,5321.005000000104
2019-10-18,2423.1349999998765
2019-10-21,11383.620000000006
2019-10-22,-1495.0299999999415
2019-10-23,8212.36499999976
2019-10-24,-4607.907499999852
2019-10-25,5467.090000000018
2019-10-28,-7117.164999999886
2019-10-29,-4873.970000000039
2019-10-30,-18843.55999999991
2019-10-31,-11226.555000000131
2019-11-01,11907.427500000029
2019-11-04,-2007.7374999999479
2019-11-05,16986.039999999874
2019-11-06,-6381.72249999998
2019-11-07,21332.85000000002
2019-11-08,-6683.027500000111
2019-11-11,-4224.1474999997645
2019-11-12,1413.1824999998498
2019-11-13,-5913.964999999916
2019-11-14,-9905.710000000014
2019-11-15,6831.0449999998955
2019-11-18,3439.539999999959
2019-11-19,-438.2500000001098
2019-11-20,1054.7250000001939
2019-11-21,1895.1500000000528
2019-11-22,10945.382500000014
2019-11-25,12679.997499999954
2019-11-26,9233.215000000053
2019-11-27,966.510000000071
2019-11-28,-484.67999999995993
2019-11-29,-2320.3325000001646
2019-12-02,-19884.93499999979
2019-12-03,-17002.99500000021
2019-12-04,28448.722500000255
2019-12-05,-3809.4100000001968
2019-12-06,25975.475000000184
2019-12-09,2575.6474999998813
2019-12-10,-8561.467500000013
2019-12-11,5407.669999999883
2019-12-12,7541.39249999984
2019-12-13,-7236.762499999668
2019-12-16,-9.352500000035775
2019-12-17,-2821.6425000000313
2019-12-18,5215.502500000356
2019-12-19,2082.2524999998664
2019-12-20,-5262.300000000103
2019-12-23,4616.30000000013
2019-12-24,-5429.37000000008
2019-12-25,1645.2950000000767
2019-12-26,13797.564999999877
2019-12-27,-1505.617499999932
2019-12-30,-11440.427500000013
2019-12-31,2674.1350000000025
2020-01-01,2516.535000000058
2020-01-02,109.53750000005648
2020-01-03,-6376.692500000265
2020-01-06,-4462.322499999996
2020-01-07,-22583.94749999968
2020-01-08,14702.892499999733
2020-01-09,6875.487500000022
2020-01-10,-631.872499999931
2020-01-13,4775.137499999939
2020-01-14,2405.720000000025
2020-01-15,6595.262499999937
2020-01-16,11185.250000000135
2020-01-17,-11873.527500000053
2020-01-20,7146.8999999999805
2020-01-21,-3066.2825000000425
2020-01-22,-29259.247499999863
2020-01-23,448.38500000009725
2020-01-24,-14879.940000000186
2020-01-27,-26138.594999999954
2020-01-28,7392.262500000113
2020-01-29,-12796.084999999988
2020-01-30,-17772.62750000001
2020-01-31,-30212.677499999834
2020-02-03,4883.622499999735
2020-02-04,11080.387500000066
2020-02-05,21550.93499999988
2020-02-06,-412.4599999999368
2020-02-07,-12577.905000000095
2020-02-10,-1272.654999999918
2020-02-11,6528.945000000006
2020-02-12,10191.427500000038
2020-02-13,3845.6199999999353
2020-02-14,3707.870000000024
2020-02-17,6445.799999999827
2020-02-18,4629.355000000225
2020-02-19,-6454.257499999977
2020-02-20,-12164.44500000003
2020-02-21,-2868.620000000074
2020-02-24,-23210.469999999943
2020-02-25,-153.8625000001474
2020-02-26,-8194.212499999921
2020-02-27,-20072.419999999747
2020-02-28,-12540.332500000288
2020-03-02,-2991.9299999999243
2020-03-03,-22439.55499999991
2020-03-04,-2474.0775000001245
2020-03-05,-14173.535
2020-03-06,-1425.7674999999726
2020-03-09,-21484.09249999999
2020-03-10,-3321.215000000225
2020-03-11,-5871.889999999858
2020-03-12,2148.147500000066
2020-03-13,15977.355000000005
2020-03-16,7244.0725000000375
2020-03-17,-1391.5799999999658
2020-03-18,-14941.737500000001
2020-03-19,32671.78500000003
2020-03-20,2731.0924999999525
2020-03-23,-4347.3474999999735
2020-03-24,7166.844999999894
2020-03-25,859.5550000000833
2020-03-26,1870.9299999999103
2020-03-27,-2008.7549999999515
2020-03-30,3330.349999999971
2020-03-31,1007.9949999999739
2020-04-01,-10616.227500000037
2020-04-02,3740.6325000001466
2020-04-03,1468.1275000000505
2020-04-06,3352.9274999998925
2020-04-07,1083.1574999999748
2020-04-08,9353.659999999938
2020-04-09,-2025.28499999993
2020-04-13,4508.307500000088
2020-04-14,-6405.437500000154
2020-04-15,-10459.197499999902
2020-04-16,15983.262499999953
2020-04-17,-255.75249999992096
2020-04-20,-2916.0500000000757
2020-04-21,-10010.379999999985
2020-04-22,-7166.845000000068
2020-04-23,2886.795000000085
2020-04-24,-937.650000000056
2020-04-27,14504.000000000087
2020-04-28,1584.294999999941
2020-04-29,5730.849999999966
2020-04-30,-13302.094999999963
2020-05-01,-19992.672499999986
2020-05-04,6301.420000000051
2020-05-05,6443.807500000004
2020-05-06,-7507.705000000075
2020-05-07,10150.085000000072
2020-05-08,6747.469999999984
2020-05-11,-5285.505000000045
2020-05-12,-16948.32249999999
2020-05-13,-150.26500000004546
2020-05-14,5653.390000000058
2020-05-15,-17624.900000000005
2020-05-18,13842.35
2020-05-19,-4781.48499999996
2020-05-20,8748.88499999998
2020-05-21,2291.3899999999453
2020-05-22,-8928.514999999918
2020-05-25,3244.189999999988
2020-05-26,990.7249999999524
2020-05-27,514.4749999999857
2020-05-28,-6054.667500000003
2020-05-29,6590.520000000048
2020-06-01,5664.719999999992
2020-06-02,15931.677499999962
2020-06-03,3393.29999999994
2020-06-04,-4292.399999999913
2020-06-05,11214.025000000016
2020-06-08,-1175.2000000000044
2020-06-09,-6117.45000000007
2020-06-10,-1798.2674999999808
2020-06-11,-18240.947499999973
2020-06-12,13651.19000000004
2020-06-15,-3761.3450000000057
2020-06-16,-4630.842500000048
2020-06-17,-7108.747499999976
2020-06-18,-1412.2949999999507
2020-06-19,-8355.272500000048
2020-06-22,14695.5199999999
2020-06-23,-1115.8174999998523
2020-06-24,-3132.7575000000124
2020-06-25,9285.375
2020-06-26,-10388.73750000005
2020-06-29,-114.33500000002363
2020-06-30,3008.0650000000755
2020-07-01,5009.917499999955
2020-07-02,4262.027500000007
2020-07-03,-1330.4999999999213
2020-07-06,2648.349999999912
2020-07-07,2597.875000000014
2020-07-08,-6076.422499999989
2020-07-09,1013.3400000001718
2020-07-10,7179.51999999981
2020-07-13,3305.089999999933
2020-07-14,2831.282500000136
2020-07-15,2720.72749999997
2020-07-16,3012.827499999956
2020-07-17,-8073.664999999997
2020-07-20,2880.43250000018
2020-07-21,-5457.4500000002035
2020-07-22,-7355.61999999987
2020-07-23,-4758.095000000055
2020-07-24,-10622.010000000044
2020-07-27,-6357.139999999925
2020-07-28,-2212.267499999958
2020-07-29,-9206.662499999988
2020-07-30,-8605.730000000094
2020-07-31,-1231.0800000000258
2020-08-03,-7169.657499999887
2020-08-04,-5031.335000000103
2020-08-05,-6232.339999999981
2020-08-06,-3004.9000000000046
2020-08-07,-8442.58250000001
2020-08-10,19772.162500000017
2020-08-11,13316.89750000005
2020-08-12,-345.14249999996434
2020-08-13,-11929.042500000132
2020-08-14,-6505.282499999969
2020-08-17,7464.424999999963
2020-08-18,-2238.397499999914
2020-08-19,11487.579999999978
2020-08-20,-4594.6724999999315
2020-08-21,-5459.600000000138
2020-08-24,520.9825000000357
2020-08-25,-3141.7724999999555
2020-08-26,3318.697499999994
2020-08-27,-5051.279999999961
2020-08-28,4285.972499999889
2020-08-31,-804.6224999998761
2020-09-01,7927.369999999944
2020-09-02,8592.645000000057
2020-09-03,1610.627500000078
2020-09-04,6612.552499999818
2020-09-07,1706.0225000000908
2020-09-08,-738.5475000000602
2020-09-09,4659.337500000017
2020-09-10,-8855.367500000071
2020-09-11,11797.924999999965
2020-09-14,-6116.13999999982
2020-09-15,-2720.877500000057
2020-09-16,19397.82249999996
2020-09-17,17958.507500000036
2020-09-18,4243.625000000067
2020-09-21,1031.332499999895
2020-09-22,5273.625000000064
2020-09-23,-12562.760000000095
2020-09-24,462.3075000000806
2020-09-25,635.7324999999138
2020-09-28,-6853.984999999981
2020-09-29,-4108.067500000028
2020-09-30,8764.047500000097
2020-10-01,-14800.41250000003
2020-10-02,11903.899999999943
2020-10-05,-5455.947499999954
2020-10-06,8742.290000000003
2020-10-07,1456.3249999999093
2020-10-08,7167.350000000049
2020-10-09,-9614.079999999902
2020-10-12,-15953.567500000156
2020-10-13,8475.42750000011
2020-10-14,1883.3900000000017
2020-10-15,-7934.80000000004
2020-10-16,2060.097500000038
2020-10-19,-12247.475000000039
2020-10-20,-5749.349999999944
2020-10-21,-9.767500000055751
2020-10-22,5376.83250000004
2020-10-23,-3452.89499999992
2020-10-26,-5335.325000000126
2020-10-27,-2312.2525000000123
2020-10-28,-5148.597500000033
2020-10-29,-1547.3225000001328
2020-10-30,3694.17500000009
2020-11-02,13174.90000000007
2020-11-03,9725.52000000006
2020-11-04,-4958.632500000153
2020-11-05,2681.9149999999913
2020-11-06,-3773.602500000057
2020-11-09,36974.95250000007
2020-11-10,16382.02499999992
2020-11-11,-2921.7549999999683
2020-11-12,-7680.8999999999505
2020-11-13,204.4999999999427
2020-11-16,9806.400000000045
2020-11-17,1544.9324999999858
2020-11-18,-967.7399999999473
2020-11-19,-50.72000000008319
2020-11-20,10103.900000000054
2020-11-23,6162.81999999998
2020-11-24,6762.245000000036
2020-11-25,-2483.8999999998414
2020-11-26,-1587.0850000000517
2020-11-27,1439.7849999999708
2020-11-30,-5146.709999999932
2020-12-01,-12299.235000000193
2020-12-02,-5636.774999999903
2020-12-03,8017.140000000045
2020-12-04,8482.799999999981
2020-12-07,-11691.000000000118
2020-12-08,-3138.3799999998837
2020-12-09,16539.914999999903
2020-12-10,-269.92999999999154
2020-12-11,-674.8900000000323
2020-12-14,-1730.8249999999348
2020-12-15,7287.670000000081
2020-12-16,-4372.490000000072
2020-12-17,6688.090000000149
2020-12-18,2934.89499999988
2020-12-21,-8087.069999999948
2020-12-22,-5928.710000000119
2020-12-23,17257.15000000013
2020-12-24,6348.199999999901
2020-12-28,-7121.129999999989
2020-12-29,-1788.9299999999994
2020-12-30,196.99999999996544
2020-12-31,1809.9200000000574
2021-01-04,-14012.625000000102
2021-01-05,14553.100000000097
2021-01-06,16194.920000000007
2021-01-07,5002.295000000031
2021-01-08,10603.075000000006
2021-01-11,-9392.125000000002
2021-01-12,10162.409999999989
2021-01-13,-8369.325000000003
2021-01-14,12666.545000000111
2021-01-15,-9550.875000000062
2021-01-18,2887.9399999998864
2021-01-19,-3518.424999999881
2021-01-20,-2246.997500000205
2021-01-21,-5934.579999999889
2021-01-22,-9310.799999999852
2021-01-25,1634.8825000000445
2021-01-26,-2522.542500000156
2021-01-27,-9375.019999999995
2021-01-28,34.10999999992296
2021-01-29,-8676.997500000092
2021-02-01,-5236.8950000001405
2021-02-02,14349.612500000185
2021-02-03,12281.574999999859
2021-02-04,14969.150000000225
2021-02-05,-1693.8699999999687
2021-02-08,3716.9250000000184
2021-02-09,4116.664999999861
2021-02-10,6968.50749999985
2021-02-11,-1240.7974999999303
2021-02-12,1007.5075000001258
2021-02-15,5283.09249999983
2021-02-16,8016.675000000046
2021-02-17,14476.157500000123
2021-02-18,-1954.9675000000339
2021-02-19,25474.87750000016
2021-02-22,-1950.2675000001623
2021-02-23,14586.632500000149
2021-02-24,16062.917499999849
2021-02-25,-2956.6475000000737
2021-02-26,-11256.677499999878
2021-03-01,18835.69750000007
2021-03-02,7411.6449999998795
2021-03-03,7562.325000000116
2021-03-04,409.37499999990285
2021-03-05,11511.70999999997
2021-03-08,23143.915000000063
2021-03-09,-27945.510000000064
2021-03-10,-455.87999999980536
2021-03-11,-377.98000000015134
2021-03-12,7897.512500000054
2021-03-15,-1075.6824999999283
2021-03-16,-1631.2099999999875
2021-03-17,-360.48499999990094
2021-03-18,16416.51499999993
2021-03-19,4722.067499999969
2021-03-22,-8556.92499999996
2021-03-23,619.8374999999824
2021-03-24,214.32249999998442
2021-03-25,12597.642499999989
2021-03-26,4574.835000000054
2021-03-29,-4267.175000000005
2021-03-30,9530.309999999825
2021-03-31,878.0575000001243
2021-04-01,-2856.1074999999514
2021-04-02,5633.5474999999715
2021-04-05,-10654.625000000147
2021-04-06,-15450.96749999991
2021-04-07,-7876.080000000068
2021-04-08,-560.5249999999619
2021-04-09,-3124.8224999999557
2021-04-12,758.8649999999409
2021-04-13,-2852.617499999945
2021-04-14,14885.612500000112
2021-04-15,-358.7425000000966
2021-04-16,-7537.8975000000155
2021-04-19,-1591.7925000001028
2021-04-20,-6024.472499999795
2021-04-21,12579.037499999815
2021-04-22,-500.03499999994324
2021-04-23,1054.757499999946
2021-04-26,16302.42750000008
2021-04-27,-3524.989999999793
2021-04-28,-5512.637500000099
2021-04-29,2880.739999999965
2021-04-30,8615.479999999836
2021-05-03,5142.845000000051
2021-05-04,14769.090000000087
2021-05-05,2334.757499999955
2021-05-06,3486.70000000005
2021-05-07,-7958.805000000051
2021-05-10,11743.304999999968
2021-05-11,-3631.1399999999317
2021-05-12,-4352.255000000084
2021-05-13,-17848.572500000028
2021-05-14,-9100.379999999956
2021-05-17,-258.1249999999045
2021-05-18,-6646.764999999988
2021-05-19,-3569.5100000000702
2021-05-20,-7301.274999999993
2021-05-21,8710.24499999993
2021-05-24,6689.190000000078
2021-05-25,-19712.500000000076
2021-05-26,2418.9950000001236
2021-05-27,19428.830000000005
2021-05-28,-5770.887500000025
2021-05-31,-4274.822500000082
2021-06-01,2303.0725000000066
2021-06-02,-177.3049999999328
2021-06-03,6398.494999999933
2021-06-04,-3203.3150000001647
2021-06-07,-6167.05999999987
2021-06-08,2325.9275000000653
2021-06-09,-3754.4875000000347
2021-06-10,-4735.392499999916
2021-06-11,-3105.9175000001323
2021-06-14,-11094.480000000027
2021-06-15,-1117.2999999998283
2021-06-16,11151.524999999983
2021-06-17,15583.959999999952
2021-06-18,5193.442499999967
2021-06-21,14551.322500000011
2021-06-22,-1611.1399999998605
2021-06-23,5176.867499999875
2021-06-24,1828.387500000015
2021-06-25,-7583.622500000037
2021-06-28,-11446.104999999983
2021-06-29,-3272.752500000109
2021-06-30,5750.532500000077
2021-07-01,7682.272499999941
2021-07-02,-1200.902499999949
2021-07-05,3915.2799999998892
2021-07-06,-12831.25749999988
2021-07-07,7862.627499999868
2021-07-08,-26021.317499999845
2021-07-09,13866.359999999824
2021-07-12,-6110.202500000106
2021-07-13,12790.8025000001
2021-07-14,-13010.582499999899
2021-07-15,-2978.707500000041
2021-07-16,-4363.5049999999965
2021-07-19,-23907.972500000087
2021-07-20,2954.417500000141
2021-07-21,6359.5524999999925
2021-07-22,5132.745000000071
2021-07-23,3173.3024999998806
2021-07-26,1070.262500000076
2021-07-27,10462.119999999966
2021-07-28,-14933.81750000012
2021-07-29,-6259.442499999798
2021-07-30,-5995.6125000002285
2021-08-02,-9740.634999999847
2021-08-03,-8132.322500000121
2021-08-04,-2942.2225000000326
2021-08-05,16413.539999999957
2021-08-06,10013.08249999999
2021-08-09,14134.224999999997
2021-08-10,12461.327500000052
2021-08-11,7639.970000000018
2021-08-12,1211.1450000000123
2021-08-13,-13085.172499999855
2021-08-16,-15530.792500000043
2021-08-17,-1642.1750000000102
2021-08-18,-9702.027500000098
2021-08-19,-22203.56249999987
2021-08-20,3953.2624999997715
2021-08-23,1658.115000000151
2021-08-24,4719.672499999998
2021-08-25,3886.4549999999176
2021-08-26,-4937.6724999997805
2021-08-27,-1051.9550000002478
2021-08-30,-3304.2649999998666
2021-08-31,-3484.9224999999715
2021-09-01,-10698.817500000074
2021-09-02,7931.89750000009
2021-09-03,-11378.885000000151
2021-09-06,-455.9049999999546
2021-09-07,-6719.847499999833
2021-09-08,-1848.8150000001674
2021-09-09,-2013.497499999973
2021-09-10,14207.614999999967
2021-09-13,5165.3574999999055
2021-09-14,-16535.90499999993
2021-09-15,8856.072500000184
2021-09-16,7579.4574999998795
2021-09-17,9059.679999999935
2021-09-20,-14652.017499999964
2021-09-21,-5176.2299999999905
2021-09-22,23464.032500000005
2021-09-23,1935.8274999999528
2021-09-24,190.5625000000083
2021-09-27,-1924.1875000000132
2021-09-28,-5586.102499999924
2021-09-29,20418.352499999975
2021-09-30,-20521.857499999973
2021-10-01,2272.600000000025
2021-10-04,3089.1899999999214
2021-10-05,4811.7249999999985
2021-10-06,4457.052500000184
2021-10-07,14840.819999999856
2021-10-08,7109.427500000014
2021-10-11,18733.344999999994
2021-10-12,-2107.305000000119
2021-10-13,11242.675000000087
2021-10-14,11130.417500000038
2021-10-15,19626.744999999933
2021-10-18,5479.205000000069
2021-10-19,-8466.922500000022
2021-10-20,-4885.160000000002
2021-10-21,-8720.924999999957
2021-10-22,-7447.805000000148
2021-10-25,-3343.177499999862
2021-10-26,9154.102499999892
2021-10-27,-7476.110000000055
2021-10-28,-16334.380000000008
2021-10-29,17277.677500000216
2021-11-01,-7169.352500000102
2021-11-02,-3849.830000000081
2021-11-03,-16522.80000000006
2021-11-04,-15813.054999999844
2021-11-05,-2877.0850000000605
2021-11-08,7979.227500000129
2021-11-09,7124.727500000071
2021-11-10,-555.8000000000975
2021-11-11,-9103.255000000168
2021-11-12,10630.75750000011
2021-11-15,9873.862500000163
2021-11-16,2085.8624999998992
2021-11-17,-21490.799999999886
2021-11-18,-3755.7675000001286
2021-11-19,-3337.0924999999315
2021-11-22,15602.699999999983
2021-11-23,9471.609999999848
2021-11-24,12469.905000000077
2021-11-25,-8797.925000000014
2021-11-26,-70271.28249999997
2021-11-29,23302.219999999943
2021-11-30,-3322.005000000016
2021-12-01,6322.244999999949
2021-12-02,7904.800000000085
2021-12-03,1595.0500000000138
2021-12-06,29493.64999999989
2021-12-07,8492.445000000038
2021-12-08,-1639.7724999999257
2021-12-09,13126.787500000017
2021-12-10,-9802.742500000122
2021-12-13,-6538.527499999862
2021-12-14,6049.049999999983
2021-12-15,5568.062499999964
2021-12-16,2267.700000000097
2021-12-17,159.12749999988432
2021-12-20,-14094.059999999812
2021-12-21,3277.9274999999006
2021-12-22,2868.500000000031
2021-12-23,6135.060000000053
2021-12-27,5701.467500000002
2021-12-28,6392.852499999843
2021-12-29,-3658.054999999983
2021-12-30,-1333.339999999996
2021-12-31,3038.820000000058
2022-01-03,-3196.899999999964
2022-01-04,17636.632499999974
2022-01-05,1369.094999999822
2022-01-06,11189.570000000238
2022-01-07,-2371.8175000001493
2022-01-10,-1391.545000000039
2022-01-11,-2082.349999999916
2022-01-12,3178.9850000000756
2022-01-13,-1061.6550000000066
2022-01-14,-3070.810000000006
2022-01-17,1585.5374999999756
2022-01-18,-4044.670000000102
2022-01-19,-6904.622499999883
2022-01-20,8759.239999999907
2022-01-21,-6123.342500000043
2022-01-24,-1045.6949999998478
2022-01-25,9548.969999999967
2022-01-26,-2823.2174999999825
2022-01-27,7271.427500000005
2022-01-28,1160.9950000001
2022-01-31,-10944.015000000181
2022-02-01,-2761.049999999977
2022-02-02,7542.832500000058
2022-02-03,-14067.27500000013
2022-02-04,-13655.697499999798
2022-02-07,-3148.4850000002325
2022-02-08,-3190.8499999999285
2022-02-09,5246.050000000012
2022-02-10,-2514.6550000000034
2022-02-11,-10187.717500000059
2022-02-14,1417.0699999999683
2022-02-15,8717.299999999972
2022-02-16,7381.805000000194
2022-02-17,-5649.037500000194
2022-02-18,-438.1649999999661
2022-02-21,-3931.547500000012
2022-02-22,-9218.587499999905
2022-02-23,-10181.092499999973
2022-02-24,-9866.660000000024
2022-02-25,5878.282500000094
2022-02-28,-6620.695000000094
2022-03-01,-9726.989999999922
2022-03-02,2863.9524999998284
2022-03-03,3793.6775000002162
2022-03-04,-17700.457500000262
2022-03-07,-16915.46999999998
2022-03-08,-11800.734999999962
2022-03-09,15233.975000000137
2022-03-10,17705.789999999863
2022-03-11,5161.595000000153
2022-03-14,6303.7899999999845
2022-03-15,15221.052500000042
2022-03-16,-3811.2700000001228
2022-03-17,-5617.452500000104
2022-03-18,1155.3600000001181
2022-03-21,-7578.3724999999695
2022-03-22,12387.432499999977
2022-03-23,-15018.180000000046
2022-03-24,3225.2200000000835
2022-03-25,854.3700000000723
2022-03-28,9732.219999999994
2022-03-29,-8322.06249999999
2022-03-30,-8757.837500000249
2022-03-31,10176.61000000008
2022-04-01,-3547.0299999999643
2022-04-04,11624.489999999962
2022-04-05,13635.25749999998
2022-04-06,1064.147500000069
2022-04-07,1564.6150000001169
2022-04-08,558.3899999999702
2022-04-11,1956.9150000000493
2022-04-12,2001.9825000000146
2022-04-13,1302.1325000000388
2022-04-14,12076.759999999998
2022-04-18,6390.029999999861
2022-04-19,8444.175000000025
2022-04-20,-2445.970000000078
2022-04-21,-4156.160000000006
2022-04-22,-14434.382499999881
2022-04-25,2369.2099999998723
2022-04-26,-6365.087499999898
2022-04-27,10342.105000000087
2022-04-28,-3768.800000000029
2022-04-29,5457.250000000084
2022-05-02,-3299.0500000001016
2022-05-03,-7240.254999999914
2022-05-04,-5344.2150000000565
2022-05-05,-300.4475000001237
2022-05-06,5199.3075000000335
2022-05-09,16927.187500000116
2022-05-10,-3743.19250000013
2022-05-11,-2052.8125000000578
2022-05-12,5586.4950000001345
2022-05-13,4373.437499999991
2022-05-16,1944.932500000039
2022-05-17,-11002.255000000212
2022-05-18,-5788.817499999802
2022-05-19,-5885.135000000024
2022-05-20,7495.667500000025
2022-05-23,-10008.884999999993
2022-05-24,-8409.13000000001
2022-05-25,4085.0424999999573
2022-05-26,-2587.8125000000696
2022-05-27,2814.2400000001594
2022-05-30,546.7249999999036
2022-05-31,9907.422499999979
2022-06-01,5432.195000000068
2022-06-02,15458.21000000008
2022-06-03,4091.985000000034
2022-06-06,-4113.750000000202
2022-06-07,6991.115000000005
2022-06-08,11128.430000000033
2022-06-09,-7546.874999999862
2022-06-10,-3848.5050000001565
2022-06-13,5263.280000000122
2022-06-14,5075.734999999854
2022-06-15,-4805.514999999917
2022-06-16,-18429.13000000001
2022-06-17,1250.7350000000336
2022-06-20,1464.8649999998572
2022-06-21,3339.280000000096
2022-06-22,-10871.139999999981
2022-06-23,-7441.4799999999495
2022-06-24,1265.6999999998918
2022-06-27,2568.2650000000676
2022-06-28,-4301.979999999962
2022-06-29,-961.3000000000824
2022-06-30,4539.51999999999
2022-07-01,-2644.74999999994
2022-07-04,-1635.7549999999555
2022-07-05,-18574.95000000002
2022-07-06,1568.1750000000204
2022-07-07,14709.039999999937
2022-07-08,-399.404999999986
2022-07-11,7098.900000000015
2022-07-12,-16388.649999999972
2022-07-13,4524.444999999982
2022-07-14,-2144.9499999999052
2022-07-15,2119.369999999878
2022-07-18,2779.8849999999547
2022-07-19,-458.3350000000102
2022-07-20,-8311.624999999962
2022-07-21,-20753.52499999998
2022-07-22,-4730.404999999941
2022-07-25,12237.289999999934
2022-07-26,1363.599999999954
2022-07-27,3069.650000000061
2022-07-28,-11484.180000000077
2022-07-29,-1382.2399999998977
2022-08-01,-18832.205000000027
2022-08-02,9576.849999999966
2022-08-03,-9057.109999999946
2022-08-04,-17854.300000000032
2022-08-05,19047.744999999904
2022-08-08,9152.800000000068
2022-08-09,4215.300000000095
2022-08-10,-3649.900000000078
2022-08-11,1835.2000000000385
2022-08-12,-3274.600000000033
2022-08-15,-17713.799999999977
2022-08-16,7504.490000000009
2022-08-17,4150.370000000078
2022-08-18,16998.499999999854
2022-08-19,-504.6449999998785
2022-08-22,-3707.900000000143
2022-08-23,10371.600000000099
2022-08-24,-7590.155000000086
2022-08-25,462.59000000003266
2022-08-26,6072.510000000047
2022-08-29,-3039.810000000073
2022-08-30,-5789.954999999843
2022-08-31,-5947.550000000077
2022-09-01,-2510.730000000026
2022-09-02,4206.3500000000195
2022-09-05,5551.270000000031
2022-09-06,8135.704999999898
2022-09-07,-10815.844999999983
2022-09-08,6835.324999999987
2022-09-09,-516.999999999909
2022-09-12,7632.519999999902
2022-09-13,-2295.899999999874
2022-09-14,-12359.10500000003
2022-09-15,9657.744999999908
2022-09-16,1858.1900000000217
2022-09-19,7250.2350000000215
2022-09-20,-10433.399999999983
2022-09-21,-6030.354999999953
2022-09-22,9015.644999999924
2022-09-23,-4753.655000000011
2022-09-26,-1993.7099999999743
2022-09-27,-3551.379999999936
2022-09-28,-2756.5150000000244
2022-09-29,611.0499999999811
2022-09-30,-15006.225000000048
2022-10-03,22854.320000000003
2022-10-04,2118.7550000000524
2022-10-05,-1148.2050000000097
2022-10-06,-3003.8599999999956
2022-10-07,14231.335000000008
2022-10-10,-761.555000000082
2022-10-11,2493.3150000000046
2022-10-12,11625.390000000109
2022-10-13,14053.970000000043
2022-10-14,3998.250000000048
2022-10-17,3292.2649999998803
2022-10-18,-4945.554999999905
2022-10-19,15572.244999999913
2022-10-20,7250.21000000006
2022-10-21,-11699.174999999977
2022-10-24,-1966.955000000109
2022-10-25,1344.175000000042
2022-10-26,5129.865000000003
2022-10-27,11795.07499999999
2022-10-28,-1219.930000000047
2022-10-31,-4189.599999999935
2022-11-01,11244.469999999972
2022-11-02,9951.819999999974
2022-11-03,5457.175000000028
2022-11-04,-3454.7800000000198
2022-11-07,-12296.414999999934
2022-11-08,-3862.849999999913
2022-11-09,-129.4500000001267
2022-11-10,-27062.284999999974
2022-11-11,-12077.689999999997
2022-11-14,-5981.350000000029
2022-11-15,1224.2149999999835
2022-11-16,2561.8500000000113
2022-11-17,3640.350000000105
2022-11-18,1093.7849999999216
2022-11-21,-2406.164999999915
2022-11-22,-414.4750000001559
2022-11-23,-11924.804999999911
2022-11-24,1991.1149999999682
2022-11-25,8087.619999999964
2022-11-28,-9970.95999999996
2022-11-29,5654.09999999997
2022-11-30,-2530.5849999999573
2022-12-01,-14703.70999999997
2022-12-02,2654.7499999999673
2022-12-05,7753.545000000003
2022-12-06,-319.09999999997854
2022-12-07,-12296.749999999964
2022-12-08,6904.0999999999785
2022-12-09,-10168.950000000023
2022-12-12,11339.300000000074
2022-12-13,-6970.660000000101
2022-12-14,12140.210000000068
2022-12-15,-929.2549999999582
2022-12-16,-14005.255000000045
2022-12-19,8605.789999999968
2022-12-20,-11215.154999999964
2022-12-21,6608.894999999885
2022-12-22,8429.750000000076
2022-12-23,9903.299999999968
2022-12-26,6901.989999999928
2022-12-27,6578.860000000131
2022-12-28,-664.8150000000438
2022-12-29,-3807.550000000068
2022-12-30,-5821.9849999999615
2023-01-02,14.815000000033699
2023-01-03,-9863.129999999965
2023-01-04,816.3499999999145
2023-01-05,15114.290000000128
2023-01-06,-33.03000000004238
2023-01-09,-677.9050000000847
2023-01-10,13253.450000000026
2023-01-11,8601.500000000016
2023-01-12,-1877.100000000064
2023-01-13,2323.020000000005
2023-01-16,-2490.299999999943
2023-01-17,2356.0449999999632
2023-01-18,-6071.825000000027
2023-01-19,632.290000000011
2023-01-20,11158.220000000032
2023-01-23,2975.6000000000677
2023-01-24,1706.6499999999169
2023-01-25,-14213.759999999982
2023-01-26,10180.994999999913
2023-01-27,-2278.8450000000107
2023-01-30,-3966.794999999909
2023-01-31,-7785.760000000053
2023-02-01,-20908.110000000033
2023-02-02,-10347.199999999932
2023-02-03,14083.049999999956
2023-02-06,2786.902500000103
2023-02-07,-7030.75000000016
2023-02-08,-8095.742499999892
2023-02-09,6730.3874999999725
2023-02-10,1765.2324999999082
2023-02-13,3558.6400000001067
2023-02-14,2875.4500000000694
2023-02-15,-5480.510000000113
2023-02-16,8334.684999999954
2023-02-17,-1179.0500000000088
2023-02-20,536.2325000000061
2023-02-21,8955.372500000041
2023-02-22,2454.2625000000235
2023-02-23,-13744.94500000014
2023-02-24,10325.225000000204
2023-02-27,8541.839999999995
2023-02-28,-9408.560000000012
2023-03-01,7805.729999999983
2023-03-02,-3937.3050000000103
2023-03-03,-4838.92999999995
2023-03-06,-14170.009999999964
2023-03-07,-9310.867500000173
2023-03-08,-7789.3549999998695
2023-03-09,-3403.6300000002
2023-03-10,-17168.07999999991
2023-03-13,-2107.109999999944
2023-03-14,1697.4724999998691
2023-03-15,-14791.564999999826
2023-03-16,5928.559999999842
2023-03-17,-16048.402500000073
2023-03-20,17600.24250000018
2023-03-21,7455.175000000044
2023-03-22,-4115.750000000112
2023-03-23,-3250.3000000000097
2023-03-24,-2580.1049999999477
2023-03-27,15650.497499999969
2023-03-28,1661.6075000000305
2023-03-29,5060.757499999997
2023-03-30,4805.874999999926
2023-03-31,782.5875000001507
2023-04-03,-158.68500000009976
2023-04-04,-17343.172500000022
2023-04-05,2171.8000000000584
2023-04-06,-6648.930000000015
2023-04-07,-474.9999999999046
2023-04-10,15972.499999999969
2023-04-11,2240.4049999999884
2023-04-12,3722.749999999915
2023-04-13,6841.520000000013
2023-04-14,5195.670000000053
2023-04-17,-5301.514999999963
2023-04-18,-8660.655000000086
2023-04-19,1706.2199999998893
2023-04-20,-17792.44249999974
2023-04-21,-2868.730000000035
2023-04-24,-1763.9225000000972
2023-04-25,-22115.32999999999
2023-04-26,-4354.335000000057
2023-04-27,941.0325000001947
2023-04-28,18744.31499999987
2023-05-01,17061.509999999987
2023-05-02,-32544.104999999916
2023-05-03,-32538.610000000164
2023-05-04,15220.622500000129
2023-05-05,34978.687499999935
2023-05-08,608.6725000000419
2023-05-09,-3708.4974999999804
2023-05-10,-3993.3100000001236
2023-05-11,-27773.734999999826
2023-05-12,-4304.860000000082
2023-05-15,8716.38750000003
2023-05-16,-9848.114999999912
2023-05-17,17886.91999999993
2023-05-18,-6715.355000000021
2023-05-19,-5403.114999999905
2023-05-22,10120.369999999888
2023-05-23,-2511.9150000001127
2023-05-24,-4935.244999999901
2023-05-25,1505.4499999999475
2023-05-26,15984.5750000002
2023-05-29,3089.600000000002
2023-05-30,-4331.965000000097
2023-05-31,2430.945000000199
2023-06-01,5816.574999999796
2023-06-02,30777.299999999992
2023-06-05,-17506.414999999895
2023-06-06,9114.190000000077
2023-06-07,14968.094999999788
2023-06-08,-9319.109999999848
2023-06-09,6901.379999999887
2023-06-12,-5607.6149999999725
2023-06-13,15341.689999999975
2023-06-14,-2181.840000000105
2023-06-15,3219.2400000000252
2023-06-16,8034.380000000143
2023-06-19,-5867.29999999994
2023-06-20,3339.825000000027
2023-06-21,10461.54500000008
2023-06-22,-1633.660000000056
2023-06-23,-19624.19999999992
2023-06-26,2362.864999999929
2023-06-27,1101.65999999997
2023-06-28,-2950.010000000103
2023-06-29,663.4450000001358
2023-06-30,1523.339999999812
2023-07-03,3072.575000000277
2023-07-04,1815.0249999999392
2023-07-05,-10114.160000000247
2023-07-06,-5554.659999999754
2023-07-07,-1657.9000000000224
2023-07-10,-2178.235000000006
2023-07-11,-548.5549999999138
2023-07-12,-5663.625000000075
2023-07-13,14660.519999999855
2023-07-14,-9536.004999999854
2023-07-17,-7037.005000000027
2023-07-18,587.9500000000317
2023-07-19,-4892.585000000058
2023-07-20,11192.395000000206
2023-07-21,13363.659999999883
2023-07-24,12624.864999999936
2023-07-25,-6145.054999999859
2023-07-26,6233.149999999808
2023-07-27,-7724.505000000005
2023-07-28,9810.935000000036
2023-07-31,14750.699999999979
2023-08-01,-3691.3249999999375
2023-08-02,-13582.09000000002
2023-08-03,-6550.600000000047
2023-08-04,-12653.254999999952
2023-08-07,450.67499999989195
2023-08-08,-2142.7999999999133
2023-08-09,14719.12500000009
2023-08-10,3019.844999999984
2023-08-11,7377.624999999936
2023-08-14,2159.0999999999613
2023-08-15,-6383.159999999945
2023-08-16,10029.379999999905
2023-08-17,-731.8899999999262
2023-08-18,4314.81999999995
2023-08-21,-5426.704999999915
2023-08-22,-1380.9550000000809
2023-08-23,-6420.499999999967
2023-08-24,2407.459999999983
2023-08-25,8751.579999999882
2023-08-28,-2713.3649999998274
2023-08-29,-5266.049999999965
2023-08-30,-646.2100000001581
2023-08-31,-1957.0949999998652
2023-09-01,-1833.2050000001268
2023-09-04,4488.190000000039
2023-09-05,5796.32999999989
2023-09-06,3197.1800000000767
2023-09-07,-9529.349999999813
2023-09-08,6080.139999999774
2023-09-11,15216.870000000194
2023-09-12,-579.3600000000122
2023-09-13,1949.8649999998402
2023-09-14,12795.320000000096
2023-09-15,-12106.230000000045
2023-09-18,-9487.934999999803
2023-09-19,3147.175000000018
2023-09-20,-1912.7374999999538
2023-09-21,-13738.315000000086
2023-09-22,-5633.940000000074
2023-09-25,-168.40500000004783
2023-09-26,-5058.149999999694
2023-09-27,12539.574999999932
2023-09-28,-5718.185000000049
2023-09-29,-5383.8800000002275
2023-10-02,-14529.364999999863
2023-10-03,-25424.815000000068
2023-10-04,-19890.080000000027
2023-10-05,-13531.977500000063
2023-10-06,-1778.4674999998438
2023-10-09,1996.7399999998809
2023-10-10,9151.565000000135
2023-10-11,-6767.450000000155
2023-10-12,-4780.205000000074
2023-10-13,-2338.3849999998683
2023-10-16,15159.145000000124
2023-10-17,7413.794999999909
2023-10-18,-6297.167499999972
2023-10-19,-7812.917499999827
2023-10-20,-5729.197500000097
2023-10-23,4073.48250000002
2023-10-24,-1398.2350000003792
2023-10-25,-2489.287499999789
2023-10-26,-6524.75500000004
2023-10-27,-1312.8775000000107
2023-10-30,5899.140000000058
2023-10-31,12675.014999999972
2023-11-01,-5721.060000000043
2023-11-02,28454.815000000133
2023-11-03,-980.0050000001801
2023-11-06,14987.275000000149
2023-11-07,-6429.074999999959
2023-11-08,-7082.910000000009
2023-11-09,285.79499999994425
2023-11-10,7225.5749999999325
2023-11-13,15229.800000000067
2023-11-14,639.7449999999855
2023-11-15,3694.1924999999974
2023-11-16,-18457.98499999988
2023-11-17,5121.975000000015
2023-11-20,16252.242499999935
2023-11-21,2750.370000000002
2023-11-22,-2406.7699999999545
2023-11-23,1658.4950000000085
2023-11-24,-291.142500000017
2023-11-27,-4836.562500000183
2023-11-28,4058.575000000157
2023-11-29,-6695.8399999999965
2023-11-30,2492.400000000054
2023-12-01,-1057.4050000000937
2023-12-04,-1797.759999999995
2023-12-05,-7585.53000000007
2023-12-06,207.79000000007548
2023-12-07,-11067.065000000059
2023-12-08,25326.464999999993
2023-12-11,22573.725000000213
2023-12-12,-12177.130000000352
2023-12-13,-8692.319999999932
2023-12-14,17179.982499999933
2023-12-15,936.9275000002679
2023-12-18,-2146.4850000000633
2023-12-19,8196.20750000001
2023-12-20,745.3525000001063
2023-12-21,-15652.087500000056
2023-12-22,-2513.154999999886
2023-12-25,1789.642499999844
2023-12-26,-232.66499999987266
2023-12-27,-5831.135000000168
2023-12-28,-16234.029999999957
2023-12-29,-5439.824999999961
2024-01-01,-5281.2299999999295
2024-01-02,6263.802499999738
2024-01-03,11107.13500000019
2024-01-04,-5694.454999999883
2024-01-05,-8760.310000000225
2024-01-08,-1435.4849999999685
2024-01-09,-14964.554999999878
2024-01-10,6938.552499999843
2024-01-11,3597.9075000000953
2024-01-12,-24758.447499999933
2024-01-15,13021.007499999952
2024-01-16,6165.434999999954
2024-01-17,6317.592499999882
2024-01-18,3175.645000000057
2024-01-19,4341.825000000017
2024-01-22,-5579.467499999838
2024-01-23,5621.262499999991
2024-01-24,-7406.565000000022
2024-01-25,-3018.2075000002105
2024-01-26,31.1275000001134
2024-01-29,773.6499999999796
2024-01-30,10751.132500000138
2024-01-31,624.4824999998709
2024-02-01,-8331.86500000001
2024-02-02,8392.035000000076
2024-02-05,-19755.94000000008
2024-02-06,7771.790000000012
2024-02-07,-2641.30000000006
2024-02-08,-6079.274999999935
2024-02-09,-3268.195000000165
2024-02-12,5413.54500000017
2024-02-13,-3019.174999999783
2024-02-14,3238.689999999744
2024-02-15,10003.520000000031
2024-02-16,11175.365000000102
2024-02-19,-5074.735000000053
2024-02-20,13654.900000000001
2024-02-21,8286.22999999993
2024-02-22,2399.534999999991
2024-02-23,-3447.314999999721
2024-02-26,-12150.595000000205
2024-02-27,-7546.51000000008
2024-02-28,-337.35999999995215
2024-02-29,-10073.190000000048
2024-03-01,-10797.394999999795
2024-03-04,-1560.5200000001646
2024-03-05,563.9849999998845
2024-03-06,672.3450000000449
2024-03-07,-9655.999999999676
2024-03-08,-715.4200000001142
2024-03-11,-8689.800000000094
2024-03-12,6959.244999999949
2024-03-13,10409.460000000066
2024-03-14,5580.9249999999565
2024-03-15,2374.9999999999523
2024-03-18,-2770.609999999883
2024-03-19,3101.339999999982
2024-03-20,9620.249999999778
2024-03-21,5837.740000000153
2024-03-22,-26823.860000000073
2024-03-25,9441.709999999932
2024-03-26,3905.7400000001817
2024-03-27,6873.544999999894
2024-03-28,-20413.56000000001
2024-04-01,-4245.144999999952
2024-04-02,3220.520000000206
2024-04-03,10778.064999999831
2024-04-04,-9563.300000000076
2024-04-05,-1022.8749999997954
2024-04-08,7774.520000000013
2024-04-09,-8563.290000000092
2024-04-10,-9466.95000000011
2024-04-11,-11722.274999999892
2024-04-12,-3216.264999999977
2024-04-15,2869.5999999999904
2024-04-16,-3559.9499999999084
2024-04-17,-250.9400000001484
2024-04-18,4545.9649999999865
2024-04-19,10262.115000000065
2024-04-22,9863.190000000126
2024-04-23,-1626.2050000001095
2024-04-24,19562.79499999978
2024-04-25,410.65499999999656
2024-04-26,23545.060000000223
2024-04-29,-7447.820000000052
2024-04-30,-7903.309999999846
2024-05-01,-5655.815000000167
2024-05-02,-16601.72000000005
2024-05-03,-3654.6249999998413
2024-05-06,8144.8399999998
2024-05-07,-4491.359999999951
2024-05-08,6065.510000000128
2024-05-09,-708.4300000000793
2024-05-10,161.06999999987886
2024-05-13,8078.935000000057
2024-05-14,9984.485000000142
2024-05-15,-2976.8750000002146
2024-05-16,7139.485000000258
2024-05-17,12502.744999999786
2024-05-20,-5972.904999999859
2024-05-21,-3241.14000000017
2024-05-22,-15793.25999999987
2024-05-23,-8514.509999999818
2024-05-24,14415.274999999778
2024-05-27,830.4400000002224
2024-05-28,-13087.310000000109
2024-05-29,-19404.610000000226
2024-05-30,-6251.205000000045
2024-05-31,17459.965000000077
2024-06-03,-28509.039999999906
2024-06-04,-6529.174999999949
2024-06-05,2644.570000000077
2024-06-06,4384.895000000024
2024-06-07,-8751.089999999995
2024-06-10,12395.49749999973
2024-06-11,-12143.27999999982
2024-06-12,-4275.2999999999865
2024-06-13,2176.0700000001693
2024-06-14,-9940.787500000373
2024-06-17,9627.750000000133
2024-06-18,4739.507500000059
2024-06-19,1635.792499999747
2024-06-20,16749.210000000097
2024-06-21,11554.500000000044
2024-06-24,16396.627499999977
2024-06-25,-5875.122499999796
2024-06-26,1182.5549999998148
2024-06-27,-5764.455000000011
2024-06-28,6834.310000000071
2024-07-01,5510.7200000000075
2024-07-02,10941.300000000218
2024-07-03,12669.414999999897
2024-07-04,5383.89999999987
2024-07-05,-12085.705000000022
2024-07-08,-6914.792499999802
2024-07-09,-10323.417500000127
2024-07-10,12588.675000000148
2024-07-11,-10241.035000000227
2024-07-12,5571.830000000235
2024-07-15,-444.93000000019754
2024-07-16,5289.395000000005
2024-07-17,3853.794999999803
2024-07-18,-7195.189999999732
2024-07-19,-15591.417499999996
2024-07-22,-4143.555000000043
2024-07-23,-3749.2025000000035
2024-07-24,-16142.785000000158
2024-07-25,19774.14750000023
2024-07-26,-1222.6225000002285
2024-07-29,-9073.854999999921
2024-07-30,-16647.159999999974
2024-07-31,293.63999999999737
2024-08-01,-30899.987499999756
2024-08-02,-23712.425000000152
2024-08-05,9613.149999999836
2024-08-06,-20758.122500000052
2024-08-07,8749.107499999986
2024-08-08,11521.595000000058
2024-08-09,-6664.67750000001
2024-08-12,3563.8750000001264
2024-08-13,-1385.2050000002187
2024-08-14,-9603.94999999998
2024-08-15,20618.88000000007
2024-08-16,-1935.7225000000806
2024-08-19,-1429.8749999997392
2024-08-20,-7540.3425000000625
2024-08-21,2936.319999999978
2024-08-22,11465.274999999943
2024-08-23,17416.512499999997
2024-08-26,9318.382499999983
2024-08-27,-4845.6924999998655
2024-08-28,-6174.920000000135
2024-08-29,4392.744999999921
2024-08-30,1173.7250000000045
2024-09-02,1088.600000000269
2024-09-03,-17956.270000000153
2024-09-04,-12497.520000000075
2024-09-05,-735.554999999887
2024-09-06,-16605.700000000077
2024-09-09,18522.40000000003
2024-09-10,-28456.34999999993
2024-09-11,-101.55500000008385
2024-09-12,2266.4499999999534
2024-09-13,-11005.614999999942
2024-09-16,15673.725000000019
2024-09-17,8825.28999999995
2024-09-18,8794.375000000095
2024-09-19,12836.179999999998
2024-09-20,1382.2000000000248
2024-09-23,-8023.232500000094
2024-09-24,9173.005000000008
2024-09-25,-9270.000000000176
2024-09-26,12688.05000000012
2024-09-27,-12427.130000000003
2024-09-30,6123.047499999965
2024-10-01,-5331.019999999966
2024-10-02,11861.877500000028
2024-10-03,-5403.429999999978
2024-10-04,11981.165000000103
2024-10-07,564.3074999999233
2024-10-08,-13052.475000000035
2024-10-09,4365.7049999999335
2024-10-10,-432.3549999999276
2024-10-11,7450.007500000009
2024-10-14,-2186.7575000000375
2024-10-15,-160.7599999999727
2024-10-16,2599.8900000000767
2024-10-17,-334.1550000001197
2024-10-18,-5433.654999999978
2024-10-21,-15288.710000000063
2024-10-22,7872.785000000091
2024-10-23,-4325.624999999957
2024-10-24,-8682.149999999998
2024-10-25,-2315.5775000000217
2024-10-28,-6376.345000000004
2024-10-29,-13175.522500000026
2024-10-30,14335.70500000002
2024-10-31,6969.212500000027
2024-11-01,-409.3999999999164
2024-11-04,8981.274999999796
2024-11-05,13375.707500000004
2024-11-06,-4487.429999999967
2024-11-07,14765.272499999995
2024-11-08,-11303.269999999991
2024-11-11,-3282.1299999998732
2024-11-12,-14613.879999999977
2024-11-13,-5947.800000000216
2024-11-14,16251.645000000006
2024-11-15,-10970.25
2024-11-18,1025.1200000001
2024-11-19,-440.5549999999256
2024-11-20,-11786.575000000097
2024-11-21,-10996.782500000012
2024-11-22,12082.532500000065
2024-11-25,-479.6250000000672
2024-11-26,-5502.417500000018
2024-11-27,9344.72500000003
2024-11-28,-2211.877499999895
2024-11-29,-11256.94000000015
2024-12-02,-5121.424999999938
2024-12-03,8952.487500000007
2024-12-04,-7831.830000000024
2024-12-05,-864.9049999999851
2024-12-06,-17948.655000000083
2024-12-09,7453.54500000009
2024-12-10,-5622.300000000165
2024-12-11,-12087.199999999972
2024-12-12,3736.9325000000817
2024-12-13,3814.0149999999303
2024-12-16,-10162.4324999999
2024-12-17,-12386.125000000098
2024-12-18,-6998.28749999988
2024-12-19,4155.077499999787
2024-12-20,-1015.404999999936
2024-12-23,-4180.165000000048
2024-12-24,-432.51499999996906
2024-12-25,1386.912500000114
2024-12-26,4633.707499999852
2024-12-27,-1475.459999999898
2024-12-30,-5335.26000000002
2024-12-31,5609.002500000055
2025-01-01,2701.2200000000175
2025-01-02,-1046.757500000018
2025-01-03,9528.84000000004
2025-01-06,-12293.48000000011
2025-01-07,11612.545000000177
2025-01-08,-5185.3225000001075
2025-01-09,410.0749999999772
2025-01-10,5334.369999999944
2025-01-13,21706.060000000016
2025-01-14,-4182.17499999996
2025-01-15,-8394.35499999999
2025-01-16,1631.6775000000014
2025-01-17,-5859.610000000095
2025-01-20,6657.845000000083
2025-01-21,6781.450000000083
2025-01-22,8143.2399999999125
2025-01-23,6121.132500000003
2025-01-24,8672.86750000003
2025-01-27,2523.929999999956
2025-01-28,-13784.434999999921
2025-01-29,2589.202499999994
2025-01-30,-20920.16750000002
2025-01-31,829.664999999967
2025-02-03,18199.170000000107
2025-02-04,-8280.997500000112
2025-02-05,16117.100000000059
2025-02-06,-13633.36000000006
2025-02-07,10494.789999999935
2025-02-10,2505.1525000001284
2025-02-11,2633.549999999946
2025-02-12,9982.09750000001
2025-02-13,-2978.9224999998914
2025-02-14,-13527.325000000134
2025-02-17,-7545.674999999896
2025-02-18,5333.642499999991
2025-02-19,5993.289999999921
2025-02-20,-1326.6700000000649
2025-02-21,-3726.0549999997957
2025-02-24,2436.3149999999155
2025-02-25,21276.195000000003
2025-02-26,-11147.692499999977
2025-02-27,9310.652500000006
2025-02-28,-3484.2674999999654
2025-03-03,7305.8775000000405
2025-03-04,763.0699999998661
2025-03-05,22600.56250000001
2025-03-06,-6816.227499999931
2025-03-07,-812.7000000000317
2025-03-10,-5494.307499999947
2025-03-11,972.3799999999233
2025-03-12,-6871.762499999967
2025-03-13,-3232.5049999998764
2025-03-14,9640.50749999996
2025-03-17,1754.1699999998934
2025-03-18,1740.3199999999106
2025-03-19,-2113.2874999999785
2025-03-20,-3131.947499999982
2025-03-21,-2787.0049999998087
2025-03-24,5434.657499999802
2025-03-25,-5292.304999999929
2025-03-26,4373.967499999948
2025-03-27,1136.2075000000032
2025-03-28,8227.740000000005
2025-03-31,-9964.36750000005
2025-04-01,1818.1825000000954
2025-04-02,3698.7150000000847
2025-04-03,-9528.695000000167
2025-04-04,-33972.00000000001
2025-04-07,-26127.449999999964
2025-04-08,-29186.077499999992
2025-04-09,59170.457499999975
2025-04-10,-19254.654999999962
2025-04-11,6750.604999999982
2025-04-14,4672.719999999983
2025-04-15,6589.899999999961
2025-04-16,291.37000000004775
2025-04-17,-1859.7700000000052
2025-04-21,-1953.8599999999356
2025-04-22,9216.549999999934
2025-04-23,4001.5750000000844
2025-04-24,9312.119999999884
2025-04-25,248.52500000001623
2025-04-28,5454.472499999961
2025-04-29,558.7000000000749
2025-04-30,-7124.767500000003
2025-05-01,2918.337499999975
2025-05-02,2348.6125000000247
2025-05-05,4174.302499999996
2025-05-06,4936.674999999963
2025-05-07,-2257.1424999999845
2025-05-08,10727.212500000132
2025-05-09,5400.824999999858
2025-05-12,16355.137500000086
2025-05-13,11199.549999999954
2025-05-14,-12895.012499999986
2025-05-15,-4126.35000000001
2025-05-16,185.01750000005285
2025-05-19,7402.324999999988
2025-05-20,-11795.32499999993
2025-05-21,-4964.8300000001345
2025-05-22,2467.587500000101
2025-05-23,1840.3199999999579
2025-05-26,2058.329999999978
2025-05-27,8363.202500000001
2025-05-28,1435.09499999993
2025-05-29,-5592.149999999936
2025-05-30,-8869.415000000019
2025-06-02,2551.8400000000674
2025-06-03,10886.399999999907
2025-06-04,-8368.049999999923
2025-06-05,15879.80000000005
2025-06-06,7565.399999999985
2025-06-09,12968.184999999972
2025-06-10,3991.9000000000246
2025-06-11,1654.2950000000028
2025-06-12,-1678.499999999949
2025-06-13,11146.549999999806
2025-06-16,7676.190000000103
2025-06-17,-3072.299999999951
2025-06-18,-12556.21499999999
2025-06-19,-1805.6599999999323
2025-06-20,19.639999999910344
2025-06-23,-3682.9049999999024
2025-06-24,5296.1324999999715
2025-06-25,3278.5924999999747
2025-06-26,3546.985000000043
2025-06-27,-9033.06249999999
2025-06-30,9823.439999999864
2025-07-01,3070.312500000111
2025-07-02,-1596.1700000000515
2025-07-03,14888.457500000024
2025-07-04,-1718.5574999999735
2025-07-07,-5416.45000000009
2025-07-08,-11051.09749999992
2025-07-09,-2745.6549999999147
2025-07-10,9673.64999999996
2025-07-11,-389.2000000000553
2025-07-14,-8610.42
2025-07-15,-3753.1249999999654
2025-07-16,-496.8750000000182
2025-07-17,13711.115000000003
2025-07-18,-5911.342500000063
2025-07-21,5361.985000000015
2025-07-22,-2194.6874999999254
2025-07-23,16131.360000000055
2025-07-24,4470.734999999856
2025-07-25,-7059.4549999998535
2025-07-28,2590.1949999999415
2025-07-29,7526.632500000005
2025-07-30,-3769.500000000069
2025-07-31,314.9974999999971
2025-08-01,-26103.477499999957
2025-08-04,4265.015000000082
2025-08-05,10131.827500000016
2025-08-06,-1447.7975000000824
2025-08-07,287.76499999999965
2025-08-08,7976.500000000084
2025-08-11,13432.64999999999
2025-08-12,22023.129999999855
2025-08-13,12785.519999999988
2025-08-14,-9529.980000000016
2025-08-15,-3444.174999999846
2025-08-18,3837.0099999999948
2025-08-19,4249.777499999965
2025-08-20,98.47750000001747
2025-08-21,10963.287500000002
2025-08-22,11664.094999999905
2025-08-25,-3137.040000000009
2025-08-26,-3259.6274999998645
2025-08-27,7878.477499999956
2025-08-28,-3507.127500000003
2025-08-29,1388.3049999999243
2025-09-01,9270.065000000119
2025-09-02,3883.600000000047
2025-09-03,445.4074999998993
2025-09-04,833.7499999999018
2025-09-05,2420.4225000001265
2025-09-08,3422.9524999999157
2025-09-09,3114.6875000000173
2025-09-10,10073.695000000054
2025-09-11,2860.842499999864
2025-09-12,-3746.0474999999597
2025-09-15,3292.870000000048
2025-09-16,-9620.085000000188
2025-09-17,-2603.7549999998355
2025-09-18,855.7849999998629
2025-09-19,-12345.872499999965
2025-09-22,6735.912500000055
2025-09-23,5055.07499999999
2025-09-24,-3873.3375000000847
2025-09-25,441.26750000011464
2025-09-26,8916.885000000017
2025-09-29,-5924.355000000212
2025-09-30,-1554.3549999999732
