date,net_pnl
2010-06-07,0.0
2010-06-08,0.0
2010-06-09,0.0
2010-06-10,0.0
2010-06-11,0.0
2010-06-14,0.0
2010-06-15,0.0
2010-06-16,0.0
2010-06-17,0.0
2010-06-18,0.0
2010-06-21,0.0
2010-06-22,0.0
2010-06-23,0.0
2010-06-24,0.0
2010-06-25,0.0
2010-06-28,0.0
2010-06-29,0.0
2010-06-30,0.0
2010-07-01,0.0
2010-07-02,0.0
2010-07-05,0.0
2010-07-06,0.0
2010-07-07,0.0
2010-07-08,0.0
2010-07-09,0.0
2010-07-12,0.0
2010-07-13,0.0
2010-07-14,0.0
2010-07-15,0.0
2010-07-16,0.0
2010-07-19,0.0
2010-07-20,0.0
2010-07-21,0.0
2010-07-22,0.0
2010-07-23,0.0
2010-07-26,0.0
2010-07-27,0.0
2010-07-28,0.0
2010-07-29,0.0
2010-07-30,0.0
2010-08-02,0.0
2010-08-03,-567.0875
2010-08-04,-993.3774999999941
2010-08-05,-11631.050000000021
2010-08-06,6614.114999999991
2010-08-09,3102.725000000007
2010-08-10,-108.35499999998835
2010-08-11,1067.8749999999968
2010-08-12,7980.48
2010-08-13,5369.370000000067
2010-08-16,-1885.0850000000569
2010-08-17,6299.149999999983
2010-08-18,-3061.770000000051
2010-08-19,-10258.274999999967
2010-08-20,-15.492499999994173
2010-08-23,-497.2999999999106
2010-08-24,-2096.6549999999656
2010-08-25,3773.462499999968
2010-08-26,-1079.5775000000217
2010-08-27,4551.502499999988
2010-08-30,-11294.985000000037
2010-08-31,-1670.4699999999398
2010-09-01,-3639.3300000000095
2010-09-02,-4528.454999999993
2010-09-03,6707.722499999998
2010-09-06,1855.7449999999762
2010-09-07,753.650000000019
2010-09-08,2117.8900000000544
2010-09-09,3043.3749999999663
2010-09-10,-1525.9599999999757
2010-09-13,-5301.349999999939
2010-09-14,-1164.904999999998
2010-09-15,138.61499999996562
2010-09-16,-2265.6750000000156
2010-09-17,-806.5874999999116
2010-09-20,12502.899999999996
2010-09-21,-2144.780000000005
2010-09-22,-3596.077500000044
2010-09-23,-2188.3374999999805
2010-09-24,12772.879999999963
2010-09-27,4964.379999999963
2010-09-28,3075.6424999999717
2010-09-29,713.0100000000671
2010-09-30,7064.134999999988
2010-10-01,591.8949999999581
2010-10-04,-1667.1575000000526
2010-10-05,273.1099999999862
2010-10-06,1091.4600000000148
2010-10-07,-479.4300000000237
2010-10-08,5710.620000000064
2010-10-11,7085.3324999999895
2010-10-12,-4033.172499999948
2010-10-13,8659.064999999953
2010-10-14,-5911.752499999957
2010-10-15,-3840.735000000011
2010-10-18,7453.240000000007
2010-10-19,-16650.464999999913
2010-10-20,14178.437500000002
2010-10-21,975.4599999999928
2010-10-22,2728.4849999999433
2010-10-25,3132.9075000000134
2010-10-26,-2034.0249999999692
2010-10-27,-5102.5274999999965
2010-10-28,-3407.324999999976
2010-10-29,-2249.017500000024
2010-11-01,9743.055000000055
2010-11-02,804.4450000000268
2010-11-03,-3916.9525000000226
2010-11-04,7445.452499999993
2010-11-05,4698.27750000004
2010-11-08,-1581.7825000000269
2010-11-09,1884.0549999999682
2010-11-10,7671.172499999965
2010-11-11,7095.917499999984
2010-11-12,-3432.7599999999247
2010-11-15,5198.75999999994
2010-11-16,-6041.565000000038
2010-11-17,-10695.599999999959
2010-11-18,5617.070000000042
2010-11-19,-6897.335000000006
2010-11-22,-9681.542499999956
2010-11-23,1924.7874999999797
2010-11-24,10688.240000000025
2010-11-25,-224.76750000000476
2010-11-26,-6242.952499999973
2010-11-29,3320.0625000000064
2010-11-30,2863.652500000007
2010-12-01,4383.6624999999
2010-12-02,-1609.8725000000209
2010-12-03,-32572.86249999988
2010-12-06,-5205.8624999999665
2010-12-07,16092.999999999927
2010-12-08,14238.22499999998
2010-12-09,-5381.659999999944
2010-12-10,752.2749999999997
2010-12-13,2746.8125000000073
2010-12-14,504.5925000000164
2010-12-15,6546.334999999979
2010-12-16,2367.1049999999614
2010-12-17,1318.1849999999831
2010-12-20,4064.7199999998675
2010-12-21,10337.89500000002
2010-12-22,-811.21250000006
2010-12-23,-6461.144999999897
2010-12-27,1000.4299999999076
2010-12-28,-22601.46749999995
2010-12-29,-11059.080000000018
2010-12-30,5110.79
2010-12-31,3677.4199999998827
2011-01-03,-2479.1449999999777
2011-01-04,14382.587500000038
2011-01-05,12338.254999999865
2011-01-06,4442.199999999903
2011-01-07,356.3649999999989
2011-01-10,-9849.440000000059
2011-01-11,4875.900000000056
2011-01-12,5655.460000000044
2011-01-13,-4866.392500000011
2011-01-14,-9882.737499999961
2011-01-17,6624.5224999999555
2011-01-18,-6730.657499999922
2011-01-19,-5812.625000000015
2011-01-20,-979.8399999998544
2011-01-21,1183.3600000000638
2011-01-24,-1296.8650000000218
2011-01-25,-14799.320000000062
2011-01-26,-3951.1600000001495
2011-01-27,-5519.612499999949
2011-01-28,-16313.645000000093
2011-01-31,7859.655000000013
2011-02-01,13089.004999999974
2011-02-02,4260.069999999814
2011-02-03,9721.3925000001
2011-02-04,1459.4800000000773
2011-02-07,-5726.890000000146
2011-02-08,-625.7224999999485
2011-02-09,6588.202499999904
2011-02-10,3070.1825000001086
2011-02-11,-4538.432499999986
2011-02-14,-2669.6750000001234
2011-02-15,4029.9975000000663
2011-02-16,6907.179999999948
2011-02-17,-7664.13499999972
2011-02-18,1668.2374999997087
2011-02-21,14199.042500000096
2011-02-22,5517.55250000002
2011-02-23,2875.5424999999323
2011-02-24,-7552.187500000018
2011-02-25,6245.459999999946
2011-02-28,8404.524999999947
2011-03-01,-3282.732499999815
2011-03-02,154.16999999992527
2011-03-03,12997.760000000046
2011-03-04,-9207.255
2011-03-07,10396.322500000135
2011-03-08,11892.684999999952
2011-03-09,11858.500000000045
2011-03-10,-5914.750000000044
2011-03-11,-17011.210000000025
2011-03-14,1402.2899999998517
2011-03-15,-4947.509999999866
2011-03-16,-16164.579999999907
2011-03-17,312.7974999999509
2011-03-18,15642.745000000004
2011-03-21,24327.755000000023
2011-03-22,3419.6975000000416
2011-03-23,-1671.962499999931
2011-03-24,-3524.4749999999713
2011-03-25,6723.979999999912
2011-03-28,2300.7850000001386
2011-03-29,16793.91999999989
2011-03-30,15091.335000000065
2011-03-31,5177.292500000034
2011-04-01,21133.064999999937
2011-04-04,-9764.154999999939
2011-04-05,10500.239999999923
2011-04-06,13239.995000000175
2011-04-07,-13767.010000000277
2011-04-08,13182.190000000273
2011-04-11,-22849.649999999987
2011-04-12,-6781.670000000107
2011-04-13,6879.522500000316
2011-04-14,10646.959999999915
2011-04-15,1509.667499999996
2011-04-18,-22586.8775000001
2011-04-19,-4341.384999999948
2011-04-20,6661.019999999958
2011-04-21,141.79000000002492
2011-04-25,-7195.397500000027
2011-04-26,-972.4600000000029
2011-04-27,31511.014999999767
2011-04-28,2933.3050000000317
2011-04-29,-3411.2824999999193
2011-05-02,-25575.089999999997
2011-05-03,486.5349999998781
2011-05-04,10806.580000000165
2011-05-05,-25484.01250000002
2011-05-06,7295.954999999938
2011-05-09,13811.780000000133
2011-05-10,17280.63249999987
2011-05-11,-17843.64999999989
2011-05-12,-8827.33750000008
2011-05-13,-3642.6375000000726
2011-05-16,-4945.740000000047
2011-05-17,11125.799999999886
2011-05-18,-2034.7274999999079
2011-05-19,8277.250000000007
2011-05-20,-13513.89999999995
2011-05-23,-271.25250000010186
2011-05-24,7056.55500000004
2011-05-25,-13209.670000000071
2011-05-26,-2265.6775000000634
2011-05-27,-6340.425000000001
2011-05-30,3808.8800000000524
2011-05-31,-11788.542499999905
2011-06-01,-13468.639999999925
2011-06-02,-8342.795000000231
2011-06-03,-1971.5849999998504
2011-06-06,-2684.559999999981
2011-06-07,4525.719999999952
2011-06-08,-5482.749999999995
2011-06-09,13098.74499999998
2011-06-10,-16204.349999999988
2011-06-13,4230.539999999947
2011-06-14,1988.6550000000302
2011-06-15,-5052.972500000185
2011-06-16,15787.890000000154
2011-06-17,10180.00000000001
2011-06-20,2351.549999999881
2011-06-21,686.5825000000875
2011-06-22,1164.629999999889
2011-06-23,-5784.997499999983
2011-06-24,-11172.679999999978
2011-06-27,9168.8625
2011-06-28,9478.280000000004
2011-06-29,16905.982499999976
2011-06-30,6097.654999999921
2011-07-01,7746.794999999967
2011-07-04,-7092.9399999998805
2011-07-05,-6625.690000000125
2011-07-06,3312.365000000032
2011-07-07,-7946.760000000023
2011-07-08,-14875.365000000158
2011-07-11,-11732.695000000043
2011-07-12,-14851.085000000023
2011-07-13,15052.399999999963
2011-07-14,3873.5899999998965
2011-07-15,347.46000000011554
2011-07-18,4142.617499999896
2011-07-19,3869.320000000092
2011-07-20,4779.164999999965
2011-07-21,5689.927499999964
2011-07-22,-3083.8950000000063
2011-07-25,-9985.512500000023
2011-07-26,-1762.78249999997
2011-07-27,16934.020000000135
2011-07-28,-14574.070000000103
2011-07-29,-8780.525000000029
2011-08-01,17799.512500000088
2011-08-02,-10589.62499999999
2011-08-03,-7509.337500000001
2011-08-04,-3256.2649999998857
2011-08-05,3704.6449999999622
2011-08-08,2153.805000000137
2011-08-09,-28415.05499999995
2011-08-10,19642.267500000027
2011-08-11,14060.989999999905
2011-08-12,11511.115000000134
2011-08-15,13525.307499999997
2011-08-16,3875.4649999999438
2011-08-17,6167.94500000003
2011-08-18,-170.62500000004866
2011-08-19,11873.352500000045
2011-08-22,9292.677500000067
2011-08-23,-11156.995000000024
2011-08-24,-13336.594999999985
2011-08-25,3867.269999999975
2011-08-26,13706.457499999991
2011-08-29,6359.970000000064
2011-08-30,9644.952500000065
2011-08-31,-8141.254999999942
2011-09-01,344.64999999996655
2011-09-02,1779.3575000000155
2011-09-05,-11455.294999999935
2011-09-06,13914.572499999922
2011-09-07,-3780.942500000087
2011-09-08,2479.922499999939
2011-09-09,-1092.000000000031
2011-09-12,-14704.724999999979
2011-09-13,4508.017500000026
2011-09-14,-9601.037499999997
2011-09-15,6307.610000000058
2011-09-16,12021.607499999884
2011-09-19,-10335.454999999987
2011-09-20,3949.769999999947
2011-09-21,-4330.892499999966
2011-09-22,-6459.502499999963
2011-09-23,-28971.32500000007
2011-09-26,-3532.3099999999313
2011-09-27,7281.709999999934
2011-09-28,-8028.537499999982
2011-09-29,2495.2600000000402
2011-09-30,11528.822500000053
2011-10-03,-9051.949999999943
2011-10-04,-3756.829999999947
2011-10-05,7356.575000000015
2011-10-06,6597.977500000045
2011-10-07,4989.242499999975
2011-10-10,8497.94500000003
2011-10-11,587.8549999998352
2011-10-12,18796.015000000032
2011-10-13,-1025.4850000000165
2011-10-14,-7905.069999999913
2011-10-17,3363.540000000042
2011-10-18,11832.404999999904
2011-10-19,-5592.5950000000075
2011-10-20,2954.2999999999606
2011-10-21,-5807.6349999999065
2011-10-24,2111.4799999999786
2011-10-25,2290.3225000000375
2011-10-26,9855.647500000006
2011-10-27,16507.897499999868
2011-10-28,-7561.20749999989
2011-10-31,17365.93749999995
2011-11-01,-5118.125000000046
2011-11-02,832.3425000000287
2011-11-03,1199.57250000003
2011-11-04,1527.1800000000078
2011-11-07,9699.649999999963
2011-11-08,-8162.07749999999
2011-11-09,-8930.867500000033
2011-11-10,-1159.9800000000655
2011-11-11,9636.082500000088
2011-11-14,2409.4050000000143
2011-11-15,3677.41249999999
2011-11-16,-4182.750000000007
2011-11-17,-2997.1875000000105
2011-11-18,3573.0924999999893
2011-11-21,-12231.270000000031
2011-11-22,7539.56750000009
2011-11-23,-5413.152499999971
2011-11-24,462.21750000008285
2011-11-25,-6502.115000000003
2011-11-28,14382.36500000005
2011-11-29,535.1274999999928
2011-11-30,2128.6675000001414
2011-12-01,10527.012499999999
2011-12-02,1329.7249999999874
2011-12-05,3973.752500000123
2011-12-06,-7709.787499999997
2011-12-07,6764.024999999984
2011-12-08,-13734.015000000038
2011-12-09,-3177.074999999984
2011-12-12,2453.3800000001074
2011-12-13,4498.087499999991
2011-12-14,6105.9199999999855
2011-12-15,-3215.8774999999864
2011-12-16,-5619.957499999944
2011-12-19,-634.9300000000163
2011-12-20,1142.2575000000209
2011-12-21,3983.85750000006
2011-12-22,5113.357500000045
2011-12-23,7869.920000000024
2011-12-26,2404.415000000009
2011-12-27,-1397.2974999999149
2011-12-28,-8792.312500000016
2011-12-29,-3309.2599999999957
2011-12-30,-13382.027499999978
2012-01-02,3548.7800000000107
2012-01-03,18628.187499999927
2012-01-04,-11396.93249999999
2012-01-05,9240.28749999996
2012-01-06,-15245.602499999972
2012-01-09,3537.4350000001014
2012-01-10,9289.429999999984
2012-01-11,-4403.6750000000275
2012-01-12,3227.150000000038
2012-01-13,-1662.7500000000155
2012-01-16,4639.957500000007
2012-01-17,4084.2775000000634
2012-01-18,-633.2550000000147
2012-01-19,12433.297499999908
2012-01-20,8653.99250000001
2012-01-23,-18111.900000000012
2012-01-24,1848.1600000000008
2012-01-25,-1019.1075000000176
2012-01-26,3630.612499999881
2012-01-27,-7871.0874999999405
2012-01-30,4963.642499999927
2012-01-31,-1331.4225000000238
2012-02-01,94.73500000000593
2012-02-02,2139.8524999998203
2012-02-03,5845.307500000128
2012-02-06,-3150.772499999999
2012-02-07,9923.47000000009
2012-02-08,5532.355000000052
2012-02-09,5576.212499999951
2012-02-10,2631.0050000000538
2012-02-13,1337.5199999999952
2012-02-14,-14106.609999999924
2012-02-15,2632.459999999881
2012-02-16,7087.022499999922
2012-02-17,-5371.042499999869
2012-02-20,3184.9524999998716
2012-02-21,-10655.699999999897
2012-02-22,10087.770000000004
2012-02-23,863.8924999998916
2012-02-24,3100.3774999999655
2012-02-27,-2212.687499999928
2012-02-28,-3087.029999999985
2012-02-29,-17976.38749999981
2012-03-01,-1563.8275000001552
2012-03-02,-2148.297500000009
2012-03-05,3011.5575000000463
2012-03-06,-23137.232499999976
2012-03-07,16594.432500000003
2012-03-08,1365.7549999999055
2012-03-09,3643.1299999998882
2012-03-12,10778.082499999944
2012-03-13,19248.522500000036
2012-03-14,4287.840000000065
2012-03-15,-16739.557499999974
2012-03-16,1134.5899999999376
2012-03-19,663.4874999998265
2012-03-20,-12660.967499999882
2012-03-21,-5252.387499999907
2012-03-22,-5659.972500000103
2012-03-23,-2698.6375000001512
2012-03-26,-6688.267499999964
2012-03-27,-7614.4074999998975
2012-03-28,-5701.707500000007
2012-03-29,3813.6974999999316
2012-03-30,1846.8375000000954
2012-04-02,747.7849999999611
2012-04-03,5291.537500000173
2012-04-04,-5181.697500000037
2012-04-05,11865.172500000011
2012-04-06,-10334.145000000073
2012-04-09,165.57500000000618
2012-04-10,-11259.159999999982
2012-04-11,18188.71499999997
2012-04-12,2757.7900000000127
2012-04-13,-2153.517499999988
2012-04-16,-7747.742499999944
2012-04-17,-8441.977500000026
2012-04-18,-6038.380000000034
2012-04-19,-2655.335000000048
2012-04-20,-11078.02250000001
2012-04-23,-4249.460000000019
2012-04-24,4148.51000000019
2012-04-25,-13298.850000000079
2012-04-26,5628.5700000001
2012-04-27,-6461.112499999992
2012-04-30,-16811.08249999997
2012-05-01,-5737.652500000001
2012-05-02,5690.947499999954
2012-05-03,-9366.057500000004
2012-05-04,1331.4375000001235
2012-05-07,2669.537499999966
2012-05-08,-7856.7975000000815
2012-05-09,-6456.407500000027
2012-05-10,-7246.287500000073
2012-05-11,-1247.8625000000134
2012-05-14,6492.137500000181
2012-05-15,-803.1974999999403
2012-05-16,-15097.797500000077
2012-05-17,-27436.932499999915
2012-05-18,-25684.724999999973
2012-05-21,5445.302500000088
2012-05-22,-17733.542500000112
2012-05-23,-11967.317500000056
2012-05-24,2316.137500000026
2012-05-25,-3618.1349999999943
2012-05-28,13318.125000000033
2012-05-29,13765.569999999954
2012-05-30,-7381.304999999979
2012-05-31,-3896.1449999999386
2012-06-01,-15366.902499999891
2012-06-04,-5369.672500000047
2012-06-05,6737.202499999858
2012-06-06,15093.39250000013
2012-06-07,6825.037499999996
2012-06-08,7924.139999999911
2012-06-11,-5483.182499999861
2012-06-12,393.23999999992
2012-06-13,8323.512499999963
2012-06-14,-7321.412500000092
2012-06-15,-19955.83249999986
2012-06-18,-1742.7200000001108
2012-06-19,554.6449999999633
2012-06-20,-10512.16000000011
2012-06-21,-7300.19999999994
2012-06-22,7166.705000000011
2012-06-25,-13275.449999999946
2012-06-26,2822.3074999999053
2012-06-27,7648.36999999991
2012-06-28,-4760.000000000056
2012-06-29,16760.900000000016
2012-07-02,-2622.3250000000216
2012-07-03,5135.0250000002325
2012-07-04,557.7150000000233
2012-07-05,4700.080000000052
2012-07-06,5108.135000000025
2012-07-09,-880.2099999998904
2012-07-10,1308.5749999999089
2012-07-11,1836.8349999998427
2012-07-12,-4958.395000000054
2012-07-13,4277.990000000117
2012-07-16,-190.58999999998036
2012-07-17,3236.595000000051
2012-07-18,5361.699999999865
2012-07-19,-5083.964999999997
2012-07-20,15018.729999999932
2012-07-23,-17510.77500000003
2012-07-24,-3044.6849999999527
2012-07-25,6390.870000000177
2012-07-26,-13001.495000000157
2012-07-27,10400.305000000124
2012-07-30,11656.91999999986
2012-07-31,-3561.3149999998773
2012-08-01,5019.849999999911
2012-08-02,15109.765000000147
2012-08-03,-85.76500000019644
2012-08-06,-6220.450000000084
2012-08-07,2458.120000000093
2012-08-08,-2536.070000000021
2012-08-09,21485.609999999993
2012-08-10,17804.319999999894
2012-08-13,-10763.319999999949
2012-08-14,-3873.854999999814
2012-08-15,17876.03499999966
2012-08-16,-1102.1950000001818
2012-08-17,-12498.590000000064
2012-08-20,5977.44499999983
2012-08-21,-3033.659999999856
2012-08-22,2664.319999999945
2012-08-23,-6256.695000000068
2012-08-24,4584.8950000000095
2012-08-27,4725.655000000099
2012-08-28,-3756.365000000095
2012-08-29,-3382.6550000002035
2012-08-30,-7433.710000000123
2012-08-31,23582.57000000015
2012-09-03,-7324.440000000037
2012-09-04,-6995.740000000261
2012-09-05,-2442.3349999995817
2012-09-06,9104.370000000163
2012-09-07,-8914.0400000002
2012-09-10,-701.2250000000062
2012-09-11,-6762.274999999862
2012-09-12,-8283.04499999994
2012-09-13,3572.8149999998714
2012-09-14,-10992.44500000013
2012-09-17,-6892.524999999923
2012-09-18,1194.4500000000648
2012-09-19,-474.87499999995214
2012-09-20,-8367.989999999943
2012-09-21,-7898.004999999814
2012-09-24,-3188.8475000001363
2012-09-25,4923.512499999956
2012-09-26,536.0400000000938
2012-09-27,6354.877499999874
2012-09-28,-10011.789999999957
2012-10-01,-5781.084999999952
2012-10-02,-15814.34000000011
2012-10-03,-683.9350000000359
2012-10-04,11826.99249999995
2012-10-05,1792.3850000000439
2012-10-08,4645.51999999995
2012-10-09,7396.645000000059
2012-10-10,-2895.292499999962
2012-10-11,-3262.282499999971
2012-10-12,-7893.782499999986
2012-10-15,10942.957500000008
2012-10-16,-11872.029999999953
2012-10-17,10550.784999999976
2012-10-18,4855.910000000042
2012-10-19,-11999.99750000011
2012-10-22,-4147.402500000047
2012-10-23,-21262.854999999974
2012-10-24,-589.3975000000722
2012-10-25,26202.957499999833
2012-10-26,-6211.292500000119
2012-10-29,-1960.847499999833
2012-10-30,5412.867500000166
2012-10-31,8765.514999999887
2012-11-01,-1474.9799999999582
2012-11-02,-7739.605000000086
2012-11-05,8724.092499999964
2012-11-06,12306.782500000125
2012-11-07,-7779.122499999949
2012-11-08,-8787.132500000056
2012-11-09,4719.165000000052
2012-11-12,-5522.402500000066
2012-11-13,-14252.937499999973
2012-11-14,-8038.292500000116
2012-11-15,5334.427500000131
2012-11-16,1949.0600000001102
2012-11-19,14306.892499999996
2012-11-20,-7438.15000000023
2012-11-21,2399.2775000001684
2012-11-22,-7558.60999999989
2012-11-23,6826.737499999925
2012-11-26,-5003.562499999933
2012-11-27,-4970.56000000011
2012-11-28,-7088.467499999903
2012-11-29,-2230.987500000257
2012-11-30,-3654.1749999998
2012-12-03,-11781.459999999945
2012-12-04,-2660.377499999931
2012-12-05,1073.1925000002682
2012-12-06,14937.709999999724
2012-12-07,3002.3324999999536
2012-12-10,2245.10500000017
2012-12-11,3642.0674999999073
2012-12-12,-4531.287499999868
2012-12-13,3216.2174999997874
2012-12-14,7448.087499999801
2012-12-17,-16111.084999999683
2012-12-18,-20133.407500000176
2012-12-19,4363.52999999984
2012-12-20,4990.409999999695
2012-12-21,658.0450000000312
2012-12-24,-711.7699999999363
2012-12-25,-1958.3999999999644
2012-12-26,14881.245000000217
2012-12-27,690.9150000000154
2012-12-28,-16482.472500000073
2012-12-31,3373.9199999998636
2013-01-01,-481.11500000004025
2013-01-02,-417.59749999995563
2013-01-03,-2891.9750000000167
2013-01-04,-7107.492500000243
2013-01-07,3726.3349999999164
2013-01-08,-2789.5475000000606
2013-01-09,9707.897499999983
2013-01-10,-14469.530000000266
2013-01-11,-25623.869999999883
2013-01-14,36712.614999999474
2013-01-15,-1860.949999999793
2013-01-16,-4544.434999999945
2013-01-17,-14371.957500000024
2013-01-18,-17440.902499999967
2013-01-21,7924.695000000141
2013-01-22,-4724.860000000031
2013-01-23,-967.9925000000162
2013-01-24,-6296.997500000102
2013-01-25,-8440.95999999988
2013-01-28,-581.6274999998475
2013-01-29,8061.777500000096
2013-01-30,-26305.477500000077
2013-01-31,3755.15250000014
2013-02-01,10824.357500000047
2013-02-04,25077.582500000175
2013-02-05,8986.794999999953
2013-02-06,-4006.130000000099
2013-02-07,2143.5600000000118
2013-02-08,-25502.29999999994
2013-02-11,5430.035000000033
2013-02-12,5494.732499999949
2013-02-13,-3927.850000000193
2013-02-14,-17189.539999999935
2013-02-15,-26240.704999999794
2013-02-18,4176.365000000061
2013-02-19,18782.84749999988
2013-02-20,-5734.457499999834
2013-02-21,19248.51750000008
2013-02-22,1334.1825000000847
2013-02-25,-2250.6449999999713
2013-02-26,-5699.490000000103
2013-02-27,1226.8424999998656
2013-02-28,-4631.977500000062
2013-03-01,3102.900000000086
2013-03-04,6231.925000000227
2013-03-05,-1927.5500000000063
2013-03-06,6350.862499999945
2013-03-07,-15015.452499999883
2013-03-08,26708.467499999882
2013-03-11,2193.195000000118
2013-03-12,8695.830000000082
2013-03-13,1413.2824999999757
2013-03-14,6533.047499999956
2013-03-15,5268.549999999997
2013-03-18,10901.575000000008
2013-03-19,6062.502499999885
2013-03-20,-2068.167499999983
2013-03-21,11855.850000000004
2013-03-22,-14808.624999999969
2013-03-25,18659.54999999995
2013-03-26,3396.3074999998007
2013-03-27,4198.4025000001075
2013-03-28,-2786.515000000088
2013-04-01,-24750.8699999999
2013-04-02,-8643.47499999993
2013-04-03,-18288.13000000001
2013-04-04,-12075.81500000009
2013-04-05,-20862.935000000132
2013-04-08,3327.1500000000174
2013-04-09,5204.069999999942
2013-04-10,-7576.349999999968
2013-04-11,-3856.93749999984
2013-04-12,-28634.869999999857
2013-04-15,-56669.11000000009
2013-04-16,-6898.330000000062
2013-04-17,6674.5249999999805
2013-04-18,-15192.217500000115
2013-04-19,7653.405000000029
2013-04-22,5739.107500000179
2013-04-23,13626.987499999941
2013-04-24,-2761.192499999953
2013-04-25,-3239.4699999999257
2013-04-26,2936.6924999998964
2013-04-29,1155.4899999999568
2013-04-30,-15117.049999999892
2013-05-01,-11623.285000000053
2013-05-02,18687.577499999927
2013-05-03,11798.910000000034
2013-05-06,-3070.574999999952
2013-05-07,-760.824999999922
2013-05-08,-1495.7475000001216
2013-05-09,1060.715000000097
2013-05-10,-6241.409999999823
2013-05-13,-6455.997499999986
2013-05-14,-5609.420000000087
2013-05-15,3093.0400000001127
2013-05-16,279.7599999999966
2013-05-17,-10265.18750000002
2013-05-20,2866.130000000025
2013-05-21,-15072.830000000089
2013-05-22,-19899.15749999993
2013-05-23,-1753.594999999931
2013-05-24,-5440.580000000106
2013-05-27,-4626.342500000048
2013-05-28,12413.177500000264
2013-05-29,-13663.422499999904
2013-05-30,16262.997499999965
2013-05-31,-15042.974999999955
2013-06-03,12910.452499999978
2013-06-04,-14665.712499999989
2013-06-05,-18031.00249999998
2013-06-06,12266.214999999918
2013-06-07,6937.477499999997
2013-06-10,1529.1174999999828
2013-06-11,6249.2225000000135
2013-06-12,-8034.699999999948
2013-06-13,-1701.5774999999974
2013-06-14,130.03000000007728
2013-06-17,-16381.972500000027
2013-06-18,-6377.267500000111
2013-06-19,-12871.512499999926
2013-06-20,-16333.072499999978
2013-06-21,8598.29500000008
2013-06-24,12586.594999999943
2013-06-25,2525.1799999999
2013-06-26,3036.1650000000404
2013-06-27,-7626.777499999974
2013-06-28,-17239.682499999944
2013-07-01,6603.600000000006
2013-07-02,-1090.435000000123
2013-07-03,-3976.68999999998
2013-07-04,9406.287500000008
2013-07-05,-13072.262499999972
2013-07-08,6508.070000000001
2013-07-09,3340.035000000096
2013-07-10,-7262.334999999998
2013-07-11,-1239.920000000037
2013-07-12,-10915.909999999945
2013-07-15,4849.122500000053
2013-07-16,7514.514999999958
2013-07-17,-2778.0775000001
2013-07-18,3552.3575000001447
2013-07-19,2920.707499999914
2013-07-22,1506.360000000066
2013-07-23,3534.2425000000367
2013-07-24,-7245.377500000043
2013-07-25,-3274.62500000006
2013-07-26,-522.2474999999506
2013-07-29,-10399.837499999918
2013-07-30,-13298.405000000086
2013-07-31,-11387.707500000013
2013-08-01,-5044.337499999874
2013-08-02,-13315.694999999945
2013-08-05,-2829.87500000002
2013-08-06,-13605.787499999873
2013-08-07,-3537.1075000000174
2013-08-08,4735.855000000046
2013-08-09,17472.672499999902
2013-08-12,-4335.574999999943
2013-08-13,-6062.34249999997
2013-08-14,5763.644999999985
2013-08-15,-5503.510000000014
2013-08-16,-3367.1799999999594
2013-08-19,-10204.602500000074
2013-08-20,-1302.3949999999213
2013-08-21,-8954.492500000044
2013-08-22,-1458.4175000000387
2013-08-23,6781.615000000127
2013-08-26,-6723.960000000026
2013-08-27,-3031.89250000007
2013-08-28,7277.0575000000135
2013-08-29,392.0249999999727
2013-08-30,1592.062500000065
2013-09-02,-849.4049999999675
2013-09-03,4093.659999999923
2013-09-04,17240.64250000006
2013-09-05,16958.962499999914
2013-09-06,-5598.8824999999215
2013-09-09,-2928.5525000000716
2013-09-10,-10595.04750000004
2013-09-11,6819.054999999982
2013-09-12,-883.3774999999619
2013-09-13,-1823.5550000000007
2013-09-16,-18462.9175
2013-09-17,-2375.6400000000453
2013-09-18,9346.185000000083
2013-09-19,-8267.210000000015
2013-09-20,-14156.245000000177
2013-09-23,-2348.1875000000846
2013-09-24,5775.1850000000895
2013-09-25,-10698.247500000016
2013-09-26,-2728.3550000000487
2013-09-27,-1623.8624999999813
2013-09-30,-8905.320000000009
2013-10-01,-11629.814999999946
2013-10-02,1850.9449999999774
2013-10-03,6006.074999999914
2013-10-04,6507.252500000062
2013-10-07,-18505.017500000053
2013-10-08,-6181.535000000036
2013-10-09,-4253.454999999858
2013-10-10,4177.305000000099
2013-10-11,1045.0350000000035
2013-10-14,-4472.8825000000925
2013-10-15,-4002.222499999937
2013-10-16,17587.067499999906
2013-10-17,-3108.8074999999612
2013-10-18,1227.8925000000709
2013-10-21,2293.5099999999647
2013-10-22,7594.58750000009
2013-10-23,-21928.19500000016
2013-10-24,-205.17749999998313
2013-10-25,-6977.997499999989
2013-10-28,7110.30750000007
2013-10-29,-1704.195000000063
2013-10-30,-714.4574999998964
2013-10-31,6511.697499999969
2013-11-01,-124.61499999988547
2013-11-04,8632.167499999998
2013-11-05,-10087.875000000075
2013-11-06,11979.62750000005
2013-11-07,3674.6400000000626
2013-11-08,-3720.76750000012
2013-11-11,-3275.7174999997455
2013-11-12,-5062.532500000125
2013-11-13,13095.72000000007
2013-11-14,-1380.4224999998742
2013-11-15,-4165.19500000011
2013-11-18,10016.672500000024
2013-11-19,-934.3400000000609
2013-11-20,-19236.172500000008
2013-11-21,622.2700000000264
2013-11-22,-12088.117499999744
2013-11-25,-4897.679999999935
2013-11-26,246.2174999998516
2013-11-27,-7591.477499999901
2013-11-28,-1753.7774999999906
2013-11-29,-6175.115000000002
2013-12-02,6003.762499999979
2013-12-03,-13509.202499999952
2013-12-04,-10675.327500000025
2013-12-05,-4192.444999999927
2013-12-06,-1191.9650000000406
2013-12-09,19572.137500000033
2013-12-10,7321.462499999888
2013-12-11,1470.7550000000178
2013-12-12,9683.032500000025
2013-12-13,14453.117499999958
2013-12-16,-1867.637499999925
2013-12-17,-9368.690000000102
2013-12-18,1598.3775000000796
2013-12-19,11956.11249999994
2013-12-20,9347.497500000092
2013-12-23,-6730.87000000009
2013-12-24,13180.107500000022
2013-12-25,1738.5449999999942
2013-12-26,-705.3449999999877
2013-12-27,-2343.9824999999228
2013-12-30,-936.0400000000423
2013-12-31,3602.4099999998616
2014-01-01,-277.500000000002
2014-01-02,10898.927500000123
2014-01-03,23793.68499999989
2014-01-06,-7504.247499999846
2014-01-07,-1262.9050000000984
2014-01-08,-6262.252499999848
2014-01-09,-9367.20750000007
2014-01-10,-20279.152500000044
2014-01-13,12529.37249999994
2014-01-14,10479.025000000134
2014-01-15,5265.625000000109
2014-01-16,-8302.854999999985
2014-01-17,-5243.96750000004
2014-01-20,1132.5499999998456
2014-01-21,-11981.352499999824
2014-01-22,-2598.390000000172
2014-01-23,-34175.06499999974
2014-01-24,1113.322499999868
2014-01-27,-2214.1199999999844
2014-01-28,7883.562499999934
2014-01-29,-2715.4149999999036
2014-01-30,1238.7799999999604
2014-01-31,-3161.8149999998463
2014-02-03,3586.5399999999336
2014-02-04,21144.920000000104
2014-02-05,-6605.815000000026
2014-02-06,-3810.707500000135
2014-02-07,-7452.314999999949
2014-02-10,-9432.382499999854
2014-02-11,19259.710000000025
2014-02-12,857.3199999999091
2014-02-13,-5185.684999999879
2014-02-14,-19316.842499999937
2014-02-17,1610.2349999999765
2014-02-18,2597.8999999998873
2014-02-19,-6262.307500000029
2014-02-20,-3321.109999999999
2014-02-21,-964.267500000056
2014-02-24,-3882.6024999999936
2014-02-25,-3939.790000000126
2014-02-26,4106.707500000026
2014-02-27,2153.62750000014
2014-02-28,-14285.412499999926
2014-03-03,-4249.499999999973
2014-03-04,17197.47249999995
2014-03-05,3524.9825000000246
2014-03-06,9828.912500000091
2014-03-07,11668.02499999995
2014-03-10,-28066.01250000004
2014-03-11,-22711.96499999995
2014-03-12,-12127.209999999948
2014-03-13,7185.102499999979
2014-03-14,-2689.344999999992
2014-03-17,4369.29250000006
2014-03-18,-844.6050000000416
2014-03-19,16324.340000000111
2014-03-20,757.0475000001537
2014-03-21,5705.357499999982
2014-03-24,7313.5525000000325
2014-03-25,10913.869999999997
2014-03-26,13966.059999999996
2014-03-27,9451.855
2014-03-28,-32.72000000002333
2014-03-31,42.317499999992606
2014-04-01,-5121.052500000146
2014-04-02,-640.5100000000409
2014-04-03,3994.7699999998863
2014-04-04,2778.057500000038
2014-04-07,-10782.89499999992
2014-04-08,3626.882500000093
2014-04-09,7695.722499999956
2014-04-10,-13114.11
2014-04-11,-3493.8800000001465
2014-04-14,12161.907500000143
2014-04-15,-4532.257499999958
2014-04-16,12372.547499999979
2014-04-17,-1318.8400000000302
2014-04-21,8671.397500000228
2014-04-22,-5714.865000000199
2014-04-23,-10177.090000000026
2014-04-24,1133.027500000083
2014-04-25,2316.139999999949
2014-04-28,-8272.79249999996
2014-04-29,9080.985000000017
2014-04-30,-12889.99999999997
2014-05-01,-8323.24249999991
2014-05-02,1713.7175000000525
2014-05-05,-16564.490000000176
2014-05-06,-8856.372500000052
2014-05-07,8554.339999999898
2014-05-08,12988.552499999927
2014-05-09,11090.230000000127
2014-05-12,6877.04749999984
2014-05-13,15951.354999999943
2014-05-14,4723.7500000000055
2014-05-15,-1473.6199999999944
2014-05-16,6091.202499999955
2014-05-19,-6774.807499999962
2014-05-20,-17644.25999999988
2014-05-21,15930.727499999844
2014-05-22,1115.7349999999242
2014-05-23,12721.242500000157
2014-05-26,4469.147499999893
2014-05-27,484.0725000000496
2014-05-28,3930.1125000000416
2014-05-29,10273.530000000086
2014-05-30,2100.097499999851
2014-06-02,4472.002500000029
2014-06-03,-6563.107500000132
2014-06-04,-6775.855000000239
2014-06-05,-10683.642499999849
2014-06-06,-3347.3099999999195
2014-06-09,15946.574999999753
2014-06-10,7007.627500000331
2014-06-11,-8784.66500000026
2014-06-12,-15035.42
2014-06-13,3869.6725
2014-06-16,18328.640000000203
2014-06-17,-12953.765000000185
2014-06-18,-7038.9474999999165
2014-06-19,-5437.314999999961
2014-06-20,8089.4150000000445
2014-06-23,6487.960000000122
2014-06-24,-9639.904999999906
2014-06-25,-4272.665000000145
2014-06-26,2642.8700000001472
2014-06-27,-10723.295000000087
2014-06-30,-18089.84750000004
2014-07-01,4490.05499999987
2014-07-02,-12961.27750000015
2014-07-03,-4307.675000000316
2014-07-04,2026.1150000001794
2014-07-07,-922.7400000000589
2014-07-08,1734.1450000001391
2014-07-09,-7761.219999999882
2014-07-10,-5096.162499999892
2014-07-11,-7668.9800000000105
2014-07-14,6564.224999999804
2014-07-15,7114.284999999978
2014-07-16,11286.169999999756
2014-07-17,-18304.060000000005
2014-07-18,19618.910000000236
2014-07-21,391.12249999985465
2014-07-22,3920.4325000002063
2014-07-23,5901.782499999803
2014-07-24,-8599.622499999776
2014-07-25,-1165.3100000001896
2014-07-28,11547.73750000001
2014-07-29,-373.48499999997085
2014-07-30,-24688.30749999999
2014-07-31,-17779.262499999895
2014-08-01,-15711.27250000005
2014-08-04,-8362.172500000268
2014-08-05,-5716.782500000088
2014-08-06,3251.8650000001635
2014-08-07,3990.6574999998156
2014-08-08,-7387.405000000024
2014-08-11,-2639.8549999998663
2014-08-12,-5536.677499999854
2014-08-13,19231.24000000017
2014-08-14,-5561.4749999999585
2014-08-15,-6799.332500000071
2014-08-18,3601.4199999999564
2014-08-19,7152.767499999871
2014-08-20,6159.615000000212
2014-08-21,6350.187500000032
2014-08-22,2303.3024999998997
2014-08-25,-6511.87499999985
2014-08-26,13217.082499999775
2014-08-27,3710.215000000093
2014-08-28,5529.417500000049
2014-08-29,3052.415000000111
2014-09-01,4355.600000000095
2014-09-02,-18197.384999999824
2014-09-03,29881.097500000094
2014-09-04,19222.949999999717
2014-09-05,-5368.202500000073
2014-09-08,-12114.13499999997
2014-09-09,-5518.822500000082
2014-09-10,-4783.0699999998515
2014-09-11,-10395.420000000018
2014-09-12,-4350.110000000192
2014-09-15,-1646.742499999836
2014-09-16,1966.0000000000414
2014-09-17,13228.87249999978
2014-09-18,1649.7550000001343
2014-09-19,30422.82499999989
2014-09-22,-25810.75249999998
2014-09-23,1181.39
2014-09-24,-4558.9325
2014-09-25,-4528.8175
2014-09-26,2569.817499999963
2014-09-29,7383.395000000018
2014-09-30,-5125.157499999983
2014-10-01,3793.195000000052
2014-10-02,-5366.542499999945
2014-10-03,898.3150000000799
2014-10-06,15460.275000000262
2014-10-07,-25785.30250000008
2014-10-08,-10260.514999999854
2014-10-09,-18325.510000000082
2014-10-10,1959.9174999999861
2014-10-13,-10512.254999999783
2014-10-14,1510.2249999999976
2014-10-15,-16394.709999999868
2014-10-16,12253.742499999902
2014-10-17,9020.562499999993
2014-10-20,-10213.677499999949
2014-10-21,1996.1724999998755
2014-10-22,-1828.1650000000304
2014-10-23,14298.87500000012
2014-10-24,-3415.3549999999445
2014-10-27,-428.09749999984683
2014-10-28,5071.927499999952
2014-10-29,13086.647499999975
2014-10-30,4504.722499999946
2014-10-31,5470.595000000108
2014-11-03,-362.1499999999867
2014-11-04,-14288.462500000016
2014-11-05,7594.6800000001385
2014-11-06,603.1049999998487
2014-11-07,1159.9900000000696
2014-11-10,-1424.5774999999433
2014-11-11,14711.684999999987
2014-11-12,268.38999999996963
2014-11-13,-14521.902499999967
2014-11-14,-3174.784999999948
2014-11-17,-8305.450000000043
2014-11-18,3288.7399999998147
2014-11-19,-6289.742499999901
2014-11-20,-1704.3050000000017
2014-11-21,18544.047500000008
2014-11-24,1055.89500000002
2014-11-25,-18032.195000000018
2014-11-26,-3760.7774999999856
2014-11-27,-10122.070000000002
2014-11-28,1122.42499999994
2014-12-01,-13760.397500000065
2014-12-02,2499.045000000131
2014-12-03,7693.534999999928
2014-12-04,-3451.2074999999777
2014-12-05,15471.66000000006
2014-12-08,2554.8699999999358
2014-12-09,-8656.132499999987
2014-12-10,-9790.432500000148
2014-12-11,9541.265000000012
2014-12-12,-3821.3274999998753
2014-12-15,-8858.70500000007
2014-12-16,-1614.0599999999704
2014-12-17,15023.837500000109
2014-12-18,-5408.437499999939
2014-12-19,-8090.929999999982
2014-12-22,5098.385000000011
2014-12-23,7014.060000000146
2014-12-24,-6945.425000000117
2014-12-25,264.66500000013747
2014-12-26,-7283.7399999999425
2014-12-29,1580.154999999999
2014-12-30,2021.0975000000394
2014-12-31,-1546.829999999983
2015-01-01,7083.667499999994
2015-01-02,-13195.505000000045
2015-01-05,-3670.6500000000224
2015-01-06,6529.442499999969
2015-01-07,9898.775000000005
2015-01-08,10812.999999999996
2015-01-09,-6054.037499999914
2015-01-12,-22140.78500000005
2015-01-13,-14648.25249999993
2015-01-14,-15931.017500000069
2015-01-15,-112663.49250000005
2015-01-16,-3709.7699999999513
2015-01-19,-980.337500000019
2015-01-20,-8327.557499999999
2015-01-21,-14134.71250000001
2015-01-22,-903.2425000000435
2015-01-23,-11371.172499999979
2015-01-26,492.49249999999967
2015-01-27,7291.077500000049
2015-01-28,-2572.1474999998563
2015-01-29,191.03249999988236
2015-01-30,-467.36500000002883
2015-02-02,2917.1425000000077
2015-02-03,5031.540000000087
2015-02-04,-4175.824999999945
2015-02-05,7860.500000000029
2015-02-06,5256.2650000000385
2015-02-09,-4819.12750000005
2015-02-10,-873.0300000000428
2015-02-11,68.68750000007796
2015-02-12,8458.512499999906
2015-02-13,6383.244999999975
2015-02-16,2524.9000000000483
2015-02-17,6846.782499999953
2015-02-18,-394.70999999995905
2015-02-19,-6229.437500000046
2015-02-20,3678.8324999999636
2015-02-23,-1952.752499999938
2015-02-24,9531.029999999928
2015-02-25,-132.64750000003247
2015-02-26,-3938.1199999999776
2015-02-27,2092.965000000137
2015-03-02,-2179.5400000000245
2015-03-03,497.76000000006064
2015-03-04,1769.3149999999648
2015-03-05,-2577.5949999999866
2015-03-06,9275.149999999965
2015-03-09,104.7500000000629
2015-03-10,-7237.244999999978
2015-03-11,3230.1450000000714
2015-03-12,12565.324999999937
2015-03-13,5007.184999999972
2015-03-16,-1049.0099999999757
2015-03-17,-5294.364999999913
2015-03-18,-4113.952500000096
2015-03-19,-5584.775000000024
2015-03-20,-6113.877500000029
2015-03-23,8955.072500000033
2015-03-24,-3362.0899999999906
2015-03-25,-5955.849999999982
2015-03-26,-4429.969999999942
2015-03-27,-2688.224999999982
2015-03-30,-733.3500000000241
2015-03-31,11624.537499999942
2015-04-01,-1845.7450000000354
2015-04-02,-8799.442499999943
2015-04-03,2286.0900000000192
2015-04-06,-2091.390000000047
2015-04-07,5819.400000000026
2015-04-08,1163.819999999926
2015-04-09,2532.5850000000423
2015-04-10,4916.140000000076
2015-04-13,-4565.98499999997
2015-04-14,-763.1650000000203
2015-04-15,-3749.194999999947
2015-04-16,11236.862500000017
2015-04-17,-5.48750000003929
2015-04-20,-4559.82499999995
2015-04-21,2747.847500000016
2015-04-22,4937.470000000013
2015-04-23,-1197.8125000000932
2015-04-24,-4535.765000000029
2015-04-27,3385.1000000000504
2015-04-28,402.24499999998085
2015-04-29,-4872.6849999999995
2015-04-30,-19948.932499999995
2015-05-01,-7802.970000000101
2015-05-04,1795.8900000000058
2015-05-05,6962.909999999968
2015-05-06,-9877.460000000005
2015-05-07,5037.369999999996
2015-05-08,-11123.967500000052
2015-05-11,2610.887500000063
2015-05-12,-3071.075000000029
2015-05-13,-13557.399999999965
2015-05-14,-19756.084999999974
2015-05-15,3854.315000000127
2015-05-18,-3315.1199999999335
2015-05-19,4381.300000000032
2015-05-20,182.7800000000713
2015-05-21,-6206.744999999997
2015-05-22,-1236.0149999999803
2015-05-25,4928.25499999996
2015-05-26,4197.107500000035
2015-05-27,2290.714999999998
2015-05-28,-4494.270000000004
2015-05-29,1721.8750000000994
2015-06-01,-424.6775000000083
2015-06-02,-521.2225000000535
2015-06-03,-1979.052499999937
2015-06-04,-2542.6899999999864
2015-06-05,3294.355000000035
2015-06-08,-10236.847500000116
2015-06-09,5231.37500000008
2015-06-10,9655.245000000015
2015-06-11,5772.600000000016
2015-06-12,1733.3124999999277
2015-06-15,-5339.774999999892
2015-06-16,6784.505000000023
2015-06-17,-13932.42500000007
2015-06-18,1991.247499999993
2015-06-19,-5301.775
2015-06-22,-3293.237499999937
2015-06-23,3247.4424999999947
2015-06-24,-11018.01
2015-06-25,-3381.0800000000304
2015-06-26,4523.842499999987
2015-06-29,-13778.165000000108
2015-06-30,1035.8450000000964
2015-07-01,2436.579999999997
2015-07-02,-5318.292499999986
2015-07-03,-7680.714999999957
2015-07-06,-2211.58500000001
2015-07-07,4060.189999999963
2015-07-08,-7889.035000000023
2015-07-09,10067.859999999908
2015-07-10,-1728.6825000000113
2015-07-13,-4941.420000000021
2015-07-14,5944.470000000072
2015-07-15,-4277.3600000000115
2015-07-16,4155.545000000055
2015-07-17,2484.7199999999457
2015-07-20,-2826.9874999999984
2015-07-21,-6496.289999999969
2015-07-22,-2777.3850000000643
2015-07-23,-5791.184999999882
2015-07-24,1100.0449999999457
2015-07-27,-1982.2099999998554
2015-07-28,-3455.6650000000195
2015-07-29,4529.41000000012
2015-07-30,5457.467500000058
2015-07-31,-2080.7499999999723
2015-08-03,434.87250000008544
2015-08-04,12770.98499999995
2015-08-05,-2966.997499999909
2015-08-06,3013.514999999944
2015-08-07,8433.010000000024
2015-08-10,-3924.487500000018
2015-08-11,9212.250000000053
2015-08-12,7637.547499999872
2015-08-13,1038.2675000000017
2015-08-14,289.5525000000003
2015-08-17,-4456.762499999984
2015-08-18,3368.8850000000243
2015-08-19,-24114.95499999991
2015-08-20,-8776.212499999938
2015-08-21,-4365.8675000000685
2015-08-24,-46622.54999999998
2015-08-25,3309.3175000000083
2015-08-26,4946.039999999956
2015-08-27,15929.494999999913
2015-08-28,2733.910000000099
2015-08-31,968.1900000000558
2015-09-01,-23831.470000000045
2015-09-02,9684.330000000024
2015-09-03,-51.39250000008167
2015-09-04,-4384.130000000053
2015-09-07,3807.2700000001787
2015-09-08,-522.9325000000802
2015-09-09,-8909.32000000004
2015-09-10,1546.0200000000173
2015-09-11,-9374.702499999985
2015-09-14,-5469.760000000008
2015-09-15,8353.640000000112
2015-09-16,15537.339999999956
2015-09-17,-6293.984999999931
2015-09-18,3249.222499999948
2015-09-21,1596.7049999999006
2015-09-22,6432.307500000054
2015-09-23,-7778.047500000043
2015-09-24,4277.532500000072
2015-09-25,4241.77999999999
2015-09-28,-11631.280000000028
2015-09-29,6104.3699999999935
2015-09-30,-7977.947499999973
2015-10-01,3207.890000000014
2015-10-02,-12409.697500000086
2015-10-05,1433.1350000000307
2015-10-06,2691.9250000000047
2015-10-07,782.4550000000002
2015-10-08,4193.620000000164
2015-10-09,1638.8624999999283
2015-10-12,-6432.762499999915
2015-10-13,-4740.304999999903
2015-10-14,3649.100000000008
2015-10-15,14438.012500000106
2015-10-16,-2079.067500000067
2015-10-19,-10877.370000000039
2015-10-20,2473.3899999999794
2015-10-21,284.21750000002635
2015-10-22,8106.56000000013
2015-10-23,1242.4299999999841
2015-10-26,9171.717499999886
2015-10-27,-1685.8750000000148
2015-10-28,11391.44
2015-10-29,-6211.499999999825
2015-10-30,1751.264999999979
2015-11-02,4827.812499999997
2015-11-03,1679.8450000000219
2015-11-04,-4453.059999999953
2015-11-05,-11895.965000000073
2015-11-06,-4939.810000000007
2015-11-09,-3337.550000000091
2015-11-10,-624.9549999999699
2015-11-11,1375.972500000066
2015-11-12,-439.17500000004407
2015-11-13,-6082.879999999984
2015-11-16,9013.555000000046
2015-11-17,1914.9350000000084
2015-11-18,12001.889999999896
2015-11-19,9893.687499999947
2015-11-20,11724.580000000084
2015-11-23,15.874999999874234
2015-11-24,4247.525000000043
2015-11-25,6615.4075
2015-11-26,-2807.9600000000596
2015-11-27,-93.8225000000291
2015-11-30,5816.695000000107
2015-12-01,10398.1299999999
2015-12-02,-6723.754999999965
2015-12-03,-20473.049999999817
2015-12-04,13095.465000000047
2015-12-07,-8248.097500000109
2015-12-08,-16132.09500000004
2015-12-09,-3087.5999999999117
2015-12-10,8549.665000000005
2015-12-11,-14410.309999999941
2015-12-14,-2896.3050000000817
2015-12-15,-11872.957500000071
2015-12-16,8513.16249999998
2015-12-17,7051.827499999921
2015-12-18,2045.7850000000528
2015-12-21,-11521.60000000003
2015-12-22,4639.524999999958
2015-12-23,6720.694999999963
2015-12-24,-1141.6425000000502
2015-12-28,-13102.90499999991
2015-12-29,2613.1000000000536
2015-12-30,-119.19000000004883
2015-12-31,5113.687499999937
2016-01-04,4541.680000000069
2016-01-05,-3490.777500000052
2016-01-06,-4447.134999999998
2016-01-07,688.5849999998895
2016-01-08,-7244.490000000077
2016-01-11,10141.599999999993
2016-01-12,2067.462500000026
2016-01-13,1644.527500000054
2016-01-14,-6181.9400000000915
2016-01-15,-15646.459999999957
2016-01-18,2389.4174999998413
2016-01-19,-3095.6974999999666
2016-01-20,3285.6199999999453
2016-01-21,7424.637500000047
2016-01-22,-8523.022499999941
2016-01-25,1983.1100000000229
2016-01-26,12574.455000000004
2016-01-27,-2018.0024999999841
2016-01-28,-733.9125000000196
2016-01-29,4115.564999999963
2016-02-01,2055.7850000001185
2016-02-02,-2441.0949999999134
2016-02-03,-4438.757500000083
2016-02-04,-7439.244999999877
2016-02-05,4870.810000000006
2016-02-08,-3417.9249999999342
2016-02-09,-1600.6825000000608
2016-02-10,-4788.355000000006
2016-02-11,1303.409999999912
2016-02-12,6915.205000000043
2016-02-15,3959.4125000000276
2016-02-16,-7515.767500000064
2016-02-17,10573.250000000036
2016-02-18,3325.3999999998878
2016-02-19,1573.0499999999954
2016-02-22,10865.022499999985
2016-02-23,-10641.405000000132
2016-02-24,-1207.5199999999006
2016-02-25,6082.847500000017
2016-02-26,-3512.820000000075
2016-02-29,-4263.80749999997
2016-03-01,4062.3499999999885
2016-03-02,8897.187499999958
2016-03-03,3879.2824999999984
2016-03-04,6447.014999999994
2016-03-07,10667.535000000096
2016-03-08,-4622.630000000155
2016-03-09,7535.557500000159
2016-03-10,-23392.65000000011
2016-03-11,7623.254999999991
2016-03-14,-3801.909999999926
2016-03-15,-6758.072499999954
2016-03-16,-2252.37500000005
2016-03-17,5921.695000000072
2016-03-18,-601.650000000003
2016-03-21,424.38999999999885
2016-03-22,5749.6225000000795
2016-03-23,-221.33000000000493
2016-03-24,1217.600000000042
2016-03-28,-6322.725000000094
2016-03-29,-2820.382499999943
2016-03-30,5326.050000000015
2016-03-31,-2874.3650000000443
2016-04-01,-1631.1599999997916
2016-04-04,-16243.015000000154
2016-04-05,-2442.547500000055
2016-04-06,7825.842500000026
2016-04-07,2210.7900000000604
2016-04-08,9838.110000000026
2016-04-11,18371.959999999963
2016-04-12,8361.359999999968
2016-04-13,5163.265000000073
2016-04-14,4295.849999999913
2016-04-15,7371.87499999989
2016-04-18,-6509.469999999925
2016-04-19,-3844.81500000018
2016-04-20,13388.2275
2016-04-21,848.5550000000533
2016-04-22,1842.1774999999795
2016-04-25,1240.0000000000946
2016-04-26,8145.165000000062
2016-04-27,-8646.947500000135
2016-04-28,5301.007500000117
2016-04-29,-13318.160000000047
2016-05-02,1330.3624999999574
2016-05-03,-7264.069999999977
2016-05-04,-3158.1500000001047
2016-05-05,14571.95750000015
2016-05-06,701.1849999998612
2016-05-09,-6355.920000000073
2016-05-10,21238.364999999936
2016-05-11,6158.6750000000775
2016-05-12,1358.3949999999377
2016-05-13,-8829.799999999928
2016-05-16,9804.65999999986
2016-05-17,4234.46999999996
2016-05-18,1877.49000000022
2016-05-19,5865.449999999892
2016-05-20,-2253.0200000000823
2016-05-23,-2968.685000000032
2016-05-24,16112.42500000003
2016-05-25,3372.3049999999594
2016-05-26,-9466.789999999939
2016-05-27,2641.8100000000504
2016-05-30,-6162.759999999995
2016-05-31,-7385.245000000098
2016-06-01,-5070.725000000082
2016-06-02,2305.479999999911
2016-06-03,-17279.25999999981
2016-06-06,-5672.685000000128
2016-06-07,-4980.27500000002
2016-06-08,4773.740000000068
2016-06-09,-12120.035000000018
2016-06-10,758.4449999999806
2016-06-13,140.81500000015967
2016-06-14,-7769.074999999912
2016-06-15,2801.124999999776
2016-06-16,-5110.170000000008
2016-06-17,-1341.299999999886
2016-06-20,19803.334999999865
2016-06-21,3926.4399999999723
2016-06-22,1441.1349999999698
2016-06-23,-1444.6549999999806
2016-06-24,-11319.387500000017
2016-06-27,-171.0925000000134
2016-06-28,3992.2749999999432
2016-06-29,782.1399999998933
2016-06-30,16807.137500000146
2016-07-01,15377.412499999924
2016-07-04,-3770.7425000000703
2016-07-05,-13100.200000000012
2016-07-06,3488.160000000098
2016-07-07,-1688.74500000006
2016-07-08,4504.5750000000435
2016-07-11,5450.284999999898
2016-07-12,4092.7850000001426
2016-07-13,5378.9450000000015
2016-07-14,-3369.260000000035
2016-07-15,3008.7550000000138
2016-07-18,2190.4300000001176
2016-07-19,-5472.475000000133
2016-07-20,-6946.425000000008
2016-07-21,-2489.4500000000553
2016-07-22,-1897.6299999998987
2016-07-25,-10739.729999999967
2016-07-26,11231.05249999999
2016-07-27,-5531.407500000132
2016-07-28,-91.195000000106
2016-07-29,4041.955000000042
2016-08-01,-17721.714999999986
2016-08-02,-1296.509999999838
2016-08-03,-533.5825000000937
2016-08-04,8503.445000000049
2016-08-05,4691.769999999949
2016-08-08,1644.5774999999705
2016-08-09,2820.0899999999688
2016-08-10,-11282.000000000064
2016-08-11,1193.5550000000337
2016-08-12,-14044.749999999933
2016-08-15,6843.824999999879
2016-08-16,-10427.70249999999
2016-08-17,7986.784999999949
2016-08-18,-2585.6699999997877
2016-08-19,3693.529999999989
2016-08-22,-433.60000000003674
2016-08-23,147.96500000000054
2016-08-24,2957.787499999919
2016-08-25,-4338.044999999848
2016-08-26,11595.779999999972
2016-08-29,4796.099999999777
2016-08-30,1642.2925000000932
2016-08-31,-1298.4700000001717
2016-09-01,-7850.304999999759
2016-09-02,3101.924999999821
2016-09-05,9234.02249999989
2016-09-06,-1488.9000000000083
2016-09-07,5461.857499999884
2016-09-08,-4257.82249999984
2016-09-09,-22131.212500000187
2016-09-12,-15893.847500000009
2016-09-13,-8436.864999999798
2016-09-14,-2557.6525000001084
2016-09-15,2638.5924999999925
2016-09-16,6729.372500000056
2016-09-19,-2200.0599999999467
2016-09-20,-4711.4049999998815
2016-09-21,14030.409999999918
2016-09-22,-5361.865000000038
2016-09-23,-6338.005
2016-09-26,1651.824999999902
2016-09-27,4880.6925000000865
2016-09-28,19897.04750000007
2016-09-29,2105.4449999999597
2016-09-30,12219.357500000055
2016-10-03,17486.00749999999
2016-10-04,-10922.984999999959
2016-10-05,-14589.234999999933
2016-10-06,6381.892499999999
2016-10-07,-19497.33500000009
2016-10-10,-201.4800000000023
2016-10-11,-3786.842500000063
2016-10-12,4020.4899999999466
2016-10-13,-19242.034999999905
2016-10-14,2098.9099999998843
2016-10-17,4885.394999999945
2016-10-18,6322.242500000102
2016-10-19,6094.247499999968
2016-10-20,-2873.914999999909
2016-10-21,16915.20000000003
2016-10-24,6439.829999999911
2016-10-25,8048.907500000054
2016-10-26,9855.349999999877
2016-10-27,-3374.325000000008
2016-10-28,-17053.127499999962
2016-10-31,18994.31000000007
2016-11-01,-33495.86999999995
2016-11-02,-8245.262500000028
2016-11-03,4986.939999999933
2016-11-04,-6165.922499999988
2016-11-07,13198.970000000003
2016-11-08,27689.767499999965
2016-11-09,-21101.60499999999
2016-11-10,12816.040000000186
2016-11-11,-11968.367500000048
2016-11-14,33371.57999999996
2016-11-15,11451.894999999891
2016-11-16,-9616.409999999936
2016-11-17,-2085.3675000000967
2016-11-18,-3957.9550000000836
2016-11-21,11230.864999999969
2016-11-22,9781.424999999977
2016-11-23,14017.997499999914
2016-11-24,5320.232499999856
2016-11-25,-10361.342499999835
2016-11-28,8704.604999999878
2016-11-29,4306.38000000016
2016-11-30,12911.567499999865
2016-12-01,12012.724999999939
2016-12-02,-7104.767500000033
2016-12-05,8583.387499999772
2016-12-06,5684.410000000103
2016-12-07,1093.1600000000456
2016-12-08,2504.047500000044
2016-12-09,4826.285000000037
2016-12-12,-19598.125000000015
2016-12-13,-792.6325000002143
2016-12-14,12565.660000000094
2016-12-15,3511.487499999862
2016-12-16,-13623.512500000073
2016-12-19,-5940.49999999986
2016-12-20,-9043.509999999942
2016-12-21,13609.235000000137
2016-12-22,-5647.184999999887
2016-12-23,1243.2499999999827
2016-12-26,2880.5375000000467
2016-12-27,-7591.202500000024
2016-12-28,6434.825000000009
2016-12-29,-1533.1299999999787
2016-12-30,-6937.007499999906
2017-01-02,-1322.0075000000609
2017-01-03,-2629.0400000000022
2017-01-04,-5507.944999999941
2017-01-05,-11812.159999999896
2017-01-06,-9415.985000000013
2017-01-09,767.5950000000664
2017-01-10,10066.984999999899
2017-01-11,12629.015000000134
2017-01-12,3419.9700000000093
2017-01-13,-3764.8000000000975
2017-01-16,1428.1049999998336
2017-01-17,155.410000000051
2017-01-18,7575.569999999953
2017-01-19,7217.047500000025
2017-01-20,-11688.112500000017
2017-01-23,-8177.642500000065
2017-01-24,6069.977499999894
2017-01-25,378.88750000014136
2017-01-26,-3856.829999999948
2017-01-27,614.787500000208
2017-01-30,-8031.660000000092
2017-01-31,-14734.977500000032
2017-02-01,2137.8500000000886
2017-02-02,11821.779999999902
2017-02-03,12812.672500000039
2017-02-06,-2161.8450000000307
2017-02-07,3683.867500000067
2017-02-08,480.6424999999634
2017-02-09,-5069.28500000005
2017-02-10,7464.165000000022
2017-02-13,-2993.4099999998944
2017-02-14,11129.352499999848
2017-02-15,8210.737500000205
2017-02-16,-8739.3075000002
2017-02-17,-766.6874999998217
2017-02-20,1226.9224999998419
2017-02-21,5201.5225000000055
2017-02-22,-3695.8649999999066
2017-02-23,15314.432500000006
2017-02-24,-288.85999999999746
2017-02-27,4195.89249999996
2017-02-28,-2140.087499999898
2017-03-01,9378.925000000143
2017-03-02,-14382.867500000104
2017-03-03,-2028.1149999999598
2017-03-06,-1238.2574999998944
2017-03-07,989.394999999938
2017-03-08,-22550.022500000057
2017-03-09,-23492.90249999992
2017-03-10,-11100.50750000002
2017-03-13,-2076.9500000000203
2017-03-14,6291.6300000000765
2017-03-15,1619.059999999939
2017-03-16,-9191.317499999876
2017-03-17,-2165.0749999999266
2017-03-20,5981.319999999969
2017-03-21,-345.0450000000535
2017-03-22,-638.6649999998364
2017-03-23,-8677.642500000124
2017-03-24,-14439.72999999985
2017-03-27,1195.0974999999964
2017-03-28,-836.690000000026
2017-03-29,1821.290000000013
2017-03-30,6146.605000000096
2017-03-31,-5196.45750000013
2017-04-03,80.79749999988576
2017-04-04,-9019.06499999987
2017-04-05,-6964.734999999987
2017-04-06,3351.585000000019
2017-04-07,2304.0399999998426
2017-04-10,6123.8075000000235
2017-04-11,4836.5474999997805
2017-04-12,10942.080000000236
2017-04-13,3264.5149999999694
2017-04-17,-305.50499999985664
2017-04-18,-23596.397500000166
2017-04-19,-13706.852500000045
2017-04-20,16419.35750000013
2017-04-21,-1806.7175000000266
2017-04-24,-12306.33999999999
2017-04-25,-18545.212499999983
2017-04-26,-15398.932499999839
2017-04-27,-9998.945000000102
2017-04-28,-2222.190000000143
2017-05-01,-26513.832499999964
2017-05-02,3049.9100000001004
2017-05-03,-2227.4025000001384
2017-05-04,-16975.87999999971
2017-05-05,-541.4200000001108
2017-05-08,10208.820000000074
2017-05-09,-8575.172499999999
2017-05-10,7729.930000000049
2017-05-11,-2583.420000000097
2017-05-12,-18502.94250000012
2017-05-15,14886.855000000023
2017-05-16,4250.440000000063
2017-05-17,-2567.2124999999114
2017-05-18,-13594.970000000061
2017-05-19,117.59999999997254
2017-05-22,-3317.6749999999724
2017-05-23,9414.957499999844
2017-05-24,2859.392499999917
2017-05-25,-21415.79999999985
2017-05-26,-13844.340000000167
2017-05-29,6591.250000000083
2017-05-30,-3569.7724999999555
2017-05-31,-12391.415000000196
2017-06-01,632.9925000002115
2017-06-02,8276.849999999911
2017-06-05,5715.802500000224
2017-06-06,-3361.555000000052
2017-06-07,-5004.87250000002
2017-06-08,-5079.1499999998505
2017-06-09,20362.48249999983
2017-06-12,21476.75749999996
2017-06-13,3062.320000000063
2017-06-14,10451.202499999927
2017-06-15,-3367.8400000001316
2017-06-16,-1302.7899999996514
2017-06-19,-1197.9725000001367
2017-06-20,-12722.917499999994
2017-06-21,-16663.459999999955
2017-06-22,4536.904999999918
2017-06-23,-11095.827499999788
2017-06-26,1994.4124999999235
2017-06-27,-15366.98500000001
2017-06-28,-1558.3449999998427
2017-06-29,-6367.692500000154
2017-06-30,10486.76750000007
2017-07-03,-6103.277499999877
2017-07-04,-5169.922500000045
2017-07-05,2662.070000000011
2017-07-06,3324.2700000000837
2017-07-07,24123.185000000005
2017-07-10,176.63499999997327
2017-07-11,-5696.3300000000745
2017-07-12,7390.409999999986
2017-07-13,1935.814999999992
2017-07-14,11871.79249999992
2017-07-17,-4922.347500000014
2017-07-18,8458.30249999999
2017-07-19,8864.944999999994
2017-07-20,-5837.545000000017
2017-07-21,-4802.705000000039
2017-07-24,232.05000000014428
2017-07-25,-12530.069999999985
2017-07-26,4243.24249999992
2017-07-27,15109.637500000154
2017-07-28,13427.16499999991
2017-07-31,-3065.24000000003
2017-08-01,-10427.032499999956
2017-08-02,8321.72250000001
2017-08-03,-11364.375000000075
2017-08-04,-3377.739999999804
2017-08-07,-9338.084999999923
2017-08-08,-2753.1675000001023
2017-08-09,-6434.93749999988
2017-08-10,-15546.225000000048
2017-08-11,-1316.005000000008
2017-08-14,-1597.5974999999244
2017-08-15,4138.932499999944
2017-08-16,7728.535000000089
2017-08-17,-10975.4100000001
2017-08-18,8720.674999999907
2017-08-21,-8957.58249999994
2017-08-22,7404.2850000000635
2017-08-23,8135.809999999971
2017-08-24,5771.059999999883
2017-08-25,-7848.424999999919
2017-08-28,5481.170000000114
2017-08-29,7618.724999999771
2017-08-30,5978.520000000157
2017-08-31,21345.102499999968
2017-09-01,3790.747499999891
2017-09-04,-11931.750000000042
2017-09-05,12013.735000000142
2017-09-06,2109.754999999995
2017-09-07,8262.679999999873
2017-09-08,-2935.167499999912
2017-09-11,7319.955000000022
2017-09-12,-10238.527500000033
2017-09-13,5393.192499999959
2017-09-14,14922.09500000013
2017-09-15,-2613.3600000001243
2017-09-18,-13595.43249999984
2017-09-19,2179.73000000003
2017-09-20,17876.417499999963
2017-09-21,-3367.059999999938
2017-09-22,8646.022500000028
2017-09-25,5713.84500000001
2017-09-26,-8998.74250000003
2017-09-27,-19089.035000000036
2017-09-28,-252.45499999997344
2017-09-29,-2303.5174999999854
2017-10-02,12954.072500000091
2017-10-03,-660.6900000000383
2017-10-04,8409.08999999999
2017-10-05,-9456.785000000016
2017-10-06,-863.605000000044
2017-10-09,4944.55500000005
2017-10-10,1351.7625000000287
2017-10-11,-3170.4849999999997
2017-10-12,2876.61249999998
2017-10-13,6412.987499999985
2017-10-16,-16876.257499999927
2017-10-17,6263.075000000033
2017-10-18,12745.112500000045
2017-10-19,-2929.7124999998346
2017-10-20,5933.777499999837
2017-10-23,-8329.887500000093
2017-10-24,12214.825000000194
2017-10-25,-24136.429999999968
2017-10-26,8105.490000000102
2017-10-27,19127.609999999964
2017-10-30,-11414.174999999877
2017-10-31,14357.28499999981
2017-11-01,18395.064999999955
2017-11-02,6183.409999999961
2017-11-03,-3419.9724999999853
2017-11-06,3151.6975000001767
2017-11-07,849.1774999999413
2017-11-08,10343.157500000065
2017-11-09,-24334.099999999904
2017-11-10,-7071.607500000084
2017-11-13,-8195.42500000002
2017-11-14,-3729.4250000000575
2017-11-15,5869.237499999931
2017-11-16,-1839.015
2017-11-17,9405.412499999919
2017-11-20,9640.550000000017
2017-11-21,3792.1949999999406
2017-11-22,-3228.14249999999
2017-11-23,5123.945000000166
2017-11-24,6740.7424999999475
2017-11-27,6788.630000000139
2017-11-28,874.1424999997619
2017-11-29,-18357.80999999976
2017-11-30,11556.339999999771
2017-12-01,14083.837500000198
2017-12-04,23482.58000000015
2017-12-05,10982.117499999933
2017-12-06,-12095.819999999974
2017-12-07,-22062.869999999984
2017-12-08,22.505000000005566
2017-12-11,-885.0149999999614
2017-12-12,9242.16000000001
2017-12-13,-347.26500000004694
2017-12-14,6229.924999999759
2017-12-15,-5059.224999999931
2017-12-18,-11138.6249999999
2017-12-19,-12017.774999999905
2017-12-20,-10758.384999999744
2017-12-21,7794.737499999885
2017-12-22,6985.98499999995
2017-12-25,2517.297500000009
2017-12-26,5285.115000000072
2017-12-27,-632.2225000000067
2017-12-28,-13167.307499999992
2017-12-29,-2533.2425000000026
2018-01-01,-629.7674999998333
2018-01-02,-5056.974999999953
2018-01-03,-10692.670000000047
2018-01-04,3269.845000000236
2018-01-05,8868.35999999999
2018-01-08,6932.039999999837
2018-01-09,-8390.204999999922
2018-01-10,-20647.420000000373
2018-01-11,5096.027500000222
2018-01-12,3087.997500000156
2018-01-15,-1349.4374999999804
2018-01-16,13368.454999999905
2018-01-17,9586.290000000079
2018-01-18,-11508.78500000016
2018-01-19,1870.82999999997
2018-01-22,1050.5575000001063
2018-01-23,12912.497500000169
2018-01-24,-25940.225000000086
2018-01-25,-1525.839999999956
2018-01-26,10003.025000000029
2018-01-29,-6112.280000000061
2018-01-30,-1928.315000000237
2018-01-31,-9425.997499999794
2018-02-01,-17685.05249999999
2018-02-02,-15225.472500000153
2018-02-05,-29756.565000000013
2018-02-06,19170.672500000033
2018-02-07,-4119.660000000146
2018-02-08,-4816.860000000052
2018-02-09,9734.345000000041
2018-02-12,7241.057500000007
2018-02-13,3027.944999999975
2018-02-14,6249.117500000027
2018-02-15,-6331.09000000009
2018-02-16,530.0975000001395
2018-02-19,-51.70499999995724
2018-02-20,2271.1774999999984
2018-02-21,-7377.240000000163
2018-02-22,-6392.784999999937
2018-02-23,15898.365000000096
2018-02-26,-3340.6350000000975
2018-02-27,-3438.1725000000165
2018-02-28,-2443.3149999999846
2018-03-01,-11870.504999999952
2018-03-02,1270.6649999999568
2018-03-05,-4212.502500000039
2018-03-06,-3821.0100000000284
2018-03-07,-661.0049999998727
2018-03-08,8688.879999999881
2018-03-09,5100.442499999904
2018-03-12,-7501.50749999994
2018-03-13,-7839.824999999856
2018-03-14,-8088.502500000044
2018-03-15,6830.312500000056
2018-03-16,1532.3349999997818
2018-03-19,3293.530000000187
2018-03-20,13143.072499999955
2018-03-21,18731.009999999915
2018-03-22,-2952.4275000000243
2018-03-23,11239.76500000001
2018-03-26,-506.5225000000113
2018-03-27,-13452.562499999909
2018-03-28,-1835.1400000000936
2018-03-29,7911.954999999991
2018-04-02,-5637.799999999998
2018-04-03,-4.979999999920437
2018-04-04,134.87499999999636
2018-04-05,-1345.379999999921
2018-04-06,-9663.630000000148
2018-04-09,1066.3450000000676
2018-04-10,12121.267500000033
2018-04-11,7735.477500000073
2018-04-12,8891.150000000081
2018-04-13,1125.9025000000574
2018-04-16,-5196.397500000245
2018-04-17,-3143.189999999961
2018-04-18,778.4949999999814
2018-04-19,2288.1299999999324
2018-04-20,-3205.367499999866
2018-04-23,-3317.994999999974
2018-04-24,-11622.677500000054
2018-04-25,-2822.2149999999974
2018-04-26,9451.720000000056
2018-04-27,28123.242500000062
2018-04-30,-3683.6949999999974
2018-05-01,-2297.0750000000608
2018-05-02,311.99250000008766
2018-05-03,3626.8925000000327
2018-05-04,12817.459999999905
2018-05-07,-4615.740000000091
2018-05-08,667.8974999999346
2018-05-09,10118.987500000057
2018-05-10,3457.5749999999957
2018-05-11,-5480.89499999998
2018-05-14,10086.662500000044
2018-05-15,-11791.12750000003
2018-05-16,-8700.964999999942
2018-05-17,-10949.96749999987
2018-05-18,-8183.595000000006
2018-05-21,28109.857499999885
2018-05-22,-15732.484999999988
2018-05-23,9511.097499999993
2018-05-24,-4058.6349999999397
2018-05-25,-11616.684999999887
2018-05-28,-145.86750000007248
2018-05-29,-13767.61250000002
2018-05-30,26528.952500000203
2018-05-31,-15166.647500000136
2018-06-01,-4014.49249999987
2018-06-04,2112.219999999882
2018-06-05,-18973.0200000001
2018-06-06,-11746.480000000012
2018-06-07,-9648.05500000007
2018-06-08,5824.250000000046
2018-06-11,-690.8749999999184
2018-06-12,-10663.802500000096
2018-06-13,2847.1450000000523
2018-06-14,16595.34500000005
2018-06-15,-20328.032500000016
2018-06-18,-1548.780000000148
2018-06-19,-2060.372499999976
2018-06-20,-4897.607500000118
2018-06-21,-5538.219999999897
2018-06-22,9047.512500000019
2018-06-25,-7661.079999999952
2018-06-26,5566.889999999891
2018-06-27,-8263.837500000047
2018-06-28,7705.2250000000795
2018-06-29,1357.6274999998745
2018-07-02,-439.5249999998257
2018-07-03,-13340.212500000054
2018-07-04,-7258.405000000067
2018-07-05,-4428.949999999972
2018-07-06,8099.424999999983
2018-07-09,-7983.185000000058
2018-07-10,-5679.28999999981
2018-07-11,2184.954999999863
2018-07-12,14363.555000000082
2018-07-13,-2474.870000000044
2018-07-16,43.46500000015476
2018-07-17,-11611.449999999977
2018-07-18,881.6949999999699
2018-07-19,-7019.640000000071
2018-07-20,-1914.5600000001184
2018-07-23,-17589.432500000017
2018-07-24,13119.985000000026
2018-07-25,168.92250000007107
2018-07-26,-8333.70000000011
2018-07-27,4816.2050000001655
2018-07-30,-7802.3650000002335
2018-07-31,5547.0200000000195
2018-08-01,-1208.10499999994
2018-08-02,-12204.747500000174
2018-08-03,1564.0775000000804
2018-08-06,-6489.967499999948
2018-08-07,5019.822499999965
2018-08-08,-4298.394999999913
2018-08-09,-859.7549999998619
2018-08-10,2526.3950000001437
2018-08-13,-7833.290000000104
2018-08-14,7915.810000000081
2018-08-15,-14200.815000000206
2018-08-16,12011.009999999886
2018-08-17,-3068.1400000000854
2018-08-20,1419.200000000042
2018-08-21,-9161.960000000012
2018-08-22,1101.920000000108
2018-08-23,-6794.962500000014
2018-08-24,4911.857500000032
2018-08-27,2023.829999999998
2018-08-28,-7269.830000000145
2018-08-29,-5310.43000000007
2018-08-30,-11123.770000000055
2018-08-31,-2479.7950000000615
2018-09-03,6303.000000000125
2018-09-04,5407.719999999868
2018-09-05,-726.8999999998871
2018-09-06,4613.174999999907
2018-09-07,5158.630000000176
2018-09-10,-7816.195000000148
2018-09-11,7303.654999999846
2018-09-12,14354.800000000127
2018-09-13,-8239.249999999945
2018-09-14,-4682.960000000176
2018-09-17,-946.0549999999332
2018-09-18,2897.989999999762
2018-09-19,10392.879999999925
2018-09-20,9521.675000000101
2018-09-21,-1908.6350000003258
2018-09-24,-12394.794999999844
2018-09-25,1729.1024999999274
2018-09-26,-9728.76499999993
2018-09-27,10666.884999999851
2018-09-28,20344.319999999945
2018-10-01,-9315.545000000191
2018-10-02,-10964.279999999735
2018-10-03,-4227.744999999967
2018-10-04,1563.050000000051
2018-10-05,-2554.4375000000755
2018-10-08,-6298.2550000000265
2018-10-09,-5947.639999999997
2018-10-10,-38375.264999999985
2018-10-11,-1998.0949999999798
2018-10-12,-482.7575000000004
2018-10-15,-4844.3124999999345
2018-10-16,5219.16750000004
2018-10-17,-7179.732500000038
2018-10-18,-11597.520000000004
2018-10-19,-1217.199999999902
2018-10-22,-1557.289999999939
2018-10-23,-8569.332500000104
2018-10-24,-121.1650000001307
2018-10-25,11775.095000000007
2018-10-26,-14195.720000000083
2018-10-29,6909.857500000071
2018-10-30,7063.607499999783
2018-10-31,-11216.184999999914
2018-11-01,10348.065000000084
2018-11-02,-7107.900000000013
2018-11-05,-5831.259999999956
2018-11-06,5168.294999999987
2018-11-07,9067.292499999885
2018-11-08,3838.8975000000996
2018-11-09,-13078.417500000156
2018-11-12,-14849.51749999996
2018-11-13,8722.577499999943
2018-11-14,-25478.232499999962
2018-11-15,21081.3124999999
2018-11-16,-9425.409999999878
2018-11-19,-18868.032500000096
2018-11-20,-21675.945000000007
2018-11-21,9831.695000000103
2018-11-22,1987.3124999998097
2018-11-23,-7721.424999999825
2018-11-26,17795.07749999988
2018-11-27,-961.9199999999103
2018-11-28,-13969.702499999976
2018-11-29,11511.285000000044
2018-11-30,11042.719999999965
2018-12-03,1779.0900000000704
2018-12-04,-7285.405000000047
2018-12-05,-15294.224999999773
2018-12-06,-12461.215000000122
2018-12-07,7056.402500000133
2018-12-10,-7130.920000000042
2018-12-11,3202.4275000001053
2018-12-12,-5187.935000000105
2018-12-13,27.745000000126876
2018-12-14,-2867.255000000092
2018-12-17,-9661.912499999968
2018-12-18,-4368.6274999999205
2018-12-19,-7396.472499999967
2018-12-20,-3267.3475000000444
2018-12-21,662.4475000000918
2018-12-24,-12648.507500000196
2018-12-25,2247.9699999999293
2018-12-26,-5310.999999999996
2018-12-27,-3544.0749999999
2018-12-28,-13056.07999999999
2018-12-31,-22132.43000000009
2019-01-01,1090.8999999999573
2019-01-02,928.040000000102
2019-01-03,-8646.734999999986
2019-01-04,19923.409999999974
2019-01-07,-5824.757499999967
2019-01-08,8856.267500000036
2019-01-09,-16894.100000000028
2019-01-10,9021.660000000167
2019-01-11,8762.599999999911
2019-01-14,3604.7200000000034
2019-01-15,4924.36000000002
2019-01-16,-1064.84000000025
2019-01-17,5439.250000000064
2019-01-18,8297.640000000089
2019-01-21,-6603.345000000122
2019-01-22,-7649.025000000022
2019-01-23,7694.4350000001
2019-01-24,983.3150000000425
2019-01-25,2646.194999999939
2019-01-28,-9062.179999999935
2019-01-29,542.3499999998414
2019-01-30,-3300.615000000067
2019-01-31,7587.749999999938
2019-02-01,2077.1400000000676
2019-02-04,2374.5249999999996
2019-02-05,4595.994999999911
2019-02-06,-7111.214999999996
2019-02-07,-10704.879999999921
2019-02-08,453.6149999999988
2019-02-11,1977.3049999998468
2019-02-12,4099.915000000008
2019-02-13,7480.485000000016
2019-02-14,-11099.930000000146
2019-02-15,7822.8350000001155
2019-02-18,806.9049999999487
2019-02-19,-3319.7199999998898
2019-02-20,-736.4600000001535
2019-02-21,-3241.7949999998914
2019-02-22,8439.834999999875
2019-02-25,2045.0650000000335
2019-02-26,5802.029999999977
2019-02-27,7869.240000000078
2019-02-28,-4785.035000000036
2019-03-01,2273.3850000001416
2019-03-04,118.49999999988472
2019-03-05,1060.9500000000112
2019-03-06,-16672.610000000037
2019-03-07,13903.815000000202
2019-03-08,-10757.5100000002
2019-03-11,-3062.3049999997356
2019-03-12,-10166.845000000209
2019-03-13,-1261.000000000029
2019-03-14,-8093.839999999969
2019-03-15,-280.5949999998499
2019-03-18,-246.40000000016198
2019-03-19,-4488.004999999893
2019-03-20,-14346.290000000017
2019-03-21,-2464.7449999999626
2019-03-22,-11615.77749999981
2019-03-25,1853.9699999998456
2019-03-26,13082.604999999898
2019-03-27,5484.395000000131
2019-03-28,10022.849999999915
2019-03-29,30771.514999999952
2019-04-01,3735.307499999898
2019-04-02,-7355.804999999844
2019-04-03,8326.794999999987
2019-04-04,-306.35999999997614
2019-04-05,-792.1000000002795
2019-04-08,-3076.9050000000584
2019-04-09,-2766.329999999843
2019-04-10,1326.1700000000058
2019-04-11,8944.674999999821
2019-04-12,9888.405000000188
2019-04-15,-6760.53999999995
2019-04-16,-567.3574999998316
2019-04-17,12356.399999999765
2019-04-18,3941.3400000000393
2019-04-22,-6721.890000000113
2019-04-23,4256.90750000014
2019-04-24,-5294.922500000161
2019-04-25,-12934.034999999778
2019-04-26,-11087.087500000123
2019-04-29,815.3749999999823
2019-04-30,1805.2799999998877
2019-05-01,-8173.829999999965
2019-05-02,-8416.975000000024
2019-05-03,2549.7849999999426
2019-05-06,-1796.6000000001166
2019-05-07,-5035.899999999952
2019-05-08,-470.8599999999918
2019-05-09,1544.345000000143
2019-05-10,5651.56999999992
2019-05-13,-40872.00000000023
2019-05-14,13785.645000000159
2019-05-15,10431.969999999872
2019-05-16,5321.859999999759
2019-05-17,-5384.2299999997695
2019-05-20,3112.120000000089
2019-05-21,1288.6350000000348
2019-05-22,-8197.855000000061
2019-05-23,-23283.45000000004
2019-05-24,3469.920000000012
2019-05-27,10483.920000000027
2019-05-28,3181.8349999999177
2019-05-29,-20130.9274999998
2019-05-30,-14640.354999999994
2019-05-31,-14001.249999999842
2019-06-03,-10406.219999999787
2019-06-04,-2312.5400000001546
2019-06-05,-1179.3549999999632
2019-06-06,3692.029999999833
2019-06-07,-6779.269999999906
2019-06-10,10652.044999999851
2019-06-11,1260.3700000000945
2019-06-12,-7990.700000000175
2019-06-13,-5298.894999999822
2019-06-14,-4295.964999999895
2019-06-17,-6547.370000000001
2019-06-18,7652.390000000131
2019-06-19,-12267.397499999792
2019-06-20,-10061.447500000015
2019-06-21,-8583.357499999947
2019-06-24,-70.12000000005162
2019-06-25,11843.302500000058
2019-06-26,13404.482499999825
2019-06-27,1913.6400000000024
2019-06-28,-12093.270000000013
2019-07-01,-13351.529999999886
2019-07-02,-12647.812499999833
2019-07-03,14512.825000000246
2019-07-04,-2388.535000000156
2019-07-05,12927.390000000169
2019-07-08,144.9449999999133
2019-07-09,-14069.469999999645
2019-07-10,-4141.845000000068
2019-07-11,4352.884999999914
2019-07-12,-264.63499999995724
2019-07-15,-1388.0849999999582
2019-07-16,-1804.4399999999853
2019-07-17,-6142.744999999933
2019-07-18,-8543.004999999968
2019-07-19,5458.579999999851
2019-07-22,-9164.375000000166
2019-07-23,-1925.0449999999198
2019-07-24,-8773.085000000006
2019-07-25,2998.28500000002
2019-07-26,-6180.220000000196
2019-07-29,1845.725000000114
2019-07-30,-13762.430000000073
2019-07-31,2320.2299999999145
2019-08-01,-19223.099999999893
2019-08-02,3151.3949999998495
2019-08-05,-30830.53999999985
2019-08-06,1694.6450000001032
2019-08-07,-12956.789999999974
2019-08-08,9696.294999999665
2019-08-09,2708.6449999998795
2019-08-12,-10030.789999999943
2019-08-13,23485.25000000015
2019-08-14,-23916.844999999903
2019-08-15,-2262.5400000001105
2019-08-16,8618.365000000083
2019-08-19,1877.4299999999507
2019-08-20,-8966.020000000008
2019-08-21,5327.539999999928
2019-08-22,6573.450000000052
2019-08-23,-18919.29499999996
2019-08-26,2261.839999999969
2019-08-27,5723.740000000033
2019-08-28,-7883.694999999847
2019-08-29,8767.284999999796
2019-08-30,-7468.544999999878
2019-09-02,-8036.710000000009
2019-09-03,-15517.090000000011
2019-09-04,4524.824999999854
2019-09-05,8069.910000000019
2019-09-06,13222.100000000157
2019-09-09,6110.094999999857
2019-09-10,1743.115000000046
2019-09-11,5288.43999999997
2019-09-12,-14383.555000000011
2019-09-13,3148.4850000000692
2019-09-16,17396.805000000015
2019-09-17,-14273.56499999983
2019-09-18,1527.6449999998108
2019-09-19,713.3199999999727
2019-09-20,-8808.500000000076
2019-09-23,-6374.98500000002
2019-09-24,-6752.300000000123
2019-09-25,4426.0900000002075
2019-09-26,9253.644999999824
2019-09-27,10904.82499999992
2019-09-30,3207.600000000054
2019-10-01,-14015.269999999917
2019-10-02,-14314.20499999981
2019-10-03,-13438.780000000213
2019-10-04,5625.354999999988
2019-10-07,8979.624999999874
2019-10-08,-2587.499999999982
2019-10-09,1813.4000000000688
2019-10-10,21503.894999999917
2019-10-11,1620.4799999999477
2019-10-14,-7098.817500000153
2019-10-15,4870.512499999917
2019-10-16,-2938.78500000005
2019-10-17,6758.660000000121
2019-10-18,8543.08499999991
2019-10-21,4854.695000000006
2019-10-22,-4502.250000000054
2019-10-23,6046.427499999872
2019-10-24,-5643.039999999973
2019-10-25,4361.677500000017
2019-10-28,-9160.827499999923
2019-10-29,-6530.895000000186
2019-10-30,-21502.399999999856
2019-10-31,-6597.617500000146
2019-11-01,8935.899999999934
2019-11-04,-5662.412500000028
2019-11-05,7560.940000000145
2019-11-06,-5756.3400000000565
2019-11-07,21214.74500000004
2019-11-08,-1906.3100000001805
2019-11-11,-206.1724999997624
2019-11-12,-884.50000000004
2019-11-13,-7474.892499999879
2019-11-14,-11513.157500000016
2019-11-15,4719.390000000078
2019-11-18,7381.467499999988
2019-11-19,991.9549999998934
2019-11-20,8954.83000000008
2019-11-21,6404.185000000067
2019-11-22,8895.150000000127
2019-11-25,17371.68749999994
2019-11-26,12734.765000000089
2019-11-27,2572.775000000101
2019-11-28,485.03250000001117
2019-11-29,342.2299999999864
2019-12-02,-14847.354999999834
2019-12-03,6140.084999999831
2019-12-04,14389.767500000273
2019-12-05,-6557.725000000104
2019-12-06,15811.020000000251
2019-12-09,-12415.427500000143
2019-12-10,-6047.5775000000385
2019-12-11,8078.529999999873
2019-12-12,6522.9174999998195
2019-12-13,-10552.012499999644
2019-12-16,-3126.0100000000402
2019-12-17,-8433.187500000038
2019-12-18,-3539.50749999974
2019-12-19,-4507.090000000182
2019-12-20,-5184.047499999981
2019-12-23,-10430.634999999815
2019-12-24,-10034.905000000108
2019-12-25,1227.9000000000833
2019-12-26,6387.099999999959
2019-12-27,2203.5100000000593
2019-12-30,-4432.967500000007
2019-12-31,5260.592500000051
2020-01-01,-2362.0049999999324
2020-01-02,-1362.2850000000328
2020-01-03,-12270.895000000002
2020-01-06,-8059.632500000033
2020-01-07,-19486.764999999952
2020-01-08,21690.64249999983
2020-01-09,1871.217500000109
2020-01-10,2745.9199999999955
2020-01-13,-5822.035000000098
2020-01-14,7232.794999999911
2020-01-15,1110.7100000001349
2020-01-16,-1507.3224999998763
2020-01-17,-13743.167500000167
2020-01-20,-4744.3799999999355
2020-01-21,-2377.9625000001315
2020-01-22,-1461.254999999834
2020-01-23,8810.494999999974
2020-01-24,-16723.565000000315
2020-01-27,-9638.565000000091
2020-01-28,-2529.10250000023
2020-01-29,-15715.284999999854
2020-01-30,-13058.457499999997
2020-01-31,-31534.207499999935
2020-02-03,-645.5225000001562
2020-02-04,12691.182500000057
2020-02-05,25089.119999999853
2020-02-06,406.6350000001062
2020-02-07,-11652.16500000012
2020-02-10,-10886.92499999973
2020-02-11,8315.025000000074
2020-02-12,1567.3349999999755
2020-02-13,-1589.7225000000656
2020-02-14,3476.6850000001423
2020-02-17,-1310.365000000208
2020-02-18,-3418.5399999997953
2020-02-19,-6617.2724999999755
2020-02-20,-12245.140000000043
2020-02-21,-2358.5624999999977
2020-02-24,-12385.727500000054
2020-02-25,3776.782499999914
2020-02-26,-17625.9474999999
2020-02-27,-18216.704999999703
2020-02-28,-8925.742500000142
2020-03-02,-1209.3699999999149
2020-03-03,-31786.71999999993
2020-03-04,10419.809999999847
2020-03-05,-18299.009999999987
2020-03-06,-10467.334999999983
2020-03-09,-45311.024999999965
2020-03-10,-17110.342500000253
2020-03-11,-17281.25749999987
2020-03-12,-10983.95749999992
2020-03-13,21226.689999999995
2020-03-16,-19528.59249999996
2020-03-17,-11400.430000000051
2020-03-18,-8306.632500000023
2020-03-19,23984.120000000003
2020-03-20,18186.950000000077
2020-03-23,-2785.8425000000625
2020-03-24,-2578.9700000000366
2020-03-25,12197.027499999938
2020-03-26,3219.297499999975
2020-03-27,5524.580000000029
2020-03-30,5889.229999999979
2020-03-31,6973.077500000059
2020-04-01,-16658.120000000028
2020-04-02,-4241.474999999941
2020-04-03,-684.5149999999569
2020-04-06,16337.674999999923
2020-04-07,-9120.792500000067
2020-04-08,-286.9800000000388
2020-04-09,6304.704999999947
2020-04-13,3395.1600000000585
2020-04-14,-2583.0100000000616
2020-04-15,-3723.9649999999174
2020-04-16,3277.5475000000242
2020-04-17,945.7799999999881
2020-04-20,2542.4174999999545
2020-04-21,6356.809999999999
2020-04-22,-5477.412499999975
2020-04-23,3597.6874999999627
2020-04-24,-3107.0950000000603
2020-04-27,9405.745000000039
2020-04-28,2811.144999999901
2020-04-29,-11150.39749999999
2020-04-30,-7628.199999999995
2020-05-01,-8738.4525
2020-05-04,-5442.907500000047
2020-05-05,2314.1949999999533
2020-05-06,-6639.450000000042
2020-05-07,12821.057500000075
2020-05-08,9581.577499999992
2020-05-11,-1933.2424999999605
2020-05-12,889.319999999947
2020-05-13,284.9874999999909
2020-05-14,1203.8275000001324
2020-05-15,-1072.4049999999895
2020-05-18,4405.480000000005
2020-05-19,-1100.8099999999783
2020-05-20,7400.3624999999765
2020-05-21,3104.6499999999155
2020-05-22,-6077.35499999993
2020-05-25,3475.912500000021
2020-05-26,3629.647499999971
2020-05-27,-1368.090000000143
2020-05-28,-9585.142499999902
2020-05-29,2535.8850000000853
2020-06-01,10189.087500000021
2020-06-02,9781.83500000001
2020-06-03,-4715.494999999872
2020-06-04,-6047.574999999994
2020-06-05,11354.46
2020-06-08,-753.0399999999436
2020-06-09,-4574.087500000168
2020-06-10,-10613.749999999887
2020-06-11,-5956.654999999963
2020-06-12,18129.932500000057
2020-06-15,-5176.695000000027
2020-06-16,1809.33249999992
2020-06-17,2841.082500000065
2020-06-18,5307.302499999951
2020-06-19,-5799.0299999999825
2020-06-22,5599.527499999866
2020-06-23,-1393.5424999999618
2020-06-24,-853.9899999999718
2020-06-25,13521.609999999988
2020-06-26,-8482.580000000064
2020-06-29,-14948.305000000135
2020-06-30,735.5500000000849
2020-07-01,7136.574999999934
2020-07-02,6341.715000000005
2020-07-03,522.9049999999909
2020-07-06,-7134.790000000075
2020-07-07,6788.3999999999505
2020-07-08,-6406.775000000012
2020-07-09,-3877.1300000000315
2020-07-10,9730.694999999885
2020-07-13,5261.680000000002
2020-07-14,1235.4900000002224
2020-07-15,3801.1724999999674
2020-07-16,4013.0849999998886
2020-07-17,-2672.07500000007
2020-07-20,6750.37500000006
2020-07-21,-1373.065000000128
2020-07-22,-10405.980000000023
2020-07-23,995.6899999999123
2020-07-24,-8698.662499999971
2020-07-27,-11489.737499999963
2020-07-28,7218.522499999965
2020-07-29,-7363.569999999983
2020-07-30,-2079.775000000048
2020-07-31,-12477.50500000003
2020-08-03,-9290.284999999947
2020-08-04,-7828.672500000035
2020-08-05,-5956.3925000001
2020-08-06,-17515.81249999999
2020-08-07,-15309.010000000006
2020-08-10,5995.280000000084
2020-08-11,-7827.435000000012
2020-08-12,112.39250000004839
2020-08-13,-3049.2525000001224
2020-08-14,-11451.259999999973
2020-08-17,7424.765000000089
2020-08-18,-7221.377499999942
2020-08-19,15494.929999999995
2020-08-20,-6634.544999999942
2020-08-21,-2587.8075000001527
2020-08-24,1866.390000000045
2020-08-25,-1079.8799999999708
2020-08-26,238.20000000003884
2020-08-27,-6447.984999999964
2020-08-28,-389.52500000012895
2020-08-31,820.8225000001501
2020-09-01,11954.744999999954
2020-09-02,11190.957499999935
2020-09-03,4354.66500000008
2020-09-04,7141.944999999814
2020-09-07,2374.502500000111
2020-09-08,-7994.907500000074
2020-09-09,5800.097499999996
2020-09-10,-9779.185000000076
2020-09-11,12411.152499999966
2020-09-14,-1631.40999999982
2020-09-15,-1649.285000000063
2020-09-16,21304.259999999937
2020-09-17,18839.742499999975
2020-09-18,4153.142499999962
2020-09-21,-3839.412500000164
2020-09-22,3861.2800000000807
2020-09-23,-7469.665000000031
2020-09-24,-4040.71000000009
2020-09-25,1423.597499999968
2020-09-28,-918.7550000000499
2020-09-29,-369.04000000006135
2020-09-30,3534.382500000033
2020-10-01,-24388.34500000006
2020-10-02,11548.554999999935
2020-10-05,-5921.504999999846
2020-10-06,7200.349999999901
2020-10-07,6745.524999999941
2020-10-08,-357.6299999999873
2020-10-09,-12723.28499999992
2020-10-12,-13132.720000000076
2020-10-13,8477.845000000098
2020-10-14,1794.9550000000388
2020-10-15,-10395.980000000058
2020-10-16,-2236.329999999985
2020-10-19,-1475.860000000034
2020-10-20,-1200.1500000000267
2020-10-21,-7767.974999999997
2020-10-22,3098.4150000000072
2020-10-23,-1799.3300000000713
2020-10-26,-4246.1850000001405
2020-10-27,-4313.055000000177
2020-10-28,-2537.3299999999867
2020-10-29,-2154.0700000001207
2020-10-30,2185.395000000099
2020-11-02,19146.230000000047
2020-11-03,8744.545000000053
2020-11-04,-9503.17500000012
2020-11-05,-1003.700000000136
2020-11-06,210.8000000000281
2020-11-09,18508.275000000034
2020-11-10,12525.269999999953
2020-11-11,-6632.715000000047
2020-11-12,-6913.989999999972
2020-11-13,-554.9150000000873
2020-11-16,14953.70000000007
2020-11-17,-1256.0199999999782
2020-11-18,1523.730000000218
2020-11-19,59.33999999988964
2020-11-20,2886.6800000000667
2020-11-23,2712.29
2020-11-24,-901.4450000000281
2020-11-25,-3919.6499999998896
2020-11-26,-8884.819999999962
2020-11-27,-7517.41500000008
2020-11-30,-3568.109999999912
2020-12-01,-7294.775000000234
2020-12-02,-15151.31499999991
2020-12-03,-6837.864999999979
2020-12-04,13467.269999999997
2020-12-07,-11770.155000000033
2020-12-08,-4384.759999999876
2020-12-09,-1508.4350000001261
2020-12-10,-213.53499999990885
2020-12-11,4328.459999999908
2020-12-14,-6946.415000000017
2020-12-15,4030.1399999999294
2020-12-16,-2402.600000000077
2020-12-17,1324.8800000000774
2020-12-18,-10442.595000000218
2020-12-21,-11275.929999999966
2020-12-22,-9.22499999987673
2020-12-23,-964.0899999999177
2020-12-24,-8182.324999999963
2020-12-28,-16994.969999999925
2020-12-29,-14832.082500000077
2020-12-30,4306.95000000008
2020-12-31,13473.329999999949
2021-01-04,-17892.34499999992
2021-01-05,3975.1500000000187
2021-01-06,9494.684999999923
2021-01-07,7516.605000000096
2021-01-08,5929.129999999982
2021-01-11,644.9150000000193
2021-01-12,-1545.995000000171
2021-01-13,-7398.485000000002
2021-01-14,-4028.5449999999078
2021-01-15,5845.969999999997
2021-01-18,-3989.325000000079
2021-01-19,-5346.624999999936
2021-01-20,4549.484999999874
2021-01-21,-11757.985000000055
2021-01-22,-3214.699999999956
2021-01-25,1465.4600000000646
2021-01-26,-5402.977500000204
2021-01-27,-3905.5825000000764
2021-01-28,-2691.972500000068
2021-01-29,-12901.690000000039
2021-02-01,-827.0424999999466
2021-02-02,3113.8525000000163
2021-02-03,-1420.9400000001676
2021-02-04,18256.18750000017
2021-02-05,-5955.169999999928
2021-02-08,8032.307500000032
2021-02-09,-1307.717500000043
2021-02-10,-1842.6800000001467
2021-02-11,-841.4899999999602
2021-02-12,-3581.309999999872
2021-02-15,3803.0424999998245
2021-02-16,-4419.057499999929
2021-02-17,16868.00000000006
2021-02-18,-10462.01000000014
2021-02-19,13903.172500000173
2021-02-22,-5799.590000000117
2021-02-23,13874.31000000017
2021-02-24,15160.04499999983
2021-02-25,2554.0349999998352
2021-02-26,-17353.894999999953
2021-03-01,5297.530000000144
2021-03-02,1270.9499999998186
2021-03-03,2849.7825000001344
2021-03-04,13578.839999999873
2021-03-05,23993.277499999993
2021-03-08,24683.7600000001
2021-03-09,-19499.127500000075
2021-03-10,-729.8299999997998
2021-03-11,646.9974999999026
2021-03-12,9104.749999999949
2021-03-15,4952.902500000053
2021-03-16,-11905.072499999998
2021-03-17,-5242.987499999882
2021-03-18,7980.360000000125
2021-03-19,-8492.532500000036
2021-03-22,1318.1650000001398
2021-03-23,-3012.96000000025
2021-03-24,14764.892499999794
2021-03-25,-1828.1699999999244
2021-03-26,10755.165000000026
2021-03-29,1767.3349999999475
2021-03-30,3635.7599999998356
2021-03-31,-19224.327499999923
2021-04-01,7939.304999999966
2021-04-02,1625.659999999966
2021-04-05,-12475.995000000097
2021-04-06,14430.400000000007
2021-04-07,-1690.4249999999497
2021-04-08,-1089.9300000001404
2021-04-09,-5581.524999999818
2021-04-12,3795.049999999823
2021-04-13,-1958.7349999999694
2021-04-14,1207.4999999999657
2021-04-15,-2763.7299999997886
2021-04-16,5978.194999999965
2021-04-19,-10705.885000000062
2021-04-20,-3868.3349999998
2021-04-21,10713.03499999979
2021-04-22,-11901.042499999792
2021-04-23,-6136.3649999999
2021-04-26,6450.434999999834
2021-04-27,-10778.094999999821
2021-04-28,3676.5649999999755
2021-04-29,8081.6274999999605
2021-04-30,9481.709999999926
2021-05-03,5239.152500000132
2021-05-04,21513.797500000106
2021-05-05,259.8499999999402
2021-05-06,-4579.737500000124
2021-05-07,-1965.3325000001062
2021-05-10,23933.982499999995
2021-05-11,-10606.187499999969
2021-05-12,-9783.335000000008
2021-05-13,-14389.10999999997
2021-05-14,-9296.775000000049
2021-05-17,6779.262500000023
2021-05-18,-2195.0699999998883
2021-05-19,5678.749999999907
2021-05-20,-754.3224999999593
2021-05-21,12307.259999999871
2021-05-24,-370.57999999991665
2021-05-25,-10249.88000000012
2021-05-26,4679.307500000104
2021-05-27,15679.392500000165
2021-05-28,-2857.0225000000496
2021-05-31,-7985.41000000007
2021-06-01,-1003.5600000001335
2021-06-02,14748.00500000005
2021-06-03,4217.242499999963
2021-06-04,4010.5874999997227
2021-06-07,-5626.852499999755
2021-06-08,122.76250000002457
2021-06-09,2954.6374999999666
2021-06-10,4677.950000000028
2021-06-11,-3150.9125000000327
2021-06-14,-9578.852500000066
2021-06-15,12482.517500000129
2021-06-16,18296.499999999916
2021-06-17,3355.3324999999554
2021-06-18,4405.112500000089
2021-06-21,2840.864999999927
2021-06-22,-8951.737499999908
2021-06-23,-1721.077499999868
2021-06-24,-1892.337500000051
2021-06-25,-8803.30250000002
2021-06-28,-16321.284999999829
2021-06-29,-4489.905000000095
2021-06-30,5567.1825000000335
2021-07-01,49.75999999998862
2021-07-02,5331.179999999968
2021-07-05,7770.099999999756
2021-07-06,-14122.669999999987
2021-07-07,8874.742499999853
2021-07-08,-15819.339999999855
2021-07-09,1575.0899999999624
2021-07-12,-5073.7000000002345
2021-07-13,1163.055000000092
2021-07-14,-12186.157499999988
2021-07-15,-1994.4599999999655
2021-07-16,-3508.042500000079
2021-07-19,-15054.495000000039
2021-07-20,3443.760000000105
2021-07-21,-490.75749999998743
2021-07-22,-10298.01749999988
2021-07-23,9579.300000000036
2021-07-26,4361.510000000026
2021-07-27,4231.95249999988
2021-07-28,-19045.67750000013
2021-07-29,-1899.2924999998618
2021-07-30,-4202.052500000056
2021-08-02,-7509.649999999892
2021-08-03,-9772.857500000095
2021-08-04,7925.459999999848
2021-08-05,17739.060000000023
2021-08-06,13732.934999999987
2021-08-09,14618.117500000104
2021-08-10,3073.3325000000905
2021-08-11,6468.475000000035
2021-08-12,-656.2850000000067
2021-08-13,-11568.677499999883
2021-08-16,-19538.737499999927
2021-08-17,4738.0649999998
2021-08-18,-9578.942500000408
2021-08-19,-26179.087499999943
2021-08-20,1206.6174999998896
2021-08-23,9006.18500000011
2021-08-24,9273.762499999992
2021-08-25,7944.114999999896
2021-08-26,-21698.337499999754
2021-08-27,-3164.717500000185
2021-08-30,5491.055000000002
2021-08-31,-11691.869999999906
2021-09-01,-8979.347500000167
2021-09-02,4440.387500000148
2021-09-03,-8897.01750000014
2021-09-06,-1484.242499999968
2021-09-07,-1649.8049999998084
2021-09-08,-1983.975000000054
2021-09-09,-2039.5700000000493
2021-09-10,12811.92250000003
2021-09-13,1360.4849999998655
2021-09-14,-15471.942499999834
2021-09-15,4942.087500000203
2021-09-16,6149.0474999999915
2021-09-17,13900.029999999791
2021-09-20,-9003.704999999947
2021-09-21,3740.9349999999495
2021-09-22,27276.96749999995
2021-09-23,21.254999999904726
2021-09-24,-4600.50750000011
2021-09-27,-8644.532499999945
2021-09-28,-14153.769999999919
2021-09-29,13316.717499999879
2021-09-30,-38658.53500000001
2021-10-01,9914.197500000033
2021-10-04,4728.779999999806
2021-10-05,8212.469999999994
2021-10-06,-5905.860000000018
2021-10-07,14152.444999999925
2021-10-08,963.5600000000798
2021-10-11,9059.395000000033
2021-10-12,-4448.620000000187
2021-10-13,4770.624999999894
2021-10-14,1845.5050000000829
2021-10-15,16176.215000000037
2021-10-18,82.26749999993342
2021-10-19,-11173.270000000022
2021-10-20,-8159.294999999933
2021-10-21,-18559.38500000015
2021-10-22,-12091.477500000192
2021-10-25,-1102.519999999827
2021-10-26,11341.137499999973
2021-10-27,-16066.310000000158
2021-10-28,-14758.502499999873
2021-10-29,13428.9675000003
2021-11-01,-16407.219999999896
2021-11-02,-19924.710000000086
2021-11-03,-17141.73000000009
2021-11-04,-18621.07249999984
2021-11-05,-6213.7175000001
2021-11-08,10869.30500000013
2021-11-09,-4651.36249999978
2021-11-10,-2536.732500000095
2021-11-11,-8525.22500000015
2021-11-12,1056.520000000011
2021-11-15,2120.242500000063
2021-11-16,-3231.1625000001072
2021-11-17,-18489.692499999925
2021-11-18,-597.6750000001267
2021-11-19,-2092.0674999999524
2021-11-22,20810.404999999926
2021-11-23,11206.434999999803
2021-11-24,9262.975000000077
2021-11-25,-3189.045000000059
2021-11-26,-57259.05249999995
2021-11-29,20554.169999999907
2021-11-30,928.2849999999755
2021-12-01,-1294.9100000000494
2021-12-02,1882.7350000000754
2021-12-03,4105.885000000026
2021-12-06,8179.544999999825
2021-12-07,-1163.0899999999815
2021-12-08,-9469.382499999923
2021-12-09,14363.792500000043
2021-12-10,-8827.172500000173
2021-12-13,1265.41250000021
2021-12-14,8848.934999999912
2021-12-15,2797.2574999999783
2021-12-16,227.0400000000776
2021-12-17,-931.9324999999689
2021-12-20,-7097.887499999763
2021-12-21,2259.1449999998663
2021-12-22,250.78250000004937
2021-12-23,-968.8450000000319
2021-12-27,5993.61999999998
2021-12-28,-5482.1749999999965
2021-12-29,-1788.6900000000278
2021-12-30,-9429.669999999925
2021-12-31,1481.6649999999984
2022-01-03,4086.9375000001005
2022-01-04,-5307.464999999957
2022-01-05,1634.039999999765
2022-01-06,-1352.404999999828
2022-01-07,1664.0749999998304
2022-01-10,6317.794999999863
2022-01-11,-5131.694999999771
2022-01-12,4397.585000000089
2022-01-13,-4275.724999999947
2022-01-14,-6326.904999999916
2022-01-17,-324.27999999985974
2022-01-18,3726.6349999998715
2022-01-19,-15439.789999999752
2022-01-20,-1928.1525000000279
2022-01-21,3366.3099999999577
2022-01-24,1530.8750000001658
2022-01-25,3022.4049999999625
2022-01-26,-750.4999999998315
2022-01-27,11839.215000000066
2022-01-28,-140.81999999984725
2022-01-31,-2448.059999999889
2022-02-01,3025.6450000000987
2022-02-02,13523.225000000015
2022-02-03,-14002.050000000121
2022-02-04,-14739.697499999866
2022-02-07,3139.417499999814
2022-02-08,911.6299999999713
2022-02-09,5139.217500000029
2022-02-10,-1363.7474999999927
2022-02-11,-20034.177500000013
2022-02-14,-6831.002500000071
2022-02-15,8217.525000000007
2022-02-16,4390.857500000059
2022-02-17,-7921.432500000221
2022-02-18,-603.1149999999827
2022-02-21,-7312.720000000034
2022-02-22,-11363.26999999991
2022-02-23,-11070.404999999973
2022-02-24,-8839.185000000025
2022-02-25,3574.1700000000915
2022-02-28,666.0124999999273
2022-03-01,13240.337500000103
2022-03-02,28264.382499999763
2022-03-03,-10922.644999999704
2022-03-04,-1552.540000000267
2022-03-07,-5106.704999999968
2022-03-08,11825.460000000165
2022-03-09,-46271.25499999988
2022-03-10,1364.974999999888
2022-03-11,5030.220000000161
2022-03-14,-9254.295000000024
2022-03-15,10345.83000000012
2022-03-16,-8778.825000000043
2022-03-17,2216.835000000042
2022-03-18,588.8700000000418
2022-03-21,-1479.62749999999
2022-03-22,13713.042500000189
2022-03-23,-1007.0350000000273
2022-03-24,-17366.44999999975
2022-03-25,1897.8150000001046
2022-03-28,4780.535000000063
2022-03-29,-7778.165000000092
2022-03-30,-11104.710000000247
2022-03-31,-172.5299999999188
2022-04-01,-8170.910000000095
2022-04-04,755.6624999999536
2022-04-05,2058.5649999999887
2022-04-06,-3105.504999999956
2022-04-07,-4167.024999999873
2022-04-08,1093.3400000000888
2022-04-11,-20679.195000000018
2022-04-12,-2223.2574999998815
2022-04-13,-844.43249999995
2022-04-14,-2952.6400000000335
2022-04-18,1554.9099999999282
2022-04-19,14549.615000000014
2022-04-20,11888.779999999959
2022-04-21,-662.6649999999518
2022-04-22,-10835.419999999895
2022-04-25,-10107.355000000227
2022-04-26,-5590.284999999825
2022-04-27,-3732.615000000057
2022-04-28,12960.780000000123
2022-04-29,2479.800000000074
2022-05-02,-12266.855000000136
2022-05-03,-963.629999999926
2022-05-04,-11887.280000000079
2022-05-05,-8247.795000000116
2022-05-06,2104.859999999998
2022-05-09,9725.230000000161
2022-05-10,1472.28999999992
2022-05-11,3254.5949999999734
2022-05-12,8019.470000000091
2022-05-13,4873.64999999998
2022-05-16,-7832.034999999959
2022-05-17,-2448.49500000016
2022-05-18,-8429.434999999858
2022-05-19,3042.2549999999883
2022-05-20,8985.79000000003
2022-05-23,-22414.814999999962
2022-05-24,-5538.485000000067
2022-05-25,790.8499999999577
2022-05-26,5758.439999999937
2022-05-27,1578.4150000001302
2022-05-30,8865.910000000013
2022-05-31,7975.729999999996
2022-06-01,5790.850000000057
2022-06-02,16197.470000000054
2022-06-03,5401.785000000095
2022-06-06,-10820.650000000218
2022-06-07,5331.09499999999
2022-06-08,14339.322500000066
2022-06-09,-8242.247499999878
2022-06-10,-3061.15000000009
2022-06-13,2847.965000000114
2022-06-14,9405.502499999811
2022-06-15,-6288.717499999957
2022-06-16,604.7650000000291
2022-06-17,4965.51500000002
2022-06-20,4197.019999999861
2022-06-21,-4161.589999999961
2022-06-22,-14157.580000000033
2022-06-23,-14143.649999999963
2022-06-24,6385.974999999959
2022-06-27,6473.51750000002
2022-06-28,7060.917499999969
2022-06-29,4665.567499999955
2022-06-30,5626.594999999972
2022-07-01,-5792.122499999951
2022-07-04,1160.4875000000204
2022-07-05,-29432.58999999996
2022-07-06,-5836.9499999999125
2022-07-07,13567.999999999929
2022-07-08,-333.9300000000269
2022-07-11,-31.25500000003828
2022-07-12,-14914.039999999979
2022-07-13,2367.395000000017
2022-07-14,-1608.2899999999531
2022-07-15,-3725.690000000064
2022-07-18,6674.397500000039
2022-07-19,3054.0899999999738
2022-07-20,-4228.379999999995
2022-07-21,-19031.65749999998
2022-07-22,-3554.1449999999277
2022-07-25,4394.902499999874
2022-07-26,-2249.9900000000616
2022-07-27,-4335.869999999906
2022-07-28,-5751.220000000086
2022-07-29,-1856.797500000014
2022-08-01,-17768.81749999999
2022-08-02,9935.745000000003
2022-08-03,-11876.137499999993
2022-08-04,-18717.990000000034
2022-08-05,16216.267499999904
2022-08-08,10625.917500000129
2022-08-09,4160.825000000088
2022-08-10,-1876.7650000000342
2022-08-11,1400.95250000004
2022-08-12,-69.1750000000331
2022-08-15,-7059.905000000043
2022-08-16,8412.490000000009
2022-08-17,3677.2725000001797
2022-08-18,15377.259999999851
2022-08-19,1240.5175000000397
2022-08-22,-8472.847500000024
2022-08-23,7809.5650000000805
2022-08-24,-8080.965000000086
2022-08-25,1909.0350000000403
2022-08-26,3584.985000000045
2022-08-29,-1293.5850000000653
2022-08-30,-6903.484999999842
2022-08-31,-3482.4700000000853
2022-09-01,-5296.660000000006
2022-09-02,2273.8000000000247
2022-09-05,4265.460000000076
2022-09-06,10609.162499999999
2022-09-07,-13055.96999999998
2022-09-08,6214.134999999985
2022-09-09,-3752.0149999999107
2022-09-12,10433.44499999989
2022-09-13,-6607.289999999858
2022-09-14,-20477.500000000025
2022-09-15,8261.30999999991
2022-09-16,1263.1900000000212
2022-09-19,10371.46000000002
2022-09-20,-14224.479999999987
2022-09-21,-10778.395000000053
2022-09-22,1541.8549999999927
2022-09-23,-24434.29500000005
2022-09-26,-195.89499999996065
2022-09-27,-1524.8249999999682
2022-09-28,-1434.4525000000158
2022-09-29,14747.217500000006
2022-09-30,-17386.145000000073
2022-10-03,18333.469999999983
2022-10-04,5768.132500000039
2022-10-05,923.8250000000073
2022-10-06,-5876.552500000088
2022-10-07,11434.33500000007
2022-10-10,1184.3949999999522
2022-10-11,1759.9050000000232
2022-10-12,6828.010000000096
2022-10-13,22624.71750000004
2022-10-14,753.3075000000412
2022-10-17,5049.302499999995
2022-10-18,-3538.0524999999334
2022-10-19,-2722.039999999952
2022-10-20,1430.779999999982
2022-10-21,-2635.1100000000333
2022-10-24,-43.270000000004615
2022-10-25,-7588.485000000079
2022-10-26,10480.95000000006
2022-10-27,9932.604999999998
2022-10-28,-393.8000000000784
2022-10-31,-1066.4599999999377
2022-11-01,3607.1249999999877
2022-11-02,6182.15999999995
2022-11-03,9467.97500000002
2022-11-04,-473.4400000000069
2022-11-07,-17055.17499999998
2022-11-08,-812.8749999999359
2022-11-09,-1315.5650000001258
2022-11-10,-32131.285000000044
2022-11-11,-1991.4074999999812
2022-11-14,-5628.905000000028
2022-11-15,-738.8075000000679
2022-11-16,5953.625000000047
2022-11-17,2901.017500000064
2022-11-18,902.5524999999594
2022-11-21,-3974.094999999926
2022-11-22,549.1949999998587
2022-11-23,-9797.049999999905
2022-11-24,-420.97500000003754
2022-11-25,8280.612499999945
2022-11-28,-7411.722499999961
2022-11-29,1245.6274999999594
2022-11-30,-40.64499999995718
2022-12-01,-18629.024999999972
2022-12-02,8200.394999999997
2022-12-05,8373.24999999998
2022-12-06,2391.1200000000013
2022-12-07,5660.650000000042
2022-12-08,5288.174999999974
2022-12-09,-171.16999999998217
2022-12-12,8344.662500000062
2022-12-13,-15553.357500000124
2022-12-14,-11203.584999999952
2022-12-15,7316.157500000045
2022-12-16,-11645.395000000033
2022-12-19,-6422.900000000033
2022-12-20,-24474.084999999952
2022-12-21,752.7524999998941
2022-12-22,-139.2174999999845
2022-12-23,2993.709999999956
2022-12-26,5287.057499999915
2022-12-27,8992.102500000097
2022-12-28,3943.6824999999535
2022-12-29,-9700.647500000045
2022-12-30,-14272.884999999962
2023-01-02,-5287.225000000018
2023-01-03,-3562.0750000000344
2023-01-04,2703.1350000000175
2023-01-05,-4123.164999999875
2023-01-06,5686.909999999945
2023-01-09,2838.6574999999207
2023-01-10,2995.99750000002
2023-01-11,657.2475000000727
2023-01-12,-3387.390000000058
2023-01-13,-13151.587499999994
2023-01-16,3716.8250000000567
2023-01-17,429.51249999993183
2023-01-18,-11823.757500000038
2023-01-19,-9559.637499999988
2023-01-20,8163.379999999992
2023-01-23,2074.7125000000137
2023-01-24,-12743.960000000074
2023-01-25,-8414.68749999996
2023-01-26,5049.9249999999
2023-01-27,-9467.29500000003
2023-01-30,-491.2175000000152
2023-01-31,-8760.562500000038
2023-02-01,-18448.165000000026
2023-02-02,-8474.499999999935
2023-02-03,9015.437500000042
2023-02-06,-3543.1099999998937
2023-02-07,-1320.9975000001907
2023-02-08,-6958.902499999871
2023-02-09,5800.2124999999905
2023-02-10,2318.479999999914
2023-02-13,3360.960000000064
2023-02-14,1303.3950000000784
2023-02-15,890.2299999999568
2023-02-16,7795.159999999995
2023-02-17,197.02499999997377
2023-02-20,3118.62500000003
2023-02-21,19412.48500000003
2023-02-22,-3567.982499999983
2023-02-23,-12223.420000000144
2023-02-24,11337.435000000181
2023-02-27,7565.272500000022
2023-02-28,-10222.51500000004
2023-03-01,10094.54499999999
2023-03-02,2909.1499999999864
2023-03-03,-12384.184999999976
2023-03-06,11457.245000000044
2023-03-07,-20212.600000000184
2023-03-08,-7467.939999999849
2023-03-09,-5130.750000000177
2023-03-10,-3578.757499999925
2023-03-13,-10124.087499999958
2023-03-14,2111.457499999863
2023-03-15,-18951.674999999836
2023-03-16,6734.979999999841
2023-03-17,-9505.71250000003
2023-03-20,15161.732500000066
2023-03-21,7975.202500000006
2023-03-22,2869.2149999998983
2023-03-23,-2523.062500000019
2023-03-24,-5596.862500000027
2023-03-27,21663.83499999996
2023-03-28,1251.9400000000787
2023-03-29,1866.0750000000253
2023-03-30,5796.839999999874
2023-03-31,2260.1950000001652
2023-04-03,-2698.79000000003
2023-04-04,-22677.42500000006
2023-04-05,4790.295000000069
2023-04-06,4477.125000000048
2023-04-07,418.16000000007426
2023-04-10,7064.215000000037
2023-04-11,8113.610000000101
2023-04-12,7392.079999999885
2023-04-13,2465.4950000000076
2023-04-14,8308.265000000065
2023-04-17,-8567.804999999955
2023-04-18,-6174.035000000105
2023-04-19,2102.3449999999284
2023-04-20,-10107.754999999988
2023-04-21,-4594.190000000047
2023-04-24,2516.340000000045
2023-04-25,-19935.985000000008
2023-04-26,-2597.1999999999994
2023-04-27,-2319.474999999865
2023-04-28,22221.79499999986
2023-05-01,14124.099999999995
2023-05-02,-27045.409999999945
2023-05-03,-31094.16000000011
2023-05-04,5631.965000000094
2023-05-05,29962.20999999998
2023-05-08,3848.4050000000884
2023-05-09,-4601.009999999978
2023-05-10,-9682.800000000108
2023-05-11,-14779.289999999855
2023-05-12,-7903.85500000007
2023-05-15,-9288.994999999972
2023-05-16,-9340.289999999879
2023-05-17,18497.119999999937
2023-05-18,-2166.250000000049
2023-05-19,-12468.644999999893
2023-05-22,16512.349999999882
2023-05-23,-7305.560000000164
2023-05-24,-8506.959999999899
2023-05-25,3620.319999999917
2023-05-26,9431.010000000177
2023-05-29,3089.600000000002
2023-05-30,-8031.965000000097
2023-05-31,3580.945000000199
2023-06-01,11116.574999999795
2023-06-02,30070.04499999999
2023-06-05,-13770.679999999895
2023-06-06,5973.920000000056
2023-06-07,21070.83999999979
2023-06-08,-11356.609999999848
2023-06-09,13587.384999999886
2023-06-12,-13294.429999999975
2023-06-13,15677.449999999975
2023-06-14,-2659.0950000001053
2023-06-15,1436.4450000000236
2023-06-16,9356.120000000143
2023-06-19,-4465.31499999994
2023-06-20,4835.425000000019
2023-06-21,2999.5450000000797
2023-06-22,-8023.527500000082
2023-06-23,-16747.47749999993
2023-06-26,1882.6349999999961
2023-06-27,7390.412499999853
2023-06-28,-1354.317500000094
2023-06-29,4764.950000000124
2023-06-30,19207.682499999803
2023-07-03,2133.7150000002744
2023-07-04,2189.4774999999354
2023-07-05,-13271.525000000258
2023-07-06,-6489.21999999974
2023-07-07,-10153.515000000023
2023-07-10,4002.467499999985
2023-07-11,-1456.4424999998937
2023-07-12,-10515.025000000067
2023-07-13,8099.65749999982
2023-07-14,-11752.064999999848
2023-07-17,-7164.43750000002
2023-07-18,-400.612499999972
2023-07-19,-4025.8775000000514
2023-07-20,12827.675000000168
2023-07-21,10539.529999999893
2023-07-24,7060.627499999936
2023-07-25,-3934.1824999999963
2023-07-26,5656.217499999802
2023-07-27,-11057.722499999996
2023-07-28,11271.98249999998
2023-07-31,14330.53249999998
2023-08-01,-12836.904999999877
2023-08-02,-10098.584999999975
2023-08-03,-6065.1700000000965
2023-08-04,-5772.359999999958
2023-08-07,2286.7574999999233
2023-08-08,-415.9150000000043
2023-08-09,12762.470000000098
2023-08-10,539.6399999999697
2023-08-11,5015.159999999952
2023-08-14,3282.904999999954
2023-08-15,-8797.084999999955
2023-08-16,909.6700000000226
2023-08-17,-5196.500000000038
2023-08-18,3784.1274999999914
2023-08-21,-9942.95499999995
2023-08-22,-87.51750000008713
2023-08-23,-7919.029999999991
2023-08-24,1349.469999999982
2023-08-25,9095.549999999894
2023-08-28,-846.8274999998212
2023-08-29,-5443.08499999993
2023-08-30,2377.894999999859
2023-08-31,-2336.4349999998694
2023-09-01,-1536.0675000000454
2023-09-04,4192.675000000036
2023-09-05,5405.147499999907
2023-09-06,5569.190000000035
2023-09-07,-6440.1099999998305
2023-09-08,5962.394999999756
2023-09-11,12891.830000000205
2023-09-12,-3989.1200000000003
2023-09-13,2782.432499999858
2023-09-14,15137.752500000075
2023-09-15,-12581.455000000078
2023-09-18,-10396.557499999823
2023-09-19,10948.777500000073
2023-09-20,-1234.3999999999537
2023-09-21,-6759.61250000011
2023-09-22,3448.404999999935
2023-09-25,-3236.904999999965
2023-09-26,-4145.002499999699
2023-09-27,16799.889999999938
2023-09-28,9688.685000000069
2023-09-29,2659.31499999977
2023-10-02,-20413.32499999992
2023-10-03,-17512.770000000073
2023-10-04,-14879.450000000019
2023-10-05,-18620.492500000073
2023-10-06,2802.8900000001095
2023-10-09,3435.7474999999195
2023-10-10,12296.85500000009
2023-10-11,-5265.727500000109
2023-10-12,-5343.702500000099
2023-10-13,-12033.89499999986
2023-10-16,10089.655000000152
2023-10-17,6038.769999999885
2023-10-18,-15756.404999999899
2023-10-19,-14905.242499999793
2023-10-20,-4146.7975000000515
2023-10-23,5548.015000000139
2023-10-24,-627.2550000003835
2023-10-25,-4109.584999999922
2023-10-26,-3858.920000000023
2023-10-27,-5737.225000000034
2023-10-30,12946.515000000023
2023-10-31,14590.890000000076
2023-11-01,2086.0024999998823
2023-11-02,21131.9075000001
2023-11-03,6664.274999999944
2023-11-06,14222.150000000194
2023-11-07,-6574.56499999998
2023-11-08,-2344.9899999999425
2023-11-09,-4090.3800000000574
2023-11-10,5561.944999999876
2023-11-13,7863.295000000086
2023-11-14,7910.690000000008
2023-11-15,10782.057499999908
2023-11-16,-17821.759999999897
2023-11-17,4058.4700000000234
2023-11-20,14078.222499999982
2023-11-21,2047.3300000000063
2023-11-22,-3430.7474999999267
2023-11-23,1344.4000000000071
2023-11-24,-4161.672499999996
2023-11-27,-3777.727500000133
2023-11-28,1561.310000000125
2023-11-29,-9622.602499999975
2023-11-30,5931.522500000064
2023-12-01,-897.1125000000982
2023-12-04,-6593.580000000042
2023-12-05,-4156.127500000079
2023-12-06,26.095000000036833
2023-12-07,-9630.160000000016
2023-12-08,13132.394999999946
2023-12-11,-3969.6874999998336
2023-12-12,-11843.55500000035
2023-12-13,-12992.779999999908
2023-12-14,8529.76749999995
2023-12-15,-1423.7524999998502
2023-12-18,-4987.4425000000365
2023-12-19,9590.577500000025
2023-12-20,-8635.732499999916
2023-12-21,-3939.3625000000848
2023-12-22,5400.597500000113
2023-12-25,188.5849999998419
2023-12-26,-1323.2649999998785
2023-12-27,7355.01999999989
2023-12-28,4309.590000000049
2023-12-29,-5640.947500000038
2024-01-01,6761.0225000000155
2024-01-02,1131.5299999997596
2024-01-03,903.1350000001488
2024-01-04,11762.947500000078
2024-01-05,-1573.9950000001763
2024-01-08,7479.7000000000335
2024-01-09,-5606.724999999866
2024-01-10,1363.9749999998553
2024-01-11,-4900.699999999928
2024-01-12,-589.6099999999707
2024-01-15,-3166.920000000053
2024-01-16,-3776.3700000000135
2024-01-17,463.6799999999306
2024-01-18,-8424.032500000007
2024-01-19,1569.4425000000197
2024-01-22,-3870.664999999871
2024-01-23,8784.060000000029
2024-01-24,-8323.060000000014
2024-01-25,-2223.3325000002105
2024-01-26,-1938.2199999998936
2024-01-29,1981.2500000000277
2024-01-30,6249.475000000132
2024-01-31,3650.199999999839
2024-02-01,-13666.055000000073
2024-02-02,965.6900000001566
2024-02-05,-12197.570000000049
2024-02-06,11809.455000000013
2024-02-07,3972.8949999999277
2024-02-08,-1358.804999999998
2024-02-09,5374.204999999854
2024-02-12,9897.955000000178
2024-02-13,1332.3950000001755
2024-02-14,2114.2649999997648
2024-02-15,3019.5500000000143
2024-02-16,2730.9000000002297
2024-02-19,-3037.5200000000127
2024-02-20,3999.025000000031
2024-02-21,12558.25999999995
2024-02-22,12511.09500000003
2024-02-23,-298.9549999997678
2024-02-26,-6390.760000000201
2024-02-27,-9669.775000000101
2024-02-28,-20023.789999999928
2024-02-29,1348.8899999999746
2024-03-01,-5259.299999999818
2024-03-04,-14233.240000000125
2024-03-05,-9849.435000000072
2024-03-06,235.9450000001308
2024-03-07,-478.51499999968877
2024-03-08,-6190.040000000171
2024-03-11,4401.924999999894
2024-03-12,8217.69999999995
2024-03-13,19939.060000000067
2024-03-14,-447.4750000000771
2024-03-15,13750.779999999957
2024-03-18,442.1500000000859
2024-03-19,-5768.039999999924
2024-03-20,9476.189999999795
2024-03-21,8667.170000000004
2024-03-22,-24980.009999999984
2024-03-25,17462.284999999934
2024-03-26,4848.695000000174
2024-03-27,11595.604999999909
2024-03-28,-16947.20000000006
2024-04-01,-6757.417499999852
2024-04-02,2173.9125000000854
2024-04-03,4186.092500000056
2024-04-04,5516.469999999839
2024-04-05,-2387.3199999998
2024-04-08,475.7450000001339
2024-04-09,-7813.12500000004
2024-04-10,-5922.937500000095
2024-04-11,-7377.649999999898
2024-04-12,-4196.987499999966
2024-04-15,880.1049999999746
2024-04-16,-3330.5724999998956
2024-04-17,-717.4425000001871
2024-04-18,5964.047500000039
2024-04-19,3955.607500000074
2024-04-22,-2056.7800000000107
2024-04-23,-577.760000000111
2024-04-24,10600.459999999937
2024-04-25,3166.492500000008
2024-04-26,23630.995000000174
2024-04-29,-2090.902499999998
2024-04-30,-10456.86000000003
2024-05-01,-5194.805000000193
2024-05-02,-8692.442500000026
2024-05-03,-14089.654999999884
2024-05-06,8268.149999999807
2024-05-07,-5221.565000000119
2024-05-08,554.3400000001609
2024-05-09,-1407.0000000001128
2024-05-10,269.7074999998905
2024-05-13,3427.462500000063
2024-05-14,10281.515000000152
2024-05-15,-3507.0475000002216
2024-05-16,5896.06000000026
2024-05-17,12351.372499999776
2024-05-20,-13735.977499999817
2024-05-21,-7539.3475000001645
2024-05-22,-12103.434999999883
2024-05-23,-6164.7199999998
2024-05-24,16057.38499999972
2024-05-27,618.9450000002224
2024-05-28,-15315.637500000108
2024-05-29,-19038.05000000029
2024-05-30,-7147.467499999996
2024-05-31,9827.082500000088
2024-06-03,-31178.042499999923
2024-06-04,-6881.592499999953
2024-06-05,930.0600000001035
2024-06-06,4341.390000000025
2024-06-07,-11593.074999999993
2024-06-10,12075.574999999732
2024-06-11,-12455.242499999817
2024-06-12,-996.4399999999623
2024-06-13,1059.2850000001526
2024-06-14,-10072.587500000387
2024-06-17,8567.535000000138
2024-06-18,4455.365000000044
2024-06-19,-249.9550000002913
2024-06-20,20641.170000000144
2024-06-21,6339.579999999941
2024-06-24,19270.634999999987
2024-06-25,-3416.0149999998544
2024-06-26,1998.0799999998171
2024-06-27,-8810.149999999876
2024-06-28,-3036.219999999911
2024-07-01,6025.664999999979
2024-07-02,7663.245000000261
2024-07-03,15654.239999999945
2024-07-04,4492.964999999806
2024-07-05,-15480.805000000064
2024-07-08,-7653.235000000002
2024-07-09,-8866.145000000155
2024-07-10,8525.035000000207
2024-07-11,-3137.032500000175
2024-07-12,4751.0825000002515
2024-07-15,-8165.690000000045
2024-07-16,11489.70000000004
2024-07-17,3286.7674999999545
2024-07-18,-11645.419999999844
2024-07-19,-10270.232500000062
2024-07-22,-4654.64999999996
2024-07-23,-5249.10749999994
2024-07-24,-8769.834999999965
2024-07-25,28458.532500000063
2024-07-26,2601.824999999737
2024-07-29,-11103.419999999936
2024-07-30,-19233.829999999867
2024-07-31,14282.484999999884
2024-08-01,-31244.644999999928
2024-08-02,-23478.087500000023
2024-08-05,3349.4774999998917
2024-08-06,-19587.025000000067
2024-08-07,9347.444999999998
2024-08-08,13120.345000000027
2024-08-09,-5079.854999999973
2024-08-12,-3321.1149999998825
2024-08-13,-1666.3850000002226
2024-08-14,-8179.664999999892
2024-08-15,16313.090000000106
2024-08-16,-1913.9400000000824
2024-08-19,-6678.6999999997315
2024-08-20,-6502.5449999999855
2024-08-21,-939.405000000025
2024-08-22,11176.38999999994
2024-08-23,16698.844999999998
2024-08-26,10416.339999999975
2024-08-27,-5710.884999999866
2024-08-28,-531.7850000001138
2024-08-29,5477.309999999857
2024-08-30,-11556.18000000001
2024-09-02,4875.815000000212
2024-09-03,-13855.030000000124
2024-09-04,-8000.430000000111
2024-09-05,523.4800000001542
2024-09-06,-17502.500000000102
2024-09-09,12669.807500000063
2024-09-10,-26295.77999999995
2024-09-11,2208.444999999938
2024-09-12,2514.327499999906
2024-09-13,-11918.594999999956
2024-09-16,9681.442500000005
2024-09-17,8624.547499999924
2024-09-18,3287.2400000001016
2024-09-19,7879.9700000000075
2024-09-20,-1939.5824999999231
2024-09-23,-10102.437500000106
2024-09-24,14512.387499999928
2024-09-25,-9284.315000000173
2024-09-26,13550.40000000009
2024-09-27,-11456.250000000004
2024-09-30,6044.029999999979
2024-10-01,-7823.879999999962
2024-10-02,6609.515000000093
2024-10-03,-7876.925000000021
2024-10-04,5968.590000000104
2024-10-07,2556.522499999931
2024-10-08,-13229.272500000041
2024-10-09,1374.7449999999371
2024-10-10,-908.484999999918
2024-10-11,3916.174999999976
2024-10-14,851.1899999999926
2024-10-15,412.1300000000414
2024-10-16,43.09250000006057
2024-10-17,8168.044999999913
2024-10-18,-7861.244999999986
2024-10-21,-17543.622500000092
2024-10-22,2734.570000000131
2024-10-23,-7369.822499999966
2024-10-24,-7233.35499999998
2024-10-25,-5665.447500000121
2024-10-28,-6719.914999999963
2024-10-29,-19439.56500000007
2024-10-30,8443.445000000027
2024-10-31,7566.92499999995
2024-11-01,4517.260000000084
2024-11-04,7507.697499999888
2024-11-05,13906.570000000042
2024-11-06,11908.282500000032
2024-11-07,21021.244999999988
2024-11-08,-6799.552500000042
2024-11-11,-7342.7599999998
2024-11-12,-7077.407499999898
2024-11-13,-4666.21000000024
2024-11-14,11915.432500000023
2024-11-15,-8759.117500000017
2024-11-18,2895.0450000001138
2024-11-19,-2127.454999999908
2024-11-20,-12698.102500000092
2024-11-21,-10395.642500000013
2024-11-22,17375.07500000004
2024-11-25,-2537.6650000000477
2024-11-26,-8980.117500000028
2024-11-27,9114.177500000089
2024-11-28,446.4000000001379
2024-11-29,-147.49000000012984
2024-12-02,-16634.769999999986
2024-12-03,-8789.34499999999
2024-12-04,-3448.252499999982
2024-12-05,-3071.2600000000275
2024-12-06,-7755.365000000104
2024-12-09,2410.6200000000895
2024-12-10,578.5774999998342
2024-12-11,-9073.809999999916
2024-12-12,9585.28250000006
2024-12-13,-2446.7575000000666
2024-12-16,-5356.39249999988
2024-12-17,-932.0900000001436
2024-12-18,-7507.9499999999725
2024-12-19,19979.334999999784
2024-12-20,1291.1850000001098
2024-12-23,-10353.480000000041
2024-12-24,4431.387500000007
2024-12-25,-2498.9799999999686
2024-12-26,5794.349999999848
2024-12-27,-1261.2900000000031
2024-12-30,5925.994999999985
2024-12-31,-5609.942499999994
2025-01-01,826.1475000000034
2025-01-02,-10079.284999999987
2025-01-03,1845.244999999952
2025-01-06,8055.564999999882
2025-01-07,-1221.464999999985
2025-01-08,10932.922500000073
2025-01-09,-3040.5375000000745
2025-01-10,3243.24499999999
2025-01-13,1335.8299999999726
2025-01-14,548.7499999999927
2025-01-15,-6078.7100000002265
2025-01-16,15880.662500000028
2025-01-17,-6265.595000000032
2025-01-20,1831.890000000031
2025-01-21,-359.64749999996286
2025-01-22,4615.210000000013
2025-01-23,5845.049999999961
2025-01-24,11404.939999999988
2025-01-27,8954.510000000015
2025-01-28,-17055.774999999878
2025-01-29,-1847.3250000001021
2025-01-30,-16496.18500000004
2025-01-31,4632.209999999979
2025-02-03,2501.332500000023
2025-02-04,-7241.895000000095
2025-02-05,-6798.4749999999585
2025-02-06,-7639.275000000068
2025-02-07,780.7124999999772
2025-02-10,-827.1149999998578
2025-02-11,10774.324999999963
2025-02-12,-7563.577500000041
2025-02-13,-5435.727499999914
2025-02-14,-7875.185000000128
2025-02-17,-858.1749999998732
2025-02-18,2586.307500000021
2025-02-19,-3367.5925000001334
2025-02-20,2692.2250000000377
2025-02-21,5668.155000000221
2025-02-24,11457.067499999905
2025-02-25,-365.6249999999865
2025-02-26,-404.56750000004985
2025-02-27,847.9475000000515
2025-02-28,-2334.634999999974
2025-03-03,-7261.249999999939
2025-03-04,-9948.260000000106
2025-03-05,3419.737499999965
2025-03-06,-3188.2124999998673
2025-03-07,-2574.8750000000205
2025-03-10,-13941.047500000004
2025-03-11,13488.487500000005
2025-03-12,2442.1500000000137
2025-03-13,-6486.787499999848
2025-03-14,8651.432499999959
2025-03-17,3812.1274999998886
2025-03-18,-1455.1800000001208
2025-03-19,-16049.21750000008
2025-03-20,7802.980000000063
2025-03-21,-6858.152499999802
2025-03-24,11116.982499999887
2025-03-25,-9474.904999999982
2025-03-26,6468.967500000015
2025-03-27,8729.424999999952
2025-03-28,-4277.862499999918
2025-03-31,-5309.9875000000575
2025-04-01,11889.637499999943
2025-04-02,2124.3450000000785
2025-04-03,-12783.700000000039
2025-04-04,-26013.09750000004
2025-04-07,-17043.94749999998
2025-04-08,-30269.244999999977
2025-04-09,57349.845
2025-04-10,-26859.79500000003
2025-04-11,9463.164999999999
2025-04-14,6233.122499999967
2025-04-15,9527.07499999998
2025-04-16,7173.677499999995
2025-04-17,122.30499999994299
2025-04-21,-9070.909999999922
2025-04-22,9852.384999999886
2025-04-23,9024.232499999998
2025-04-24,13519.154999999875
2025-04-25,-4057.427499999974
2025-04-28,1228.4499999999402
2025-04-29,-3887.572499999887
2025-04-30,-12686.970000000076
2025-05-01,4777.255000000028
2025-05-02,-160.11000000004253
2025-05-05,3655.4675000000248
2025-05-06,11890.602499999957
2025-05-07,-9566.320000000045
2025-05-08,11338.690000000144
2025-05-09,7718.144999999947
2025-05-12,7269.345000000065
2025-05-13,12163.477499999934
2025-05-14,-9335.915
2025-05-15,-6901.450000000005
2025-05-16,-685.5299999999518
2025-05-19,6168.440000000006
2025-05-20,-11005.864999999958
2025-05-21,-5013.1750000000575
2025-05-22,3077.8250000000526
2025-05-23,-1663.16250000001
2025-05-26,-354.95500000003886
2025-05-27,6956.679999999929
2025-05-28,4005.6524999999237
2025-05-29,-11176.862499999907
2025-05-30,-8497.425000000017
2025-06-02,2829.552500000049
2025-06-03,5642.989999999832
2025-06-04,-6949.534999999895
2025-06-05,18403.032500000023
2025-06-06,11177.297499999971
2025-06-09,14610.000000000033
2025-06-10,4982.60999999996
2025-06-11,-3849.7774999999874
2025-06-12,-2653.1824999999762
2025-06-13,-3636.9425000001343
2025-06-16,-730.9174999999391
2025-06-17,-3682.177499999928
2025-06-18,-14686.26500000001
2025-06-19,-3226.4524999999844
2025-06-20,1418.1375000000387
2025-06-23,-7688.525000000003
2025-06-24,2497.8149999998445
2025-06-25,2515.3549999999955
2025-06-26,-471.4249999999491
2025-06-27,-8804.700000000103
2025-06-30,671.4399999998595
2025-07-01,-4256.457499999878
2025-07-02,-1979.0250000001165
2025-07-03,13459.174999999952
2025-07-04,-4517.870000000131
2025-07-07,886.7449999999618
2025-07-08,-753.0774999999105
2025-07-09,-43.89250000000408
2025-07-10,4978.945000000008
2025-07-11,-8657.440000000106
2025-07-14,-13303.19999999999
2025-07-15,-3903.3074999999562
2025-07-16,-2459.142500000119
2025-07-17,10583.180000000119
2025-07-18,-3076.5925000000225
2025-07-21,2064.2525000001015
2025-07-22,8586.017500000087
2025-07-23,13390.942500000067
2025-07-24,532.6824999998466
2025-07-25,-1357.9949999999276
2025-07-28,683.3999999999389
2025-07-29,7411.102500000071
2025-07-30,-26347.250000000022
2025-07-31,-2324.172499999968
2025-08-01,-28988.90000000001
2025-08-04,6861.12500000013
2025-08-05,9958.264999999827
2025-08-06,-16810.507500000025
2025-08-07,8576.422500000013
2025-08-08,-6522.382499999948
2025-08-11,9318.555000000026
2025-08-12,21059.237499999963
2025-08-13,12788.889999999985
2025-08-14,-8266.992500000026
2025-08-15,-7489.912499999866
2025-08-18,1122.8600000000365
2025-08-19,4774.37499999997
2025-08-20,5794.714999999964
2025-08-21,3613.644999999959
2025-08-22,13792.624999999878
2025-08-25,-3037.475000000022
2025-08-26,-2822.75000000006
2025-08-27,6820.997499999945
2025-08-28,-5772.955000000011
2025-08-29,-2315.5800000000354
2025-09-01,9665.570000000014
2025-09-02,-797.9449999999035
2025-09-03,-1600.4850000000883
2025-09-04,-3039.779999999978
2025-09-05,1812.3624999999965
2025-09-08,3530.5200000000773
2025-09-09,8534.1724999999
2025-09-10,8913.62750000004
2025-09-11,6952.717499999818
2025-09-12,-9525.734999999962
2025-09-15,3226.7300000000273
2025-09-16,-9515.820000000098
2025-09-17,-1754.882499999909
2025-09-18,1350.1699999999164
2025-09-19,-8213.650000000054
2025-09-22,6773.125000000051
2025-09-23,5220.5675000000465
2025-09-24,-7452.670000000087
2025-09-25,4252.8724999998885
2025-09-26,8261.337500000182
2025-09-29,-8158.85250000012
2025-09-30,-5068.684999999875
