date,net_pnl
2010-06-07,0.0
2010-06-08,0.0
2010-06-09,0.0
2010-06-10,0.0
2010-06-11,0.0
2010-06-14,0.0
2010-06-15,0.0
2010-06-16,0.0
2010-06-17,0.0
2010-06-18,0.0
2010-06-21,0.0
2010-06-22,0.0
2010-06-23,0.0
2010-06-24,0.0
2010-06-25,0.0
2010-06-28,0.0
2010-06-29,0.0
2010-06-30,0.0
2010-07-01,0.0
2010-07-02,0.0
2010-07-05,0.0
2010-07-06,0.0
2010-07-07,0.0
2010-07-08,0.0
2010-07-09,0.0
2010-07-12,0.0
2010-07-13,0.0
2010-07-14,0.0
2010-07-15,0.0
2010-07-16,0.0
2010-07-19,0.0
2010-07-20,0.0
2010-07-21,0.0
2010-07-22,0.0
2010-07-23,0.0
2010-07-26,0.0
2010-07-27,0.0
2010-07-28,0.0
2010-07-29,0.0
2010-07-30,0.0
2010-08-02,0.0
2010-08-03,-543.71
2010-08-04,-18748.562499999985
2010-08-05,-11920.382500000018
2010-08-06,17550.88000000005
2010-08-09,1211.2374999999843
2010-08-10,9957.565000000004
2010-08-11,510.3324999999737
2010-08-12,-759.6300000000055
2010-08-13,5592.697499999996
2010-08-16,6157.059999999995
2010-08-17,-2954.9974999999777
2010-08-18,-2678.9500000000326
2010-08-19,-2882.024999999987
2010-08-20,-1027.789999999996
2010-08-23,8111.255000000018
2010-08-24,10808.799999999976
2010-08-25,-10142.709999999975
2010-08-26,-743.2324999999996
2010-08-27,-12924.29249999998
2010-08-30,6736.1724999999815
2010-08-31,7962.802500000007
2010-09-01,-13593.40749999999
2010-09-02,-3535.057499999976
2010-09-03,-8845.730000000018
2010-09-06,2649.2550000000097
2010-09-07,11506.290000000006
2010-09-08,-3655.905000000025
2010-09-09,-3963.6299999999974
2010-09-10,-9255.817499999985
2010-09-13,-4009.9975000000063
2010-09-14,7181.484999999981
2010-09-15,-758.1025000000155
2010-09-16,-9491.692499999997
2010-09-17,1804.4275000000564
2010-09-20,20591.924999999974
2010-09-21,16751.035000000003
2010-09-22,-5917.562499999989
2010-09-23,725.4350000000065
2010-09-24,-3669.979999999997
2010-09-27,14914.265000000014
2010-09-28,-862.4900000000306
2010-09-29,-11700.879999999985
2010-09-30,366.4024999999959
2010-10-01,-3896.410000000011
2010-10-04,4612.4375000000255
2010-10-05,-8307.28750000005
2010-10-06,5159.995000000039
2010-10-07,15951.882499999954
2010-10-08,-20088.099999999966
2010-10-11,-669.2100000000103
2010-10-12,-9719.400000000012
2010-10-13,143.60000000001082
2010-10-14,-14141.644999999995
2010-10-15,-142.9299999999938
2010-10-18,4155.599999999987
2010-10-19,-1044.2999999999859
2010-10-20,-4632.1650000000145
2010-10-21,8760.855000000001
2010-10-22,1270.459999999985
2010-10-25,-4347.2049999999645
2010-10-26,-13583.717500000052
2010-10-27,-8852.372499999994
2010-10-28,7751.265000000047
2010-10-29,5404.719999999995
2010-11-01,2954.3999999999837
2010-11-02,9349.4
2010-11-03,5269.800000000007
2010-11-04,6246.9449999999915
2010-11-05,-10916.194999999976
2010-11-08,-9015.700000000033
2010-11-09,-19680.23
2010-11-10,5669.577499999996
2010-11-11,-6626.667499999986
2010-11-12,4733.775000000027
2010-11-15,-23959.812499999996
2010-11-16,18216.80249999995
2010-11-17,602.6400000000197
2010-11-18,-2612.5000000000327
2010-11-19,-73.04749999997296
2010-11-22,2213.4650000000115
2010-11-23,-8872.654999999988
2010-11-24,-6973.050000000016
2010-11-25,834.0300000000145
2010-11-26,-8625.702499999981
2010-11-29,5969.622499999981
2010-11-30,-449.65999999996245
2010-12-01,-20170.8050000001
2010-12-02,6703.410000000022
2010-12-03,-6671.904999999929
2010-12-06,7790.419999999995
2010-12-07,-15637.47500000002
2010-12-08,-21370.88250000003
2010-12-09,8506.527500000037
2010-12-10,87.95749999998964
2010-12-13,667.8400000000064
2010-12-14,-10770.499999999993
2010-12-15,1008.340000000004
2010-12-16,14107.310000000027
2010-12-17,-6726.375000000015
2010-12-20,-8209.524999999976
2010-12-21,1417.8749999999948
2010-12-22,-18077.355000000014
2010-12-23,-5225.077499999968
2010-12-27,6396.652499999967
2010-12-28,-18373.762499999946
2010-12-29,14241.724999999997
2010-12-30,11195.132499999965
2010-12-31,-5322.855000000037
2011-01-03,5913.825000000048
2011-01-04,9379.307500000044
2011-01-05,-18330.50000000007
2011-01-06,16520.44499999999
2011-01-07,13315.03250000008
2011-01-10,-6665.317500000033
2011-01-11,-14643.909999999958
2011-01-12,-14101.235000000022
2011-01-13,8308.860000000013
2011-01-14,-1550.1550000000357
2011-01-17,3089.262500000047
2011-01-18,-7546.567500000057
2011-01-19,-428.59249999997286
2011-01-20,-20981.107500000053
2011-01-21,7665.230000000032
2011-01-24,17109.920000000002
2011-01-25,9209.64999999999
2011-01-26,-19936.237500000025
2011-01-27,8237.390000000036
2011-01-28,-17336.44250000001
2011-01-31,-16810.18250000002
2011-02-01,5958.444999999942
2011-02-02,-5167.462499999945
2011-02-03,812.2824999999634
2011-02-04,-4578.599999999936
2011-02-07,13291.529999999924
2011-02-08,-16969.854999999974
2011-02-09,-2121.4699999999307
2011-02-10,-9459.930000000024
2011-02-11,21189.557500000017
2011-02-14,-6327.73749999998
2011-02-15,8737.932499999977
2011-02-16,948.7875000000442
2011-02-17,8315.87749999997
2011-02-18,12800.027499999951
2011-02-21,-35287.489999999925
2011-02-22,28699.332499999986
2011-02-23,-21963.36750000011
2011-02-24,18411.0975
2011-02-25,-1493.657500000062
2011-02-28,15733.48249999997
2011-03-01,-10574.799999999886
2011-03-02,-12620.665
2011-03-03,-12504.842499999984
2011-03-04,6007.909999999967
2011-03-07,4640.590000000084
2011-03-08,1507.6149999999427
2011-03-09,3026.5525000000207
2011-03-10,12040.36500000001
2011-03-11,12635.089999999976
2011-03-14,13021.892499999944
2011-03-15,21558.739999999983
2011-03-16,3160.4500000000344
2011-03-17,-39777.929999999986
2011-03-18,2564.6124999998938
2011-03-21,-1951.424999999908
2011-03-22,-9425.17500000006
2011-03-23,7192.420000000031
2011-03-24,-10678.860000000019
2011-03-25,-13077.000000000004
2011-03-28,9701.879999999985
2011-03-29,-6208.64250000007
2011-03-30,10899.950000000026
2011-03-31,-35664.299999999916
2011-04-01,11990.702499999983
2011-04-04,-3717.317500000006
2011-04-05,-663.8300000000071
2011-04-06,5877.8000000000575
2011-04-07,8072.424999999901
2011-04-08,-11174.049999999916
2011-04-11,1425.3249999999898
2011-04-12,25897.382499999945
2011-04-13,-6198.559999999912
2011-04-14,-394.7050000000796
2011-04-15,17867.83249999998
2011-04-18,-9618.097499999907
2011-04-19,6642.314999999968
2011-04-20,9559.439999999942
2011-04-21,-1466.9499999998993
2011-04-25,6411.402499999936
2011-04-26,19326.020000000055
2011-04-27,3554.944999999908
2011-04-28,23062.457499999993
2011-04-29,-2238.137499999957
2011-05-02,3884.150000000058
2011-05-03,13158.182499999986
2011-05-04,2958.6724999999788
2011-05-05,36161.18749999994
2011-05-06,7695.812500000043
2011-05-09,-10138.824999999957
2011-05-10,-12935.375000000065
2011-05-11,24520.03000000004
2011-05-12,193.68249999996317
2011-05-13,-857.9374999999382
2011-05-16,11852.469999999941
2011-05-17,-318.437499999989
2011-05-18,-9006.325000000008
2011-05-19,14675.025000000061
2011-05-20,-5542.97249999996
2011-05-23,13817.902499999942
2011-05-24,-5984.662500000008
2011-05-25,-7113.475000000017
2011-05-26,19760.755000000016
2011-05-27,-365.53999999997626
2011-05-30,4451.474999999983
2011-05-31,-4346.200000000023
2011-06-01,13527.59000000004
2011-06-02,-13446.740000000002
2011-06-03,-778.8749999999773
2011-06-06,3605.3949999999822
2011-06-07,-7728.574999999988
2011-06-08,-842.7250000000295
2011-06-09,-2385.874999999988
2011-06-10,1566.1749999999863
2011-06-13,3203.9999999999877
2011-06-14,-11973.244999999975
2011-06-15,7446.3574999999655
2011-06-16,5136.769999999995
2011-06-17,1213.7575000000716
2011-06-20,-1067.9650000000336
2011-06-21,-4581.767499999991
2011-06-22,4858.602499999986
2011-06-23,13841.604999999945
2011-06-24,6382.372500000028
2011-06-27,5188.617500000014
2011-06-28,-11242.087499999998
2011-06-29,-4076.2175000000434
2011-06-30,3375.2050000000113
2011-07-01,3381.1799999999707
2011-07-04,-2684.644999999922
2011-07-05,-2140.6125000000343
2011-07-06,3932.4949999999935
2011-07-07,-1024.6249999999743
2011-07-08,6777.324999999967
2011-07-11,5022.574999999968
2011-07-12,-7378.499999999981
2011-07-13,-8553.25999999995
2011-07-14,675.099999999976
2011-07-15,-1099.9749999999942
2011-07-18,-1538.4500000000544
2011-07-19,7237.47000000002
2011-07-20,-6203.149999999997
2011-07-21,5073.840000000076
2011-07-22,3768.8799999999515
2011-07-25,-4871.19
2011-07-26,-1414.3349999999684
2011-07-27,2231.0700000000406
2011-07-28,-4176.750000000062
2011-07-29,8257.317500000025
2011-08-01,8561.6075
2011-08-02,-6934.884999999961
2011-08-03,-1770.2400000001187
2011-08-04,24576.075000000044
2011-08-05,-15388.922500000013
2011-08-08,4929.047500000009
2011-08-09,-3558.3224999999775
2011-08-10,-7455.437500000012
2011-08-11,1955.324999999959
2011-08-12,11723.540000000059
2011-08-15,1253.1499999999855
2011-08-16,4635.844999999964
2011-08-17,980.7250000000078
2011-08-18,4855.182500000013
2011-08-19,-5075.324999999981
2011-08-22,-5499.282499999974
2011-08-23,2486.0699999999542
2011-08-24,7971.63750000001
2011-08-25,-2285.587499999988
2011-08-26,-6134.15499999999
2011-08-29,2656.344999999997
2011-08-30,-2034.050000000015
2011-08-31,-7390.374999999998
2011-09-01,9172.135000000004
2011-09-02,585.674999999953
2011-09-05,3142.2400000000666
2011-09-06,629.4449999999653
2011-09-07,1078.4200000000124
2011-09-08,3428.424999999993
2011-09-09,7169.0599999999995
2011-09-12,-4951.21000000001
2011-09-13,-3237.825
2011-09-14,4505.010000000021
2011-09-15,6653.030000000011
2011-09-16,6901.059999999954
2011-09-19,13978.597500000016
2011-09-20,4177.97499999996
2011-09-21,754.3275000000308
2011-09-22,20418.467499999977
2011-09-23,3551.910000000035
2011-09-26,-10610.737500000003
2011-09-27,-2586.9849999999956
2011-09-28,12909.472499999978
2011-09-29,-7019.759999999983
2011-09-30,26546.00749999999
2011-10-03,2540.8900000000103
2011-10-04,-2395.3125000000027
2011-10-05,3017.402499999974
2011-10-06,-909.6424999999857
2011-10-07,-1909.772500000006
2011-10-10,-10252.192499999976
2011-10-11,-14856.697500000015
2011-10-12,10666.925000000016
2011-10-13,4499.334999999965
2011-10-14,-8594.742499999997
2011-10-17,1946.6450000000088
2011-10-18,3318.3825000000047
2011-10-19,9400.199999999999
2011-10-20,-3223.492500000042
2011-10-21,1306.445000000033
2011-10-24,-11918.05500000002
2011-10-25,3783.177500000056
2011-10-26,1559.4174999999964
2011-10-27,-11018.617500000022
2011-10-28,8207.510000000024
2011-10-31,14775.487499999983
2011-11-01,6929.777499999987
2011-11-02,-710.4549999999789
2011-11-03,-12401.805000000018
2011-11-04,3052.0150000000135
2011-11-07,2367.040000000004
2011-11-08,-6141.085000000006
2011-11-09,2129.240000000071
2011-11-10,5679.694999999904
2011-11-11,2824.3075000000354
2011-11-14,4515.345
2011-11-15,-7242.797499999961
2011-11-16,2427.054999999978
2011-11-17,8700.492499999988
2011-11-18,4270.687500000022
2011-11-21,2529.3799999999906
2011-11-22,-4274.287499999966
2011-11-23,3642.722499999987
2011-11-24,-2273.942500000012
2011-11-25,-5499.56750000002
2011-11-28,11929.170000000022
2011-11-29,-7727.785000000023
2011-11-30,6177.990000000022
2011-12-01,4399.460000000012
2011-12-02,8294.169999999993
2011-12-05,12651.345000000025
2011-12-06,-3505.460000000018
2011-12-07,11964.099999999957
2011-12-08,2387.800000000012
2011-12-09,10076.700000000006
2011-12-12,-728.9149999999913
2011-12-13,-710.5000000000018
2011-12-14,13256.97750000003
2011-12-15,3383.0750000000003
2011-12-16,3747.187499999961
2011-12-19,-13174.79749999999
2011-12-20,1075.5700000000043
2011-12-21,-7588.249999999972
2011-12-22,-4722.355000000028
2011-12-23,-6355.449999999988
2011-12-26,1301.3899999999992
2011-12-27,-9808.277500000002
2011-12-28,-3391.540000000005
2011-12-29,11130.845000000014
2011-12-30,158.11249999999382
2012-01-02,-2298.499999999982
2012-01-03,-5004.760000000042
2012-01-04,-2927.659999999954
2012-01-05,14701.587499999967
2012-01-06,2120.1999999999753
2012-01-09,-4436.3999999999505
2012-01-10,2270.8524999999954
2012-01-11,14053.199999999977
2012-01-12,12513.070000000012
2012-01-13,6839.165000000001
2012-01-16,3895.2999999999943
2012-01-17,-1551.6375000000157
2012-01-18,-1969.7449999999803
2012-01-19,-11161.747500000007
2012-01-20,1000.0950000000455
2012-01-23,-17147.485000000066
2012-01-24,-5839.442499999955
2012-01-25,10242.897499999935
2012-01-26,6788.117500000027
2012-01-27,1640.327500000027
2012-01-30,13799.599999999966
2012-01-31,-3500.0999999999926
2012-02-01,-2144.4149999999568
2012-02-02,3889.374999999928
2012-02-03,1475.2500000000741
2012-02-06,-2809.7550000000765
2012-02-07,-893.2174999999454
2012-02-08,-3443.1249999999927
2012-02-09,-1661.3175000000197
2012-02-10,6738.369999999989
2012-02-13,-4385.624999999983
2012-02-14,-2343.094999999999
2012-02-15,270.39499999996326
2012-02-16,-4416.3674999999885
2012-02-17,-13590.979999999969
2012-02-20,-1542.8200000000656
2012-02-21,-1898.687499999931
2012-02-22,2559.8674999999553
2012-02-23,8192.740000000009
2012-02-24,-2934.0049999999933
2012-02-27,11281.66000000002
2012-02-28,2332.8699999999644
2012-02-29,-12805.864999999989
2012-03-01,422.299999999972
2012-03-02,-1216.634999999997
2012-03-05,-818.1999999999462
2012-03-06,4090.2449999999008
2012-03-07,9049.280000000144
2012-03-08,7449.749999999927
2012-03-09,-3892.355000000026
2012-03-12,-6900.694999999997
2012-03-13,-5932.539999999989
2012-03-14,-13470.469999999998
2012-03-15,3631.9650000000693
2012-03-16,-4915.170000000142
2012-03-19,4731.965000000028
2012-03-20,12048.164999999992
2012-03-21,-301.26999999996167
2012-03-22,-7899.715000000011
2012-03-23,8012.179999999951
2012-03-26,15450.449999999979
2012-03-27,-305.85999999997716
2012-03-28,8552.245000000023
2012-03-29,21047.21000000007
2012-03-30,-25490.840000000022
2012-04-02,-947.9900000000158
2012-04-03,-15874.869999999959
2012-04-04,3722.3149999999932
2012-04-05,2431.09000000005
2012-04-06,3106.249999999887
2012-04-09,6071.4399999999805
2012-04-10,1758.5100000000493
2012-04-11,2927.650000000065
2012-04-12,11559.295000000007
2012-04-13,8925.68500000001
2012-04-16,6556.824999999984
2012-04-17,18965.94000000006
2012-04-18,5199.384999999945
2012-04-19,-3492.6950000000206
2012-04-20,-4947.744999999966
2012-04-23,-8757.420000000027
2012-04-24,-5479.574999999972
2012-04-25,7335.439999999898
2012-04-26,3243.905000000113
2012-04-27,2835.489999999907
2012-04-30,-4932.64499999992
2012-05-01,-4431.114999999989
2012-05-02,16245.944999999952
2012-05-03,12305.720000000116
2012-05-04,5112.295000000045
2012-05-07,3606.699999999998
2012-05-08,1280.399999999982
2012-05-09,-402.46000000006296
2012-05-10,493.8499999999767
2012-05-11,-5908.830000000028
2012-05-14,17513.325000000073
2012-05-15,3646.4249999999774
2012-05-16,2496.524999999927
2012-05-17,-10219.064999999942
2012-05-18,-15076.874999999984
2012-05-21,1572.9999999999532
2012-05-22,116.17500000003201
2012-05-23,3114.2100000000046
2012-05-24,-4030.4649999999756
2012-05-25,-7630.875000000028
2012-05-28,2990.894999999981
2012-05-29,14263.019999999971
2012-05-30,1128.0200000000498
2012-05-31,1443.1250000000066
2012-06-01,-6173.580000000066
2012-06-04,-4475.979999999977
2012-06-05,5099.814999999955
2012-06-06,1333.995000000013
2012-06-07,22536.390000000072
2012-06-08,6268.744999999967
2012-06-11,5843.380000000029
2012-06-12,-2336.5150000000945
2012-06-13,7240.150000000037
2012-06-14,-12376.710000000077
2012-06-15,10261.180000000088
2012-06-18,-306.29500000001815
2012-06-19,2399.0899999999733
2012-06-20,8818.505000000006
2012-06-21,-7141.015000000013
2012-06-22,-8057.539999999986
2012-06-25,16318.544999999956
2012-06-26,5004.680000000017
2012-06-27,-10888.580000000056
2012-06-28,1899.8850000000334
2012-06-29,-21929.84499999993
2012-07-02,15404.494999999895
2012-07-03,-9938.549999999883
2012-07-04,5141.149999999909
2012-07-05,9777.895000000026
2012-07-06,15368.764999999976
2012-07-09,624.3950000000553
2012-07-10,4594.799999999959
2012-07-11,-6896.550000000007
2012-07-12,1548.4649999999563
2012-07-13,1809.7750000001174
2012-07-16,7474.769999999959
2012-07-17,3815.5199999999945
2012-07-18,6557.714999999946
2012-07-19,-8453.645000000031
2012-07-20,11293.625000000095
2012-07-23,-14882.275000000025
2012-07-24,-9001.385000000062
2012-07-25,11008.390000000063
2012-07-26,-1841.3350000000435
2012-07-27,5893.670000000068
2012-07-30,6888.214999999922
2012-07-31,495.4950000000837
2012-08-01,5224.104999999953
2012-08-02,8850.120000000059
2012-08-03,-10273.830000000144
2012-08-06,-9583.97999999993
2012-08-07,-8223.365000000025
2012-08-08,815.3450000000342
2012-08-09,8753.269999999993
2012-08-10,8189.219999999961
2012-08-13,68.7450000000332
2012-08-14,-1376.8899999999444
2012-08-15,8005.744999999867
2012-08-16,-1375.2749999999783
2012-08-17,-2397.3750000000223
2012-08-20,2457.500000000058
2012-08-21,-6840.504999999962
2012-08-22,-6083.4100000000735
2012-08-23,-15480.730000000045
2012-08-24,6134.090000000059
2012-08-27,4788.245000000036
2012-08-28,-4463.374999999979
2012-08-29,2524.2549999999396
2012-08-30,-6089.635000000009
2012-08-31,-5443.26500000001
2012-09-03,-6464.360000000009
2012-09-04,-1059.184999999969
2012-09-05,-7440.925000000021
2012-09-06,11680.99000000009
2012-09-07,-16475.910000000054
2012-09-10,-2715.984999999987
2012-09-11,-8123.629999999995
2012-09-12,-748.3049999999438
2012-09-13,5866.174999999939
2012-09-14,1443.2449999999185
2012-09-17,-4722.499999999896
2012-09-18,437.3500000000238
2012-09-19,8036.515000000045
2012-09-20,256.69500000000045
2012-09-21,1325.0200000000677
2012-09-24,8094.304999999927
2012-09-25,675.6699999998547
2012-09-26,-2747.7824999998975
2012-09-27,-4398.117500000044
2012-09-28,-6128.047500000034
2012-10-01,-7037.334999999906
2012-10-02,-2472.0850000001556
2012-10-03,8962.649999999965
2012-10-04,7004.450000000126
2012-10-05,4548.855000000018
2012-10-08,4870.834999999978
2012-10-09,-11558.650000000081
2012-10-10,-7663.83500000005
2012-10-11,-6306.699999999911
2012-10-12,8955.165000000005
2012-10-15,15976.845000000028
2012-10-16,-6779.85500000001
2012-10-17,-2820.555000000012
2012-10-18,-4820.094999999996
2012-10-19,-4515.15500000007
2012-10-22,4296.2950000000465
2012-10-23,-5751.499999999969
2012-10-24,6086.89000000007
2012-10-25,4133.444999999854
2012-10-26,18092.800000000032
2012-10-29,-4959.714999999949
2012-10-30,2665.1200000000294
2012-10-31,-12905.754999999957
2012-11-01,16635.80000000003
2012-11-02,-7679.065000000023
2012-11-05,10716.099999999988
2012-11-06,2741.5449999999937
2012-11-07,-26286.144999999982
2012-11-08,-10586.785000000042
2012-11-09,8824.445000000023
2012-11-12,5726.115000000008
2012-11-13,-10991.149999999974
2012-11-14,-2296.8300000000227
2012-11-15,-9248.354999999998
2012-11-16,2569.4999999999563
2012-11-19,5468.325000000028
2012-11-20,-11287.610000000052
2012-11-21,-7345.930000000091
2012-11-22,832.2900000001273
2012-11-23,-3120.360000000003
2012-11-26,7580.775000000034
2012-11-27,-6018.635000000037
2012-11-28,10166.070000000003
2012-11-29,7518.020000000026
2012-11-30,11577.519999999877
2012-12-03,-3228.469999999951
2012-12-04,7021.400000000047
2012-12-05,-3878.649999999935
2012-12-06,9087.419999999927
2012-12-07,5133.390000000064
2012-12-10,2757.9499999999107
2012-12-11,6498.749999999957
2012-12-12,-11582.109999999939
2012-12-13,-382.9550000000299
2012-12-14,-2090.555000000039
2012-12-17,3215.110000000148
2012-12-18,1780.0599999999067
2012-12-19,3983.999999999935
2012-12-20,19135.92500000006
2012-12-21,-8099.345000000039
2012-12-24,-7640.6300000000565
2012-12-25,1023.8000000000384
2012-12-26,4957.87500000006
2012-12-27,8938.444999999876
2012-12-28,-13901.350000000051
2012-12-31,5706.940000000119
2013-01-01,1589.2449999999628
2013-01-02,13029.520000000064
2013-01-03,-23245.469999999877
2013-01-04,5159.914999999881
2013-01-07,5725.889999999984
2013-01-08,6530.569999999997
2013-01-09,14221.425000000067
2013-01-10,-5926.610000000096
2013-01-11,-6128.049999999887
2013-01-14,163.11999999978627
2013-01-15,-11653.884999999873
2013-01-16,7086.639999999907
2013-01-17,-2116.8599999999046
2013-01-18,8229.564999999975
2013-01-21,-2514.605000000071
2013-01-22,13638.84000000002
2013-01-23,8517.025000000065
2013-01-24,-6219.000000000062
2013-01-25,-5997.050000000036
2013-01-28,-1001.019999999969
2013-01-29,3023.5800000000218
2013-01-30,-14488.130000000043
2013-01-31,8513.87000000008
2013-02-01,10900.694999999982
2013-02-04,12422.099999999911
2013-02-05,2151.380000000163
2013-02-06,9247.249999999849
2013-02-07,14637.624999999985
2013-02-08,10495.220000000043
2013-02-11,-3760.3099999999013
2013-02-12,6878.894999999961
2013-02-13,-5806.982500000126
2013-02-14,11514.275000000101
2013-02-15,-6400.697499999975
2013-02-18,6734.757500000059
2013-02-19,17751.4349999999
2013-02-20,14566.622499999856
2013-02-21,26976.295000000093
2013-02-22,8551.79249999994
2013-02-25,4094.76000000014
2013-02-26,-9335.302500000023
2013-02-27,19310.719999999987
2013-02-28,-495.27500000003647
2013-03-01,11844.452499999938
2013-03-04,8405.8575
2013-03-05,15870.220000000081
2013-03-06,-1355.9975000001684
2013-03-07,-28447.409999999883
2013-03-08,-6485.350000000081
2013-03-11,3139.695000000102
2013-03-12,778.0999999999915
2013-03-13,1301.3750000000098
2013-03-14,277.27499999999947
2013-03-15,20138.042499999967
2013-03-18,17658.57999999996
2013-03-19,25185.825
2013-03-20,-23605.34499999991
2013-03-21,14755.309999999932
2013-03-22,902.0650000000535
2013-03-25,-6302.372499999956
2013-03-26,-6879.0425000001405
2013-03-27,3843.340000000058
2013-03-28,-2000.4400000000767
2013-04-01,-10135.69499999985
2013-04-02,11111.69500000001
2013-04-03,26930.644999999953
2013-04-04,3554.014999999893
2013-04-05,1602.270000000014
2013-04-08,-525.8649999999246
2013-04-09,-4569.225000000127
2013-04-10,15490.515000000169
2013-04-11,13277.269999999979
2013-04-12,45841.37499999997
2013-04-15,34701.63999999993
2013-04-16,-6996.82999999988
2013-04-17,22177.590000000033
2013-04-18,-28046.910000000134
2013-04-19,4008.814999999977
2013-04-22,4225.725000000061
2013-04-23,10288.609999999977
2013-04-24,-12987.305000000015
2013-04-25,-13519.059999999954
2013-04-26,12616.45999999994
2013-04-29,10498.795000000006
2013-04-30,1941.455000000052
2013-05-01,15564.464999999953
2013-05-02,-2.059999999971531
2013-05-03,-25440.755000000012
2013-05-06,-10082.819999999989
2013-05-07,2336.8700000000235
2013-05-08,-5076.7250000000495
2013-05-09,3723.1650000000036
2013-05-10,-11353.42499999992
2013-05-13,7998.344999999968
2013-05-14,-7258.78000000006
2013-05-15,12835.840000000058
2013-05-16,-412.04999999995493
2013-05-17,-8126.5000000000355
2013-05-20,952.0699999999872
2013-05-21,13806.194999999945
2013-05-22,-24487.269999999975
2013-05-23,-3413.970000000024
2013-05-24,2957.1800000000067
2013-05-27,-6008.044999999985
2013-05-28,-6375.327500000022
2013-05-29,13820.300000000105
2013-05-30,-2237.150000000084
2013-05-31,6772.544999999986
2013-06-03,-6019.2899999999745
2013-06-04,-14629.540000000059
2013-06-05,-10774.20999999997
2013-06-06,8211.130000000028
2013-06-07,1505.9650000000272
2013-06-10,-19917.81500000004
2013-06-11,15720.100000000028
2013-06-12,-16013.130000000072
2013-06-13,5753.095000000012
2013-06-14,1516.6900000000446
2013-06-17,-1309.7800000000223
2013-06-18,1894.4950000000235
2013-06-19,-22219.57999999999
2013-06-20,4739.789999999987
2013-06-21,-10688.705000000027
2013-06-24,7402.920000000052
2013-06-25,-933.7100000000817
2013-06-26,21904.015000000007
2013-06-27,8825.810000000067
2013-06-28,-21116.814999999944
2013-07-01,-8419.985000000002
2013-07-02,6768.1149999998825
2013-07-03,-7641.424999999947
2013-07-04,9360.369999999939
2013-07-05,-9557.094999999954
2013-07-08,5000.994999999953
2013-07-09,13323.83500000001
2013-07-10,-10189.510000000011
2013-07-11,-694.6549999999755
2013-07-12,-11311.499999999989
2013-07-15,8500.899999999961
2013-07-16,10537.100000000024
2013-07-17,10527.744999999979
2013-07-18,-14257.879999999954
2013-07-19,2075.5199999999777
2013-07-22,-6589.079999999966
2013-07-23,-6068.770000000033
2013-07-24,-4276.990000000024
2013-07-25,-5922.104999999984
2013-07-26,3990.410000000027
2013-07-29,-7025.704999999921
2013-07-30,-6069.525
2013-07-31,-7268.68500000007
2013-08-01,-2002.4024999999772
2013-08-02,4816.369999999996
2013-08-05,7509.769999999952
2013-08-06,-929.4149999999132
2013-08-07,-9022.745000000052
2013-08-08,-11092.034999999996
2013-08-09,7992.610000000022
2013-08-12,-2340.799999999974
2013-08-13,-9838.249999999993
2013-08-14,5871.345000000007
2013-08-15,-13838.574999999979
2013-08-16,-7995.474999999957
2013-08-19,-461.0200000000814
2013-08-20,279.51000000006786
2013-08-21,-8037.477500000047
2013-08-22,-7074.629999999991
2013-08-23,11474.102499999979
2013-08-26,9942.217500000057
2013-08-27,2341.239999999926
2013-08-28,-3990.8074999999367
2013-08-29,10844.894999999935
2013-08-30,4024.600000000051
2013-09-02,-15801.087500000045
2013-09-03,4962.039999999961
2013-09-04,5951.402500000114
2013-09-05,502.19999999992956
2013-09-06,4531.670000000036
2013-09-09,155.7774999999433
2013-09-10,222.4200000000891
2013-09-11,3536.322499999967
2013-09-12,13744.38250000002
2013-09-13,-1499.8725000000275
2013-09-16,1190.3675000000367
2013-09-17,3194.6575000000557
2013-09-18,5530.762499999944
2013-09-19,-16596.237499999974
2013-09-20,1002.1174999999712
2013-09-23,3078.8249999999853
2013-09-24,11052.477499999997
2013-09-25,-5145.284999999943
2013-09-26,-3981.070000000057
2013-09-27,-6145.725000000032
2013-09-30,-8425.979999999943
2013-10-01,-7102.599999999966
2013-10-02,2369.944999999966
2013-10-03,2184.0449999999
2013-10-04,1008.1650000000459
2013-10-07,-10918.52499999996
2013-10-08,-5047.3750000000955
2013-10-09,3915.50500000011
2013-10-10,5895.217499999933
2013-10-11,-10849.097499999836
2013-10-14,-9087.067500000183
2013-10-15,10364.412500000151
2013-10-16,16556.657499999863
2013-10-17,3457.0525000000684
2013-10-18,-12078.454999999998
2013-10-21,285.26249999995514
2013-10-22,461.48500000006464
2013-10-23,-8652.977500000092
2013-10-24,5570.942500000061
2013-10-25,1942.2874999999242
2013-10-28,15010.167500000123
2013-10-29,-3675.0600000001114
2013-10-30,-2501.2649999999485
2013-10-31,6815.824999999932
2013-11-01,-7710.909999999926
2013-11-04,12201.245000000026
2013-11-05,-8214.42999999996
2013-11-06,14000.157499999988
2013-11-07,-756.9924999999315
2013-11-08,-15157.63500000016
2013-11-11,-2790.119999999906
2013-11-12,-4840.380000000149
2013-11-13,23705.565000000093
2013-11-14,8903.840000000104
2013-11-15,-1748.5000000000598
2013-11-18,17653.850000000013
2013-11-19,-5702.840000000091
2013-11-20,-3797.5600000000545
2013-11-21,1779.5750000000069
2013-11-22,-4523.754999999946
2013-11-25,3879.2849999999644
2013-11-26,1350.8125000000032
2013-11-27,-11764.762499999983
2013-11-28,2030.325000000034
2013-11-29,-6547.232500000031
2013-12-02,9373.697499999971
2013-12-03,2970.552500000024
2013-12-04,-18859.10250000006
2013-12-05,-4114.822499999938
2013-12-06,7686.864999999976
2013-12-09,-4698.410000000091
2013-12-10,4345.0700000000625
2013-12-11,-18223.465000000047
2013-12-12,-10720.354999999881
2013-12-13,10519.349999999904
2013-12-16,9753.220000000014
2013-12-17,8007.670000000065
2013-12-18,11479.119999999935
2013-12-19,-12866.549999999961
2013-12-20,8654.165000000039
2013-12-23,-4632.280000000026
2013-12-24,-1844.3899999999367
2013-12-25,-211.99999999999977
2013-12-26,1118.3849999999197
2013-12-27,-809.0849999999541
2013-12-30,10769.882500000027
2013-12-31,4311.4499999999725
2014-01-01,-474.19999999997844
2014-01-02,-18076.435000000052
2014-01-03,-15667.217499999919
2014-01-06,3630.9575000000973
2014-01-07,13795.52749999998
2014-01-08,5895.909999999957
2014-01-09,8028.777500000066
2014-01-10,17152.264999999938
2014-01-13,-9089.159999999998
2014-01-14,-15540.490000000053
2014-01-15,1531.9150000000257
2014-01-16,-1807.2649999999169
2014-01-17,12128.264999999934
2014-01-20,1726.8324999999627
2014-01-21,-17210.224999999937
2014-01-22,-16769.477500000095
2014-01-23,-7062.399999999861
2014-01-24,-12532.147500000046
2014-01-27,-2783.9849999999437
2014-01-28,8112.750000000005
2014-01-29,829.645000000102
2014-01-30,5637.889999999856
2014-01-31,3679.370000000151
2014-02-03,9623.269999999922
2014-02-04,-3444.7250000000367
2014-02-05,-16889.51000000002
2014-02-06,2711.9399999999337
2014-02-07,-1458.0099999999525
2014-02-10,-9645.850000000024
2014-02-11,8535.16500000006
2014-02-12,-9210.785000000067
2014-02-13,8061.6550000000425
2014-02-14,-26609.179999999993
2014-02-17,-2687.20500000001
2014-02-18,3557.2449999999094
2014-02-19,2894.7250000000677
2014-02-20,-5471.667500000076
2014-02-21,-3696.8375000000137
2014-02-24,-9511.002499999951
2014-02-25,2802.757500000008
2014-02-26,20771.582499999953
2014-02-27,-4619.964999999914
2014-02-28,-10336.389999999967
2014-03-03,-25536.672500000164
2014-03-04,-11575.659999999878
2014-03-05,-911.702500000035
2014-03-06,-11558.527499999978
2014-03-07,-2193.090000000039
2014-03-10,-7785.117500000019
2014-03-11,-14590.297499999995
2014-03-12,-16636.787499999926
2014-03-13,10619.157499999952
2014-03-14,-4517.197500000043
2014-03-17,-4563.904999999969
2014-03-18,4280.550000000002
2014-03-19,-1633.5425000000755
2014-03-20,57.062500000055664
2014-03-21,282.83749999997747
2014-03-24,6226.285000000104
2014-03-25,6186.494999999885
2014-03-26,14890.915000000063
2014-03-27,729.7499999999509
2014-03-28,2107.1250000001532
2014-03-31,2001.7999999999024
2014-04-01,-5876.625000000108
2014-04-02,-2724.7074999999963
2014-04-03,12818.350000000053
2014-04-04,2144.9375000000123
2014-04-07,-2809.9974999999276
2014-04-08,-2141.3850000000434
2014-04-09,8489.2025
2014-04-10,-83.12500000002956
2014-04-11,4206.719999999898
2014-04-14,-7776.874999999967
2014-04-15,12080.962500000089
2014-04-16,5076.462499999928
2014-04-17,-11179.349999999951
2014-04-21,11450.370000000088
2014-04-22,-11776.412500000099
2014-04-23,-9054.432499999968
2014-04-24,3109.5924999999284
2014-04-25,-1862.5924999998883
2014-04-28,1928.4249999999677
2014-04-29,4463.375000000046
2014-04-30,5609.749999999959
2014-05-01,14780.330000000067
2014-05-02,-4148.50999999999
2014-05-05,-16859.204999999976
2014-05-06,-5522.855000000011
2014-05-07,13652.122499999907
2014-05-08,8142.762499999888
2014-05-09,12173.412500000104
2014-05-12,-8165.767499999988
2014-05-13,13680.649999999929
2014-05-14,12221.750000000071
2014-05-15,18842.44499999999
2014-05-16,480.5999999999501
2014-05-19,9127.325000000137
2014-05-20,4557.182499999999
2014-05-21,188.5399999998823
2014-05-22,-4642.159999999978
2014-05-23,8109.895000000069
2014-05-26,-3752.42250000004
2014-05-27,19702.062500000102
2014-05-28,26205.92000000007
2014-05-29,4526.67499999995
2014-05-30,-8624.475000000095
2014-06-02,-2016.8699999999092
2014-06-03,-9661.304999999995
2014-06-04,-3875.430000000066
2014-06-05,-468.7499999999304
2014-06-06,-13826.000000000031
2014-06-09,17066.0649999999
2014-06-10,217.32000000014443
2014-06-11,688.6249999998745
2014-06-12,4640.98749999999
2014-06-13,-328.2675
2014-06-16,15252.387500000124
2014-06-17,-10742.8125
2014-06-18,6881.219999999951
2014-06-19,-23571.344999999845
2014-06-20,4784.789999999817
2014-06-23,1626.4249999999545
2014-06-24,11141.94500000015
2014-06-25,6720.809999999887
2014-06-26,9301.315000000148
2014-06-27,-11009.880000000046
2014-06-30,-12729.01000000012
2014-07-01,6189.0775000000895
2014-07-02,-10999.705000000058
2014-07-03,-3967.6550000002003
2014-07-04,-725.249999999882
2014-07-07,11159.020000000004
2014-07-08,9871.19249999995
2014-07-09,-10865.530000000032
2014-07-10,8690.745000000137
2014-07-11,1445.6299999999542
2014-07-14,2657.0500000001375
2014-07-15,1633.7774999998574
2014-07-16,7761.039999999858
2014-07-17,9935.100000000028
2014-07-18,10654.265000000176
2014-07-21,6342.809999999984
2014-07-22,4795.425000000001
2014-07-23,6127.029999999837
2014-07-24,-5530.677499999969
2014-07-25,-6522.752500000041
2014-07-28,3814.857500000052
2014-07-29,7820.302500000023
2014-07-30,-25660.165000000023
2014-07-31,-6336.00749999996
2014-08-01,5687.574999999952
2014-08-04,-960.8625000000499
2014-08-05,-1299.7475000001016
2014-08-06,-13207.977499999755
2014-08-07,12956.002499999895
2014-08-08,5048.669999999987
2014-08-11,-5509.997499999876
2014-08-12,2067.074999999766
2014-08-13,12784.510000000122
2014-08-14,-7724.547500000028
2014-08-15,6552.2774999999865
2014-08-18,1621.3700000001072
2014-08-19,1970.0899999996848
2014-08-20,3606.3500000002846
2014-08-21,9105.407500000003
2014-08-22,-8641.712500000098
2014-08-25,-556.4749999998633
2014-08-26,13317.624999999887
2014-08-27,-864.8349999999961
2014-08-28,4422.770000000072
2014-08-29,11338.87000000007
2014-09-01,-1524.6625000000483
2014-09-02,-10221.882499999927
2014-09-03,17406.357499999966
2014-09-04,6118.1224999998085
2014-09-05,-4988.289999999955
2014-09-08,-6678.767499999992
2014-09-09,-7066.742500000027
2014-09-10,-770.179999999866
2014-09-11,9207.102499999897
2014-09-12,-7098.41250000003
2014-09-15,3057.3524999999668
2014-09-16,-1146.4374999999873
2014-09-17,-10969.062499999958
2014-09-18,6863.802500000126
2014-09-19,30370.807499999857
2014-09-22,1756.8350000000924
2014-09-23,9173.615
2014-09-24,-11050.09
2014-09-25,7572.745
2014-09-26,-6495.415000000079
2014-09-29,1639.130000000072
2014-09-30,2675.74499999991
2014-10-01,16676.970000000012
2014-10-02,1350.3750000000618
2014-10-03,-4889.355000000059
2014-10-06,1770.0500000001023
2014-10-07,-17049.12750000005
2014-10-08,6718.439999999997
2014-10-09,1690.0849999999532
2014-10-10,-4833.790000000045
2014-10-13,3349.7400000001626
2014-10-14,1732.4849999998585
2014-10-15,17561.300000000065
2014-10-16,-4649.215000000022
2014-10-17,-6451.129999999956
2014-10-20,-972.0800000000214
2014-10-21,-11238.075000000043
2014-10-22,921.379999999952
2014-10-23,-1569.9099999999382
2014-10-24,8481.344999999996
2014-10-27,-2941.3750000000005
2014-10-28,-8511.680000000038
2014-10-29,-8060.174999999969
2014-10-30,4809.964999999964
2014-10-31,-710.3450000000006
2014-11-03,-18429.98499999996
2014-11-04,356.939999999978
2014-11-05,7720.957500000067
2014-11-06,-7812.725000000087
2014-11-07,13480.750000000025
2014-11-10,-11404.477499999992
2014-11-11,6680.965000000038
2014-11-12,-7377.640000000018
2014-11-13,-8327.832499999999
2014-11-14,-4092.0924999999534
2014-11-17,-4750.617500000049
2014-11-18,5285.777499999912
2014-11-19,-4638.187499999873
2014-11-20,806.7849999999254
2014-11-21,7379.640000000011
2014-11-24,11107.580000000014
2014-11-25,-18139.585000000072
2014-11-26,3750.5400000000586
2014-11-27,-14598.899999999954
2014-11-28,-2309.462500000012
2014-12-01,-20812.177500000063
2014-12-02,-6404.6349999999875
2014-12-03,1844.3949999999595
2014-12-04,-4672.534999999955
2014-12-05,-31001.004999999986
2014-12-08,2261.064999999966
2014-12-09,-1415.0174999999624
2014-12-10,-3109.350000000098
2014-12-11,-12747.88499999997
2014-12-12,-2495.084999999898
2014-12-15,-16228.020000000077
2014-12-16,3387.0700000000534
2014-12-17,-5562.749999999984
2014-12-18,-15464.392500000062
2014-12-19,21753.757499999978
2014-12-22,-2225.9349999999813
2014-12-23,-849.2674999999111
2014-12-24,-1437.6125000000998
2014-12-25,-1895.1049999999232
2014-12-26,-6334.327499999986
2014-12-29,-701.0925000000145
2014-12-30,3126.794999999928
2014-12-31,14917.250000000018
2015-01-01,6194.124999999998
2015-01-02,-6698.812499999996
2015-01-05,-40262.355000000076
2015-01-06,-12878.315000000024
2015-01-07,13657.227500000014
2015-01-08,19699.442500000063
2015-01-09,-5319.4824999999955
2015-01-12,640.4150000000038
2015-01-13,-495.18000000003565
2015-01-14,-9123.522500000034
2015-01-15,-76349.94250000002
2015-01-16,-9337.424999999923
2015-01-19,5050.404999999979
2015-01-20,-8683.637499999993
2015-01-21,-7787.432500000001
2015-01-22,9378.009999999998
2015-01-23,-1778.4600000000296
2015-01-26,-2663.9750000000436
2015-01-27,3023.032500000041
2015-01-28,-595.9724999999942
2015-01-29,3651.064999999998
2015-01-30,6064.082499999971
2015-02-02,6433.542499999991
2015-02-03,-15357.492499999998
2015-02-04,12982.402500000024
2015-02-05,-1858.5974999999946
2015-02-06,-15677.967499999995
2015-02-09,2279.2749999999855
2015-02-10,6996.402499999969
2015-02-11,-6630.324999999959
2015-02-12,11842.074999999975
2015-02-13,-6361.679999999981
2015-02-16,-366.3500000000112
2015-02-17,-1973.0325000000303
2015-02-18,17151.657500000045
2015-02-19,-15508.382500000032
2015-02-20,11856.289999999986
2015-02-23,3017.5000000000246
2015-02-24,4529.524999999998
2015-02-25,3565.1649999999795
2015-02-26,-6911.372500000024
2015-02-27,-3027.8799999999287
2015-03-02,4707.074999999957
2015-03-03,-2452.369999999966
2015-03-04,1414.7324999999973
2015-03-05,8297.470000000014
2015-03-06,-12486.350000000022
2015-03-09,-463.80249999999444
2015-03-10,-3817.8499999999935
2015-03-11,-6011.492499999974
2015-03-12,17312.557499999995
2015-03-13,1925.714999999968
2015-03-16,3428.7224999999953
2015-03-17,3516.320000000021
2015-03-18,23854.51999999999
2015-03-19,-6373.075
2015-03-20,-3946.1200000000194
2015-03-23,1187.6300000000201
2015-03-24,-3460.2050000000118
2015-03-25,-10689.650000000007
2015-03-26,3536.2650000000167
2015-03-27,3385.344999999989
2015-03-30,-74.16749999998262
2015-03-31,6573.199999999988
2015-04-01,-11956.272500000008
2015-04-02,-730.9374999999968
2015-04-03,4756.250000000012
2015-04-06,3389.442499999987
2015-04-07,8603.667500000036
2015-04-08,6552.342499999996
2015-04-09,9319.512500000004
2015-04-10,-5760.267500000017
2015-04-13,6064.157500000018
2015-04-14,1507.7624999999953
2015-04-15,6119.750000000023
2015-04-16,2168.49749999998
2015-04-17,-14074.925000000014
2015-04-20,108.37999999998054
2015-04-21,234.9375000000432
2015-04-22,1221.33499999997
2015-04-23,2873.219999999999
2015-04-24,13866.890000000025
2015-04-27,-7504.315000000018
2015-04-28,135.70750000000328
2015-04-29,-11031.375000000016
2015-04-30,-10979.904999999946
2015-05-01,5865.274999999987
2015-05-04,1839.269999999987
2015-05-05,-10279.94750000002
2015-05-06,-7277.674999999955
2015-05-07,10383.48999999997
2015-05-08,6189.299999999984
2015-05-11,-4847.142500000006
2015-05-12,-384.325000000003
2015-05-13,2622.6400000000285
2015-05-14,-4220.30499999996
2015-05-15,393.26499999997554
2015-05-18,-7148.247500000019
2015-05-19,4003.6500000000106
2015-05-20,3282.1149999999852
2015-05-21,-5330.7000000000335
2015-05-22,-3181.284999999973
2015-05-25,-390.730000000014
2015-05-26,4205.957500000014
2015-05-27,9372.440000000019
2015-05-28,3366.1250000000027
2015-05-29,4083.837499999995
2015-06-01,-7873.4300000000185
2015-06-02,-8594.4425
2015-06-03,4527.185000000009
2015-06-04,-2846.9050000000047
2015-06-05,-6707.9849999999615
2015-06-08,-5502.085000000042
2015-06-09,-3161.4299999999785
2015-06-10,17179.280000000024
2015-06-11,10356.70000000001
2015-06-12,-1297.7000000000562
2015-06-15,263.43250000008413
2015-06-16,11180.087499999963
2015-06-17,-6601.300000000009
2015-06-18,7542.457499999984
2015-06-19,11418.802500000025
2015-06-22,-10401.205000000064
2015-06-23,-3929.1899999999437
2015-06-24,-1817.4450000000425
2015-06-25,-9239.054999999998
2015-06-26,-16064.507499999987
2015-06-29,14594.684999999994
2015-06-30,-15615.9825
2015-07-01,7495.95000000001
2015-07-02,-762.8499999999963
2015-07-03,4903.490000000023
2015-07-06,7440.912499999998
2015-07-07,14040.974999999997
2015-07-08,2000.899999999955
2015-07-09,-18732.404999999984
2015-07-10,-12554.617499999975
2015-07-13,2457.905000000023
2015-07-14,10815.332499999993
2015-07-15,7157.029999999961
2015-07-16,8896.137500000044
2015-07-17,6680.8125000000255
2015-07-20,8460.359999999944
2015-07-21,285.1449999999828
2015-07-22,4682.779999999973
2015-07-23,8747.580000000045
2015-07-24,1532.6599999999796
2015-07-27,9563.010000000091
2015-07-28,-5116.820000000038
2015-07-29,1167.7800000000125
2015-07-30,5755.819999999978
2015-07-31,10623.849999999995
2015-08-03,8892.360000000006
2015-08-04,-4135.1
2015-08-05,-4651.854999999977
2015-08-06,-5449.255000000027
2015-08-07,11366.44499999999
2015-08-10,-16901.055000000026
2015-08-11,12029.580000000044
2015-08-12,-912.160000000026
2015-08-13,3778.8800000000215
2015-08-14,1545.345000000025
2015-08-17,9444.904999999975
2015-08-18,-2699.75499999998
2015-08-19,2151.6550000000066
2015-08-20,-12986.52999999999
2015-08-21,980.7349999999706
2015-08-24,-611.1650000000027
2015-08-25,-8096.459999999965
2015-08-26,1496.5949999999425
2015-08-27,-3439.720000000017
2015-08-28,-9740.390000000003
2015-08-31,-9441.91999999996
2015-09-01,9517.169999999967
2015-09-02,5634.145000000067
2015-09-03,2865.4749999999176
2015-09-04,5647.574999999966
2015-09-07,-1541.0924999999108
2015-09-08,-11377.935000000009
2015-09-09,3522.052499999986
2015-09-10,-5359.154999999918
2015-09-11,3555.3749999999573
2015-09-14,-6525.665000000022
2015-09-15,1127.8275000000406
2015-09-16,-597.0600000000118
2015-09-17,15210.030000000008
2015-09-18,11659.169999999982
2015-09-21,-10780.344999999998
2015-09-22,9514.925000000023
2015-09-23,-3570.4500000000444
2015-09-24,2360.6850000000873
2015-09-25,-2866.445000000075
2015-09-28,7135.415000000026
2015-09-29,10622.13999999998
2015-09-30,15407.125000000047
2015-10-01,6163.927499999952
2015-10-02,-898.7875000000301
2015-10-05,-1343.177500000046
2015-10-06,-12235.89999999998
2015-10-07,2859.9775000000154
2015-10-08,964.9825000000923
2015-10-09,3506.019999999964
2015-10-12,7498.562499999973
2015-10-13,-6413.180000000043
2015-10-14,10447.41250000004
2015-10-15,4957.332500000038
2015-10-16,-5315.260000000067
2015-10-19,1456.6700000000258
2015-10-20,-6574.9000000000115
2015-10-21,8621.077500000023
2015-10-22,11352.36250000004
2015-10-23,-1788.355000000005
2015-10-26,10304.00749999993
2015-10-27,1667.982500000021
2015-10-28,-9444.585000000003
2015-10-29,-11917.202499999925
2015-10-30,-4504.1550000000325
2015-11-02,7478.599999999997
2015-11-03,-8695.674999999956
2015-11-04,-637.2600000000091
2015-11-05,3808.424999999962
2015-11-06,-12247.692499999988
2015-11-09,5801.144999999996
2015-11-10,14677.477500000025
2015-11-11,3209.0275000000192
2015-11-12,225.5199999999799
2015-11-13,3537.0874999999864
2015-11-16,751.4875000000466
2015-11-17,9979.687499999984
2015-11-18,10746.927499999969
2015-11-19,8321.432499999972
2015-11-20,16615.72750000001
2015-11-23,-7727.590000000019
2015-11-24,7009.100000000028
2015-11-25,-448.9975000000105
2015-11-26,6197.044999999986
2015-11-27,7516.097500000001
2015-11-30,593.8250000000945
2015-12-01,14747.802499999942
2015-12-02,-2397.862499999974
2015-12-03,-46491.55999999997
2015-12-04,10498.349999999979
2015-12-07,24061.669999999955
2015-12-08,893.720000000047
2015-12-09,6307.8574999999755
2015-12-10,1443.1500000000092
2015-12-11,23139.340000000037
2015-12-14,-8237.005000000036
2015-12-15,-1702.232500000007
2015-12-16,8463.875000000015
2015-12-17,3778.7249999999945
2015-12-18,-7718.45499999997
2015-12-21,-7451.165000000038
2015-12-22,-5565.657499999949
2015-12-23,-2021.5925000000043
2015-12-24,-1500.8375000000249
2015-12-28,15.907499999949522
2015-12-29,-10564.317499999926
2015-12-30,1015.7624999999753
2015-12-31,3255.77249999997
2016-01-04,6891.62
2016-01-05,-5344.344999999988
2016-01-06,9752.50750000001
2016-01-07,-8583.859999999988
2016-01-08,-6785.750000000036
2016-01-11,21441.59500000004
2016-01-12,10788.700000000035
2016-01-13,-6279.855000000033
2016-01-14,15973.119999999966
2016-01-15,7400.710000000032
2016-01-18,2733.492499999983
2016-01-19,-4636.714999999999
2016-01-20,15175.682499999983
2016-01-21,-13286.662500000017
2016-01-22,-22153.02999999997
2016-01-25,16343.98499999999
2016-01-26,1605.5749999999612
2016-01-27,-14805.845000000003
2016-01-28,-805.7624999999985
2016-01-29,18210.54500000001
2016-02-01,8973.445000000022
2016-02-02,24769.802500000013
2016-02-03,-10816.535000000005
2016-02-04,13942.744999999986
2016-02-05,-8988.474999999975
2016-02-08,24347.269999999975
2016-02-09,11143.865000000002
2016-02-10,10677.027500000026
2016-02-11,3721.114999999962
2016-02-12,-24041.71000000002
2016-02-15,-2172.520000000001
2016-02-16,864.6850000000079
2016-02-17,-14224.597500000007
2016-02-18,23029.38499999996
2016-02-19,-405.89749999997116
2016-02-22,7816.2850000000035
2016-02-23,10877.082499999951
2016-02-24,-2820.844999999985
2016-02-25,11697.765000000003
2016-02-26,-11320.749999999953
2016-02-29,4548.812500000013
2016-03-01,4470.7149999999565
2016-03-02,43.7574999999851
2016-03-03,-641.8174999999668
2016-03-04,-12173.90500000003
2016-03-07,-9949.61749999994
2016-03-08,9661.85749999993
2016-03-09,-14089.097499999956
2016-03-10,-16857.85500000003
2016-03-11,6162.000000000035
2016-03-14,466.5624999999918
2016-03-15,2063.087500000018
2016-03-16,10765.207499999919
2016-03-17,-777.3174999999653
2016-03-18,4336.235000000002
2016-03-21,-5516.070000000025
2016-03-22,-13831.665000000005
2016-03-23,12010.314999999995
2016-03-24,-519.2500000000114
2016-03-28,-6084.689999999989
2016-03-29,13559.872500000021
2016-03-30,16976.407499999983
2016-03-31,16597.76999999997
2016-04-01,8428.350000000048
2016-04-04,589.8699999999716
2016-04-05,-3880.51000000001
2016-04-06,-16.702499999969987
2016-04-07,-4036.2774999999942
2016-04-08,-9711.617499999991
2016-04-11,308.11999999998363
2016-04-12,-14967.942499999994
2016-04-13,-9395.522500000001
2016-04-14,9727.61
2016-04-15,5534.467500000008
2016-04-18,-11344.82000000002
2016-04-19,-23298.367499999964
2016-04-20,-36721.40250000006
2016-04-21,-3728.192499999972
2016-04-22,9768.924999999988
2016-04-25,-2748.2149999999924
2016-04-26,-10465.812499999998
2016-04-27,4996.840000000001
2016-04-28,-12489.842500000004
2016-04-29,-10334.567500000021
2016-05-02,6119.625000000014
2016-05-03,13850.000000000015
2016-05-04,1679.6074999999742
2016-05-05,13563.165000000039
2016-05-06,-3917.5550000000076
2016-05-09,19533.01249999999
2016-05-10,-14864.367499999997
2016-05-11,-15176.202499999992
2016-05-12,-11508.392500000018
2016-05-13,599.025000000006
2016-05-16,-5885.98749999999
2016-05-17,-16414.825000000023
2016-05-18,-7797.287499999975
2016-05-19,4059.122499999993
2016-05-20,3028.1274999999996
2016-05-23,-1549.3824999999872
2016-05-24,5147.272500000001
2016-05-25,-1546.1950000000381
2016-05-26,5592.45500000003
2016-05-27,-3134.3724999999395
2016-05-30,-74.81249999998681
2016-05-31,11812.44999999996
2016-06-01,-12789.407500000005
2016-06-02,-605.9999999999866
2016-06-03,10624.369999999974
2016-06-06,-11525.629999999992
2016-06-07,4968.400000000018
2016-06-08,-943.2150000000524
2016-06-09,4851.977500000037
2016-06-10,9142.657500000034
2016-06-13,-10535.7075
2016-06-14,-3656.6749999999956
2016-06-15,7887.914999999973
2016-06-16,8360.557500000006
2016-06-17,-24944.2649999999
2016-06-20,-1138.2375000000568
2016-06-21,4643.677500000019
2016-06-22,16910.122500000027
2016-06-23,11398.629999999956
2016-06-24,-14457.167499999985
2016-06-27,7366.475000000039
2016-06-28,2830.7999999999547
2016-06-29,11812.499999999965
2016-06-30,16738.645000000084
2016-07-01,2140.499999999918
2016-07-04,5413.899999999987
2016-07-05,12389.147499999995
2016-07-06,7132.552500000061
2016-07-07,9471.169999999996
2016-07-08,6648.995000000042
2016-07-11,-2285.8550000000687
2016-07-12,-11800.819999999947
2016-07-13,7492.100000000064
2016-07-14,-3610.6000000000813
2016-07-15,-9284.900000000034
2016-07-18,8143.5000000000955
2016-07-19,412.3999999999028
2016-07-20,-1781.0699999999124
2016-07-21,-1046.0750000000223
2016-07-22,-588.7850000000245
2016-07-25,6210.020000000021
2016-07-26,11998.390000000012
2016-07-27,-3714.1800000000403
2016-07-28,-5221.480000000045
2016-07-29,2316.8200000000056
2016-08-01,3458.4749999999817
2016-08-02,-3836.2349999998714
2016-08-03,-9131.92500000004
2016-08-04,6339.145000000008
2016-08-05,3428.1749999999774
2016-08-08,-3443.6300000000306
2016-08-09,7158.505000000066
2016-08-10,-1228.2599999999995
2016-08-11,-5689.125000000063
2016-08-12,1921.0900000000245
2016-08-15,-69.25500000004183
2016-08-16,-17161.404999999977
2016-08-17,2593.144999999983
2016-08-18,-11162.749999999904
2016-08-19,5500.47999999997
2016-08-22,9330.959999999952
2016-08-23,1437.3249999999684
2016-08-24,189.62500000008663
2016-08-25,-6685.474999999993
2016-08-26,3437.059999999994
2016-08-29,9994.264999999941
2016-08-30,13820.750000000065
2016-08-31,-2853.4400000000905
2016-09-01,-7632.889999999929
2016-09-02,-12119.750000000007
2016-09-05,-1409.5999999999938
2016-09-06,2927.409999999993
2016-09-07,2839.8099999999044
2016-09-08,-14582.509999999975
2016-09-09,-19509.905000000013
2016-09-12,5275.939999999987
2016-09-13,-7533.37499999996
2016-09-14,-1683.530000000003
2016-09-15,9414.18499999996
2016-09-16,3139.7400000000384
2016-09-19,-2524.34499999995
2016-09-20,-4598.429999999968
2016-09-21,-2864.325000000044
2016-09-22,4078.195000000056
2016-09-23,3748.48499999991
2016-09-26,-940.2349999999684
2016-09-27,10460.795000000036
2016-09-28,-6420.114999999997
2016-09-29,-2689.595000000081
2016-09-30,-8758.949999999904
2016-10-03,2800.0450000000155
2016-10-04,-8224.860000000046
2016-10-05,-12152.499999999995
2016-10-06,7775.294999999963
2016-10-07,-6302.799999999936
2016-10-10,-14590.685000000038
2016-10-11,345.5999999999733
2016-10-12,10828.895000000064
2016-10-13,-13027.555000000017
2016-10-14,-3839.210000000057
2016-10-17,1533.745000000019
2016-10-18,4423.845000000047
2016-10-19,5970.949999999961
2016-10-20,1778.8600000000044
2016-10-21,6368.229999999993
2016-10-24,5847.100000000035
2016-10-25,7863.76499999998
2016-10-26,-7416.35000000003
2016-10-27,-13773.029999999932
2016-10-28,2303.2950000000105
2016-10-31,18970.54499999993
2016-11-01,-17369.55250000001
2016-11-02,8260.690000000008
2016-11-03,2973.9950000000104
2016-11-04,3040.3349999999928
2016-11-07,11799.162500000046
2016-11-08,1651.6100000000035
2016-11-09,-21066.3950000001
2016-11-10,-4849.899999999892
2016-11-11,151.93749999998067
2016-11-14,-5454.577499999996
2016-11-15,-3726.5824999999954
2016-11-16,-2259.574999999969
2016-11-17,-21071.145000000084
2016-11-18,-16292.082499999979
2016-11-21,-9549.015000000005
2016-11-22,2294.7450000000044
2016-11-23,-10546.954999999974
2016-11-24,-31.42000000001123
2016-11-25,6558.095000000003
2016-11-28,-315.69000000005497
2016-11-29,17599.712500000023
2016-11-30,-24084.67249999998
2016-12-01,-5900.222500000011
2016-12-02,11698.789999999997
2016-12-05,-12605.230000000014
2016-12-06,-4550.0975000000135
2016-12-07,15999.962500000038
2016-12-08,-8161.565
2016-12-09,-11261.767500000005
2016-12-12,2599.512500000006
2016-12-13,2728.0599999999645
2016-12-14,-27897.2125
2016-12-15,1873.5125000000273
2016-12-16,-9604.00000000004
2016-12-19,10989.725000000033
2016-12-20,9297.414999999975
2016-12-21,-723.9499999999928
2016-12-22,-1601.2449999999917
2016-12-23,1363.6325000000038
2016-12-26,-1942.2250000000029
2016-12-27,-15319.949999999992
2016-12-28,3073.799999999959
2016-12-29,4297.320000000019
2016-12-30,-5274.134999999961
2017-01-02,9450.589999999971
2017-01-03,15843.072499999997
2017-01-04,-10793.352499999979
2017-01-05,8581.78249999999
2017-01-06,-2070.835
2017-01-09,17259.870000000003
2017-01-10,-231.90500000001623
2017-01-11,3554.7500000000227
2017-01-12,-13374.80500000003
2017-01-13,-1005.1299999999999
2017-01-16,-1984.5325
2017-01-17,3712.4824999999933
2017-01-18,-695.0274999999679
2017-01-19,-1290.102500000013
2017-01-20,677.1399999999919
2017-01-23,10846.90999999998
2017-01-24,525.599999999999
2017-01-25,-4545.549999999977
2017-01-26,2033.2299999999545
2017-01-27,5638.3700000000335
2017-01-30,5951.895000000004
2017-01-31,-3805.9674999999993
2017-02-01,-19871.322499999987
2017-02-02,9423.98249999999
2017-02-03,15438.959999999981
2017-02-06,14522.32000000002
2017-02-07,2917.3949999999763
2017-02-08,-9503.2475
2017-02-09,-7677.6799999999885
2017-02-10,-6635.242499999993
2017-02-13,8147.482500000044
2017-02-14,-1910.2875000000902
2017-02-15,-2061.7299999999445
2017-02-16,17084.169999999987
2017-02-17,13289.35250000003
2017-02-20,182.2299999999498
2017-02-21,8804.972500000018
2017-02-22,9952.99500000001
2017-02-23,13265.36250000002
2017-02-24,8407.027499999976
2017-02-27,-2416.0399999999977
2017-02-28,-15260.512499999983
2017-03-01,-4494.327499999987
2017-03-02,-1753.4000000000021
2017-03-03,1333.2500000000011
2017-03-06,-9871.485000000013
2017-03-07,-7034.705000000015
2017-03-08,6809.0875000000315
2017-03-09,2825.0874999999933
2017-03-10,16305.657499999983
2017-03-13,-47.797499999983984
2017-03-14,-1188.6649999999845
2017-03-15,32509.707499999975
2017-03-16,-8039.612499999933
2017-03-17,5508.874999999945
2017-03-20,6876.804999999986
2017-03-21,1723.170000000036
2017-03-22,12067.584999999968
2017-03-23,635.8450000000123
2017-03-24,-816.0950000000252
2017-03-27,8952.142500000042
2017-03-28,-6351.5599999999895
2017-03-29,-3131.6000000000063
2017-03-30,-6289.705000000041
2017-03-31,-4868.122499999969
2017-04-03,12069.477499999959
2017-04-04,-15200.52249999997
2017-04-05,1525.7025000000137
2017-04-06,-3662.8350000000164
2017-04-07,-7867.379999999975
2017-04-10,-2704.3750000000095
2017-04-11,10094.744999999957
2017-04-12,12759.49500000005
2017-04-13,-6343.9900000000225
2017-04-17,20538.29749999996
2017-04-18,17886.89500000005
2017-04-19,3043.9149999999963
2017-04-20,16493.394999999997
2017-04-21,8568.327500000014
2017-04-24,418.6350000000067
2017-04-25,-10348.667500000012
2017-04-26,13220.73749999997
2017-04-27,6021.497500000013
2017-04-28,6049.9450000000115
2017-05-01,-11548.322499999962
2017-05-02,12198.174999999967
2017-05-03,-9837.772500000008
2017-05-04,19290.02750000002
2017-05-05,-12441.560000000023
2017-05-08,-3526.717499999966
2017-05-09,-6280.274999999987
2017-05-10,-17056.080000000034
2017-05-11,-1816.8750000000139
2017-05-12,9736.924999999972
2017-05-15,1226.5250000000015
2017-05-16,6687.395000000059
2017-05-17,-7512.70499999999
2017-05-18,9051.46499999995
2017-05-19,-8198.054999999971
2017-05-22,-2693.009999999994
2017-05-23,-1920.3675000000082
2017-05-24,12654.432499999972
2017-05-25,17692.445000000007
2017-05-26,-12490.874999999989
2017-05-29,3301.67500000002
2017-05-30,17683.90250000001
2017-05-31,1981.1974999999634
2017-06-01,15858.020000000042
2017-06-02,18911.932499999963
2017-06-05,5251.3350000000655
2017-06-06,-6832.350000000035
2017-06-07,-3289.299999999974
2017-06-08,-5640.217500000011
2017-06-09,-12508.797500000004
2017-06-12,10581.734999999993
2017-06-13,-1704.4124999999806
2017-06-14,26925.459999999977
2017-06-15,-17052.96000000005
2017-06-16,1516.8850000000841
2017-06-19,-3379.5900000000147
2017-06-20,10597.78499999999
2017-06-21,890.4075000000165
2017-06-22,11348.859999999975
2017-06-23,3119.712500000024
2017-06-26,3942.565000000023
2017-06-27,-20499.725000000028
2017-06-28,-2527.122499999952
2017-06-29,-19354.32750000004
2017-06-30,-36063.87500000004
2017-07-03,-16250.087499999981
2017-07-04,-3117.3925000000277
2017-07-05,2051.7799999999843
2017-07-06,-5335.7574999999515
2017-07-07,4463.702499999987
2017-07-10,-17477.549999999956
2017-07-11,-2273.435000000053
2017-07-12,23334.6
2017-07-13,16917.545000000024
2017-07-14,-3688.075000000018
2017-07-17,723.0750000000032
2017-07-18,6097.349999999973
2017-07-19,4764.895000000037
2017-07-20,-7721.35000000002
2017-07-21,5062.694999999938
2017-07-24,-4440.272499999926
2017-07-25,-20194.612500000003
2017-07-26,8785.679999999995
2017-07-27,2871.782500000013
2017-07-28,-1733.8250000000592
2017-07-31,1436.1900000000378
2017-08-01,15476.295000000018
2017-08-02,3978.650000000025
2017-08-03,6660.164999999881
2017-08-04,-1918.1049999999846
2017-08-07,-5805.349999999964
2017-08-08,-6284.737500000019
2017-08-09,-9479.647499999992
2017-08-10,12361.320000000025
2017-08-11,6757.81499999997
2017-08-14,480.10250000000565
2017-08-15,8401.14999999999
2017-08-16,-91.35499999999718
2017-08-17,1722.4799999999666
2017-08-18,-8100.854999999998
2017-08-21,2070.2500000000086
2017-08-22,1127.282499999968
2017-08-23,1977.6600000000205
2017-08-24,-3936.830000000013
2017-08-25,-519.4674999999962
2017-08-28,10991.510000000046
2017-08-29,-1614.832500000054
2017-08-30,12655.777500000031
2017-08-31,-15784.902499999982
2017-09-01,-10955.257500000098
2017-09-04,-1487.474999999966
2017-09-05,17608.99500000004
2017-09-06,-15424.47749999999
2017-09-07,11856.85249999996
2017-09-08,9777.032500000007
2017-09-11,-10468.490000000033
2017-09-12,-3333.7700000000154
2017-09-13,-10428.39999999999
2017-09-14,-1791.574999999983
2017-09-15,-1947.550000000008
2017-09-18,-5843.532499999982
2017-09-19,1170.85249999999
2017-09-20,-12930.072499999998
2017-09-21,-1499.6500000000235
2017-09-22,-2969.577500000001
2017-09-25,6274.832500000057
2017-09-26,-1072.3999999999774
2017-09-27,-13393.342500000077
2017-09-28,1642.5199999999918
2017-09-29,-7248.274999999946
2017-10-02,17220.737500000025
2017-10-03,3525.2074999999604
2017-10-04,2947.207499999981
2017-10-05,-5171.247499999976
2017-10-06,-8637.027500000073
2017-10-09,2863.8525000001164
2017-10-10,-3240.2550000000633
2017-10-11,3414.777499999983
2017-10-12,-5410.475000000011
2017-10-13,5815.9200000000155
2017-10-16,-6114.324999999938
2017-10-17,3668.4574999999763
2017-10-18,5145.2325000000155
2017-10-19,6350.434999999933
2017-10-20,-576.8175000000148
2017-10-23,-8906.394999999997
2017-10-24,-2548.5774999999653
2017-10-25,1446.6600000000299
2017-10-26,320.87500000001
2017-10-27,17678.03499999996
2017-10-30,4651.207499999993
2017-10-31,780.2949999999463
2017-11-01,-5279.719999999946
2017-11-02,856.2199999999615
2017-11-03,-1883.8850000000143
2017-11-06,136.04000000008077
2017-11-07,3258.0525000000125
2017-11-08,-595.7600000000157
2017-11-09,4068.9250000000393
2017-11-10,-9836.84250000002
2017-11-13,-3687.917500000026
2017-11-14,15287.924999999996
2017-11-15,1511.552500000026
2017-11-16,-265.47250000002555
2017-11-17,-10862.829999999994
2017-11-20,-3711.1349999999898
2017-11-21,2609.327500000005
2017-11-22,3502.060000000016
2017-11-23,1482.802499999986
2017-11-24,2242.9450000000093
2017-11-27,3062.1750000000566
2017-11-28,2714.8249999999507
2017-11-29,-19406.76249999994
2017-11-30,6662.427499999953
2017-12-01,6841.722500000012
2017-12-04,-6408.597500000025
2017-12-05,10270.197499999984
2017-12-06,7166.532500000067
2017-12-07,5081.0499999999665
2017-12-08,6470.325000000003
2017-12-11,5593.520000000022
2017-12-12,3557.48500000002
2017-12-13,11362.76749999994
2017-12-14,-4803.030000000003
2017-12-15,-8138.177499999977
2017-12-18,-1462.3599999999271
2017-12-19,-8573.50500000004
2017-12-20,-5156.5549999999575
2017-12-21,1650.0649999999587
2017-12-22,-5517.172500000026
2017-12-25,-1728.6599999999726
2017-12-26,-3515.247500000024
2017-12-27,10069.12749999992
2017-12-28,-8271.377499999933
2017-12-29,-6964.869999999993
2018-01-01,2208.5374999999385
2018-01-02,-16806.12499999997
2018-01-03,9516.447499999804
2018-01-04,6686.950000000059
2018-01-05,3358.6950000000156
2018-01-08,2680.4024999999183
2018-01-09,-8311.499999999944
2018-01-10,1352.2274999999004
2018-01-11,4654.415000000003
2018-01-12,2225.9300000000435
2018-01-15,3807.954999999953
2018-01-16,-7023.684999999899
2018-01-17,-5974.495000000056
2018-01-18,-9788.067500000001
2018-01-19,-3564.0500000000084
2018-01-22,-2002.9050000001039
2018-01-23,14008.657500000121
2018-01-24,-25918.33250000009
2018-01-25,12149.254999999988
2018-01-26,-8884.449999999955
2018-01-29,-13550.417499999978
2018-01-30,-12243.292500000067
2018-01-31,-9934.272499999945
2018-02-01,-17792.854999999963
2018-02-02,-16105.917500000072
2018-02-05,22230.1625
2018-02-06,-25982.022499999945
2018-02-07,-2353.1900000000537
2018-02-08,-8919.630000000025
2018-02-09,4179.200000000026
2018-02-12,-15162.572499999998
2018-02-13,-4648.55749999999
2018-02-14,-16265.899999999965
2018-02-15,-5036.870000000018
2018-02-16,12660.902499999955
2018-02-19,2380.079999999985
2018-02-20,6264.164999999985
2018-02-21,-8826.027500000015
2018-02-22,-2920.95499999996
2018-02-23,12513.699999999957
2018-02-26,1031.2599999999966
2018-02-27,-9357.822499999995
2018-02-28,-1372.4925000000544
2018-03-01,-5594.137499999946
2018-03-02,-8499.55750000001
2018-03-05,-2809.699999999963
2018-03-06,704.5524999999277
2018-03-07,3966.545000000009
2018-03-08,-1435.850000000033
2018-03-09,9686.46500000002
2018-03-12,-1443.422500000021
2018-03-13,2460.0025000000232
2018-03-14,8793.162500000035
2018-03-15,3513.1025000000423
2018-03-16,5375.012499999949
2018-03-19,17559.772500000025
2018-03-20,-344.13500000002546
2018-03-21,-1516.3224999999904
2018-03-22,18503.93750000004
2018-03-23,-343.4075000000098
2018-03-26,-6527.140000000031
2018-03-27,19949.56250000008
2018-03-28,-571.4400000001011
2018-03-29,-16783.509999999955
2018-04-02,-71.85500000003982
2018-04-03,-4460.279999999944
2018-04-04,6742.214999999997
2018-04-05,-9115.53999999995
2018-04-06,-218.56500000002927
2018-04-09,-12700.610000000072
2018-04-10,-3122.6099999998914
2018-04-11,7415.014999999898
2018-04-12,-2283.1224999999577
2018-04-13,2539.7025000000112
2018-04-16,404.23249999995835
2018-04-17,3106.997499999984
2018-04-18,-16656.61
2018-04-19,-8992.37499999993
2018-04-20,4832.72500000001
2018-04-23,8459.89499999998
2018-04-24,-4002.7975000000147
2018-04-25,-6489.520000000018
2018-04-26,7262.450000000031
2018-04-27,7592.102499999994
2018-04-30,-4981.917500000102
2018-05-01,-11962.892499999985
2018-05-02,8127.357500000077
2018-05-03,1505.0199999999902
2018-05-04,12083.399999999994
2018-05-07,9417.487499999996
2018-05-08,-13551.367500000006
2018-05-09,-1325.4424999999471
2018-05-10,1758.169999999936
2018-05-11,7706.940000000093
2018-05-14,-10420.347500000013
2018-05-15,-17945.505000000045
2018-05-16,-2980.450000000019
2018-05-17,1577.4449999999933
2018-05-18,4647.805000000016
2018-05-21,3754.7649999999944
2018-05-22,-12676.477499999977
2018-05-23,14681.189999999979
2018-05-24,685.3749999999858
2018-05-25,971.3175000000541
2018-05-28,6515.807499999945
2018-05-29,40135.4825
2018-05-30,-22101.914999999895
2018-05-31,-6389.612500000015
2018-06-01,-14592.997500000032
2018-06-04,6061.462500000045
2018-06-05,-3378.6675000000505
2018-06-06,-11524.580000000005
2018-06-07,7654.7449999999635
2018-06-08,-1883.2499999999172
2018-06-11,7135.694999999963
2018-06-12,-12264.002500000055
2018-06-13,4082.5800000000286
2018-06-14,15988.262500000043
2018-06-15,760.4574999999975
2018-06-18,21499.949999999964
2018-06-19,13873.739999999925
2018-06-20,-7046.624999999977
2018-06-21,190.4725000000053
2018-06-22,13855.21
2018-06-25,9460.985000000024
2018-06-26,8184.214999999968
2018-06-27,20143.16499999998
2018-06-28,9377.89500000005
2018-06-29,-5574.972500000068
2018-07-02,14140.400000000125
2018-07-03,1921.234999999953
2018-07-04,1189.0249999999564
2018-07-05,2155.9550000000727
2018-07-06,-13871.42000000006
2018-07-09,-2818.0524999999247
2018-07-10,14622.220000000008
2018-07-11,-2985.8500000000986
2018-07-12,-1263.8224999999584
2018-07-13,12608.922499999971
2018-07-16,-19658.03999999999
2018-07-17,866.9025000000445
2018-07-18,593.5324999999226
2018-07-19,8916.765000000072
2018-07-20,-19666.09750000009
2018-07-23,-3933.1449999999513
2018-07-24,-256.2349999999077
2018-07-25,-15984.315000000097
2018-07-26,4421.549999999931
2018-07-27,285.0300000001804
2018-07-30,-5778.250000000091
2018-07-31,-12011.717500000052
2018-08-01,23.517500000059584
2018-08-02,8632.63250000005
2018-08-03,5556.5725
2018-08-06,3278.115000000067
2018-08-07,-6878.817500000023
2018-08-08,-9879.222500000087
2018-08-09,17535.537500000097
2018-08-10,33599.24499999995
2018-08-13,11238.842499999935
2018-08-14,-8657.679999999898
2018-08-15,23428.339999999927
2018-08-16,-9023.209999999868
2018-08-17,-2201.6650000001237
2018-08-20,8713.525000000045
2018-08-21,1396.9750000000406
2018-08-22,7531.2150000000065
2018-08-23,6785.534999999904
2018-08-24,-6793.697499999909
2018-08-27,-9025.137500000015
2018-08-28,-6479.342500000026
2018-08-29,-5573.68750000002
2018-08-30,9541.107499999991
2018-08-31,-619.662500000022
2018-09-03,-2010.9849999999062
2018-09-04,-5103.820000000027
2018-09-05,-2378.109999999951
2018-09-06,6706.150000000013
2018-09-07,-19089.347499999956
2018-09-10,873.807499999929
2018-09-11,1764.3275000000476
2018-09-12,107.92749999999299
2018-09-13,-325.54499999996233
2018-09-14,-8395.517500000073
2018-09-17,8418.375000000075
2018-09-18,-7554.867500000093
2018-09-19,-3555.3025000000016
2018-09-20,-10638.762499999993
2018-09-21,-3683.142500000101
2018-09-24,4104.252500000081
2018-09-25,-3931.8150000000123
2018-09-26,5608.55749999998
2018-09-27,12963.145000000033
2018-09-28,6302.427499999967
2018-10-01,9250.835000000034
2018-10-02,-4213.307499999976
2018-10-03,-13959.275000000047
2018-10-04,-8009.757499999922
2018-10-05,-8596.747500000043
2018-10-08,4585.649999999937
2018-10-09,1593.7499999999554
2018-10-10,2734.2700000000827
2018-10-11,-15082.3225
2018-10-12,-4816.190000000013
2018-10-15,-10208.150000000032
2018-10-16,6190.500000000042
2018-10-17,-15935.942500000012
2018-10-18,9140.684999999929
2018-10-19,-1345.68499999992
2018-10-22,-183.56999999999863
2018-10-23,-5337.717500000024
2018-10-24,9102.799999999948
2018-10-25,14082.350000000066
2018-10-26,-3860.442499999967
2018-10-29,440.43999999997226
2018-10-30,1176.524999999931
2018-10-31,-13570.85999999997
2018-11-01,-4399.905000000029
2018-11-02,-27701.92749999998
2018-11-05,-3098.9349999999786
2018-11-06,576.7825000000076
2018-11-07,-6049.360000000117
2018-11-08,-2295.087499999876
2018-11-09,2680.4074999999134
2018-11-12,-3646.9150000000072
2018-11-13,-9494.34249999999
2018-11-14,-7347.729999999948
2018-11-15,22120.994999999944
2018-11-16,2845.627500000046
2018-11-19,-2416.2750000000515
2018-11-20,-20901.155000000046
2018-11-21,5256.98000000006
2018-11-22,-2116.9875000000447
2018-11-23,-13996.767499999927
2018-11-26,15877.580000000002
2018-11-27,2072.7000000000144
2018-11-28,-10559.579999999984
2018-11-29,4208.250000000019
2018-11-30,-395.8700000000158
2018-12-03,7396.289999999988
2018-12-04,-689.2600000000211
2018-12-05,-5430.044999999927
2018-12-06,6898.702499999917
2018-12-07,10814.922500000068
2018-12-10,-3138.714999999967
2018-12-11,-3712.7275000000113
2018-12-12,-12698.355000000032
2018-12-13,7848.11250000004
2018-12-14,3921.5924999999147
2018-12-17,-1329.4425000000406
2018-12-18,7371.79750000001
2018-12-19,10114.220000000067
2018-12-20,-15635.390000000123
2018-12-21,6697.7099999999855
2018-12-24,1878.0250000000237
2018-12-25,-690.0100000000124
2018-12-26,4715.462499999978
2018-12-27,-4704.442499999935
2018-12-28,-3884.2500000000487
2018-12-31,447.28250000004755
2019-01-01,-567.5175000001037
2019-01-02,2885.8200000000456
2019-01-03,-2180.9950000000563
2019-01-04,-9854.569999999998
2019-01-07,-12826.454999999985
2019-01-08,-7821.37999999996
2019-01-09,201.78249999993633
2019-01-10,10713.000000000055
2019-01-11,3421.477499999964
2019-01-14,3409.8574999999846
2019-01-15,5114.102500000021
2019-01-16,4064.182499999995
2019-01-17,-9051.005000000026
2019-01-18,-5793.839999999975
2019-01-21,1959.2525000000023
2019-01-22,873.4575000000092
2019-01-23,-7229.2100000000655
2019-01-24,9594.95749999998
2019-01-25,-8997.052500000016
2019-01-28,-3862.537499999962
2019-01-29,10503.88999999999
2019-01-30,7008.412500000048
2019-01-31,16286.414999999959
2019-02-01,-8823.694999999967
2019-02-04,-12535.837500000007
2019-02-05,4688.3
2019-02-06,-2234.572500000043
2019-02-07,14714.01500000007
2019-02-08,3413.837500000011
2019-02-11,2779.4324999999635
2019-02-12,-13626.150000000012
2019-02-13,-2834.3400000000133
2019-02-14,15091.73249999999
2019-02-15,-3482.7424999999967
2019-02-18,-1959.904999999983
2019-02-19,16415.200000000037
2019-02-20,4722.07499999986
2019-02-21,-16453.60499999992
2019-02-22,7180.2249999999285
2019-02-25,16853.955000000034
2019-02-26,6451.895000000006
2019-02-27,-3802.5149999999503
2019-02-28,-1877.380000000005
2019-03-01,-403.1999999999998
2019-03-04,-2127.2350000000624
2019-03-05,646.2774999999807
2019-03-06,10812.89750000001
2019-03-07,15358.757500000029
2019-03-08,-536.7799999999587
2019-03-11,-4771.769999999947
2019-03-12,-12165.150000000049
2019-03-13,-3240.025000000003
2019-03-14,-2196.23
2019-03-15,-4529.862499999939
2019-03-18,-4412.260000000018
2019-03-19,-856.105000000017
2019-03-20,3408.282500000018
2019-03-21,-7661.144999999989
2019-03-22,7569.005000000053
2019-03-25,1087.5674999999046
2019-03-26,2816.4075000000257
2019-03-27,11900.632500000056
2019-03-28,2098.177499999997
2019-03-29,8855.48999999997
2019-04-01,-13354.915000000015
2019-04-02,-5659.107499999943
2019-04-03,-10818.140000000067
2019-04-04,3281.4500000000576
2019-04-05,2438.757499999939
2019-04-08,-2795.725000000047
2019-04-09,2534.6525000001093
2019-04-10,4936.449999999944
2019-04-11,684.6874999999106
2019-04-12,-5154.822499999954
2019-04-15,-941.3749999999354
2019-04-16,9737.957500000006
2019-04-17,3587.6824999999644
2019-04-18,2849.8150000000223
2019-04-22,-50.60000000003038
2019-04-23,16913.010000000093
2019-04-24,-1281.8050000000767
2019-04-25,-9543.159999999903
2019-04-26,4298.304999999932
2019-04-29,5503.775000000006
2019-04-30,8653.057499999992
2019-05-01,-12397.605000000001
2019-05-02,-6517.542500000048
2019-05-03,5264.975000000135
2019-05-06,9843.467499999864
2019-05-07,-4930.887499999947
2019-05-08,-1593.3374999999965
2019-05-09,15931.707499999957
2019-05-10,6357.202500000012
2019-05-13,-14403.462500000012
2019-05-14,-15819.984999999946
2019-05-15,3809.68249999995
2019-05-16,-9273.064999999999
2019-05-17,3041.4924999999935
2019-05-20,-10997.189999999975
2019-05-21,-202.47250000002336
2019-05-22,4347.035000000094
2019-05-23,8363.562499999995
2019-05-24,-6481.384999999985
2019-05-27,2026.0924999999743
2019-05-28,-5158.177500000045
2019-05-29,-2908.8274999999944
2019-05-30,-14610.280000000015
2019-05-31,5220.59000000003
2019-06-03,-547.809999999891
2019-06-04,4372.7449999999
2019-06-05,16107.542500000038
2019-06-06,-7526.275000000152
2019-06-07,8528.55750000011
2019-06-10,-2593.2275000000795
2019-06-11,-272.70249999992814
2019-06-12,-6944.602500000107
2019-06-13,2286.630000000088
2019-06-14,-1254.4550000000108
2019-06-17,-8495.540000000019
2019-06-18,17295.895000000066
2019-06-19,9818.575000000068
2019-06-20,-8683.065000000008
2019-06-21,-3269.134999999953
2019-06-24,499.84499999998786
2019-06-25,5239.219999999819
2019-06-26,7427.875000000086
2019-06-27,4730.425000000031
2019-06-28,7111.745000000006
2019-07-01,9922.229999999918
2019-07-02,6603.74
2019-07-03,7235.2000000001635
2019-07-04,-320.90250000008547
2019-07-05,-1677.9674999999745
2019-07-08,-3459.0100000000266
2019-07-09,-2810.90499999986
2019-07-10,-4696.955000000063
2019-07-11,-2239.5800000001027
2019-07-12,-8238.49499999991
2019-07-15,12066.9999999999
2019-07-16,4083.7750000000206
2019-07-17,-8903.089999999924
2019-07-18,-1005.9099999999696
2019-07-19,-10608.460000000076
2019-07-22,11531.545000000022
2019-07-23,5628.819999999985
2019-07-24,6893.870000000034
2019-07-25,-6129.5500000000275
2019-07-26,7412.799999999963
2019-07-29,-13160.25499999989
2019-07-30,-4349.250000000038
2019-07-31,9777.459999999894
2019-08-01,-1672.6149999999132
2019-08-02,-17426.755000000016
2019-08-05,-49579.35000000003
2019-08-06,30683.314999999944
2019-08-07,-1765.4849999999394
2019-08-08,9126.849999999953
2019-08-09,-7593.100000000017
2019-08-12,13488.100000000033
2019-08-13,21243.090000000007
2019-08-14,-7675.625000000016
2019-08-15,7208.599999999991
2019-08-16,3885.5449999999837
2019-08-19,9833.45999999997
2019-08-20,-5514.400000000023
2019-08-21,1731.4900000000155
2019-08-22,-3938.7750000000538
2019-08-23,-14729.45499999992
2019-08-26,10376.350000000008
2019-08-27,-3297.2099999999864
2019-08-28,1844.6450000000536
2019-08-29,11998.944999999852
2019-08-30,3716.570000000065
2019-09-02,-2508.9199999999732
2019-09-03,-5979.604999999965
2019-09-04,5306.649999999988
2019-09-05,13065.229999999965
2019-09-06,15026.35000000003
2019-09-09,6260.345000000044
2019-09-10,-14504.41000000002
2019-09-11,976.6950000000589
2019-09-12,-11476.755000000123
2019-09-13,1314.440000000096
2019-09-16,16185.81499999996
2019-09-17,-7259.374999999938
2019-09-18,1603.5499999998556
2019-09-19,-563.299999999952
2019-09-20,689.4950000000603
2019-09-23,-3642.555000000038
2019-09-24,-4078.9999999999063
2019-09-25,5884.259999999913
2019-09-26,2300.3000000000375
2019-09-27,-142.9550000000462
2019-09-30,-395.4999999999427
2019-10-01,-14179.530000000086
2019-10-02,-10166.499999999924
2019-10-03,-455.1000000001193
2019-10-04,5702.9000000000815
2019-10-07,-1548.655000000007
2019-10-08,-11975.354999999994
2019-10-09,1393.1274999999719
2019-10-10,13209.644999999995
2019-10-11,-9451.95
2019-10-14,-8668.617500000011
2019-10-15,2524.400000000021
2019-10-16,-134.01000000000946
2019-10-17,942.8999999999805
2019-10-18,-5316.999999999992
2019-10-21,8793.22499999998
2019-10-22,4772.6000000000795
2019-10-23,3005.6999999998784
2019-10-24,3000.235000000022
2019-10-25,3691.1999999999953
2019-10-28,-3131.0949999999384
2019-10-29,-2143.7550000000338
2019-10-30,-13849.80499999994
2019-10-31,-3777.2550000000383
2019-11-01,10664.699999999966
2019-11-04,1068.4900000000425
2019-11-05,-991.4099999999987
2019-11-06,1996.5449999999564
2019-11-07,7351.540000000015
2019-11-08,4364.944999999955
2019-11-11,3275.690000000053
2019-11-12,-6272.355000000079
2019-11-13,9575.895000000155
2019-11-14,86.24499999987756
2019-11-15,13826.20500000005
2019-11-18,-218.3700000000278
2019-11-19,-13258.355000000096
2019-11-20,11846.185000000072
2019-11-21,13941.530000000068
2019-11-22,2865.7699999999454
2019-11-25,8434.00000000007
2019-11-26,8780.079999999945
2019-11-27,2055.3600000000442
2019-11-28,1807.0949999999777
2019-11-29,-18628.91500000005
2019-12-02,-19161.67999999989
2019-12-03,-1403.265000000126
2019-12-04,20444.915000000143
2019-12-05,-1970.2150000000274
2019-12-06,9247.885000000031
2019-12-09,1207.594999999972
2019-12-10,-4464.954999999911
2019-12-11,6141.849999999881
2019-12-12,-9409.379999999963
2019-12-13,-2954.874999999994
2019-12-16,-12958.389999999961
2019-12-17,2210.6899999999705
2019-12-18,6007.345000000021
2019-12-19,5405.304999999965
2019-12-20,-5614.154999999992
2019-12-23,1965.350000000038
2019-12-24,-3404.105000000069
2019-12-25,-400.5299999998881
2019-12-26,505.84999999989196
2019-12-27,-6024.894999999931
2019-12-30,-8771.990000000009
2019-12-31,-399.6049999999565
2020-01-01,1600.7249999999813
2020-01-02,8949.599999999988
2020-01-03,26698.39999999993
2020-01-06,-10549.400000000018
2020-01-07,2725.6500000001733
2020-01-08,-25111.35000000007
2020-01-09,4990.214999999952
2020-01-10,-10105.349999999935
2020-01-13,5025.149999999982
2020-01-14,-6596.675000000001
2020-01-15,7780.624999999987
2020-01-16,18583.270000000088
2020-01-17,-10399.180000000133
2020-01-20,4024.185000000047
2020-01-21,1387.3350000000182
2020-01-22,-18366.13999999994
2020-01-23,7803.7450000001345
2020-01-24,-5023.600000000051
2020-01-27,-4838.88500000001
2020-01-28,11337.54499999991
2020-01-29,5713.100000000106
2020-01-30,6930.069999999974
2020-01-31,-13027.07499999995
2020-02-03,-3511.705000000106
2020-02-04,16099.14500000006
2020-02-05,19364.95499999995
2020-02-06,-4105.135000000041
2020-02-07,-8244.275000000063
2020-02-10,705.1500000000508
2020-02-11,8611.570000000067
2020-02-12,9418.44000000009
2020-02-13,-1172.5750000001046
2020-02-14,10910.405000000039
2020-02-17,2526.6699999998878
2020-02-18,-6113.754999999849
2020-02-19,6169.039999999919
2020-02-20,-5327.085000000006
2020-02-21,-7546.905000000017
2020-02-24,-15165.329999999967
2020-02-25,-18806.68500000007
2020-02-26,-13754.849999999924
2020-02-27,-24370.649999999834
2020-02-28,25434.50499999979
2020-03-02,2512.690000000027
2020-03-03,-14319.974999999873
2020-03-04,10222.369999999855
2020-03-05,-17706.454999999947
2020-03-06,-5164.099999999959
2020-03-09,-27908.000000000062
2020-03-10,-8960.09500000016
2020-03-11,-6947.334999999927
2020-03-12,-11055.360000000011
2020-03-13,34838.58500000006
2020-03-16,-2646.5100000000307
2020-03-17,-2649.850000000016
2020-03-18,-1911.1299999999708
2020-03-19,2592.0500000000184
2020-03-20,5398.814999999923
2020-03-23,-5220.909999999939
2020-03-24,643.5549999999668
2020-03-25,9992.934999999996
2020-03-26,2832.9649999999774
2020-03-27,4574.845000000016
2020-03-30,6393.6949999999915
2020-03-31,7596.099999999994
2020-04-01,4459.840000000004
2020-04-02,-11968.949999999935
2020-04-03,-11022.585
2020-04-06,-984.004999999992
2020-04-07,-4691.205000000019
2020-04-08,4876.894999999969
2020-04-09,8780.350000000017
2020-04-13,-1829.5499999999774
2020-04-14,10836.029999999964
2020-04-15,10763.76000000001
2020-04-16,-2603.199999999998
2020-04-17,3164.8999999999837
2020-04-20,1475.7300000000187
2020-04-21,21745.840000000007
2020-04-22,-14859.939999999997
2020-04-23,-1558.1049999999984
2020-04-24,4303.049999999992
2020-04-27,7820.144999999999
2020-04-28,2257.149999999999
2020-04-29,-9278.225000000002
2020-04-30,-16717.48499999999
2020-05-01,1655.845000000003
2020-05-04,-6660.700000000019
2020-05-05,-16001.524999999994
2020-05-06,12931.919999999991
2020-05-07,1438.9349999999977
2020-05-08,-2136.0049999999856
2020-05-11,-2010.9299999999962
2020-05-12,7028.099999999987
2020-05-13,3530.3700000000085
2020-05-14,-8770.119999999995
2020-05-15,-8290.704999999993
2020-05-18,-11317.180000000002
2020-05-19,1300.1749999999884
2020-05-20,5269.71499999997
2020-05-21,5261.815000000011
2020-05-22,-751.5600000000012
2020-05-25,1348.075000000027
2020-05-26,-6143.660000000016
2020-05-27,11831.74
2020-05-28,-2275.6550000000047
2020-05-29,1047.0450000000033
2020-06-01,8993.399999999958
2020-06-02,1149.9900000000218
2020-06-03,2024.044999999996
2020-06-04,-11247.754999999986
2020-06-05,1479.3899999999671
2020-06-08,10670.345000000047
2020-06-09,1659.74999999997
2020-06-10,-3898.7599999999807
2020-06-11,-10918.34999999998
2020-06-12,-1134.005000000011
2020-06-15,1775.3900000000053
2020-06-16,6331.864999999977
2020-06-17,-7888.784999999962
2020-06-18,-4155.08999999999
2020-06-19,-7845.695000000005
2020-06-22,10232.742499999971
2020-06-23,572.4825000000297
2020-06-24,5704.234999999984
2020-06-25,8077.03749999998
2020-06-26,2176.7325000000337
2020-06-29,-6005.58750000001
2020-06-30,-191.67250000001513
2020-07-01,-3929.454999999965
2020-07-02,595.3049999999646
2020-07-03,-2117.1899999999564
2020-07-06,-3027.7775000000356
2020-07-07,-3664.419999999986
2020-07-08,1503.8750000000018
2020-07-09,-286.40499999997235
2020-07-10,2720.624999999973
2020-07-13,7146.245000000001
2020-07-14,8737.407499999992
2020-07-15,-6816.199999999985
2020-07-16,-2497.1875000000027
2020-07-17,1704.7775000000129
2020-07-20,12339.867500000013
2020-07-21,949.7774999999517
2020-07-22,-3838.0524999999884
2020-07-23,-2691.1700000000055
2020-07-24,-7573.962499999983
2020-07-27,13253.544999999975
2020-07-28,1673.7225000000112
2020-07-29,4147.4700000000485
2020-07-30,18613.47499999999
2020-07-31,-4868.235000000011
2020-08-03,-5302.144999999997
2020-08-04,7919.9649999999765
2020-08-05,-4711.774999999976
2020-08-06,8184.87499999999
2020-08-07,-1049.742499999986
2020-08-10,-2433.8600000000206
2020-08-11,-1106.459999999977
2020-08-12,-1469.9375000000123
2020-08-13,-12998.037499999982
2020-08-14,-3126.985000000018
2020-08-17,1525.3750000000246
2020-08-18,6560.294999999989
2020-08-19,-8099.659999999992
2020-08-20,8799.45999999999
2020-08-21,4809.2050000000145
2020-08-24,1889.9449999999883
2020-08-25,-11856.955000000005
2020-08-26,10901.400000000005
2020-08-27,-13855.522499999992
2020-08-28,16524.387499999997
2020-08-31,-488.46000000001413
2020-09-01,11469.245000000017
2020-09-02,15478.632500000007
2020-09-03,-25679.525000000027
2020-09-04,-22333.68249999998
2020-09-07,6893.820000000015
2020-09-08,-4788.800000000032
2020-09-09,4624.404999999948
2020-09-10,-9866.055000000018
2020-09-11,-1628.330000000004
2020-09-14,7548.690000000002
2020-09-15,687.0899999999901
2020-09-16,631.350000000012
2020-09-17,-7285.62999999998
2020-09-18,-13903.109999999984
2020-09-21,13360.194999999936
2020-09-22,7967.4599999999955
2020-09-23,-12457.199999999988
2020-09-24,-35.020000000018186
2020-09-25,10665.745000000024
2020-09-28,3758.2900000000036
2020-09-29,-259.9549999999721
2020-09-30,-13731.840000000026
2020-10-01,5618.989999999992
2020-10-02,4749.750000000005
2020-10-05,-15230.459999999992
2020-10-06,1697.2499999999766
2020-10-07,-4650.7549999999965
2020-10-08,9162.445000000009
2020-10-09,-5944.000000000033
2020-10-12,13851.79500000002
2020-10-13,3484.599999999975
2020-10-14,-4573.349999999978
2020-10-15,-5869.434999999973
2020-10-16,-1418.4250000000336
2020-10-19,2365.070000000022
2020-10-20,-11999.63500000001
2020-10-21,-8215.699999999975
2020-10-22,2003.100000000014
2020-10-23,-82.40500000002442
2020-10-26,-1695.4099999999949
2020-10-27,-628.9200000000313
2020-10-28,-9162.949999999988
2020-10-29,-8084.900000000038
2020-10-30,-9403.904999999986
2020-11-02,3448.5250000000087
2020-11-03,9431.500000000015
2020-11-04,32850.83499999997
2020-11-05,6676.0300000000025
2020-11-06,-3778.2050000000045
2020-11-09,6751.050000000007
2020-11-10,-14964.400000000012
2020-11-11,5268.010000000029
2020-11-12,2569.999999999993
2020-11-13,8395.599999999995
2020-11-16,5659.254999999987
2020-11-17,-83.3949999999678
2020-11-18,-6938.304999999971
2020-11-19,3607.5599999999663
2020-11-20,1376.5499999999988
2020-11-23,5927.865000000021
2020-11-24,6726.494999999991
2020-11-25,4642.184999999996
2020-11-26,1713.4449999999747
2020-11-27,8418.335000000034
2020-11-30,3104.3799999999956
2020-12-01,-1237.3300000000263
2020-12-02,-4244.904999999978
2020-12-03,6369.420000000022
2020-12-04,1379.117499999987
2020-12-07,2215.882500000034
2020-12-08,4064.3699999999544
2020-12-09,-1085.7750000000142
2020-12-10,247.98499999999328
2020-12-11,-1329.97500000001
2020-12-14,-122.2299999999496
2020-12-15,6932.382500000008
2020-12-16,684.6625000000341
2020-12-17,2364.1374999999707
2020-12-18,-5933.917500000036
2020-12-21,-5735.439999999977
2020-12-22,1415.0824999999572
2020-12-23,-7793.062499999957
2020-12-24,3331.859999999992
2020-12-28,8277.357499999967
2020-12-29,-10237.159999999954
2020-12-30,1926.8225000000152
2020-12-31,-6902.814999999947
2021-01-04,-10660.025000000034
2021-01-05,-6360.532499999987
2021-01-06,13412.427499999987
2021-01-07,11942.27499999999
2021-01-08,4301.002499999987
2021-01-11,-6720.007499999967
2021-01-12,-6591.217500000032
2021-01-13,4272.9550000000145
2021-01-14,-4655.222499999988
2021-01-15,-7412.072500000004
2021-01-18,5122.61
2021-01-19,7234.6649999999845
2021-01-20,6474.837499999927
2021-01-21,-360.21250000000737
2021-01-22,4526.139999999973
2021-01-25,-4576.089999999993
2021-01-26,-2801.5850000000137
2021-01-27,-31426.879999999986
2021-01-28,11083.675000000014
2021-01-29,-22223.12500000003
2021-02-01,-1113.150000000015
2021-02-02,-2655.055000000016
2021-02-03,-9087.724999999995
2021-02-04,212.3500000000481
2021-02-05,716.5499999999902
2021-02-08,-5967.5799999999945
2021-02-09,8829.419999999998
2021-02-10,5790.684999999967
2021-02-11,-2339.7400000000034
2021-02-12,-16945.62000000001
2021-02-15,-8606.594999999996
2021-02-16,-20370.499999999953
2021-02-17,12379.040000000059
2021-02-18,-12094.650000000049
2021-02-19,-193.05499999990346
2021-02-22,-26055.42500000009
2021-02-23,5245.660000000046
2021-02-24,1366.3950000000034
2021-02-25,-43364.97500000005
2021-02-26,28172.12500000002
2021-03-01,26855.085000000003
2021-03-02,-9436.610000000099
2021-03-03,-15116.679999999886
2021-03-04,5759.014999999959
2021-03-05,11098.464999999936
2021-03-08,9308.115000000078
2021-03-09,-10267.580000000024
2021-03-10,-228.0399999999448
2021-03-11,-3701.4550000000563
2021-03-12,-3944.1400000000044
2021-03-15,4647.025000000067
2021-03-16,-524.2549999999181
2021-03-17,-16721.16999999996
2021-03-18,-7449.350000000041
2021-03-19,4818.880000000026
2021-03-22,4388.440000000084
2021-03-23,17425.05000000001
2021-03-24,2212.3149999998736
2021-03-25,1356.2200000000319
2021-03-26,-3600.8549999999914
2021-03-29,2255.190000000048
2021-03-30,3028.4949999998726
2021-03-31,18867.93999999999
2021-04-01,-11455.654999999917
2021-04-02,-2524.7549999999296
2021-04-05,-3533.392500000078
2021-04-06,1556.9199999999446
2021-04-07,120.62999999994962
2021-04-08,-1467.204999999904
2021-04-09,-1676.0050000000756
2021-04-12,-5546.259999999933
2021-04-13,-5689.939999999972
2021-04-14,2560.6150000000034
2021-04-15,6196.845000000032
2021-04-16,815.189999999965
2021-04-19,-14827.070000000072
2021-04-20,8497.050000000183
2021-04-21,6099.949999999846
2021-04-22,17335.920000000133
2021-04-23,-7196.215000000092
2021-04-26,5749.470000000011
2021-04-27,-13636.679999999911
2021-04-28,-18016.109999999968
2021-04-29,11641.999999999864
2021-04-30,17624.73250000005
2021-05-03,-13472.535000000038
2021-05-04,7379.462500000143
2021-05-05,12842.032499999885
2021-05-06,-220.39999999991846
2021-05-07,-3806.4675000000234
2021-05-10,-6609.540000000047
2021-05-11,-2556.0849999999814
2021-05-12,-2991.1349999999625
2021-05-13,-299.62000000007265
2021-05-14,-1236.700000000005
2021-05-17,-15836.774999999872
2021-05-18,-14653.575000000059
2021-05-19,719.4449999999855
2021-05-20,5550.8650000000125
2021-05-21,-2448.8050000000253
2021-05-24,5009.435000000093
2021-05-25,-10420.380000000054
2021-05-26,5673.125000000002
2021-05-27,9161.290000000008
2021-05-28,-5533.357499999917
2021-05-31,-7226.822500000065
2021-06-01,19260.65999999999
2021-06-02,254.85500000001036
2021-06-03,4960.879999999954
2021-06-04,12268.5199999999
2021-06-07,-12533.509999999978
2021-06-08,11539.280000000042
2021-06-09,1379.4199999999562
2021-06-10,792.5200000000942
2021-06-11,-4809.945000000045
2021-06-14,-16676.250000000004
2021-06-15,-123.76999999995247
2021-06-16,-9653.792500000038
2021-06-17,16052.374999999956
2021-06-18,21885.970000000027
2021-06-21,-14216.81000000006
2021-06-22,228.3750000001018
2021-06-23,-10527.130000000032
2021-06-24,-541.584999999981
2021-06-25,-6621.460000000016
2021-06-28,10308.570000000007
2021-06-29,6524.384999999871
2021-06-30,4252.752500000099
2021-07-01,3490.0849999999664
2021-07-02,2785.087499999967
2021-07-05,-1318.5374999999976
2021-07-06,11151.202500000136
2021-07-07,9834.804999999811
2021-07-08,-6013.7724999999
2021-07-09,-6651.634999999991
2021-07-12,-1314.9875000000961
2021-07-13,2623.2825000000316
2021-07-14,2092.220000000061
2021-07-15,2444.6999999999944
2021-07-16,5492.899999999978
2021-07-19,5463.672499999945
2021-07-20,1275.8125000001135
2021-07-21,-4638.344999999987
2021-07-22,-914.8750000000209
2021-07-23,1087.6149999999732
2021-07-26,-7939.5349999999735
2021-07-27,13329.107499999982
2021-07-28,-16395.912500000057
2021-07-29,-16587.687499999898
2021-07-30,12033.744999999932
2021-08-02,5019.637500000011
2021-08-03,-3754.4875000000065
2021-08-04,-4089.5800000000563
2021-08-05,-3431.8050000000158
2021-08-06,10580.362500000003
2021-08-09,8597.66499999998
2021-08-10,-8068.814999999962
2021-08-11,9026.357500000013
2021-08-12,3.962500000029877
2021-08-13,1474.0450000000715
2021-08-16,-1660.4725000000126
2021-08-17,10662.58999999994
2021-08-18,-1915.7049999999635
2021-08-19,1126.8625000000181
2021-08-20,-7779.2825000000885
2021-08-23,-13366.379999999997
2021-08-24,916.8599999999841
2021-08-25,3581.039999999917
2021-08-26,271.5450000000561
2021-08-27,1624.9899999999645
2021-08-30,9678.120000000044
2021-08-31,-8152.8400000000465
2021-09-01,-8643.735000000068
2021-09-02,6364.977500000068
2021-09-03,-13262.322500000128
2021-09-06,932.1025000001072
2021-09-07,1342.232500000093
2021-09-08,5984.839999999814
2021-09-09,-4100.874999999954
2021-09-10,357.87249999992906
2021-09-13,-675.0450000000149
2021-09-14,-4503.654999999963
2021-09-15,3312.6000000000877
2021-09-16,21009.354999999916
2021-09-17,8714.57999999991
2021-09-20,-825.1149999998926
2021-09-21,-1874.5550000000997
2021-09-22,9399.549999999925
2021-09-23,-18087.854999999923
2021-09-24,-538.5699999999442
2021-09-27,-2697.2450000000276
2021-09-28,-3033.152499999917
2021-09-29,36199.59500000003
2021-09-30,-16821.777499999997
2021-10-01,5568.665000000003
2021-10-04,-20123.28500000002
2021-10-05,4969.544999999963
2021-10-06,2178.12500000007
2021-10-07,-1461.6550000000964
2021-10-08,-4391.6249999999545
2021-10-11,-3569.7000000000107
2021-10-12,3341.549999999973
2021-10-13,-7185.359999999963
2021-10-14,5652.864999999987
2021-10-15,-1356.884999999995
2021-10-18,-199.56749999997626
2021-10-19,-8735.747500000025
2021-10-20,-12814.310000000029
2021-10-21,-10407.075000000026
2021-10-22,4840.6325000000315
2021-10-25,-2349.977499999975
2021-10-26,2659.1499999999237
2021-10-27,-11066.297500000032
2021-10-28,-4275.6299999999255
2021-10-29,17144.13500000006
2021-11-01,-6405.5550000000885
2021-11-02,6669.297499999989
2021-11-03,-19791.08000000002
2021-11-04,23026.035000000076
2021-11-05,18512.6525
2021-11-08,-1033.839999999928
2021-11-09,8848.12499999998
2021-11-10,-29722.335000000014
2021-11-11,-7055.290000000118
2021-11-12,-288.54999999992333
2021-11-15,-4907.999999999972
2021-11-16,11202.22000000005
2021-11-17,-16959.00000000003
2021-11-18,3213.864999999939
2021-11-19,-4723.609999999957
2021-11-22,-6856.255000000016
2021-11-23,5829.974999999964
2021-11-24,6526.010000000033
2021-11-25,1801.6799999999284
2021-11-26,-37729.2824999999
2021-11-29,36558.77999999977
2021-11-30,269.4850000000053
2021-12-01,5378.070000000016
2021-12-02,-8484.774999999961
2021-12-03,2124.399999999989
2021-12-06,19672.72499999994
2021-12-07,7354.225000000013
2021-12-08,-4109.699999999956
2021-12-09,481.1499999999485
2021-12-10,-3021.325000000038
2021-12-13,8728.180000000073
2021-12-14,-6778.199999999958
2021-12-15,9464.64999999995
2021-12-16,779.1250000001005
2021-12-17,2801.2074999998877
2021-12-20,-5475.63749999983
2021-12-21,-9826.850000000117
2021-12-22,-8655.46
2021-12-23,-7088.054999999909
2021-12-27,-3710.002500000049
2021-12-28,11826.822499999902
2021-12-29,-15711.359999999951
2021-12-30,17828.27500000005
2021-12-31,-4495.3125
2022-01-03,-538.4224999999706
2022-01-04,-6072.252500000049
2022-01-05,-9134.145000000004
2022-01-06,8318.075000000114
2022-01-07,-10262.20000000011
2022-01-10,13988.007500000016
2022-01-11,4080.920000000015
2022-01-12,5037.87000000006
2022-01-13,4207.882499999973
2022-01-14,-11073.077500000049
2022-01-17,-3498.372499999961
2022-01-18,-5230.802500000124
2022-01-19,-26263.4899999999
2022-01-20,2584.8899999999617
2022-01-21,5710.5999999999485
2022-01-24,4983.12500000011
2022-01-25,692.0749999999671
2022-01-26,-6718.760000000018
2022-01-27,23756.500000000044
2022-01-28,-88.22999999995784
2022-01-31,742.0749999998936
2022-02-01,-14052.774999999978
2022-02-02,9207.350000000017
2022-02-03,-9417.955000000004
2022-02-04,-19583.79999999993
2022-02-07,-12707.992500000088
2022-02-08,-8012.792500000025
2022-02-09,-10106.004999999946
2022-02-10,-12169.652499999986
2022-02-11,6594.56749999998
2022-02-14,-4825.872500000034
2022-02-15,10499.632500000027
2022-02-16,-4148.617499999982
2022-02-17,-9064.950000000064
2022-02-18,-6408.4775000000045
2022-02-21,-2906.9874999999843
2022-02-22,-22848.612500000054
2022-02-23,-6386.739999999918
2022-02-24,16265.850000000042
2022-02-25,21750.97499999998
2022-02-28,-2125.019999999993
2022-03-01,6973.624999999976
2022-03-02,7866.620000000051
2022-03-03,-4816.049999999997
2022-03-04,3474.364999999895
2022-03-07,-13975.877499999899
2022-03-08,-4752.812500000073
2022-03-09,1540.9975000000932
2022-03-10,2803.589999999891
2022-03-11,-1153.2599999999525
2022-03-14,1688.920000000021
2022-03-15,12496.875
2022-03-16,-8209.400000000038
2022-03-17,1170.244999999948
2022-03-18,5358.235000000089
2022-03-21,-3704.78000000006
2022-03-22,11787.610000000079
2022-03-23,-9000.38000000005
2022-03-24,1793.6825000000345
2022-03-25,-2111.317499999974
2022-03-28,4800.80250000004
2022-03-29,-7617.187500000016
2022-03-30,-5057.727500000097
2022-03-31,-1764.332499999991
2022-04-01,-5163.124999999938
2022-04-04,14622.744999999983
2022-04-05,19836.807499999966
2022-04-06,4018.6150000000325
2022-04-07,7317.187500000004
2022-04-08,2669.3749999999873
2022-04-11,8528.0575
2022-04-12,4993.125000000049
2022-04-13,2341.249999999993
2022-04-14,12644.687499999996
2022-04-18,14463.9025
2022-04-19,8859.93249999996
2022-04-20,-6934.82250000002
2022-04-21,6844.417499999987
2022-04-22,-2392.5674999999856
2022-04-25,10001.984999999957
2022-04-26,7459.5275000001
2022-04-27,15180.220000000003
2022-04-28,1463.682499999968
2022-04-29,-3140.514999999968
2022-05-02,2590.870000000002
2022-05-03,-8091.005000000006
2022-05-04,-5244.3750000000255
2022-05-05,8998.302499999947
2022-05-06,8335.802500000013
2022-05-09,7808.1250000000555
2022-05-10,5495.912499999961
2022-05-11,3800.422499999961
2022-05-12,21096.402500000102
2022-05-13,-1164.1300000000515
2022-05-16,2113.075000000016
2022-05-17,-9573.50500000009
2022-05-18,-11308.149999999947
2022-05-19,-11876.249999999975
2022-05-20,-233.50500000004
2022-05-23,-6298.124999999898
2022-05-24,-8584.442499999977
2022-05-25,3481.494999999899
2022-05-26,-794.9825000000136
2022-05-27,2275.3125000000705
2022-05-30,-1641.3750000000427
2022-05-31,-1943.2425000000146
2022-06-01,-17064.42500000001
2022-06-02,-2129.1974999999893
2022-06-03,7554.865000000023
2022-06-06,10244.66249999994
2022-06-07,2130.7774999999974
2022-06-08,1598.9025000000458
2022-06-09,8587.29750000005
2022-06-10,-11944.957500000044
2022-06-13,-12308.715
2022-06-14,-2089.13000000008
2022-06-15,-5190.269999999999
2022-06-16,-8916.967499999966
2022-06-17,-2385.3799999999615
2022-06-20,-4943.952500000053
2022-06-21,-1968.9349999999513
2022-06-22,13467.762499999986
2022-06-23,7928.235000000025
2022-06-24,-2252.5675000000692
2022-06-27,1864.2825000000155
2022-06-28,11453.682500000026
2022-06-29,12548.657499999972
2022-06-30,7918.927499999943
2022-07-01,6478.142500000085
2022-07-04,-4101.139999999945
2022-07-05,6064.162499999987
2022-07-06,-13514.004999999992
2022-07-07,-2716.2499999999927
2022-07-08,1767.9899999999268
2022-07-11,6517.500000000038
2022-07-12,-11387.00999999997
2022-07-13,3667.744999999995
2022-07-14,11517.990000000018
2022-07-15,-2309.7550000000538
2022-07-18,1520.4899999999661
2022-07-19,-8673.867499999995
2022-07-20,4878.944999999998
2022-07-21,-6258.149999999974
2022-07-22,596.7400000000487
2022-07-25,2272.677499999898
2022-07-26,2064.3075000000463
2022-07-27,1517.0525000000418
2022-07-28,-4304.062500000061
2022-07-29,-2606.562499999926
2022-08-01,-12049.090000000037
2022-08-02,4784.012499999987
2022-08-03,-8014.609999999968
2022-08-04,-16126.800000000074
2022-08-05,15305.000000000005
2022-08-08,-3389.699999999972
2022-08-09,7663.045000000009
2022-08-10,-8484.900000000016
2022-08-11,3407.7400000000343
2022-08-12,-1736.2500000000057
2022-08-15,5008.544999999942
2022-08-16,-9473.499999999956
2022-08-17,8817.625000000036
2022-08-18,15969.994999999946
2022-08-19,-1313.259999999969
2022-08-22,4979.084999999958
2022-08-23,3149.100000000076
2022-08-24,-5480.400000000099
2022-08-25,-3002.65499999996
2022-08-26,11004.899999999992
2022-08-29,5444.699999999966
2022-08-30,-4749.9549999998835
2022-08-31,-6581.360000000031
2022-09-01,2257.5299999999693
2022-09-02,-4078.6499999999874
2022-09-05,1312.9000000000406
2022-09-06,3425.2749999999705
2022-09-07,-20106.452499999996
2022-09-08,-894.0500000000823
2022-09-09,-2424.254999999973
2022-09-12,67.13999999992188
2022-09-13,21438.58500000019
2022-09-14,3001.7899999999295
2022-09-15,-9724.510000000017
2022-09-16,-6203.599999999974
2022-09-19,8086.314999999979
2022-09-20,-3960.654999999958
2022-09-21,1436.6300000000333
2022-09-22,-8479.355000000023
2022-09-23,146.0999999999358
2022-09-26,1240.0400000000511
2022-09-27,-1859.9550000000354
2022-09-28,5252.1450000000395
2022-09-29,-11594.009999999975
2022-09-30,-3299.4600000000487
2022-10-03,8802.824999999972
2022-10-04,-4741.7600000000075
2022-10-05,1199.6750000000457
2022-10-06,5241.385000000002
2022-10-07,12628.20999999998
2022-10-10,-3424.9499999999866
2022-10-11,494.9450000000244
2022-10-12,8729.765000000041
2022-10-13,-616.9000000000067
2022-10-14,5712.869999999998
2022-10-17,925.0099999999911
2022-10-18,-2614.929999999958
2022-10-19,8644.989999999947
2022-10-20,-558.0499999999786
2022-10-21,-6024.799999999967
2022-10-24,-4531.955000000043
2022-10-25,1244.174999999981
2022-10-26,3792.365000000022
2022-10-27,6970.8525
2022-10-28,-3870.4625000000597
2022-10-31,-12777.724999999991
2022-11-01,4989.225000000014
2022-11-02,2097.875000000016
2022-11-03,-47.82500000001892
2022-11-04,-11824.712499999932
2022-11-07,-12014.65000000002
2022-11-08,-906.2874999999456
2022-11-09,10065.862499999987
2022-11-10,-3876.347500000047
2022-11-11,-3887.0650000000032
2022-11-14,-8958.912500000002
2022-11-15,1401.412500000005
2022-11-16,1097.3250000000116
2022-11-17,-9300.952499999992
2022-11-18,-9333.947499999991
2022-11-21,-1114.5024999999684
2022-11-22,4488.137499999941
2022-11-23,-16433.34999999998
2022-11-24,4625.789999999952
2022-11-25,-2869.767499999995
2022-11-28,-6500.6549999999515
2022-11-29,7026.649999999995
2022-11-30,10521.185000000021
2022-12-01,-3403.2099999999664
2022-12-02,-822.3550000000849
2022-12-05,-1543.3174999999364
2022-12-06,-2945.0250000000074
2022-12-07,-14292.46749999996
2022-12-08,-4143.062500000037
2022-12-09,-15885.695000000034
2022-12-12,3617.9450000000656
2022-12-13,8708.56999999998
2022-12-14,21610.539999999983
2022-12-15,-4236.029999999942
2022-12-16,-12759.400000000052
2022-12-19,9008.302500000005
2022-12-20,-3316.379999999969
2022-12-21,-3539.97250000008
2022-12-22,4507.137500000019
2022-12-23,6879.699999999987
2022-12-26,8806.239999999958
2022-12-27,-10969.162499999886
2022-12-28,1733.437499999957
2022-12-29,-1987.917500000065
2022-12-30,4596.112500000025
2023-01-02,2500.865000000004
2023-01-03,-6268.507499999965
2023-01-04,-1547.5150000000212
2023-01-05,6473.375000000054
2023-01-06,13128.224999999988
2023-01-09,2419.1074999999573
2023-01-10,3852.977500000033
2023-01-11,15951.852500000005
2023-01-12,5.619999999991361
2023-01-13,-6499.490000000025
2023-01-16,-3361.4749999999362
2023-01-17,10151.269999999948
2023-01-18,5017.969999999994
2023-01-19,12015.634999999984
2023-01-20,-6880.9350000000095
2023-01-23,5792.844999999986
2023-01-24,-5732.7499999999445
2023-01-25,-20530.565000000046
2023-01-26,5758.864999999958
2023-01-27,-9431.765000000061
2023-01-30,-16569.10499999989
2023-01-31,1330.4950000000035
2023-02-01,-31732.92000000008
2023-02-02,-12551.534999999936
2023-02-03,4395.899999999956
2023-02-06,4779.720000000111
2023-02-07,1519.044999999843
2023-02-08,-8046.934999999897
2023-02-09,3244.292499999996
2023-02-10,-184.5100000000895
2023-02-13,-3911.5399999999177
2023-02-14,6234.845000000086
2023-02-15,-8722.5600000001
2023-02-16,5546.9249999999365
2023-02-17,-4971.184999999964
2023-02-20,1057.400000000021
2023-02-21,1789.579999999966
2023-02-22,5875.405000000015
2023-02-23,-10855.987500000112
2023-02-24,6029.520000000185
2023-02-27,11948.36249999997
2023-02-28,-13170.91999999998
2023-03-01,8809.13249999997
2023-03-02,-1927.8100000000588
2023-03-03,-2859.212499999947
2023-03-06,-6216.759999999964
2023-03-07,761.4649999998903
2023-03-08,-8214.972499999922
2023-03-09,4348.212499999883
2023-03-10,-2866.447499999943
2023-03-13,1193.057500000023
2023-03-14,-5412.020000000102
2023-03-15,-16924.90999999986
2023-03-16,10620.679999999911
2023-03-17,-17290.700000000088
2023-03-20,10339.830000000104
2023-03-21,3951.0449999999914
2023-03-22,-2458.005000000038
2023-03-23,-11783.070000000027
2023-03-24,-185.34999999998627
2023-03-27,12846.949999999988
2023-03-28,2931.82750000005
2023-03-29,5658.857499999951
2023-03-30,6154.624999999953
2023-03-31,2592.477500000084
2023-04-03,2140.757499999896
2023-04-04,-8950.604999999969
2023-04-05,3196.800000000006
2023-04-06,3145.4450000000406
2023-04-07,-3132.5000000000073
2023-04-10,2437.8974999999737
2023-04-11,2876.114999999974
2023-04-12,12225.099999999973
2023-04-13,3243.3899999999758
2023-04-14,-4487.814999999904
2023-04-17,-1807.2549999999733
2023-04-18,2648.449999999955
2023-04-19,-56.44500000002563
2023-04-20,-3106.519999999907
2023-04-21,-8332.65500000004
2023-04-24,-3467.4699999999734
2023-04-25,-12341.150000000074
2023-04-26,-1328.5000000000664
2023-04-27,-7516.797499999884
2023-04-28,9043.569999999932
2023-05-01,8912.21500000008
2023-05-02,-16592.204999999987
2023-05-03,-3168.310000000149
2023-05-04,5252.480000000126
2023-05-05,22166.634999999922
2023-05-08,530.6949999999707
2023-05-09,-5436.6549999999
2023-05-10,-6011.110000000035
2023-05-11,-11073.15999999994
2023-05-12,-3971.9600000000555
2023-05-15,2091.590000000058
2023-05-16,-14030.224999999991
2023-05-17,8836.114999999954
2023-05-18,-5542.464999999947
2023-05-19,-3583.515000000003
2023-05-22,17577.344999999965
2023-05-23,4512.0499999998965
2023-05-24,11218.630000000107
2023-05-25,2769.9449999999483
2023-05-26,4932.895000000132
2023-05-29,1945.8449999999907
2023-05-30,-17306.725000000104
2023-05-31,-6572.934999999838
2023-06-01,19964.63499999992
2023-06-02,16477.889999999967
2023-06-05,-9988.409999999887
2023-06-06,4668.900000000022
2023-06-07,16021.999999999847
2023-06-08,-20938.609999999902
2023-06-09,2896.4299999999407
2023-06-12,-12939.760000000051
2023-06-13,17717.145000000055
2023-06-14,-16090.265000000103
2023-06-15,10122.550000000017
2023-06-16,14804.02500000006
2023-06-19,-1284.4449999999526
2023-06-20,1829.4750000000333
2023-06-21,22643.175000000032
2023-06-22,-11334.810000000023
2023-06-23,-8936.529999999932
2023-06-26,5835.619999999976
2023-06-27,-11182.600000000031
2023-06-28,-2505.765000000065
2023-06-29,-5690.299999999906
2023-06-30,-647.9650000000532
2023-07-03,-4663.7499999999
2023-07-04,3273.639999999982
2023-07-05,-9433.320000000136
2023-07-06,3692.2850000001204
2023-07-07,3744.0899999999974
2023-07-10,621.7049999999771
2023-07-11,-3324.954999999936
2023-07-12,-24144.600000000024
2023-07-13,2228.3349999999195
2023-07-14,-2762.0549999999416
2023-07-17,-8156.995000000009
2023-07-18,-3726.149999999968
2023-07-19,3310.6299999999787
2023-07-20,8194.510000000042
2023-07-21,17011.834999999923
2023-07-24,12221.524999999972
2023-07-25,-5373.709999999885
2023-07-26,2161.644999999916
2023-07-27,7010.989999999949
2023-07-28,-1028.5999999999458
2023-07-31,2128.8249999999953
2023-08-01,9838.744999999997
2023-08-02,571.8999999999824
2023-08-03,214.6449999999951
2023-08-04,1122.2449999999844
2023-08-07,-2810.855000000016
2023-08-08,9921.44499999998
2023-08-09,10941.400000000122
2023-08-10,-2959.4550000000136
2023-08-11,6776.084999999918
2023-08-14,-9562.215000000026
2023-08-15,3357.1500000000906
2023-08-16,12670.764999999932
2023-08-17,14713.059999999963
2023-08-18,8860.785000000003
2023-08-21,-14130.219999999881
2023-08-22,-3961.800000000054
2023-08-23,-24301.1
2023-08-24,16035.645000000006
2023-08-25,4876.559999999924
2023-08-28,-4498.164999999851
2023-08-29,-13666.405000000017
2023-08-30,882.7449999999509
2023-08-31,1934.7499999999782
2023-09-01,6002.4849999999615
2023-09-04,6436.545000000042
2023-09-05,12000.299999999927
2023-09-06,6263.154999999997
2023-09-07,-4863.339999999907
2023-09-08,6241.44999999992
2023-09-11,3287.2400000001253
2023-09-12,8427.194999999921
2023-09-13,7124.09999999993
2023-09-14,-1936.754999999947
2023-09-15,-9408.815000000062
2023-09-18,-6167.219999999832
2023-09-19,7773.845000000128
2023-09-20,-9388.149999999987
2023-09-21,1567.744999999978
2023-09-22,-11744.43500000009
2023-09-25,-7426.600000000071
2023-09-26,16451.900000000183
2023-09-27,20433.845000000005
2023-09-28,-7524.605000000004
2023-09-29,1619.2499999999109
2023-10-02,-13952.304999999902
2023-10-03,-10882.51500000013
2023-10-04,-21538.05
2023-10-05,-9937.604999999938
2023-10-06,-11693.954999999956
2023-10-09,12432.289999999986
2023-10-10,5477.635000000031
2023-10-11,-15644.860000000104
2023-10-12,-10061.455000000047
2023-10-13,4085.32000000002
2023-10-16,2952.4500000001
2023-10-17,1825.6449999999284
2023-10-18,-13001.004999999992
2023-10-19,3631.235000000131
2023-10-20,6332.134999999946
2023-10-23,14158.385000000028
2023-10-24,-9360.45500000016
2023-10-25,585.2500000000448
2023-10-26,3456.449999999929
2023-10-27,-7920.759999999988
2023-10-30,2346.260000000091
2023-10-31,-316.79999999992333
2023-11-01,9462.73999999991
2023-11-02,17997.300000000116
2023-11-03,-2664.5100000001303
2023-11-06,9963.290000000065
2023-11-07,-3024.754999999979
2023-11-08,-7566.100000000004
2023-11-09,4901.345000000006
2023-11-10,16110.244999999979
2023-11-13,-5937.130000000051
2023-11-14,12411.235000000046
2023-11-15,-4793.180000000028
2023-11-16,-13543.35999999993
2023-11-17,15457.599999999999
2023-11-20,3472.999999999923
2023-11-21,-4835.710000000005
2023-11-22,3675.7200000000175
2023-11-23,-1851.6049999999432
2023-11-24,6131.989999999946
2023-11-27,5171.844999999985
2023-11-28,948.9450000000498
2023-11-29,485.8149999999824
2023-11-30,-9106.129999999957
2023-12-01,-238.02999999997908
2023-12-04,8955.77999999996
2023-12-05,-15140.140000000065
2023-12-06,6600.7500000000355
2023-12-07,-12573.910000000022
2023-12-08,8476.614999999965
2023-12-11,8026.390000000114
2023-12-12,-10261.555000000142
2023-12-13,27034.720000000016
2023-12-14,14367.490000000005
2023-12-15,-6522.45499999984
2023-12-18,5010.7349999998905
2023-12-19,20371.295000000013
2023-12-20,1485.729999999965
2023-12-21,-1535.209999999989
2023-12-22,-5267.829999999981
2023-12-25,896.6150000000481
2023-12-26,-515.259999999972
2023-12-27,464.9599999997923
2023-12-28,-14335.254999999888
2023-12-29,1460.764999999956
2024-01-01,-3724.189999999985
2024-01-02,-2760.300000000104
2024-01-03,32761.70000000014
2024-01-04,-17807.399999999925
2024-01-05,3941.34499999989
2024-01-08,625.6000000000072
2024-01-09,-10104.154999999966
2024-01-10,6233.644999999877
2024-01-11,11379.19000000008
2024-01-12,-382.30999999985966
2024-01-15,-1476.4700000001299
2024-01-16,-3159.9049999999647
2024-01-17,26250.2949999999
2024-01-18,-2033.3199999999313
2024-01-19,-1726.8500000000092
2024-01-22,2533.580000000038
2024-01-23,-14079.56500000001
2024-01-24,-8795.110000000017
2024-01-25,10719.519999999928
2024-01-26,13128.49999999995
2024-01-29,2411.2650000000363
2024-01-30,-12631.449999999955
2024-01-31,734.4574999999552
2024-02-01,6786.072499999939
2024-02-02,-20681.192499999914
2024-02-05,-11822.10499999996
2024-02-06,8199.734999999828
2024-02-07,5483.090000000068
2024-02-08,-7148.71000000001
2024-02-09,5822.795000000026
2024-02-12,-6028.504999999966
2024-02-13,-20047.104999999872
2024-02-14,12135.839999999756
2024-02-15,13194.640000000098
2024-02-16,-3549.799999999871
2024-02-19,-1562.4300000001342
2024-02-20,-3330.3649999999116
2024-02-21,6362.284999999994
2024-02-22,4426.540000000024
2024-02-23,-3989.6799999998325
2024-02-26,3273.479999999784
2024-02-27,-5141.4099999999125
2024-02-28,-3135.3050000000385
2024-02-29,-7586.070000000127
2024-03-01,2114.6300000002016
2024-03-04,-13262.72500000006
2024-03-05,12904.444999999874
2024-03-06,14035.150000000114
2024-03-07,-2872.599999999875
2024-03-08,-7358.710000000072
2024-03-11,-8602.050000000105
2024-03-12,-8444.149999999896
2024-03-13,3704.0399999998945
2024-03-14,-1703.5199999999422
2024-03-15,-4366.155000000036
2024-03-18,2839.08000000003
2024-03-19,231.19999999993388
2024-03-20,-3071.105000000089
2024-03-21,-2238.315000000011
2024-03-22,-12639.834999999932
2024-03-25,1163.6999999999862
2024-03-26,413.2500000000646
2024-03-27,-1076.6099999999944
2024-03-28,-10070.720000000088
2024-04-01,-15405.789999999914
2024-04-02,7898.929999999973
2024-04-03,-4516.7774999999665
2024-04-04,4272.43
2024-04-05,-28188.759999999977
2024-04-08,-2157.7524999999146
2024-04-09,2254.347499999931
2024-04-10,-25055.41750000003
2024-04-11,-1470.8375000000578
2024-04-12,-3312.822499999942
2024-04-15,-6665.5850000000355
2024-04-16,-2310.4224999999224
2024-04-17,7399.979999999953
2024-04-18,-5831.767499999995
2024-04-19,-13759.59499999996
2024-04-22,11222.82749999999
2024-04-23,1868.889999999997
2024-04-24,-648.8750000000643
2024-04-25,5138.794999999999
2024-04-26,19998.900000000027
2024-04-29,-4546.055000000026
2024-04-30,-5029.304999999872
2024-05-01,1940.2849999999278
2024-05-02,-7761.800000000041
2024-05-03,-3313.564999999912
2024-05-06,-10719.610000000017
2024-05-07,-1050.9100000000265
2024-05-08,6861.400000000017
2024-05-09,4271.079999999993
2024-05-10,-15190.060000000009
2024-05-13,110.3400000000504
2024-05-14,9230.372499999941
2024-05-15,10352.197499999947
2024-05-16,-99.44999999989713
2024-05-17,-5814.225000000049
2024-05-20,-19023.81499999997
2024-05-21,-4952.51500000007
2024-05-22,-1115.0399999999104
2024-05-23,5644.94500000001
2024-05-24,9296.824999999963
2024-05-27,-676.1499999998873
2024-05-28,870.054999999921
2024-05-29,-5544.590000000088
2024-05-30,3767.1499999999905
2024-05-31,12867.860000000024
2024-06-03,-20099.005000000023
2024-06-04,6424.290000000025
2024-06-05,3983.2950000000487
2024-06-06,-8060.524999999897
2024-06-07,-3467.6100000000756
2024-06-10,12893.094999999925
2024-06-11,-4341.204999999939
2024-06-12,6.099999999955799
2024-06-13,4400.10000000012
2024-06-14,2501.9349999997544
2024-06-17,5217.985000000183
2024-06-18,9693.745000000039
2024-06-19,615.4049999998941
2024-06-20,13279.169999999998
2024-06-21,16611.24000000012
2024-06-24,13317.834999999885
2024-06-25,5606.500000000118
2024-06-26,-1511.6500000000597
2024-06-27,-255.69999999998822
2024-06-28,-977.449999999983
2024-07-01,-765.2450000000056
2024-07-02,6231.685000000167
2024-07-03,13634.344999999941
2024-07-04,4408.584999999959
2024-07-05,-9404.580000000098
2024-07-08,-1436.5949999999448
2024-07-09,-8495.40999999997
2024-07-10,-5933.550000000046
2024-07-11,1284.6899999999625
2024-07-12,6391.790000000109
2024-07-15,-62.46000000003665
2024-07-16,-357.6500000000033
2024-07-17,17674.724999999926
2024-07-18,1890.7400000001087
2024-07-19,208.88499999988431
2024-07-22,-5768.13499999996
2024-07-23,1295.8899999999014
2024-07-24,3340.6500000000447
2024-07-25,23833.91000000005
2024-07-26,-2132.9550000000527
2024-07-29,-11987.899999999989
2024-07-30,-6600.605000000011
2024-07-31,-6242.019999999942
2024-08-01,-600.9599999999589
2024-08-02,-2638.2550000000456
2024-08-05,2138.349999999974
2024-08-06,-13378.66000000005
2024-08-07,-2063.049999999998
2024-08-08,-6383.224999999981
2024-08-09,6207.500000000029
2024-08-12,-2962.5549999999444
2024-08-13,2321.3449999999357
2024-08-14,1652.349999999953
2024-08-15,6839.68000000008
2024-08-16,-12638.030000000033
2024-08-19,4305.010000000072
2024-08-20,-6222.660000000018
2024-08-21,272.82000000003967
2024-08-22,20051.944999999916
2024-08-23,12553.685000000012
2024-08-26,9050.294999999955
2024-08-27,2342.0350000001345
2024-08-28,-4638.510000000125
2024-08-29,-5465.455000000043
2024-08-30,-1487.194999999957
2024-09-02,1749.9500000001294
2024-09-03,-17131.73250000008
2024-09-04,2830.337499999959
2024-09-05,-8466.004999999886
2024-09-06,-11592.855000000096
2024-09-09,7867.390000000003
2024-09-10,-12813.499999999922
2024-09-11,1474.7249999999794
2024-09-12,-173.20500000011623
2024-09-13,-17212.60999999994
2024-09-16,16774.07500000003
2024-09-17,10776.844999999908
2024-09-18,6247.850000000102
2024-09-19,12432.500000000007
2024-09-20,-2044.4999999999284
2024-09-23,-6674.980000000106
2024-09-24,3939.5850000000855
2024-09-25,-14016.675000000116
2024-09-26,4628.489999999988
2024-09-27,-11356.149999999978
2024-09-30,5279.78500000005
2024-10-01,-2300.905000000082
2024-10-02,5776.050000000101
2024-10-03,-8032.065000000158
2024-10-04,799.7850000002088
2024-10-07,930.2949999999627
2024-10-08,2379.8899999999776
2024-10-09,-7036.095000000047
2024-10-10,490.95000000006166
2024-10-11,-478.7650000001077
2024-10-14,7702.4000000000115
2024-10-15,429.99499999999864
2024-10-16,5176.334999999999
2024-10-17,-11943.375000000091
2024-10-18,911.6000000000813
2024-10-21,-19625.66500000004
2024-10-22,-1751.7599999999823
2024-10-23,-3238.9500000000135
2024-10-24,-5782.854999999951
2024-10-25,3687.790000000015
2024-10-28,4143.325000000016
2024-10-29,-13631.760000000093
2024-10-30,3166.9900000000507
2024-10-31,6018.690000000108
2024-11-01,-3890.8550000000287
2024-11-04,5137.269999999823
2024-11-05,3626.4300000001554
2024-11-06,-24692.709999999977
2024-11-07,342.52499999995746
2024-11-08,-15723.579999999993
2024-11-11,-614.0999999999699
2024-11-12,-8464.060000000021
2024-11-13,735.9849999999618
2024-11-14,10107.290000000019
2024-11-15,-4537.465000000016
2024-11-18,-4239.685000000004
2024-11-19,5248.434999999996
2024-11-20,-6774.379999999914
2024-11-21,-5050.000000000043
2024-11-22,294.9150000000182
2024-11-25,9852.994999999933
2024-11-26,4694.19499999996
2024-11-27,21352.377500000082
2024-11-28,-1981.1149999999848
2024-11-29,-6874.98250000004
2024-12-02,155.077499999987
2024-12-03,-2059.464999999983
2024-12-04,990.0699999999766
2024-12-05,-3409.2799999999993
2024-12-06,-3510.8549999999614
2024-12-09,-9203.917500000009
2024-12-10,-15426.467500000066
2024-12-11,-10071.435000000012
2024-12-12,-3026.2849999999335
2024-12-13,-3835.325000000022
2024-12-16,3123.454999999966
2024-12-17,577.6550000000477
2024-12-18,-22753.68499999999
2024-12-19,-10393.830000000082
2024-12-20,-8208.379999999952
2024-12-23,-10145.295000000078
2024-12-24,-9308.764999999952
2024-12-25,1711.355000000047
2024-12-26,-10707.552500000096
2024-12-27,5683.29500000017
2024-12-30,28946.05749999994
2024-12-31,-8391.757500000027
2025-01-01,-2813.847499999952
2025-01-02,2419.107499999992
2025-01-03,10348.22749999997
2025-01-06,-22767.922500000015
2025-01-07,2278.0350000000626
2025-01-08,-8395.322500000051
2025-01-09,-4969.720000000034
2025-01-10,-41896.285000000025
2025-01-13,-970.6200000000093
2025-01-14,-3986.947500000004
2025-01-15,13916.37500000012
2025-01-16,10383.284999999974
2025-01-17,-18617.580000000118
2025-01-20,13184.195000000009
2025-01-21,-24717.424999999934
2025-01-22,-4038.390000000081
2025-01-23,-6044.289999999958
2025-01-24,15485.962499999903
2025-01-27,22899.137499999997
2025-01-28,-14212.78499999994
2025-01-29,-17556.299999999974
2025-01-30,-11672.042499999985
2025-01-31,10732.127499999979
2025-02-03,-657.0349999999389
2025-02-04,-13871.212500000029
2025-02-05,13545.000000000025
2025-02-06,-11789.457500000077
2025-02-07,2926.432499999964
2025-02-10,-4402.939999999958
2025-02-11,11719.177499999949
2025-02-12,-24491.442499999957
2025-02-13,7830.0725000000075
2025-02-14,19665.054999999953
2025-02-17,-2024.5049999999114
2025-02-18,-12783.515000000038
2025-02-19,26509.324999999903
2025-02-20,7661.935000000012
2025-02-21,14008.190000000053
2025-02-24,14750.23
2025-02-25,13317.365000000033
2025-02-26,5829.274999999847
2025-02-27,27711.275000000096
2025-02-28,9087.544999999962
2025-03-03,17051.270000000026
2025-03-04,2440.6999999999725
2025-03-05,-19294.905000000068
2025-03-06,-9546.467499999932
2025-03-07,6130.127499999987
2025-03-10,14214.80500000002
2025-03-11,-13282.842500000037
2025-03-12,-7388.357499999953
2025-03-13,-12284.757499999936
2025-03-14,-1859.4625000000467
2025-03-17,-4696.715000000011
2025-03-18,-1492.749999999975
2025-03-19,8461.030000000002
2025-03-20,-1054.290000000005
2025-03-21,-170.08499999994652
2025-03-24,-710.8850000000547
2025-03-25,-1254.855000000009
2025-03-26,-189.0249999999595
2025-03-27,-2449.250000000072
2025-03-28,4585.395000000044
2025-03-31,-1877.020000000026
2025-04-01,-1851.3499999999508
2025-04-02,19671.044999999987
2025-04-03,25248.469999999943
2025-04-04,22750.759999999995
2025-04-07,-28335.46499999999
2025-04-08,-16253.239999999987
2025-04-09,-6581.34499999996
2025-04-10,-30630.794999999995
2025-04-11,-21058.760000000042
2025-04-14,10757.664999999986
2025-04-15,7062.070000000002
2025-04-16,-4366.894999999995
2025-04-17,2687.4900000000275
2025-04-21,-4085.6449999999913
2025-04-22,-1307.3325000000395
2025-04-23,-3889.734999999939
2025-04-24,2884.484999999936
2025-04-25,9647.117500000038
2025-04-28,6766.889999999965
2025-04-29,13838.277500000053
2025-04-30,105.50499999998736
2025-05-01,-5099.180000000018
2025-05-02,-17463.10499999997
2025-05-05,10923.177499999945
2025-05-06,3491.7075000000114
2025-05-07,7192.102500000024
2025-05-08,-5428.672499999964
2025-05-09,-1300.8725000000552
2025-05-12,-7683.479999999971
2025-05-13,3841.014999999969
2025-05-14,-6036.767499999971
2025-05-15,-2673.629999999991
2025-05-16,6932.922499999978
2025-05-19,8580.544999999967
2025-05-20,-19394.457499999942
2025-05-21,-14502.750000000064
2025-05-22,9582.900000000029
2025-05-23,1037.594999999982
2025-05-26,1362.6899999999973
2025-05-27,8213.804999999938
2025-05-28,5821.299999999994
2025-05-29,-6602.959999999927
2025-05-30,-4231.367500000046
2025-06-02,-12211.147499999955
2025-06-03,9238.4599999999
2025-06-04,-12.074999999953434
2025-06-05,1514.695000000086
2025-06-06,-9169.880000000057
2025-06-09,8678.779999999977
2025-06-10,-250.73499999998717
2025-06-11,17602.495000000046
2025-06-12,2009.8049999999475
2025-06-13,6115.474999999974
2025-06-16,-593.3149999999737
2025-06-17,-9828.699999999979
2025-06-18,-4359.154999999993
2025-06-19,5746.150000000028
2025-06-20,2078.442499999952
2025-06-23,-26865.50249999992
2025-06-24,2574.800000000021
2025-06-25,-4364.370000000045
2025-06-26,1143.1900000000119
2025-06-27,-2557.949999999996
2025-06-30,6739.074999999965
2025-07-01,-4803.77499999993
2025-07-02,2117.194999999912
2025-07-03,8583.385000000073
2025-07-04,909.3250000000162
2025-07-07,-2243.687500000058
2025-07-08,-4916.010000000016
2025-07-09,-1476.269999999947
2025-07-10,-17967.30000000001
2025-07-11,-3210.01000000003
2025-07-14,-6648.959999999963
2025-07-15,6393.249999999965
2025-07-16,1127.4900000000396
2025-07-17,13286.229999999963
2025-07-18,-5721.074999999995
2025-07-21,-3654.395000000034
2025-07-22,-13326.50499999997
2025-07-23,7087.729999999971
2025-07-24,4344.049999999961
2025-07-25,7772.480000000066
2025-07-28,17319.794999999984
2025-07-29,11980.44500000002
2025-07-30,45364.34999999995
2025-07-31,-2069.874999999977
2025-08-01,-14115.154999999955
2025-08-04,6669.364999999927
2025-08-05,1818.8750000000514
2025-08-06,-6299.265000000013
2025-08-07,-14551.624999999936
2025-08-08,-2031.7300000000007
2025-08-11,23025.024999999918
2025-08-12,9508.240000000016
2025-08-13,-2321.54000000002
2025-08-14,-2553.924999999985
2025-08-15,-5859.839999999953
2025-08-18,4807.260000000014
2025-08-19,11017.449999999986
2025-08-20,-2290.760000000029
2025-08-21,-475.1999999999525
2025-08-22,4961.999999999965
2025-08-25,6059.474999999919
2025-08-26,-9032.799999999843
2025-08-27,7272.884999999961
2025-08-28,-8113.9000000000215
2025-08-29,-17683.949999999968
2025-09-01,-2834.9550000000163
2025-09-02,2414.9350000000677
2025-09-03,-3520.2450000000154
2025-09-04,7839.994999999878
2025-09-05,-907.319999999937
2025-09-08,-6981.305000000059
2025-09-09,6602.350000000099
2025-09-10,10799.599999999982
2025-09-11,-10853.350000000033
2025-09-12,-12045.554999999997
2025-09-15,8246.730000000054
2025-09-16,-5767.400000000119
2025-09-17,1912.7750000000583
2025-09-18,4190.889999999956
2025-09-19,-13012.95500000001
2025-09-22,11003.240000000043
2025-09-23,7738.695000000066
2025-09-24,-7887.615000000057
2025-09-25,-6474.409999999955
2025-09-26,3706.0899999999956
2025-09-29,-18046.975000000108
2025-09-30,-1016.1049999999625
