date,net_pnl
2010-06-07,0.0
2010-06-08,0.0
2010-06-09,0.0
2010-06-10,0.0
2010-06-11,0.0
2010-06-14,0.0
2010-06-15,0.0
2010-06-16,0.0
2010-06-17,0.0
2010-06-18,0.0
2010-06-21,0.0
2010-06-22,0.0
2010-06-23,0.0
2010-06-24,0.0
2010-06-25,0.0
2010-06-28,0.0
2010-06-29,0.0
2010-06-30,0.0
2010-07-01,0.0
2010-07-02,0.0
2010-07-05,0.0
2010-07-06,0.0
2010-07-07,0.0
2010-07-08,0.0
2010-07-09,0.0
2010-07-12,0.0
2010-07-13,0.0
2010-07-14,0.0
2010-07-15,0.0
2010-07-16,0.0
2010-07-19,0.0
2010-07-20,0.0
2010-07-21,0.0
2010-07-22,0.0
2010-07-23,0.0
2010-07-26,0.0
2010-07-27,0.0
2010-07-28,0.0
2010-07-29,0.0
2010-07-30,0.0
2010-08-02,0.0
2010-08-03,-651.505
2010-08-04,-19498.40249999999
2010-08-05,-12028.667500000018
2010-08-06,11451.615000000034
2010-08-09,2149.9624999999846
2010-08-10,11646.290000000003
2010-08-11,-3652.1675000000205
2010-08-12,-6599.385000000003
2010-08-13,677.9424999999965
2010-08-16,11044.559999999996
2010-08-17,-3853.77249999998
2010-08-18,509.7749999999638
2010-08-19,920.2300000000005
2010-08-20,-2427.5949999999693
2010-08-23,7923.950000000018
2010-08-24,15283.799999999992
2010-08-25,-4202.954999999987
2010-08-26,-6668.232499999991
2010-08-27,-14008.312499999985
2010-08-30,6044.162499999981
2010-08-31,11778.5375
2010-09-01,-6591.937500000008
2010-09-02,-3729.7324999999887
2010-09-03,-4772.7350000000215
2010-09-06,5259.614999999991
2010-09-07,946.8050000000359
2010-09-08,-2132.644999999996
2010-09-09,-1485.8499999999967
2010-09-10,-4005.81749999999
2010-09-13,-1223.5275000000072
2010-09-14,7574.719999999987
2010-09-15,260.132499999969
2010-09-16,-6891.4325
2010-09-17,-7702.837499999925
2010-09-20,15137.229999999983
2010-09-21,20018.21499999998
2010-09-22,-2904.0674999999965
2010-09-23,-4624.029999999989
2010-09-24,-6564.054999999991
2010-09-27,11473.970000000032
2010-09-28,11902.214999999924
2010-09-29,-7636.124999999953
2010-09-30,-2408.5975000000203
2010-10-01,12704.619999999994
2010-10-04,4050.93500000002
2010-10-05,-5809.905000000066
2010-10-06,4921.997500000002
2010-10-07,7468.10749999999
2010-10-08,-25582.36499999996
2010-10-11,-5068.035000000006
2010-10-12,-10043.469999999983
2010-10-13,12293.549999999963
2010-10-14,-7612.379999999971
2010-10-15,399.32749999999623
2010-10-18,3517.2324999999732
2010-10-19,-8807.829999999974
2010-10-20,1676.8050000000246
2010-10-21,1590.0699999999897
2010-10-22,799.6749999999859
2010-10-25,6930.295000000001
2010-10-26,-13421.217499999997
2010-10-27,-8440.657499999987
2010-10-28,8887.980000000009
2010-10-29,8779.694999999985
2010-11-01,6459.595000000073
2010-11-02,7914.9300000000085
2010-11-03,4782.5300000000225
2010-11-04,4559.14499999996
2010-11-05,-7227.774999999924
2010-11-08,-10651.340000000035
2010-11-09,-18998.979999999992
2010-11-10,3558.2174999999934
2010-11-11,-6684.707499999986
2010-11-12,3530.735000000009
2010-11-15,-23959.812499999996
2010-11-16,18216.80249999995
2010-11-17,535.8500000000197
2010-11-18,-2228.8000000000015
2010-11-19,-1031.0874999999899
2010-11-22,2145.9400000000114
2010-11-23,-8765.18
2010-11-24,-6973.050000000016
2010-11-25,834.0300000000145
2010-11-26,-8652.71249999998
2010-11-29,7649.742499999976
2010-11-30,4939.977500000027
2010-12-01,-28233.362500000083
2010-12-02,6703.410000000022
2010-12-03,-6657.149999999929
2010-12-06,7486.644999999995
2010-12-07,-13916.495000000024
2010-12-08,-11815.622500000032
2010-12-09,6886.827500000049
2010-12-10,1912.392500000006
2010-12-13,2207.6199999999812
2010-12-14,-21905.30500000002
2010-12-15,697.3000000000213
2010-12-16,9138.049999999948
2010-12-17,-2316.0700000000115
2010-12-20,-5445.140000000013
2010-12-21,1371.3049999999907
2010-12-22,-17346.400000000052
2010-12-23,-7167.702499999964
2010-12-27,6222.802499999977
2010-12-28,-16367.789999999952
2010-12-29,8912.917500000003
2010-12-30,10369.672499999946
2010-12-31,-7345.365000000034
2011-01-03,10161.68250000004
2011-01-04,12440.85000000003
2011-01-05,-27331.015000000054
2011-01-06,5012.252499999963
2011-01-07,15444.997499999978
2011-01-10,-9612.789999999994
2011-01-11,-6960.704999999937
2011-01-12,-14482.917499999996
2011-01-13,8409.369999999964
2011-01-14,-4268.842499999974
2011-01-17,2673.1974999999593
2011-01-18,-3961.0450000000524
2011-01-19,3429.0074999999883
2011-01-20,-16162.707500000022
2011-01-21,1179.8900000000212
2011-01-24,13832.344999999958
2011-01-25,18925.170000000016
2011-01-26,-30558.19250000005
2011-01-27,16158.430000000008
2011-01-28,-17761.72249999997
2011-01-31,-15655.182500000032
2011-02-01,7304.055000000008
2011-02-02,-4235.4425000000265
2011-02-03,-246.29750000000482
2011-02-04,-7932.879999999939
2011-02-07,13249.954999999953
2011-02-08,-17265.13999999996
2011-02-09,1422.9749999999729
2011-02-10,-10527.770000000002
2011-02-11,14499.482500000035
2011-02-14,-2026.3225000000486
2011-02-15,11643.74499999998
2011-02-16,4654.260000000045
2011-02-17,1993.6125000000688
2011-02-18,17500.317499999906
2011-02-21,-25288.559999999925
2011-02-22,34393.74250000002
2011-02-23,-19178.327500000065
2011-02-24,17145.73249999999
2011-02-25,-1457.692500000062
2011-02-28,15983.54999999997
2011-03-01,-14487.082499999884
2011-03-02,-12677.840000000002
2011-03-03,-10992.547500000004
2011-03-04,2608.569999999971
2011-03-07,4586.650000000084
2011-03-08,-2335.4250000000097
2011-03-09,4803.477500000048
2011-03-10,12561.325
2011-03-11,10135.98999999997
2011-03-14,6743.557500000009
2011-03-15,21098.615000000053
2011-03-16,-853.5349999999921
2011-03-17,-36899.85999999997
2011-03-18,5596.939999999971
2011-03-21,2052.345000000046
2011-03-22,-7046.287499999981
2011-03-23,7486.870000000028
2011-03-24,-8407.022500000006
2011-03-25,-1865.895000000035
2011-03-28,4853.437500000086
2011-03-29,-1576.747500000056
2011-03-30,11743.220000000021
2011-03-31,-29214.855000000054
2011-04-01,12878.53500000001
2011-04-04,-2851.3350000000087
2011-04-05,-4761.0350000000135
2011-04-06,741.4250000000603
2011-04-07,34.25499999995503
2011-04-08,-14043.810000000016
2011-04-11,2551.9175000000205
2011-04-12,25171.357499999925
2011-04-13,5872.877500000048
2011-04-14,-2008.9825000000828
2011-04-15,16112.479999999985
2011-04-18,-13663.432500000008
2011-04-19,2020.9700000000098
2011-04-20,998.1674999999593
2011-04-21,327.7250000000235
2011-04-25,5790.272499999974
2011-04-26,11041.475000000011
2011-04-27,9984.59499999996
2011-04-28,18728.572500000002
2011-04-29,-1165.0724999999497
2011-05-02,1220.0975000000442
2011-05-03,8110.037499999944
2011-05-04,9900.472500000027
2011-05-05,17216.372500000012
2011-05-06,4181.507499999985
2011-05-09,300.88500000004757
2011-05-10,-9383.485000000088
2011-05-11,11831.700000000053
2011-05-12,-6567.012499999974
2011-05-13,3373.6274999999837
2011-05-16,3006.5900000000065
2011-05-17,3926.5249999999605
2011-05-18,-9300.267499999929
2011-05-19,10255.934999999985
2011-05-20,-3721.4099999999744
2011-05-23,8835.934999999923
2011-05-24,-6570.710000000011
2011-05-25,-11937.004999999981
2011-05-26,13446.735000000024
2011-05-27,-3897.7950000000033
2011-05-30,1373.4350000000131
2011-05-31,-5110.177499999998
2011-06-01,9033.88250000005
2011-06-02,-9787.525000000018
2011-06-03,-4436.179999999947
2011-06-06,-4302.915000000022
2011-06-07,-5610.610000000009
2011-06-08,625.019999999966
2011-06-09,-5062.934999999989
2011-06-10,5758.920000000005
2011-06-13,5560.76499999999
2011-06-14,-10537.755000000003
2011-06-15,20799.364999999903
2011-06-16,2572.927500000036
2011-06-17,2586.207500000048
2011-06-20,-652.7275000000557
2011-06-21,-606.3774999999605
2011-06-22,2954.4899999999575
2011-06-23,13528.295
2011-06-24,-3452.939999999956
2011-06-27,-3697.6575000000003
2011-06-28,-12540.617500000011
2011-06-29,-5671.242500000013
2011-06-30,-7062.2949999999755
2011-07-01,6626.979999999918
2011-07-04,-660.619999999932
2011-07-05,-5402.605000000013
2011-07-06,7401.820000000003
2011-07-07,-3544.7250000000454
2011-07-08,7627.139999999968
2011-07-11,3814.4499999999775
2011-07-12,-7185.9399999999905
2011-07-13,-14090.479999999985
2011-07-14,3830.5649999999987
2011-07-15,-3342.880000000006
2011-07-18,-1505.265000000054
2011-07-19,10033.42500000004
2011-07-20,-6908.139999999999
2011-07-21,-2342.6199999999276
2011-07-22,4059.3699999999726
2011-07-25,-7047.380000000029
2011-07-26,-2087.5099999999834
2011-07-27,9499.652500000007
2011-07-28,-3740.837500000071
2011-07-29,18534.515000000025
2011-08-01,-3117.749999999933
2011-08-02,-4451.18499999999
2011-08-03,-418.74500000006947
2011-08-04,4978.280000000039
2011-08-05,-11910.155000000053
2011-08-08,10996.742500000058
2011-08-09,-3389.1074999999755
2011-08-10,1352.7974999999617
2011-08-11,-21918.940000000046
2011-08-12,10581.775000000058
2011-08-15,643.1899999999935
2011-08-16,5775.784999999971
2011-08-17,2435.480000000003
2011-08-18,8262.167500000007
2011-08-19,-4512.604999999964
2011-08-22,-3138.859999999964
2011-08-23,-5793.600000000044
2011-08-24,4395.455000000023
2011-08-25,-720.1650000000046
2011-08-26,-2228.664999999955
2011-08-29,-5120.175000000029
2011-08-30,4454.650000000015
2011-08-31,-1739.394999999985
2011-09-01,12717.93499999999
2011-09-02,1545.1199999999658
2011-09-05,5016.725000000055
2011-09-06,-13600.31000000002
2011-09-07,6139.644999999987
2011-09-08,2865.9249999999765
2011-09-09,4381.045000000014
2011-09-12,-4620.7450000000035
2011-09-13,2167.1499999999705
2011-09-14,7409.470000000012
2011-09-15,11591.197500000007
2011-09-16,8218.644999999959
2011-09-19,6547.745000000026
2011-09-20,4975.272499999959
2011-09-21,1259.9100000000599
2011-09-22,15590.157499999968
2011-09-23,6398.760000000001
2011-09-26,2269.5075000000147
2011-09-27,2358.455000000006
2011-09-28,20998.662499999984
2011-09-29,-8005.7899999999845
2011-09-30,30621.692500000005
2011-10-03,-2368.294999999993
2011-10-04,4020.345000000011
2011-10-05,1253.5450000000083
2011-10-06,5133.562500000019
2011-10-07,-3243.0150000000417
2011-10-10,8507.375
2011-10-11,-13987.12999999998
2011-10-12,11369.029999999975
2011-10-13,178.7399999999729
2011-10-14,-1401.6399999999294
2011-10-17,-8359.669999999975
2011-10-18,6834.184999999913
2011-10-19,3606.73500000004
2011-10-20,374.16249999996825
2011-10-21,7460.274999999984
2011-10-24,-787.4724999999913
2011-10-25,4525.44000000006
2011-10-26,-3635.837500000016
2011-10-27,-2738.412500000046
2011-10-28,7722.865000000048
2011-10-31,9503.452499999947
2011-11-01,-256.94749999999146
2011-11-02,2757.4000000000224
2011-11-03,-4848.004999999974
2011-11-04,4398.619999999999
2011-11-07,5655.5349999999735
2011-11-08,-4169.457499999977
2011-11-09,956.267499999993
2011-11-10,7487.724999999953
2011-11-11,5356.172500000033
2011-11-14,-183.13250000004228
2011-11-15,-10588.757499999989
2011-11-16,-1897.66249999999
2011-11-17,6218.745000000008
2011-11-18,-656.5075000000213
2011-11-21,2347.545000000048
2011-11-22,-6470.467499999987
2011-11-23,2305.5350000000044
2011-11-24,-2315.8975000000396
2011-11-25,-3911.542500000032
2011-11-28,14340.240000000089
2011-11-29,-9303.420000000026
2011-11-30,9263.930000000093
2011-12-01,6541.52500000002
2011-12-02,4383.7399999999725
2011-12-05,14100.47750000001
2011-12-06,-7361.682500000001
2011-12-07,15700.767499999942
2011-12-08,-2176.077499999985
2011-12-09,10715.844999999996
2011-12-12,-2274.1849999999677
2011-12-13,-10261.254999999945
2011-12-14,18970.13499999999
2011-12-15,7117.835000000029
2011-12-16,3008.1824999999653
2011-12-19,-17294.122499999998
2011-12-20,1633.2550000000158
2011-12-21,-11755.14500000001
2011-12-22,-4571.589999999978
2011-12-23,-2848.3774999999946
2011-12-26,347.64499999999475
2011-12-27,-11220.60749999999
2011-12-28,-1615.1350000000025
2011-12-29,10970.79500000001
2011-12-30,-851.2550000000064
2012-01-02,1955.1899999999964
2012-01-03,6358.474999999955
2012-01-04,635.5000000000584
2012-01-05,6482.77999999995
2012-01-06,1592.3350000000123
2012-01-09,-7603.134999999937
2012-01-10,2409.469999999971
2012-01-11,9318.982499999978
2012-01-12,13301.297500000024
2012-01-13,3332.849999999972
2012-01-16,3651.014999999956
2012-01-17,-3565.7700000000004
2012-01-18,1110.1450000000104
2012-01-19,-3934.484999999974
2012-01-20,5256.405000000001
2012-01-23,-16295.48750000005
2012-01-24,-5517.924999999976
2012-01-25,5563.559999999914
2012-01-26,5679.965000000016
2012-01-27,4630.605000000058
2012-01-30,10392.714999999982
2012-01-31,-1982.680000000034
2012-02-01,6342.625000000074
2012-02-02,3047.9499999999125
2012-02-03,11917.770000000064
2012-02-06,-902.9725000000969
2012-02-07,-1611.427499999926
2012-02-08,-472.6149999999874
2012-02-09,-808.5149999999862
2012-02-10,-2619.9749999999667
2012-02-13,-9850.900000000001
2012-02-14,-2281.69499999998
2012-02-15,-583.074999999945
2012-02-16,4924.409999999953
2012-02-17,-10203.41999999994
2012-02-20,1995.0699999999322
2012-02-21,-6346.584999999957
2012-02-22,-6435.285000000007
2012-02-23,-989.3800000000474
2012-02-24,-3633.6750000000384
2012-02-27,8870.690000000002
2012-02-28,-3663.8199999999665
2012-02-29,-12382.019999999875
2012-03-01,5301.364999999865
2012-03-02,8678.900000000027
2012-03-05,-2873.2949999999764
2012-03-06,-3761.2850000000235
2012-03-07,6473.935000000015
2012-03-08,237.73999999987473
2012-03-09,-3396.1249999999714
2012-03-12,309.9299999999982
2012-03-13,684.834999999983
2012-03-14,-6004.359999999987
2012-03-15,68.24250000004713
2012-03-16,-13203.860000000082
2012-03-19,-3808.170000000021
2012-03-20,8578.235000000053
2012-03-21,3828.169999999998
2012-03-22,-1298.2400000000337
2012-03-23,-1279.6800000000876
2012-03-26,-692.4849999999814
2012-03-27,1407.2300000000037
2012-03-28,1669.9200000000055
2012-03-29,14476.885000000015
2012-03-30,-25247.270000000004
2012-04-02,-9506.610000000013
2012-04-03,-7173.984999999991
2012-04-04,12614.624999999996
2012-04-05,8780.209999999972
2012-04-06,8523.994999999968
2012-04-09,1171.2349999999674
2012-04-10,14879.240000000009
2012-04-11,10394.795000000024
2012-04-12,-6316.124999999986
2012-04-13,11079.659999999958
2012-04-16,5369.252499999999
2012-04-17,-3160.324999999985
2012-04-18,10781.672499999979
2012-04-19,-7668.177500000036
2012-04-20,-5549.914999999955
2012-04-23,8504.629999999954
2012-04-24,2464.825000000052
2012-04-25,-5129.360000000058
2012-04-26,2180.755000000097
2012-04-27,-7184.199999999983
2012-04-30,-13098.384999999955
2012-05-01,-6208.7000000000035
2012-05-02,13850.23500000002
2012-05-03,-5788.779999999955
2012-05-04,4048.120000000097
2012-05-07,-1645.6899999999787
2012-05-08,-3082.8550000000723
2012-05-09,-4032.4400000000587
2012-05-10,1431.5074999999754
2012-05-11,-9115.904999999966
2012-05-14,3725.6200000000276
2012-05-15,9649.880000000043
2012-05-16,-7334.600000000074
2012-05-17,-19385.009999999926
2012-05-18,-30405.894999999924
2012-05-21,19673.41500000001
2012-05-22,-10953.655000000042
2012-05-23,-1070.5949999999887
2012-05-24,-4143.0700000000215
2012-05-25,-899.8200000000118
2012-05-28,4191.915000000047
2012-05-29,15316.552499999949
2012-05-30,24270.622499999987
2012-05-31,-3873.970000000034
2012-06-01,-233.51999999995354
2012-06-04,-6281.654999999974
2012-06-05,8407.079999999989
2012-06-06,-799.0949999999223
2012-06-07,16362.075000000015
2012-06-08,8755.729999999963
2012-06-11,5427.23500000007
2012-06-12,-3533.69000000001
2012-06-13,8948.385000000013
2012-06-14,-14311.655000000037
2012-06-15,-4885.52000000005
2012-06-18,7843.799999999986
2012-06-19,-6856.224999999992
2012-06-20,5919.5899999999465
2012-06-21,-566.4850000000079
2012-06-22,5434.51500000007
2012-06-25,4277.860000000019
2012-06-26,10578.879999999963
2012-06-27,64.88499999997237
2012-06-28,180.6549999999864
2012-06-29,27916.690000000035
2012-07-02,-3643.1099999999965
2012-07-03,1955.9700000001094
2012-07-04,1222.8800000000124
2012-07-05,-3856.3349999999746
2012-07-06,-2284.734999999989
2012-07-09,-1082.184999999894
2012-07-10,526.2500000000214
2012-07-11,-3553.4900000000657
2012-07-12,473.5849999999524
2012-07-13,1697.4450000001211
2012-07-16,-3479.20500000006
2012-07-17,9057.604999999992
2012-07-18,10640.585000000037
2012-07-19,-3760.495000000031
2012-07-20,12295.535000000018
2012-07-23,-18585.82000000003
2012-07-24,-4554.475000000063
2012-07-25,6026.305000000064
2012-07-26,-7950.380000000083
2012-07-27,4950.115000000052
2012-07-30,13676.154999999935
2012-07-31,-1815.7649999998773
2012-08-01,3350.770000000005
2012-08-02,3875.6000000000604
2012-08-03,-2631.9700000001653
2012-08-06,-5923.039999999938
2012-08-07,-5981.014999999968
2012-08-08,585.5150000000149
2012-08-09,8164.740000000028
2012-08-10,12444.882499999932
2012-08-13,-663.1300000000396
2012-08-14,-2733.844999999932
2012-08-15,-3503.992500000097
2012-08-16,1403.9750000000215
2012-08-17,36.53249999995461
2012-08-20,2518.1549999999947
2012-08-21,-8160.414999999985
2012-08-22,4453.024999999998
2012-08-23,-7959.860000000065
2012-08-24,9968.090000000033
2012-08-27,7754.980000000088
2012-08-28,-3421.740000000016
2012-08-29,-5677.560000000079
2012-08-30,-9495.65500000003
2012-08-31,2824.9700000000175
2012-09-03,-5012.230000000076
2012-09-04,-2850.1875000001182
2012-09-05,-3216.9024999999897
2012-09-06,18652.87500000008
2012-09-07,-6207.007500000042
2012-09-10,-2193.87999999997
2012-09-11,4790.592499999963
2012-09-12,-8482.462499999941
2012-09-13,6719.999999999964
2012-09-14,-3517.272500000089
2012-09-17,16633.120000000054
2012-09-18,9889.970000000054
2012-09-19,-1208.2249999999297
2012-09-20,-137.22499999997132
2012-09-21,-400.20999999991056
2012-09-24,4967.249999999849
2012-09-25,1787.9499999999382
2012-09-26,7431.945000000056
2012-09-27,12875.499999999987
2012-09-28,-18910.844999999976
2012-10-01,-4925.825000000055
2012-10-02,87.96999999986485
2012-10-03,7308.0449999999955
2012-10-04,6882.8150000000405
2012-10-05,-3413.840000000007
2012-10-08,3519.2599999999297
2012-10-09,-16176.10499999993
2012-10-10,672.70499999994
2012-10-11,-2022.8099999998833
2012-10-12,13090.990000000038
2012-10-15,13133.034999999982
2012-10-16,-16308.340000000091
2012-10-17,-5492.945000000018
2012-10-18,-9664.41499999997
2012-10-19,-3576.52500000002
2012-10-22,-2171.7050000000404
2012-10-23,-2787.2100000000287
2012-10-24,-580.729999999962
2012-10-25,3644.7349999998823
2012-10-26,13233.27000000001
2012-10-29,3928.2925000000446
2012-10-30,-3174.8524999999736
2012-10-31,-9636.994999999957
2012-11-01,5789.450000000015
2012-11-02,-2693.9450000000293
2012-11-05,16617.51249999998
2012-11-06,-11765.86749999997
2012-11-07,-1168.7250000001059
2012-11-08,-13162.02499999998
2012-11-09,-1375.6299999999976
2012-11-12,7996.6599999999835
2012-11-13,-4963.410000000015
2012-11-14,-12237.495000000066
2012-11-15,-3177.3374999999896
2012-11-16,-2313.4649999999488
2012-11-19,-531.0949999999466
2012-11-20,-7895.555000000068
2012-11-21,-8752.474999999991
2012-11-22,1763.9500000001585
2012-11-23,2548.610000000004
2012-11-26,16004.750000000025
2012-11-27,-4748.324999999981
2012-11-28,12213.824999999986
2012-11-29,5806.260000000042
2012-11-30,5689.84999999995
2012-12-03,164.82500000010486
2012-12-04,7605.009999999963
2012-12-05,167.80500000013376
2012-12-06,23935.17999999989
2012-12-07,-1398.2449999999146
2012-12-10,7042.769999999954
2012-12-11,2168.0624999999354
2012-12-12,-15189.889999999874
2012-12-13,-2402.7850000001063
2012-12-14,-12871.180000000111
2012-12-17,1205.2000000001217
2012-12-18,-11237.675000000072
2012-12-19,2499.7399999999143
2012-12-20,14785.099999999771
2012-12-21,3279.0449999999937
2012-12-24,-8561.770000000071
2012-12-25,1454.5350000000346
2012-12-26,7669.995000000165
2012-12-27,4884.814999999877
2012-12-28,-17240.300000000076
2012-12-31,25999.509999999947
2013-01-01,1144.9799999999675
2013-01-02,14335.2300000001
2013-01-03,-17819.909999999927
2013-01-04,1616.4924999998752
2013-01-07,1880.2025000000178
2013-01-08,9032.192500000026
2013-01-09,17010.985000000044
2013-01-10,-6272.770000000144
2013-01-11,7116.880000000111
2013-01-14,6323.412499999696
2013-01-15,130.33000000010293
2013-01-16,5141.324999999923
2013-01-17,-14338.749999999904
2013-01-18,11191.992499999902
2013-01-21,-998.2625000001028
2013-01-22,2987.972499999891
2013-01-23,7012.792500000091
2013-01-24,-21475.51250000007
2013-01-25,-16193.81250000002
2013-01-28,-6809.854999999988
2013-01-29,-4475.2974999999415
2013-01-30,-17508.755000000026
2013-01-31,8927.817500000112
2013-02-01,12868.874999999998
2013-02-04,11017.9150000001
2013-02-05,-2911.337499999899
2013-02-06,12175.499999999836
2013-02-07,15084.204999999996
2013-02-08,1274.3600000000172
2013-02-11,1842.9774999999963
2013-02-12,-1244.3900000001072
2013-02-13,-8358.155000000068
2013-02-14,13202.29999999993
2013-02-15,1833.3150000000405
2013-02-18,2663.6450000000086
2013-02-19,7276.699999999884
2013-02-20,-2488.304999999883
2013-02-21,13819.295000000011
2013-02-22,6864.904999999957
2013-02-25,-34.879999999919846
2013-02-26,8708.900000000049
2013-02-27,24601.72000000001
2013-02-28,9282.46999999997
2013-03-01,8214.544999999986
2013-03-04,14249.635000000093
2013-03-05,3873.0150000000376
2013-03-06,-13728.22500000011
2013-03-07,-22827.764999999974
2013-03-08,-741.7600000000893
2013-03-11,-1876.8999999999373
2013-03-12,3562.549999999991
2013-03-13,-1724.2299999999452
2013-03-14,-8044.229999999992
2013-03-15,1035.575000000032
2013-03-18,2066.0650000000737
2013-03-19,12475.674999999885
2013-03-20,3554.4299999999357
2013-03-21,7669.769999999943
2013-03-22,-1598.5899999998503
2013-03-25,6372.934999999928
2013-03-26,5541.854999999836
2013-03-27,-106.28499999988264
2013-03-28,-16047.910000000029
2013-04-01,-18964.294999999835
2013-04-02,250.25500000008492
2013-04-03,-13262.12500000002
2013-04-04,-12568.235000000044
2013-04-05,-15107.295000000024
2013-04-08,7057.830000000024
2013-04-09,-6301.245000000012
2013-04-10,1539.140000000094
2013-04-11,1214.109999999986
2013-04-12,35323.540000000045
2013-04-15,28636.644999999986
2013-04-16,-19842.759999999973
2013-04-17,5419.140000000027
2013-04-18,-14930.32500000006
2013-04-19,7363.524999999993
2013-04-22,6845.350000000095
2013-04-23,1688.2249999999608
2013-04-24,-6154.765000000037
2013-04-25,-14534.794999999946
2013-04-26,12918.709999999905
2013-04-29,6625.56500000002
2013-04-30,-14089.239999999983
2013-05-01,3348.890000000011
2013-05-02,21050.15999999999
2013-05-03,-14828.969999999988
2013-05-06,-6336.874999999968
2013-05-07,2205.44500000002
2013-05-08,-7613.915000000078
2013-05-09,7928.827500000045
2013-05-10,-12816.982499999996
2013-05-13,1247.695000000006
2013-05-14,-14721.244999999984
2013-05-15,23285.53999999999
2013-05-16,9053.03500000001
2013-05-17,-3633.2199999999866
2013-05-20,-8458.03000000004
2013-05-21,2089.234999999944
2013-05-22,-7687.159999999943
2013-05-23,-14628.640000000054
2013-05-24,2438.1099999999615
2013-05-27,-5913.435000000005
2013-05-28,4908.33000000016
2013-05-29,124.92500000003966
2013-05-30,-4053.0599999999695
2013-05-31,16759.71000000002
2013-06-03,-10638.185000000032
2013-06-04,-5360.524999999987
2013-06-05,-10708.690000000055
2013-06-06,6226.9350000000395
2013-06-07,3358.034999999946
2013-06-10,-9349.76
2013-06-11,17877.625000000025
2013-06-12,-15034.070000000027
2013-06-13,-1974.569999999974
2013-06-14,-1865.5749999999632
2013-06-17,-6773.38999999999
2013-06-18,6081.512499999933
2013-06-19,-34188.76999999993
2013-06-20,5127.055000000038
2013-06-21,-33480.974999999955
2013-06-24,14842.454999999954
2013-06-25,5200.794999999948
2013-06-26,22739.98249999996
2013-06-27,13965.067500000021
2013-06-28,-19430.124999999873
2013-07-01,-3312.97500000002
2013-07-02,9913.142499999905
2013-07-03,-8256.192499999957
2013-07-04,5897.397499999996
2013-07-05,-13930.227500000012
2013-07-08,-997.104999999998
2013-07-09,13716.555000000018
2013-07-10,-8231.590000000018
2013-07-11,-6498.922499999952
2013-07-12,-8552.629999999943
2013-07-15,7223.959999999993
2013-07-16,2593.8949999999804
2013-07-17,12159.02999999996
2013-07-18,-1820.9699999999261
2013-07-19,3205.549999999932
2013-07-22,-10165.979999999947
2013-07-23,-6319.105000000049
2013-07-24,-2136.7650000000485
2013-07-25,-7583.005000000062
2013-07-26,2695.425000000031
2013-07-29,-5149.004999999896
2013-07-30,-3747.8350000000155
2013-07-31,-3824.437500000037
2013-08-01,4086.5125000000303
2013-08-02,4377.902500000101
2013-08-05,5370.932499999968
2013-08-06,-4607.769999999884
2013-08-07,-10255.495000000023
2013-08-08,-13782.240000000029
2013-08-09,5511.735000000001
2013-08-12,-18059.27750000001
2013-08-13,-13690.5475
2013-08-14,6851.657500000026
2013-08-15,-24047.37499999996
2013-08-16,-6987.179999999975
2013-08-19,-15993.74750000007
2013-08-20,2591.8675000000726
2013-08-21,-9230.425000000007
2013-08-22,-8034.097500000051
2013-08-23,8521.307499999939
2013-08-26,-11962.942499999926
2013-08-27,6293.579999999902
2013-08-28,-4545.129999999917
2013-08-29,8550.299999999905
2013-08-30,2640.0150000001076
2013-09-02,-15214.512500000053
2013-09-03,1545.3999999999837
2013-09-04,5476.47750000007
2013-09-05,818.749999999919
2013-09-06,4544.36500000001
2013-09-09,8655.887499999939
2013-09-10,-5239.314999999965
2013-09-11,4263.552499999985
2013-09-12,7353.45749999999
2013-09-13,5362.047499999991
2013-09-16,4234.612500000024
2013-09-17,1731.8474999999485
2013-09-18,12330.697499999991
2013-09-19,-21895.252500000002
2013-09-20,7353.147499999936
2013-09-23,345.6299999999784
2013-09-24,5937.497499999979
2013-09-25,-11007.49499999994
2013-09-26,547.2899999999779
2013-09-27,-7216.150000000027
2013-09-30,897.530000000016
2013-10-01,1240.930000000075
2013-10-02,3593.724999999964
2013-10-03,-88.2400000000895
2013-10-04,-947.4049999999418
2013-10-07,-11430.904999999957
2013-10-08,4481.619999999992
2013-10-09,-2709.004999999897
2013-10-10,21514.627500000035
2013-10-11,-532.2449999998951
2013-10-14,-12044.7375000001
2013-10-15,6891.3425000001025
2013-10-16,15475.232499999862
2013-10-17,15093.987500000037
2013-10-18,4323.699999999989
2013-10-21,6048.927500000051
2013-10-22,6584.254999999993
2013-10-23,-15542.62750000007
2013-10-24,-2129.1324999999406
2013-10-25,-4221.267500000007
2013-10-28,4444.897500000096
2013-10-29,3775.1849999999317
2013-10-30,1986.2099999999878
2013-10-31,5750.60999999995
2013-11-01,-5810.519999999949
2013-11-04,16772.87499999999
2013-11-05,-9592.689999999999
2013-11-06,14707.62499999996
2013-11-07,-746.1449999999536
2013-11-08,-13740.887500000003
2013-11-11,-5415.665000000087
2013-11-12,6968.354999999993
2013-11-13,27299.425000000076
2013-11-14,1468.6174999999869
2013-11-15,-3142.662499999997
2013-11-18,24084.640000000018
2013-11-19,-5390.975000000054
2013-11-20,-25148.195000000003
2013-11-21,5474.019999999992
2013-11-22,5467.6
2013-11-25,1361.7600000000602
2013-11-26,6095.189999999884
2013-11-27,-8575.160000000022
2013-11-28,-211.5825000000091
2013-11-29,-1633.4675000000163
2013-12-02,3928.6274999999855
2013-12-03,-10150.3524999999
2013-12-04,-5040.24000000004
2013-12-05,1385.1000000000008
2013-12-06,5463.114999999981
2013-12-09,16387.389999999945
2013-12-10,8966.132500000016
2013-12-11,-9562.382499999962
2013-12-12,1258.5900000000004
2013-12-13,11843.614999999949
2013-12-16,1242.2400000000625
2013-12-17,8652.634999999993
2013-12-18,10095.425000000065
2013-12-19,-19153.875000000015
2013-12-20,2582.8750000000596
2013-12-23,-6168.112499999978
2013-12-24,5003.807500000036
2013-12-25,685.0150000000122
2013-12-26,1534.2399999999066
2013-12-27,-906.7399999999436
2013-12-30,4873.5600000000495
2013-12-31,-17227.365000000053
2014-01-01,100.82500000000263
2014-01-02,-3758.827499999921
2014-01-03,36.08499999994149
2014-01-06,2432.2700000000787
2014-01-07,10825.600000000017
2014-01-08,4390.249999999937
2014-01-09,-8425.909999999916
2014-01-10,12872.674999999903
2014-01-13,13529.974999999999
2014-01-14,-9260.035000000034
2014-01-15,-4161.789999999937
2014-01-16,1454.4750000000697
2014-01-17,9488.907500000001
2014-01-20,-122.17500000007733
2014-01-21,-620.0549999998449
2014-01-22,6444.887499999975
2014-01-23,-7809.6274999999105
2014-01-24,4760.219999999932
2014-01-27,-12109.834999999974
2014-01-28,4879.709999999884
2014-01-29,27127.0700000001
2014-01-30,2381.5050000000388
2014-01-31,7400.190000000025
2014-02-03,1761.7250000000256
2014-02-04,-7941.540000000004
2014-02-05,-16316.519999999984
2014-02-06,-1573.0850000000662
2014-02-07,4664.845000000071
2014-02-10,-11843.560000000074
2014-02-11,4851.170000000095
2014-02-12,-11591.325000000088
2014-02-13,6717.14500000012
2014-02-14,-27543.249999999978
2014-02-17,-1422.795000000034
2014-02-18,6889.840000000025
2014-02-19,7295.520000000103
2014-02-20,-8300.940000000075
2014-02-21,-6501.110000000057
2014-02-24,-11666.534999999916
2014-02-25,-938.3400000001297
2014-02-26,19423.610000000004
2014-02-27,-5958.73999999995
2014-02-28,-11366.142499999874
2014-03-03,-16685.007500000076
2014-03-04,-19129.307499999988
2014-03-05,-13032.514999999972
2014-03-06,-16880.797500000015
2014-03-07,118.05749999994771
2014-03-10,-13023.200000000012
2014-03-11,-12572.579999999973
2014-03-12,-18567.12
2014-03-13,3187.747500000032
2014-03-14,-1552.7249999999792
2014-03-17,-17957.557500000104
2014-03-18,5057.074999999971
2014-03-19,3320.9200000000856
2014-03-20,2872.627500000108
2014-03-21,1068.6624999999806
2014-03-24,2962.92000000011
2014-03-25,10415.892499999914
2014-03-26,11505.03499999996
2014-03-27,3006.352499999969
2014-03-28,-2823.3399999999206
2014-03-31,-768.9250000000163
2014-04-01,-3914.880000000133
2014-04-02,-4362.279999999998
2014-04-03,11858.504999999934
2014-04-04,-347.274999999981
2014-04-07,-6801.239999999964
2014-04-08,-3670.0049999999446
2014-04-09,13292.515000000018
2014-04-10,-6616.9450000001425
2014-04-11,4237.209999999901
2014-04-14,3228.310000000094
2014-04-15,8636.23000000006
2014-04-16,11050.559999999954
2014-04-17,44.649999999979
2014-04-21,11648.585000000123
2014-04-22,-11962.225000000115
2014-04-23,-7610.999999999894
2014-04-24,2878.080000000011
2014-04-25,-8598.747499999934
2014-04-28,-7913.80750000002
2014-04-29,-1943.7424999999976
2014-04-30,-12897.527500000117
2014-05-01,4874.41750000011
2014-05-02,-1773.360000000043
2014-05-05,-22010.49250000006
2014-05-06,-5698.697500000107
2014-05-07,16977.274999999947
2014-05-08,16612.5549999999
2014-05-09,14088.865000000173
2014-05-12,-1649.940000000091
2014-05-13,20373.684999999983
2014-05-14,3502.089999999951
2014-05-15,469.44000000004246
2014-05-16,2085.4249999999574
2014-05-19,-4113.885000000013
2014-05-20,-3397.679999999884
2014-05-21,8665.414999999959
2014-05-22,9585.914999999937
2014-05-23,18097.770000000164
2014-05-26,-1018.2650000000403
2014-05-27,7238.335000000054
2014-05-28,17874.307500000028
2014-05-29,2607.770000000065
2014-05-30,-2074.272500000119
2014-06-02,-5292.06999999988
2014-06-03,-10638.835000000068
2014-06-04,2405.349999999906
2014-06-05,-7488.567499999969
2014-06-06,-11903.474999999964
2014-06-09,1355.0024999998939
2014-06-10,193.85250000007787
2014-06-11,3276.247499999876
2014-06-12,4379.7425
2014-06-13,1783.38
2014-06-16,-5733.9749999999185
2014-06-17,-5717.620000000072
2014-06-18,6858.944999999992
2014-06-19,-11417.10249999993
2014-06-20,5033.947499999963
2014-06-23,-2132.874999999931
2014-06-24,-8712.642499999982
2014-06-25,3797.9825000000005
2014-06-26,4192.367500000124
2014-06-27,908.5199999999963
2014-06-30,-22012.165000000055
2014-07-01,-12396.675000000028
2014-07-02,-17802.325000000023
2014-07-03,-2612.1400000001913
2014-07-04,53.45500000015343
2014-07-07,4744.500000000004
2014-07-08,-4642.705000000066
2014-07-09,-2744.6150000000034
2014-07-10,904.0100000000971
2014-07-11,1328.8899999999192
2014-07-14,7295.869999999977
2014-07-15,6368.81499999988
2014-07-16,7085.8899999998785
2014-07-17,1030.647500000043
2014-07-18,4829.132500000159
2014-07-21,837.3349999999991
2014-07-22,7143.140000000112
2014-07-23,-2599.735000000256
2014-07-24,-8268.599999999937
2014-07-25,-6691.770000000026
2014-07-28,-904.4799999999885
2014-07-29,11780.28000000001
2014-07-30,-33426.76000000007
2014-07-31,-5595.337499999945
2014-08-01,8352.61750000007
2014-08-04,-1912.7750000001386
2014-08-05,-2726.6549999999797
2014-08-06,-6765.457499999915
2014-08-07,2573.587499999897
2014-08-08,1775.1199999999958
2014-08-11,-2463.542499999949
2014-08-12,5888.934999999952
2014-08-13,18552.082500000073
2014-08-14,-4295.037500000051
2014-08-15,8857.760000000053
2014-08-18,-2833.2324999999696
2014-08-19,296.99999999992485
2014-08-20,-6037.18749999982
2014-08-21,11408.659999999958
2014-08-22,-9011.03500000009
2014-08-25,-2468.052500000011
2014-08-26,13948.182499999912
2014-08-27,-2953.347500000009
2014-08-28,4247.205000000073
2014-08-29,9304.260000000064
2014-09-01,-2522.150000000088
2014-09-02,-19184.359999999928
2014-09-03,24560.395000000055
2014-09-04,-2783.6850000000627
2014-09-05,-9729.969999999981
2014-09-08,-5387.364999999988
2014-09-09,-1873.785000000031
2014-09-10,-649.4099999998637
2014-09-11,16060.674999999945
2014-09-12,-9753.725000000028
2014-09-15,1971.3150000000269
2014-09-16,9707.084999999914
2014-09-17,-12851.282499999901
2014-09-18,11274.497500000067
2014-09-19,31649.465000000004
2014-09-22,5782.420000000024
2014-09-23,4109.6125
2014-09-24,-10367.6325
2014-09-25,19316.05
2014-09-26,3745.399999999998
2014-09-29,1171.7275000000568
2014-09-30,-2807.390000000015
2014-10-01,8437.657500000018
2014-10-02,-5139.267499999969
2014-10-03,-990.6950000000287
2014-10-06,419.19500000008736
2014-10-07,-33729.409999999945
2014-10-08,16342.727500000063
2014-10-09,-14580.355000000016
2014-10-10,3371.847499999962
2014-10-13,-11431.992499999846
2014-10-14,1547.982499999997
2014-10-15,-1764.2600000000045
2014-10-16,-2220.205000000059
2014-10-17,9334.5025
2014-10-20,-1087.8774999999318
2014-10-21,-5825.115000000113
2014-10-22,-3675.699999999928
2014-10-23,1028.3074999999762
2014-10-24,6749.209999999964
2014-10-27,-11635.952499999847
2014-10-28,1955.4849999999697
2014-10-29,-4119.555000000026
2014-10-30,10456.877500000006
2014-10-31,467.2375000000887
2014-11-03,-17947.820000000014
2014-11-04,-8543.775000000014
2014-11-05,4041.2250000000445
2014-11-06,-7739.330000000103
2014-11-07,9111.310000000052
2014-11-10,-4675.564999999971
2014-11-11,-8398.149999999989
2014-11-12,-299.55500000001507
2014-11-13,-12230.409999999989
2014-11-14,6535.400000000034
2014-11-17,-10350.325000000008
2014-11-18,10848.884999999887
2014-11-19,-4081.104999999865
2014-11-20,-3967.8325000000486
2014-11-21,5820.230000000019
2014-11-24,7835.205000000023
2014-11-25,-6948.822500000051
2014-11-26,6282.422499999949
2014-11-27,4515.992500000031
2014-11-28,9228.282500000012
2014-12-01,-34148.02250000009
2014-12-02,-4765.442499999891
2014-12-03,3060.4224999999637
2014-12-04,3.290000000005307
2014-12-05,-29018.51999999998
2014-12-08,14833.882500000007
2014-12-09,-3039.654999999986
2014-12-10,23591.152499999906
2014-12-11,-5337.492499999979
2014-12-12,13708.365000000047
2014-12-15,-10114.25000000001
2014-12-16,3832.28499999993
2014-12-17,-18083.169999999944
2014-12-18,3713.5450000000437
2014-12-19,9616.525000000003
2014-12-22,13579.644999999973
2014-12-23,-20489.059999999914
2014-12-24,12352.189999999971
2014-12-25,300.3775000000093
2014-12-26,363.9825000000628
2014-12-29,-2127.8975000000123
2014-12-30,7316.96750000005
2014-12-31,1828.965000000008
2015-01-01,-1975.1249999999877
2015-01-02,-4150.590000000033
2015-01-05,-1573.314999999961
2015-01-06,920.4374999999804
2015-01-07,7906.592500000008
2015-01-08,14645.885000000006
2015-01-09,-1482.3624999999781
2015-01-12,9506.385000000011
2015-01-13,2038.4625000000087
2015-01-14,-18915.464999999975
2015-01-15,-52027.76250000001
2015-01-16,-3829.840000000004
2015-01-19,-3857.6800000000244
2015-01-20,-457.2599999999858
2015-01-21,-841.1824999999803
2015-01-22,6058.137500000011
2015-01-23,3527.3849999999775
2015-01-26,-6590.190000000042
2015-01-27,8431.235000000059
2015-01-28,2887.575000000035
2015-01-29,-697.5825000000189
2015-01-30,-185.6300000000356
2015-02-02,6572.707499999997
2015-02-03,-15054.399999999998
2015-02-04,8828.662500000031
2015-02-05,-710.7250000000065
2015-02-06,-11691.732499999998
2015-02-09,1217.342499999953
2015-02-10,6918.429999999958
2015-02-11,-4984.994999999964
2015-02-12,7968.13999999996
2015-02-13,-1717.0424999999798
2015-02-16,163.13499999999783
2015-02-17,3541.959999999971
2015-02-18,12248.752500000051
2015-02-19,-14493.88000000003
2015-02-20,3663.714999999993
2015-02-23,508.4800000000152
2015-02-24,1968.7149999999933
2015-02-25,1751.314999999954
2015-02-26,-4731.135000000017
2015-02-27,736.3450000000528
2015-03-02,-59.26500000002784
2015-03-03,-1730.2949999999526
2015-03-04,438.93999999997965
2015-03-05,6043.142500000019
2015-03-06,-8424.76250000003
2015-03-09,-836.0974999999887
2015-03-10,-7433.00999999998
2015-03-11,-2305.024999999968
2015-03-12,11668.98500000001
2015-03-13,-262.02250000003664
2015-03-16,940.3049999999894
2015-03-17,1019.0300000000171
2015-03-18,21541.467499999962
2015-03-19,-8285.380000000017
2015-03-20,-7887.425000000026
2015-03-23,1970.5050000000133
2015-03-24,-3347.9300000000235
2015-03-25,-9454.990000000003
2015-03-26,370.6925000000182
2015-03-27,3968.152500000024
2015-03-30,-516.5124999999948
2015-03-31,8855.462499999978
2015-04-01,-6185.470000000008
2015-04-02,-8397.679999999984
2015-04-03,3771.022500000012
2015-04-06,-1999.300000000028
2015-04-07,3833.525000000011
2015-04-08,5336.790000000011
2015-04-09,1262.9299999999835
2015-04-10,-1970.839999999991
2015-04-13,-8063.745000000003
2015-04-14,1347.2549999999896
2015-04-15,290.75000000004457
2015-04-16,-4958.252500000018
2015-04-17,-8955.857499999966
2015-04-20,-2166.937499999996
2015-04-21,3933.075000000037
2015-04-22,-7690.555000000014
2015-04-23,-4455.849999999998
2015-04-24,15031.505000000037
2015-04-27,-3912.760000000031
2015-04-28,-3866.7275000000236
2015-04-29,-16698.509999999987
2015-04-30,-9541.149999999985
2015-05-01,-4792.037500000018
2015-05-04,2943.914999999991
2015-05-05,-6798.050000000044
2015-05-06,-15628.405000000008
2015-05-07,17065.110000000037
2015-05-08,2039.3999999999735
2015-05-11,-10888.600000000008
2015-05-12,-6016.755000000012
2015-05-13,-10349.210000000008
2015-05-14,-5196.154999999982
2015-05-15,8622.395000000064
2015-05-18,-9187.359999999928
2015-05-19,4296.839999999986
2015-05-20,4656.65000000002
2015-05-21,-1815.5400000000336
2015-05-22,-1057.8600000000226
2015-05-25,3773.3999999999414
2015-05-26,16290.88750000007
2015-05-27,12101.935000000007
2015-05-28,2392.8049999999866
2015-05-29,4114.160000000006
2015-06-01,-11846.530000000008
2015-06-02,-18841.250000000025
2015-06-03,-4004.919999999967
2015-06-04,8757.070000000022
2015-06-05,-11967.529999999952
2015-06-08,-5134.865000000091
2015-06-09,-8393.40999999996
2015-06-10,2213.899999999988
2015-06-11,13414.75000000002
2015-06-12,2451.650000000051
2015-06-15,487.1649999999763
2015-06-16,12828.535000000025
2015-06-17,-9651.349999999993
2015-06-18,-210.59000000002217
2015-06-19,2986.8099999999713
2015-06-22,-12610.764999999996
2015-06-23,-12089.940000000019
2015-06-24,2868.8999999999714
2015-06-25,-5452.58499999998
2015-06-26,-5242.124999999981
2015-06-29,625.1250000000038
2015-06-30,-1901.8924999999413
2015-07-01,-1561.6099999999628
2015-07-02,2306.1849999999395
2015-07-03,6160.695000000034
2015-07-06,5884.325000000007
2015-07-07,4762.470000000004
2015-07-08,4055.8999999999946
2015-07-09,-11312.64999999998
2015-07-10,-308.0800000000197
2015-07-13,4767.1449999999695
2015-07-14,13689.154999999973
2015-07-15,9616.667499999947
2015-07-16,9008.417499999989
2015-07-17,6700.202499999981
2015-07-20,5613.4524999999785
2015-07-21,-2143.612500000008
2015-07-22,2874.114999999962
2015-07-23,8234.835000000045
2015-07-24,862.3149999999762
2015-07-27,8507.935000000096
2015-07-28,-9172.875000000005
2015-07-29,5253.41500000002
2015-07-30,2428.8950000000186
2015-07-31,6144.019999999966
2015-08-03,6246.245000000011
2015-08-04,-3396.1299999999887
2015-08-05,-4038.737499999975
2015-08-06,-4030.1750000000175
2015-08-07,9300.790000000014
2015-08-10,-21311.290000000063
2015-08-11,10520.460000000036
2015-08-12,11108.059999999969
2015-08-13,1185.029999999961
2015-08-14,2083.5049999999624
2015-08-17,8680.859999999984
2015-08-18,-1579.314999999904
2015-08-19,4963.015000000003
2015-08-20,-21898.294999999962
2015-08-21,-4780.540000000022
2015-08-24,-4984.904999999999
2015-08-25,-8494.329999999994
2015-08-26,11225.784999999943
2015-08-27,6282.349999999966
2015-08-28,-11573.614999999972
2015-08-31,-10400.424999999954
2015-09-01,8140.269999999987
2015-09-02,8150.64000000001
2015-09-03,3510.96499999993
2015-09-04,3163.554999999967
2015-09-07,-1723.5499999999506
2015-09-08,-8799.345000000045
2015-09-09,-1387.6174999999846
2015-09-10,-4656.899999999911
2015-09-11,3714.099999999963
2015-09-14,-9421.645000000026
2015-09-15,-697.2224999999557
2015-09-16,5854.6550000000225
2015-09-17,17414.97999999999
2015-09-18,13092.84500000001
2015-09-21,-12099.415000000039
2015-09-22,6771.075000000015
2015-09-23,-4127.695000000072
2015-09-24,3570.49000000005
2015-09-25,-8596.182500000048
2015-09-28,-416.95749999997986
2015-09-29,9169.56499999998
2015-09-30,15361.129999999988
2015-10-01,14017.357500000018
2015-10-02,6686.297499999966
2015-10-05,1464.187499999964
2015-10-06,-11708.195000000002
2015-10-07,4269.632500000019
2015-10-08,3904.9825000000383
2015-10-09,5073.519999999987
2015-10-12,5071.0624999999945
2015-10-13,-11554.800000000003
2015-10-14,17779.562499999985
2015-10-15,4413.1400000000385
2015-10-16,-2788.2575000000284
2015-10-19,1034.9424999999796
2015-10-20,-15941.33249999996
2015-10-21,1786.9975000000115
2015-10-22,18070.53750000005
2015-10-23,7085.649999999972
2015-10-26,15871.982499999944
2015-10-27,6850.492499999979
2015-10-28,-9511.705000000007
2015-10-29,-4574.989999999914
2015-10-30,-5190.200000000076
2015-11-02,13152.032499999967
2015-11-03,-5700.404999999938
2015-11-04,-4987.175000000022
2015-11-05,5559.134999999962
2015-11-06,-13828.467499999984
2015-11-09,4330.3024999999925
2015-11-10,7626.1625000000295
2015-11-11,-612.8375000000237
2015-11-12,-1236.9350000000316
2015-11-13,10633.797500000004
2015-11-16,15940.112500000047
2015-11-17,33.522499999971814
2015-11-18,8364.824999999939
2015-11-19,4516.077499999976
2015-11-20,9397.290000000006
2015-11-23,-4666.475000000019
2015-11-24,5439.050000000015
2015-11-25,3481.1700000000033
2015-11-26,5991.699999999986
2015-11-27,9571.99999999998
2015-11-30,2881.330000000091
2015-12-01,15828.427499999934
2015-12-02,5368.73750000001
2015-12-03,-45358.72499999998
2015-12-04,17028.785000000003
2015-12-07,29703.76249999995
2015-12-08,-1821.7424999999641
2015-12-09,359.81750000002563
2015-12-10,-3135.2499999999995
2015-12-11,18100.49500000002
2015-12-14,-2847.235000000024
2015-12-15,-3019.6225000000204
2015-12-16,10502.135000000013
2015-12-17,-1557.470000000023
2015-12-18,-5671.474999999969
2015-12-21,-7047.6850000000295
2015-12-22,-1741.7474999999388
2015-12-23,-10787.21749999997
2015-12-24,2630.2300000000255
2015-12-28,-2495.8500000000263
2015-12-29,1635.820000000048
2015-12-30,5548.932499999966
2015-12-31,4315.5449999999655
2016-01-04,-3338.830000000004
2016-01-05,-2234.4449999999983
2016-01-06,3408.114999999998
2016-01-07,-12891.180000000035
2016-01-08,-8253.914999999959
2016-01-11,19079.404999999966
2016-01-12,3247.6175000000685
2016-01-13,-1406.137500000028
2016-01-14,12817.08999999992
2016-01-15,7495.390000000032
2016-01-18,2324.802499999995
2016-01-19,-4724.442499999999
2016-01-20,7010.15999999997
2016-01-21,-11874.785000000016
2016-01-22,-18864.80999999997
2016-01-25,14828.200000000039
2016-01-26,1490.769999999961
2016-01-27,-11154.542500000021
2016-01-28,8058.765000000014
2016-01-29,12103.602500000008
2016-02-01,13939.872500000034
2016-02-02,18638.295000000013
2016-02-03,-3523.8250000000335
2016-02-04,6865.305000000009
2016-02-05,-10009.055000000006
2016-02-08,22156.54500000002
2016-02-09,13905.909999999974
2016-02-10,10166.505000000014
2016-02-11,-6797.834999999983
2016-02-12,-18585.860000000037
2016-02-15,-1099.952500000001
2016-02-16,5682.859999999994
2016-02-17,-7725.509999999981
2016-02-18,20264.739999999972
2016-02-19,3487.9025000000424
2016-02-22,3360.744999999954
2016-02-23,12794.624999999984
2016-02-24,-2840.269999999985
2016-02-25,12937.022499999968
2016-02-26,-12610.504999999946
2016-02-29,4473.8124999999945
2016-03-01,5980.782499999998
2016-03-02,-863.362500000015
2016-03-03,422.9375000000264
2016-03-04,-16801.70000000001
2016-03-07,-12434.912500000011
2016-03-08,6137.102499999977
2016-03-09,-15082.087499999961
2016-03-10,-12503.100000000011
2016-03-11,3624.9899999999902
2016-03-14,-1369.9075000000137
2016-03-15,3024.8025000000216
2016-03-16,14936.677499999954
2016-03-17,2514.2675000000672
2016-03-18,3995.474999999994
2016-03-21,-6131.070000000025
2016-03-22,-13788.995000000004
2016-03-23,16395.729999999985
2016-03-24,-331.75000000001137
2016-03-28,-6149.444999999989
2016-03-29,13365.60000000002
2016-03-30,20554.90500000002
2016-03-31,15329.924999999972
2016-04-01,9143.105000000047
2016-04-04,208.05499999997159
2016-04-05,-7651.555000000011
2016-04-06,3394.6100000000233
2016-04-07,-9177.17499999997
2016-04-08,-8969.184999999992
2016-04-11,-783.3900000000191
2016-04-12,-972.2474999999736
2016-04-13,-13858.924999999952
2016-04-14,5721.4299999999475
2016-04-15,6971.420000000001
2016-04-18,-11779.355000000007
2016-04-19,-22191.94750000003
2016-04-20,-32769.51750000004
2016-04-21,-140.252500000012
2016-04-22,7058.4625000000315
2016-04-25,-5692.26750000001
2016-04-26,-10716.132499999998
2016-04-27,-1322.4750000000035
2016-04-28,-10344.672499999968
2016-04-29,-14895.812500000044
2016-05-02,10628.912500000017
2016-05-03,5688.282499999977
2016-05-04,954.1524999999644
2016-05-05,9963.064999999957
2016-05-06,6775.164999999962
2016-05-09,18244.482500000002
2016-05-10,3290.8524999999836
2016-05-11,-17126.202499999985
2016-05-12,-9039.64250000002
2016-05-13,-3958.2549999999737
2016-05-16,-2125.2850000000385
2016-05-17,-13722.22250000001
2016-05-18,-1322.2874999999653
2016-05-19,6909.477499999973
2016-05-20,3336.472500000016
2016-05-23,-3884.4924999999657
2016-05-24,6304.567499999965
2016-05-25,609.6474999999778
2016-05-26,4608.214999999996
2016-05-27,-2581.554999999934
2016-05-30,-1161.8600000000158
2016-05-31,9567.337499999965
2016-06-01,-6970.095000000021
2016-06-02,13473.759999999997
2016-06-03,-11629.39999999997
2016-06-06,-9235.945000000089
2016-06-07,-2824.252499999973
2016-06-08,-4160.630000000044
2016-06-09,1814.5375000000656
2016-06-10,8178.392500000033
2016-06-13,-8885.462500000009
2016-06-14,-4794.9849999999915
2016-06-15,12749.89999999989
2016-06-16,8378.547500000008
2016-06-17,-25973.539999999895
2016-06-20,7578.597499999939
2016-06-21,4576.642499999988
2016-06-22,18452.7675
2016-06-23,1396.5449999999423
2016-06-24,-16304.640000000054
2016-06-27,5812.305000000028
2016-06-28,-2109.925000000073
2016-06-29,3762.4600000000128
2016-06-30,18048.03000000001
2016-07-01,3595.019999999961
2016-07-04,-979.4350000000356
2016-07-05,8575.364999999989
2016-07-06,-1665.5299999999643
2016-07-07,9034.29500000001
2016-07-08,-105.27000000001345
2016-07-11,-221.5050000000704
2016-07-12,-5450.844999999933
2016-07-13,5673.350000000028
2016-07-14,-7419.375000000056
2016-07-15,-5475.7950000000665
2016-07-18,5558.610000000095
2016-07-19,2872.4849999998833
2016-07-20,-5762.2349999999915
2016-07-21,-506.6149999999909
2016-07-22,7201.789999999987
2016-07-25,2850.5500000000457
2016-07-26,6401.744999999982
2016-07-27,-4053.5900000000725
2016-07-28,1281.6099999999667
2016-07-29,6138.499999999953
2016-08-01,4848.420000000036
2016-08-02,-4089.4749999998803
2016-08-03,-4374.280000000043
2016-08-04,7757.045000000009
2016-08-05,270.34500000004397
2016-08-08,-1812.4050000000054
2016-08-09,6808.479999999999
2016-08-10,662.449999999988
2016-08-11,-7673.709999999982
2016-08-12,-882.4549999999882
2016-08-15,4148.650000000002
2016-08-16,-16681.47000000002
2016-08-17,6059.14499999997
2016-08-18,-4838.639999999905
2016-08-19,1359.9149999999822
2016-08-22,9284.684999999938
2016-08-23,1866.870000000004
2016-08-24,579.7000000000687
2016-08-25,-2500.7749999999924
2016-08-26,10215.012499999984
2016-08-29,15854.097500000007
2016-08-30,600.2100000000232
2016-08-31,3322.6049999999204
2016-09-01,3665.0750000000917
2016-09-02,-7306.33500000002
2016-09-05,-862.3699999999928
2016-09-06,15579.099999999988
2016-09-07,-7768.500000000055
2016-09-08,-17133.824999999943
2016-09-09,-37750.97000000004
2016-09-12,7919.765000000003
2016-09-13,-7926.599999999968
2016-09-14,-2013.9850000000204
2016-09-15,7272.209999999987
2016-09-16,-7346.80500000001
2016-09-19,-3816.5649999999614
2016-09-20,-6903.4699999999675
2016-09-21,4700.869999999952
2016-09-22,1010.1550000000183
2016-09-23,7991.552499999974
2016-09-26,-1214.1525000000156
2016-09-27,663.4175000000569
2016-09-28,-741.6875000000089
2016-09-29,-6398.850000000031
2016-09-30,-3939.0999999999535
2016-10-03,-6445.790000000004
2016-10-04,-10831.970000000005
2016-10-05,-8990.074999999983
2016-10-06,2112.019999999973
2016-10-07,1269.574999999993
2016-10-10,-4565.894999999961
2016-10-11,-10509.365000000007
2016-10-12,12948.735000000004
2016-10-13,-15010.68000000003
2016-10-14,1264.7850000000187
2016-10-17,4267.495000000005
2016-10-18,6926.247499999985
2016-10-19,4896.7999999999865
2016-10-20,-1109.4149999999936
2016-10-21,1889.4800000000093
2016-10-24,-270.6350000000169
2016-10-25,4483.739999999999
2016-10-26,-11693.097499999996
2016-10-27,-21288.0975
2016-10-28,6176.302500000004
2016-10-31,13675.452500000012
2016-11-01,6569.279999999943
2016-11-02,3777.3100000000195
2016-11-03,4533.589999999988
2016-11-04,9471.464999999982
2016-11-07,2705.7250000000413
2016-11-08,-4943.879999999991
2016-11-09,-22801.597500000044
2016-11-10,-7109.257499999892
2016-11-11,-1262.8175000000244
2016-11-14,-14411.134999999993
2016-11-15,-2407.4024999999897
2016-11-16,-4755.812499999967
2016-11-17,-19801.910000000087
2016-11-18,-15099.679999999955
2016-11-21,-8611.312500000004
2016-11-22,3252.5075000000015
2016-11-23,-12510.272499999966
2016-11-24,2.52749999994586
2016-11-25,9882.757500000007
2016-11-28,-1361.7575000000454
2016-11-29,21624.01500000002
2016-11-30,-40366.337499999965
2016-12-01,-504.68500000002246
2016-12-02,6163.532499999975
2016-12-05,-6391.49750000002
2016-12-06,-2821.9775000000122
2016-12-07,16101.262500000015
2016-12-08,-494.76499999999635
2016-12-09,-10032.052499999978
2016-12-12,-5113.687500000026
2016-12-13,2475.1900000000032
2016-12-14,-20582.9075
2016-12-15,214.50250000001333
2016-12-16,-7128.277500000036
2016-12-19,12370.435000000021
2016-12-20,5209.222499999996
2016-12-21,1396.5075000000006
2016-12-22,-525.004999999966
2016-12-23,-2446.0700000000274
2016-12-26,-1418.4300000000405
2016-12-27,-14170.499999999985
2016-12-28,4730.469999999997
2016-12-29,5612.065
2016-12-30,-2800.4100000000285
2017-01-02,-1879.4600000000514
2017-01-03,2049.927500000019
2017-01-04,-5864.304999999946
2017-01-05,1658.499999999978
2017-01-06,5304.800000000001
2017-01-09,9611.045000000056
2017-01-10,6308.474999999971
2017-01-11,2449.785000000021
2017-01-12,-12290.210000000017
2017-01-13,-1371.024999999992
2017-01-16,1029.107500000002
2017-01-17,-3867.8549999999977
2017-01-18,8554.97250000001
2017-01-19,-3747.1150000000334
2017-01-20,-6653.76499999999
2017-01-23,9697.747499999958
2017-01-24,439.324999999999
2017-01-25,-1859.6024999999574
2017-01-26,1446.0774999999546
2017-01-27,5631.915000000034
2017-01-30,6776.827500000005
2017-01-31,-4377.072499999999
2017-02-01,-18899.784999999985
2017-02-02,10229.567499999974
2017-02-03,18386.189999999988
2017-02-06,19622.127499999984
2017-02-07,6860.707499999985
2017-02-08,-9495.992499999998
2017-02-09,-7614.934999999997
2017-02-10,-6635.242499999993
2017-02-13,8147.482500000044
2017-02-14,-1910.2875000000902
2017-02-15,-2061.7299999999445
2017-02-16,17084.169999999987
2017-02-17,13289.35250000003
2017-02-20,182.2299999999498
2017-02-21,8786.737500000017
2017-02-22,10134.759999999982
2017-02-23,13265.36250000002
2017-02-24,8417.652499999976
2017-02-27,-2739.7899999999977
2017-02-28,-15272.767499999982
2017-03-01,-4836.582499999986
2017-03-02,-1753.4000000000021
2017-03-03,1333.2500000000011
2017-03-06,-9871.485000000013
2017-03-07,-7034.705000000015
2017-03-08,6809.0875000000315
2017-03-09,2825.0874999999933
2017-03-10,16305.657499999983
2017-03-13,-47.797499999983984
2017-03-14,-1188.6649999999845
2017-03-15,32543.212499999976
2017-03-16,-8854.367499999933
2017-03-17,5496.619999999945
2017-03-20,5759.549999999988
2017-03-21,183.17000000003702
2017-03-22,12067.584999999968
2017-03-23,569.8150000000123
2017-03-24,-304.01250000002517
2017-03-27,6956.870000000047
2017-03-28,-3986.8349999999923
2017-03-29,110.91250000000139
2017-03-30,-1415.200000000009
2017-03-31,-1161.0800000000281
2017-04-03,14367.024999999987
2017-04-04,-7429.977499999973
2017-04-05,474.13250000002944
2017-04-06,2288.614999999974
2017-04-07,-5458.539999999985
2017-04-10,-2955.7974999999765
2017-04-11,8491.917499999927
2017-04-12,3578.3725000000513
2017-04-13,-10331.417499999996
2017-04-17,20959.352499999983
2017-04-18,16007.47250000006
2017-04-19,3206.837499999965
2017-04-20,21389.432499999995
2017-04-21,5651.40000000003
2017-04-24,-1413.8674999999787
2017-04-25,-9026.582500000008
2017-04-26,14203.737500000014
2017-04-27,4658.035000000043
2017-04-28,3296.2550000000083
2017-05-01,-12599.349999999968
2017-05-02,14077.474999999971
2017-05-03,-3430.1924999999933
2017-05-04,17383.81500000002
2017-05-05,-13550.990000000056
2017-05-08,-2091.019999999993
2017-05-09,853.3750000000346
2017-05-10,-20026.374999999978
2017-05-11,-5770.805000000017
2017-05-12,1124.3399999999547
2017-05-15,-3785.8799999999933
2017-05-16,5141.925
2017-05-17,-3361.019999999973
2017-05-18,-3565.1700000000424
2017-05-19,-7902.285000000042
2017-05-22,-339.07999999995593
2017-05-23,1968.4674999999133
2017-05-24,8989.662499999986
2017-05-25,12287.015000000092
2017-05-26,-9299.975000000039
2017-05-29,4701.672500000047
2017-05-30,7923.729999999965
2017-05-31,3142.8574999999196
2017-06-01,13809.300000000061
2017-06-02,7063.917499999958
2017-06-05,-4341.762499999949
2017-06-06,-7940.875000000062
2017-06-07,451.4100000000899
2017-06-08,-3745.2125000000096
2017-06-09,-6692.454999999999
2017-06-12,2575.860000000008
2017-06-13,653.2550000000105
2017-06-14,21040.90499999994
2017-06-15,-17452.88750000001
2017-06-16,1675.7725000001133
2017-06-19,5267.014999999972
2017-06-20,10651.477499999983
2017-06-21,2137.0650000000414
2017-06-22,2546.5125000000216
2017-06-23,-3067.5249999999987
2017-06-26,5781.485000000023
2017-06-27,-27333.599999999984
2017-06-28,529.4150000000594
2017-06-29,-17969.097500000018
2017-06-30,-19274.04249999997
2017-07-03,-12360.694999999978
2017-07-04,1521.934999999991
2017-07-05,-2484.6800000000317
2017-07-06,-7146.389999999993
2017-07-07,2818.779999999987
2017-07-10,-13710.589999999931
2017-07-11,1341.3199999999456
2017-07-12,16628.520000000004
2017-07-13,15774.505000000028
2017-07-14,-7824.890000000029
2017-07-17,8921.260000000004
2017-07-18,8006.96249999998
2017-07-19,-3009.6975
2017-07-20,-6575.782499999999
2017-07-21,1988.9624999999473
2017-07-24,-2014.1825000000151
2017-07-25,-13488.902500000006
2017-07-26,5691.009999999985
2017-07-27,2854.9250000000147
2017-07-28,-5561.535000000039
2017-07-31,-6049.430000000007
2017-08-01,20772.16500000003
2017-08-02,3092.7600000000634
2017-08-03,8939.254999999936
2017-08-04,-3495.0049999999587
2017-08-07,1024.330000000026
2017-08-08,-5024.912499999996
2017-08-09,-11907.799999999968
2017-08-10,11546.280000000017
2017-08-11,2792.1424999999813
2017-08-14,4928.985000000033
2017-08-15,-1092.5775000000313
2017-08-16,9406.957500000035
2017-08-17,4126.484999999948
2017-08-18,-5806.494999999975
2017-08-21,3609.5749999999707
2017-08-22,239.3199999999572
2017-08-23,4041.6825000000276
2017-08-24,-7737.750000000001
2017-08-25,4463.832500000011
2017-08-28,4460.707500000052
2017-08-29,9314.509999999938
2017-08-30,6860.715000000045
2017-08-31,11053.089999999982
2017-09-01,-12782.592500000059
2017-09-04,-4669.274999999975
2017-09-05,17161.48000000005
2017-09-06,-14131.872499999992
2017-09-07,11709.38499999997
2017-09-08,10257.974999999973
2017-09-11,-13190.260000000022
2017-09-12,-7310.952500000001
2017-09-13,-7862.11749999999
2017-09-14,-2415.287500000007
2017-09-15,2149.1950000000074
2017-09-18,-5650.1524999999865
2017-09-19,364.48249999997415
2017-09-20,-11934.702500000041
2017-09-21,2075.642500000028
2017-09-22,1552.1675000000332
2017-09-25,11162.934999999998
2017-09-26,-5008.032499999992
2017-09-27,-18037.192500000005
2017-09-28,8635.529999999995
2017-09-29,-11059.220000000008
2017-10-02,8141.272500000058
2017-10-03,2979.405000000002
2017-10-04,6818.349999999941
2017-10-05,-1909.1299999999735
2017-10-06,-7273.280000000008
2017-10-09,3138.8950000000636
2017-10-10,952.0024999999873
2017-10-11,4006.159999999958
2017-10-12,-4489.342499999978
2017-10-13,7368.4275000000325
2017-10-16,-3024.1900000000005
2017-10-17,7640.764999999987
2017-10-18,-1238.8824999999968
2017-10-19,7235.917500000016
2017-10-20,-8260.982500000007
2017-10-23,-7477.132500000032
2017-10-24,-9494.787499999959
2017-10-25,-11371.515000000016
2017-10-26,-1607.4525000000476
2017-10-27,22670.90249999999
2017-10-30,2348.682500000009
2017-10-31,-10306.987499999996
2017-11-01,-384.79500000004293
2017-11-02,3493.885000000001
2017-11-03,-765.5175000000182
2017-11-06,-818.7099999999336
2017-11-07,-393.56999999997885
2017-11-08,514.350000000023
2017-11-09,-2382.4999999999395
2017-11-10,-11469.714999999978
2017-11-13,-793.0450000000387
2017-11-14,10229.529999999959
2017-11-15,328.4650000000471
2017-11-16,4789.762499999967
2017-11-17,-11914.995000000023
2017-11-20,-481.2349999999841
2017-11-21,2787.3799999999915
2017-11-22,2631.5824999999713
2017-11-23,1602.365000000065
2017-11-24,6555.812500000012
2017-11-27,-161.01749999998117
2017-11-28,7841.422499999945
2017-11-29,-18213.74499999998
2017-11-30,10111.567499999963
2017-12-01,224.63250000010908
2017-12-04,3472.7525000000387
2017-12-05,931.2875000000173
2017-12-06,12683.41500000008
2017-12-07,-1842.8275000000854
2017-12-08,4085.305000000018
2017-12-11,7380.342499999991
2017-12-12,7199.92500000003
2017-12-13,20358.109999999935
2017-12-14,-5800.712500000088
2017-12-15,322.8575000000319
2017-12-18,-4043.917499999894
2017-12-19,-9392.14000000002
2017-12-20,-11306.487499999961
2017-12-21,3677.1474999999177
2017-12-22,-4969.557500000038
2017-12-25,962.2599999999502
2017-12-26,-13624.149999999934
2017-12-27,635.0074999999706
2017-12-28,-635.462499999963
2017-12-29,-402.02749999993864
2018-01-01,5952.877499999962
2018-01-02,-10914.955000000044
2018-01-03,5813.3050000000085
2018-01-04,4687.960000000042
2018-01-05,4917.3500000000395
2018-01-08,6886.37499999999
2018-01-09,-9758.33500000003
2018-01-10,6710.895000000021
2018-01-11,14772.702500000021
2018-01-12,1377.5100000000768
2018-01-15,841.9049999999874
2018-01-16,-5912.38500000001
2018-01-17,-395.227500000031
2018-01-18,-17627.680000000008
2018-01-19,-5036.550000000014
2018-01-22,-847.694999999985
2018-01-23,21716.78250000008
2018-01-24,-39211.44250000012
2018-01-25,9780.560000000027
2018-01-26,-3337.0950000000353
2018-01-29,-11754.249999999976
2018-01-30,-25878.765000000025
2018-01-31,-10372.149999999914
2018-02-01,-5207.439999999981
2018-02-02,-1778.1700000000988
2018-02-05,34400.72000000001
2018-02-06,-36290.47499999997
2018-02-07,114.6649999999589
2018-02-08,-11239.552500000025
2018-02-09,3536.515000000002
2018-02-12,-16090.287499999999
2018-02-13,-1847.727499999966
2018-02-14,-18834.404999999948
2018-02-15,-2604.3500000000136
2018-02-16,11229.71000000003
2018-02-19,-996.0849999999384
2018-02-20,73.67249999991816
2018-02-21,-11387.87999999998
2018-02-22,1353.9524999999983
2018-02-23,11773.999999999965
2018-02-26,1689.5899999999715
2018-02-27,-15755.40000000004
2018-02-28,-1872.0200000000104
2018-03-01,-4207.560000000028
2018-03-02,-8023.744999999994
2018-03-05,-3948.014999999981
2018-03-06,2296.9449999999774
2018-03-07,1524.6325000000106
2018-03-08,-903.29999999999
2018-03-09,15736.92749999998
2018-03-12,-1646.5899999999817
2018-03-13,-306.7425000000012
2018-03-14,11531.007500000045
2018-03-15,855.0450000000296
2018-03-16,-3163.4675000000734
2018-03-19,16203.660000000056
2018-03-20,-11681.972499999996
2018-03-21,4552.104999999992
2018-03-22,14963.587500000063
2018-03-23,-815.5625000000002
2018-03-26,-5341.932499999947
2018-03-27,11255.947500000037
2018-03-28,-5120.3575
2018-03-29,-16975.525000000012
2018-04-02,4547.529999999959
2018-04-03,-5333.132499999938
2018-04-04,9969.894999999991
2018-04-05,-11236.029999999935
2018-04-06,-5081.2200000000685
2018-04-09,-7722.350000000038
2018-04-10,11837.767500000047
2018-04-11,6511.342500000013
2018-04-12,-503.2699999999573
2018-04-13,3646.7224999999826
2018-04-16,123.87249999992872
2018-04-17,-372.3449999999679
2018-04-18,-9318.547500000006
2018-04-19,-7422.097499999982
2018-04-20,-2969.092499999969
2018-04-23,6003.489999999992
2018-04-24,-10542.675000000054
2018-04-25,-5936.147499999996
2018-04-26,10343.020000000046
2018-04-27,11200.927500000033
2018-04-30,1968.1024999999397
2018-05-01,-12694.06499999999
2018-05-02,7212.575000000078
2018-05-03,2473.342499999955
2018-05-04,8092.147499999942
2018-05-07,2691.274999999997
2018-05-08,-7957.075000000003
2018-05-09,4874.420000000098
2018-05-10,814.6274999999322
2018-05-11,3508.7875000000104
2018-05-14,-657.4074999999532
2018-05-15,-17185.782500000067
2018-05-16,-3482.7749999999946
2018-05-17,-357.96499999993495
2018-05-18,2477.4199999999946
2018-05-21,9043.047499999964
2018-05-22,-11819.904999999928
2018-05-23,21617.829999999918
2018-05-24,-2529.78249999999
2018-05-25,-4034.787499999926
2018-05-28,3001.897499999927
2018-05-29,47984.0675
2018-05-30,-18859.809999999834
2018-05-31,-13689.067500000068
2018-06-01,-11744.484999999948
2018-06-04,115.33499999997616
2018-06-05,-8802.742500000028
2018-06-06,-6729.00499999998
2018-06-07,8681.109999999955
2018-06-08,-1128.1849999999579
2018-06-11,9554.204999999953
2018-06-12,-9668.854999999992
2018-06-13,7238.142499999987
2018-06-14,30367.794999999966
2018-06-15,2323.305000000054
2018-06-18,10201.80749999996
2018-06-19,4934.624999999985
2018-06-20,-9683.460000000041
2018-06-21,3486.432500000041
2018-06-22,4033.3899999999744
2018-06-25,15804.579999999996
2018-06-26,12974.399999999992
2018-06-27,6820.802499999971
2018-06-28,3873.852500000068
2018-06-29,-11780.245000000068
2018-07-02,3961.2000000001112
2018-07-03,140.04749999995232
2018-07-04,-2033.3099999999677
2018-07-05,796.0499999999639
2018-07-06,-8281.895000000055
2018-07-09,-3412.9724999999326
2018-07-10,2126.6425000000218
2018-07-11,8514.80499999992
2018-07-12,-2572.910000000016
2018-07-13,5143.287499999996
2018-07-16,-15996.209999999926
2018-07-17,-4006.087500000049
2018-07-18,-6280.157499999995
2018-07-19,7271.417499999972
2018-07-20,-19194.349999999977
2018-07-23,-3535.9249999999306
2018-07-24,1399.130000000018
2018-07-25,-12772.565000000075
2018-07-26,9669.607499999847
2018-07-27,-479.76499999989665
2018-07-30,-8666.300000000141
2018-07-31,-9715.57500000001
2018-08-01,478.4075000000196
2018-08-02,1069.8249999999687
2018-08-03,5323.98999999999
2018-08-06,-78.54999999992245
2018-08-07,-8056.849999999984
2018-08-08,-13737.55499999999
2018-08-09,22791.92749999999
2018-08-10,34928.1975000001
2018-08-13,197.6399999999445
2018-08-14,-6693.614999999915
2018-08-15,12470.504999999926
2018-08-16,2158.1175000000867
2018-08-17,-2480.270000000058
2018-08-20,7986.152500000078
2018-08-21,-1453.0400000000022
2018-08-22,9018.164999999992
2018-08-23,4127.8949999999395
2018-08-24,-4128.799999999976
2018-08-27,-8552.689999999982
2018-08-28,-7655.157500000061
2018-08-29,-3423.7875000000017
2018-08-30,13207.349999999984
2018-08-31,-10010.812500000038
2018-09-03,4392.655000000007
2018-09-04,-6526.852499999996
2018-09-05,-4077.3524999999386
2018-09-06,-348.6800000000047
2018-09-07,-22232.092499999977
2018-09-10,-4849.792500000086
2018-09-11,3378.6424999999895
2018-09-12,2682.4325000000413
2018-09-13,-4990.677499999952
2018-09-14,-6738.82500000011
2018-09-17,5034.310000000118
2018-09-18,-8657.540000000085
2018-09-19,-84.6600000000264
2018-09-20,-14008.664999999995
2018-09-21,-3922.7575000001416
2018-09-24,8024.912500000074
2018-09-25,-1527.5750000000253
2018-09-26,-1495.427499999954
2018-09-27,8968.839999999987
2018-09-28,8448.679999999997
2018-10-01,-1897.4475000000812
2018-10-02,-12588.339999999891
2018-10-03,-19625.625000000036
2018-10-04,-869.3099999999508
2018-10-05,-15652.377500000013
2018-10-08,-1098.7875000000272
2018-10-09,3459.872499999967
2018-10-10,-13035.29000000002
2018-10-11,-12961.414999999952
2018-10-12,-3545.264999999973
2018-10-15,-16440.02000000004
2018-10-16,14188.747500000081
2018-10-17,-13049.717500000044
2018-10-18,8777.089999999951
2018-10-19,-1119.4949999999146
2018-10-22,-4922.359999999996
2018-10-23,7405.094999999943
2018-10-24,3319.229999999921
2018-10-25,14558.327500000021
2018-10-26,-6172.792500000017
2018-10-29,437.0500000000863
2018-10-30,8249.754999999885
2018-10-31,-7621.48999999995
2018-11-01,-1224.01499999996
2018-11-02,-18190.924999999992
2018-11-05,-1046.3774999999855
2018-11-06,3442.449999999984
2018-11-07,-822.8425000001098
2018-11-08,-2695.1024999999213
2018-11-09,4261.974999999932
2018-11-12,3389.3550000000027
2018-11-13,-1035.2574999999729
2018-11-14,-6294.90249999997
2018-11-15,12681.572499999987
2018-11-16,3936.8250000000207
2018-11-19,-1542.522500000016
2018-11-20,-7045.677499999998
2018-11-21,1479.6750000000459
2018-11-22,-4057.8400000001066
2018-11-23,-4886.664999999947
2018-11-26,13130.292499999989
2018-11-27,3963.477500000048
2018-11-28,-6376.394999999984
2018-11-29,2508.9350000000422
2018-11-30,3662.7449999999876
2018-12-03,-3599.887499999976
2018-12-04,4277.379999999987
2018-12-05,-9562.364999999969
2018-12-06,10937.765000000003
2018-12-07,2884.3225000000234
2018-12-10,-2200.6999999999475
2018-12-11,-9558.597500000074
2018-12-12,-12555.035
2018-12-13,3982.4950000000576
2018-12-14,4678.894999999955
2018-12-17,2308.2950000000124
2018-12-18,11462.297500000008
2018-12-19,4133.8725000000395
2018-12-20,-9711.097500000036
2018-12-21,-1987.9974999999358
2018-12-24,-6727.867500000019
2018-12-25,1905.1274999999619
2018-12-26,11817.212499999992
2018-12-27,-12793.317499999965
2018-12-28,-5401.555000000002
2018-12-31,1172.4874999999759
2019-01-01,-319.32000000006343
2019-01-02,-198.674999999982
2019-01-03,-9422.83499999999
2019-01-04,5134.454999999972
2019-01-07,-1788.3849999999993
2019-01-08,-4374.184999999974
2019-01-09,-1800.3599999999976
2019-01-10,10019.085000000046
2019-01-11,3612.7099999999937
2019-01-14,7120.287499999989
2019-01-15,409.3649999999404
2019-01-16,1924.4424999999615
2019-01-17,-10146.190000000011
2019-01-18,-4567.314999999999
2019-01-21,535.6699999999998
2019-01-22,-4999.3199999999715
2019-01-23,-143.67749999995232
2019-01-24,10848.702500000054
2019-01-25,-7540.782499999987
2019-01-28,-1932.217499999983
2019-01-29,6070.917499999934
2019-01-30,2975.617499999998
2019-01-31,10374.082499999924
2019-02-01,-4657.622499999927
2019-02-04,-6516.722500000009
2019-02-05,4495.344999999958
2019-02-06,-2437.0800000000067
2019-02-07,8486.067500000136
2019-02-08,5142.412499999982
2019-02-11,-104.93250000006412
2019-02-12,-8848.21000000004
2019-02-13,1429.3600000000133
2019-02-14,10016.80999999993
2019-02-15,-122.4549999999854
2019-02-18,-2105.6649999999745
2019-02-19,18617.760000000068
2019-02-20,3040.647499999879
2019-02-21,-17494.05249999992
2019-02-22,9310.934999999925
2019-02-25,11103.450000000032
2019-02-26,10981.532499999985
2019-02-27,-638.7474999999117
2019-02-28,-2049.3725000000113
2019-03-01,-4729.855000000017
2019-03-04,-4585.722500000051
2019-03-05,685.2399999999666
2019-03-06,13973.632500000003
2019-03-07,18581.697500000035
2019-03-08,210.68500000005858
2019-03-11,1710.185000000019
2019-03-12,-14779.210000000106
2019-03-13,-3280.7049999999904
2019-03-14,-4254.695000000001
2019-03-15,46.615000000057755
2019-03-18,-3454.5975000000185
2019-03-19,-2415.6399999999985
2019-03-20,-1224.1700000000046
2019-03-21,-5998.255000000004
2019-03-22,9527.495000000146
2019-03-25,286.12249999988614
2019-03-26,4525.217499999972
2019-03-27,14321.210000000006
2019-03-28,5684.187499999923
2019-03-29,10450.407500000003
2019-04-01,-7825.229999999989
2019-04-02,-7653.484999999934
2019-04-03,-2328.1174999999985
2019-04-04,3008.2900000001155
2019-04-05,2796.1124999999047
2019-04-08,-4933.710000000013
2019-04-09,883.2975000001072
2019-04-10,2671.4025
2019-04-11,1614.897499999822
2019-04-12,-2377.9299999999316
2019-04-15,741.9824999999988
2019-04-16,14235.557500000086
2019-04-17,9478.604999999892
2019-04-18,12989.700000000037
2019-04-22,3601.5149999999426
2019-04-23,14301.150000000101
2019-04-24,4217.0449999999655
2019-04-25,-19734.09499999996
2019-04-26,-6299.340000000047
2019-04-29,2705.060000000017
2019-04-30,6503.497499999927
2019-05-01,-14398.25499999997
2019-05-02,-7273.617500000026
2019-05-03,7575.544999999962
2019-05-06,7051.3174999998955
2019-05-07,-2549.1874999999072
2019-05-08,251.62249999998085
2019-05-09,15141.442500000028
2019-05-10,2691.4049999999625
2019-05-13,-35385.15750000008
2019-05-14,-12126.059999999967
2019-05-15,3071.1724999999333
2019-05-16,-7992.4050000000425
2019-05-17,7101.2550000000965
2019-05-20,-18251.637500000037
2019-05-21,4667.912499999957
2019-05-22,-4679.435000000134
2019-05-23,-11457.757500000027
2019-05-24,-6335.174999999949
2019-05-27,6853.352499999942
2019-05-28,-8974.752499999955
2019-05-29,-7429.037499999944
2019-05-30,-11164.759999999997
2019-05-31,-2467.3575000000133
2019-06-03,8704.229999999983
2019-06-04,13044.96
2019-06-05,6605.360000000056
2019-06-06,-9661.710000000086
2019-06-07,4836.37000000005
2019-06-10,2918.059999999876
2019-06-11,-3029.1349999999393
2019-06-12,3048.7299999999236
2019-06-13,-6152.749999999861
2019-06-14,-3559.470000000031
2019-06-17,-1108.0749999999935
2019-06-18,8873.925000000085
2019-06-19,2643.9850000001106
2019-06-20,-19711.10499999995
2019-06-21,2672.4299999999644
2019-06-24,15328.114999999994
2019-06-25,-3001.6550000000693
2019-06-26,-1665.6950000000431
2019-06-27,9180.469999999994
2019-06-28,7577.789999999946
2019-07-01,9200.114999999965
2019-07-02,-10671.414999999912
2019-07-03,2379.9350000001214
2019-07-04,1079.4949999999487
2019-07-05,1663.1700000001006
2019-07-08,831.8600000000173
2019-07-09,-1493.5199999998538
2019-07-10,-1935.8225000000787
2019-07-11,-11269.922500000013
2019-07-12,-3463.8324999999745
2019-07-15,5032.762499999998
2019-07-16,-1273.3850000000082
2019-07-17,-3561.502499999966
2019-07-18,4651.674999999988
2019-07-19,-15149.46500000003
2019-07-22,3822.0874999999915
2019-07-23,-5774.742499999993
2019-07-24,-5660.460000000015
2019-07-25,-6237.580000000013
2019-07-26,3112.329999999903
2019-07-29,-323.46999999980426
2019-07-30,-1505.5049999999767
2019-07-31,-2360.9174999999923
2019-08-01,9424.18500000008
2019-08-02,-5326.78749999999
2019-08-05,-15556.41500000002
2019-08-06,27207.72500000012
2019-08-07,-6548.769999999975
2019-08-08,4665.684999999858
2019-08-09,1439.890000000044
2019-08-12,14067.98750000002
2019-08-13,19506.82750000009
2019-08-14,-16002.919999999987
2019-08-15,1438.99499999995
2019-08-16,4482.9200000000255
2019-08-19,9851.374999999998
2019-08-20,-5460.530000000067
2019-08-21,-1838.3650000000066
2019-08-22,-4730.885000000002
2019-08-23,-16997.004999999917
2019-08-26,6941.3250000000035
2019-08-27,5184.750000000034
2019-08-28,982.5600000000545
2019-08-29,13795.55999999987
2019-08-30,228.36500000008564
2019-09-02,-7885.275000000006
2019-09-03,-13841.59749999997
2019-09-04,-1639.1300000000351
2019-09-05,15902.169999999976
2019-09-06,10390.225000000011
2019-09-09,123.84499999998991
2019-09-10,-10135.224999999864
2019-09-11,-600.5799999999726
2019-09-12,-18466.39500000002
2019-09-13,-13946.599999999999
2019-09-16,46533.25500000003
2019-09-17,-13084.274999999989
2019-09-18,-2752.9825000000533
2019-09-19,7191.2975000000415
2019-09-20,2451.0249999999733
2019-09-23,-7972.399999999956
2019-09-24,-3526.915000000031
2019-09-25,1128.154999999967
2019-09-26,2279.7800000000066
2019-09-27,1206.6749999999174
2019-09-30,-10000.599999999973
2019-10-01,-12384.334999999941
2019-10-02,-7483.009999999889
2019-10-03,3914.5999999999744
2019-10-04,7895.770000000053
2019-10-07,5133.759999999939
2019-10-08,-16207.619999999994
2019-10-09,-2422.685000000047
2019-10-10,14077.035000000027
2019-10-11,-14096.690000000019
2019-10-14,-9360.205000000065
2019-10-15,3875.8700000000104
2019-10-16,1382.8149999999941
2019-10-17,-1074.94500000002
2019-10-18,-37.80999999998545
2019-10-21,4468.775000000103
2019-10-22,3664.399999999994
2019-10-23,-430.65000000004085
2019-10-24,2845.195000000044
2019-10-25,-1518.8999999999903
2019-10-28,-3145.8825000000306
2019-10-29,-1411.8700000000624
2019-10-30,-7601.357500000002
2019-10-31,6907.289999999933
2019-11-01,5061.210000000026
2019-11-04,-5503.405000000071
2019-11-05,-4300.429999999903
2019-11-06,4054.5949999999593
2019-11-07,3432.92749999998
2019-11-08,5103.544999999959
2019-11-11,7354.2700000000295
2019-11-12,-7905.809999999968
2019-11-13,10812.320000000096
2019-11-14,-1432.7150000000045
2019-11-15,11822.715000000051
2019-11-18,2200.7250000000004
2019-11-19,-6826.250000000135
2019-11-20,14553.660000000038
2019-11-21,3336.769999999976
2019-11-22,679.1600000000037
2019-11-25,11998.16500000006
2019-11-26,7027.020000000022
2019-11-27,1982.0850000000416
2019-11-28,2780.9499999999816
2019-11-29,-22072.349999999984
2019-12-02,-19284.509999999926
2019-12-03,3198.6699999998236
2019-12-04,11886.515000000165
2019-12-05,-2679.1550000000416
2019-12-06,3738.9850000000574
2019-12-09,-7892.880000000028
2019-12-10,-6662.245000000081
2019-12-11,5336.824999999861
2019-12-12,-10440.785000000005
2019-12-13,11953.190000000155
2019-12-16,-13103.75999999994
2019-12-17,-4435.235000000033
2019-12-18,-4148.612499999898
2019-12-19,126.7974999999532
2019-12-20,-3246.8974999999605
2019-12-23,-8049.037499999878
2019-12-24,-1030.8300000001886
2019-12-25,-389.9349999999091
2019-12-26,-627.4600000000141
2019-12-27,2249.7450000001513
2019-12-30,-3735.4675000000166
2019-12-31,9822.397499999954
2020-01-01,-594.3399999999904
2020-01-02,-978.8949999999942
2020-01-03,10067.729999999952
2020-01-06,-10891.290000000077
2020-01-07,-4433.729999999945
2020-01-08,-2321.9975000000686
2020-01-09,6586.6150000001
2020-01-10,-7683.720000000009
2020-01-13,7541.550000000026
2020-01-14,-5426.545000000008
2020-01-15,6996.985000000056
2020-01-16,9342.405000000075
2020-01-17,-14098.940000000128
2020-01-20,-3453.1924999999173
2020-01-21,8216.424999999972
2020-01-22,-38.63499999999806
2020-01-23,12593.427500000014
2020-01-24,4856.879999999784
2020-01-27,-3086.5299999999725
2020-01-28,3764.9149999999845
2020-01-29,582.5250000001029
2020-01-30,3964.9549999999454
2020-01-31,-9428.147499999957
2020-02-03,8281.532499999943
2020-02-04,6891.6400000000285
2020-02-05,-2606.097499999985
2020-02-06,-4379.8825000000825
2020-02-07,-7943.884999999976
2020-02-10,4771.905000000052
2020-02-11,-3900.309999999984
2020-02-12,-2576.120000000003
2020-02-13,3765.04000000002
2020-02-14,-542.5250000000407
2020-02-17,-5176.915000000162
2020-02-18,1500.3000000001698
2020-02-19,-544.9800000001017
2020-02-20,-4274.180000000049
2020-02-21,-4450.324999999992
2020-02-24,-11996.36000000002
2020-02-25,-21960.840000000073
2020-02-26,-9426.310000000074
2020-02-27,-9056.429999999835
2020-02-28,15344.324999999908
2020-03-02,-3183.1350000000352
2020-03-03,-17423.61499999996
2020-03-04,9470.439999999908
2020-03-05,-13887.474999999986
2020-03-06,-1183.7749999998755
2020-03-09,-18752.100000000042
2020-03-10,-817.0300000000582
2020-03-11,-16610.049999999977
2020-03-12,-38298.43249999996
2020-03-13,41610.512499999975
2020-03-16,-21666.864999999965
2020-03-17,-1504.670000000014
2020-03-18,-6647.079999999967
2020-03-19,-3591.0949999999875
2020-03-20,9283.29500000001
2020-03-23,5460.842499999983
2020-03-24,25163.83499999999
2020-03-25,13762.495000000004
2020-03-26,8990.074999999946
2020-03-27,14966.149999999974
2020-03-30,6337.182499999977
2020-03-31,10156.890000000001
2020-04-01,4573.757499999998
2020-04-02,-6875.849999999958
2020-04-03,-11791.627500000031
2020-04-06,10834.754999999977
2020-04-07,-12738.509999999998
2020-04-08,3249.834999999995
2020-04-09,21158.044999999984
2020-04-13,9469.640000000007
2020-04-14,10933.927499999994
2020-04-15,11245.990000000007
2020-04-16,-4635.107499999983
2020-04-17,2580.0699999999724
2020-04-20,1351.1275000000046
2020-04-21,26146.617499999993
2020-04-22,-12897.049999999983
2020-04-23,344.26999999999464
2020-04-24,5540.389999999961
2020-04-27,6754.495000000025
2020-04-28,2294.4649999999815
2020-04-29,-4211.29000000001
2020-04-30,-18666.910000000003
2020-05-01,-2625.455000000002
2020-05-04,-13255.48000000002
2020-05-05,-8975.705000000009
2020-05-06,4968.812499999961
2020-05-07,-4635.82000000001
2020-05-08,-3810.0124999999994
2020-05-11,2117.974999999999
2020-05-12,-3222.912500000011
2020-05-13,7665.344999999998
2020-05-14,-9414.61249999999
2020-05-15,-7274.015000000003
2020-05-18,-12245.550000000027
2020-05-19,368.53750000002
2020-05-20,-2145.285000000005
2020-05-21,7742.414999999997
2020-05-22,1254.8424999999788
2020-05-25,3281.4450000000197
2020-05-26,-1268.9125000000063
2020-05-27,11121.782500000018
2020-05-28,-15537.149999999989
2020-05-29,-822.7100000000007
2020-06-01,6799.229999999961
2020-06-02,-2005.0100000000007
2020-06-03,-696.8574999999878
2020-06-04,-12886.665000000008
2020-06-05,285.7499999999628
2020-06-08,9689.137500000044
2020-06-09,7930.417499999992
2020-06-10,-3031.5474999999774
2020-06-11,-9133.154999999995
2020-06-12,-946.5050000000434
2020-06-15,2483.067500000029
2020-06-16,8344.119999999975
2020-06-17,-2680.1949999999456
2020-06-18,36.38249999999755
2020-06-19,-8827.86750000001
2020-06-22,8977.07249999998
2020-06-23,-2950.562499999992
2020-06-24,-4833.1475000000055
2020-06-25,8988.419999999987
2020-06-26,-9590.189999999979
2020-06-29,-7257.620000000028
2020-06-30,377.35500000002736
2020-07-01,-1147.5449999999937
2020-07-02,1149.474999999979
2020-07-03,-2598.594999999998
2020-07-06,-3391.5600000000386
2020-07-07,-5482.674999999972
2020-07-08,-5077.720000000042
2020-07-09,-278.0349999999598
2020-07-10,7864.39500000002
2020-07-13,5386.020000000008
2020-07-14,7072.330000000061
2020-07-15,-9273.314999999997
2020-07-16,4304.535000000012
2020-07-17,-1209.7549999999396
2020-07-20,10298.520000000006
2020-07-21,1858.3999999999721
2020-07-22,-4852.755000000001
2020-07-23,-442.5399999999986
2020-07-24,-8349.430000000006
2020-07-27,-8223.835000000003
2020-07-28,1947.0700000000077
2020-07-29,-1043.49999999999
2020-07-30,10636.689999999993
2020-07-31,-10274.760000000028
2020-08-03,-4073.2849999999935
2020-08-04,-3541.925000000007
2020-08-05,-5230.895000000053
2020-08-06,8206.810000000038
2020-08-07,-2089.7250000000076
2020-08-10,-4289.399999999988
2020-08-11,-10727.539999999997
2020-08-12,2495.325000000003
2020-08-13,-11920.224999999997
2020-08-14,-4318.885000000035
2020-08-17,1739.7400000000614
2020-08-18,7120.549999999986
2020-08-19,-12212.724999999979
2020-08-20,10770.549999999974
2020-08-21,5766.900000000012
2020-08-24,3188.4850000000356
2020-08-25,-13602.250000000004
2020-08-26,10550.820000000016
2020-08-27,-18015.40999999999
2020-08-28,9837.639999999965
2020-08-31,394.3249999999807
2020-09-01,10389.440000000017
2020-09-02,12902.669999999971
2020-09-03,-30229.489999999998
2020-09-04,-16569.274999999976
2020-09-07,7537.055000000009
2020-09-08,-13639.020000000055
2020-09-09,5661.12999999995
2020-09-10,-2504.95499999999
2020-09-11,-4813.810000000025
2020-09-14,850.5000000000067
2020-09-15,598.8650000000075
2020-09-16,-4428.27499999996
2020-09-17,-26.26000000006411
2020-09-18,-14762.914999999977
2020-09-21,15008.919999999976
2020-09-22,7362.605000000026
2020-09-23,-17554.734999999997
2020-09-24,5180.074999999913
2020-09-25,8156.395000000025
2020-09-28,13141.934999999969
2020-09-29,-2264.235000000012
2020-09-30,-10342.180000000002
2020-10-01,5007.3149999999505
2020-10-02,7419.944999999965
2020-10-05,-5517.564999999945
2020-10-06,-17163.670000000096
2020-10-07,3537.0250000000046
2020-10-08,3628.5950000000116
2020-10-09,1346.5999999999651
2020-10-12,7979.219999999996
2020-10-13,-8121.429999999961
2020-10-14,-10713.924999999961
2020-10-15,-9862.23999999999
2020-10-16,2106.0449999999596
2020-10-19,3150.8900000000067
2020-10-20,5219.215000000054
2020-10-21,-4085.7650000000044
2020-10-22,7876.000000000009
2020-10-23,-2547.065000000045
2020-10-26,-13141.490000000002
2020-10-27,-9010.660000000105
2020-10-28,-15447.584999999957
2020-10-29,-9803.064999999966
2020-10-30,74.22500000001662
2020-11-02,3246.670000000015
2020-11-03,18431.475000000064
2020-11-04,765.5749999999595
2020-11-05,10707.179999999973
2020-11-06,4726.402499999996
2020-11-09,-3887.4800000000105
2020-11-10,-7855.167499999985
2020-11-11,2975.94999999999
2020-11-12,2882.484999999963
2020-11-13,8711.304999999998
2020-11-16,6997.432500000006
2020-11-17,-1940.40749999998
2020-11-18,-8081.527499999988
2020-11-19,5960.752499999968
2020-11-20,-505.3475000000217
2020-11-23,2717.0175000000136
2020-11-24,5345.5574999999435
2020-11-25,3617.6950000000015
2020-11-26,-2173.68250000004
2020-11-27,1026.142500000015
2020-11-30,3035.9275000000102
2020-12-01,-3438.610000000025
2020-12-02,-4566.167499999999
2020-12-03,-2580.584999999985
2020-12-04,11514.975000000062
2020-12-07,-710.6974999999934
2020-12-08,3575.092500000022
2020-12-09,-20842.892500000027
2020-12-10,-5919.839999999937
2020-12-11,1544.5874999999414
2020-12-14,-11404.897499999975
2020-12-15,7879.8524999999345
2020-12-16,-1232.1674999999982
2020-12-17,-6336.117500000001
2020-12-18,-11024.187500000085
2020-12-21,-15954.694999999963
2020-12-22,3564.9150000000895
2020-12-23,-9749.14499999994
2020-12-24,-1213.9099999999912
2020-12-28,-10484.289999999952
2020-12-29,-4152.665000000028
2020-12-30,-9472.522499999994
2020-12-31,1638.7875000000324
2021-01-04,-10699.412499999968
2021-01-05,-7800.53000000001
2021-01-06,4672.0700000000015
2021-01-07,-1682.834999999976
2021-01-08,13437.499999999956
2021-01-11,3451.3750000000528
2021-01-12,-8374.745000000123
2021-01-13,11681.074999999988
2021-01-14,-10618.709999999946
2021-01-15,7078.129999999973
2021-01-18,-2246.0400000001073
2021-01-19,-5797.049999999968
2021-01-20,-82.16000000012805
2021-01-21,-11960.30999999996
2021-01-22,447.53999999999235
2021-01-25,6126.045000000027
2021-01-26,-4635.20500000007
2021-01-27,-1691.875000000017
2021-01-28,-9508.934999999969
2021-01-29,-5615.67250000004
2021-02-01,-9705.157499999963
2021-02-02,7587.729999999972
2021-02-03,-6856.77500000017
2021-02-04,28383.74500000014
2021-02-05,-19278.920000000024
2021-02-08,1721.5250000000676
2021-02-09,-9862.990000000003
2021-02-10,-1315.5700000001339
2021-02-11,-5345.189999999961
2021-02-12,-3827.599999999975
2021-02-15,-6271.99500000003
2021-02-16,-1314.954999999919
2021-02-17,23003.662499999926
2021-02-18,-13102.32249999998
2021-02-19,-15166.014999999914
2021-02-22,-19520.07250000011
2021-02-23,4870.040000000106
2021-02-24,-5005.720000000047
2021-02-25,-18416.615000000093
2021-02-26,27203.207500000044
2021-03-01,5259.692500000002
2021-03-02,-2259.7400000001344
2021-03-03,4441.460000000166
2021-03-04,35927.93499999994
2021-03-05,22086.38999999986
2021-03-08,5903.345000000061
2021-03-09,-8807.014999999927
2021-03-10,-9862.979999999934
2021-03-11,-8721.014999999989
2021-03-12,-124.25500000010236
2021-03-15,6528.755000000064
2021-03-16,-4318.864999999901
2021-03-17,-16814.557499999893
2021-03-18,6192.697499999986
2021-03-19,-3925.182500000079
2021-03-22,7109.880000000061
2021-03-23,22386.98999999997
2021-03-24,4044.292499999875
2021-03-25,-2935.1499999999605
2021-03-26,-7365.49500000001
2021-03-29,-1228.1025000000031
2021-03-30,3063.41499999988
2021-03-31,12662.684999999974
2021-04-01,-8616.829999999942
2021-04-02,-4849.855000000027
2021-04-05,-1869.1200000000142
2021-04-06,-769.7100000000326
2021-04-07,5421.3199999999715
2021-04-08,1080.4549999999624
2021-04-09,5643.055000000059
2021-04-12,960.0250000000228
2021-04-13,-3763.559999999974
2021-04-14,-5415.519999999957
2021-04-15,-2315.394999999851
2021-04-16,-5265.895000000034
2021-04-19,-6870.840000000016
2021-04-20,10517.820000000112
2021-04-21,9936.814999999891
2021-04-22,-189.14999999991866
2021-04-23,2191.2424999999803
2021-04-26,-687.3500000000216
2021-04-27,-10314.522500000054
2021-04-28,-6295.184999999936
2021-04-29,1539.6724999998673
2021-04-30,27686.922499999964
2021-05-03,6597.907500000107
2021-05-04,24369.04750000022
2021-05-05,3283.827499999876
2021-05-06,-4968.492499999903
2021-05-07,-7020.620000000086
2021-05-10,-1709.369999999997
2021-05-11,-13682.250000000025
2021-05-12,-5321.464999999981
2021-05-13,-1555.0350000000628
2021-05-14,-8898.044999999967
2021-05-17,-13575.494999999866
2021-05-18,-15282.390000000058
2021-05-19,782.3149999999456
2021-05-20,-691.3099999999915
2021-05-21,2419.309999999981
2021-05-24,5393.460000000076
2021-05-25,-5451.740000000048
2021-05-26,3161.7500000000514
2021-05-27,306.0925000000014
2021-05-28,-1776.722499999947
2021-05-31,-3643.017500000039
2021-06-01,7079.51499999997
2021-06-02,215.622500000032
2021-06-03,10309.189999999995
2021-06-04,13255.49749999996
2021-06-07,-6613.879999999966
2021-06-08,12736.847500000033
2021-06-09,3236.8324999999445
2021-06-10,3219.382500000064
2021-06-11,-7170.277500000021
2021-06-14,-19739.34999999999
2021-06-15,8126.870000000037
2021-06-16,-10809.547500000013
2021-06-17,10876.824999999992
2021-06-18,11544.795000000015
2021-06-21,-9704.295000000084
2021-06-22,-3462.50499999991
2021-06-23,-16488.319999999974
2021-06-24,1327.9800000000278
2021-06-25,-3627.9574999999886
2021-06-28,2291.732500000123
2021-06-29,6884.85499999985
2021-06-30,11279.76250000011
2021-07-01,1843.2449999999635
2021-07-02,-3115.4000000000906
2021-07-05,3134.7750000000224
2021-07-06,-5143.07000000001
2021-07-07,1054.77499999986
2021-07-08,4022.2050000000213
2021-07-09,-12132.104999999923
2021-07-12,5300.629999999828
2021-07-13,6380.975000000036
2021-07-14,-8868.999999999918
2021-07-15,-6523.474999999976
2021-07-16,12448.299999999996
2021-07-19,-1625.7150000001172
2021-07-20,12050.340000000127
2021-07-21,-15322.514999999985
2021-07-22,-343.5550000000122
2021-07-23,6044.7450000000545
2021-07-26,-6349.829999999994
2021-07-27,7.729999999973359
2021-07-28,-16890.33500000007
2021-07-29,-10710.202499999927
2021-07-30,5238.857499999981
2021-08-02,-989.3999999999505
2021-08-03,-6412.682499999978
2021-08-04,-957.1225000000649
2021-08-05,-5172.175000000013
2021-08-06,10591.072499999991
2021-08-09,9165.079999999982
2021-08-10,-12874.369999999939
2021-08-11,14067.867499999902
2021-08-12,-5846.847500000008
2021-08-13,1842.5650000000444
2021-08-16,257.25250000004877
2021-08-17,11257.489999999854
2021-08-18,-4480.920000000086
2021-08-19,11.68500000003786
2021-08-20,7294.629999999963
2021-08-23,-8968.975
2021-08-24,1750.8800000001052
2021-08-25,5206.75999999985
2021-08-26,-12528.287499999893
2021-08-27,8395.542499999936
2021-08-30,11739.550000000023
2021-08-31,-10550.710000000001
2021-09-01,-1835.9550000000745
2021-09-02,8645.61250000007
2021-09-03,-10362.922500000117
2021-09-06,-720.5674999998987
2021-09-07,2091.8325000000405
2021-09-08,7815.949999999812
2021-09-09,-5682.782499999936
2021-09-10,-5413.085000000065
2021-09-13,5607.8499999999585
2021-09-14,-7974.529999999973
2021-09-15,-799.1874999999106
2021-09-16,16358.379999999963
2021-09-17,8140.474999999829
2021-09-20,-1424.3849999998974
2021-09-21,-3770.130000000061
2021-09-22,4934.832499999898
2021-09-23,-11367.062499999962
2021-09-24,-1810.9525000001213
2021-09-27,-30195.40000000001
2021-09-28,2533.680000000063
2021-09-29,25750.685000000027
2021-09-30,-13036.30500000002
2021-10-01,16535.257500000014
2021-10-04,-8144.522500000026
2021-10-05,5278.5899999999665
2021-10-06,2584.9050000000175
2021-10-07,2993.669999999942
2021-10-08,-1178.2499999998877
2021-10-11,6507.305000000068
2021-10-12,13802.670000000015
2021-10-13,14623.229999999969
2021-10-14,4572.37000000011
2021-10-15,-751.3675000000517
2021-10-18,-4878.5650000000105
2021-10-19,-4372.334999999991
2021-10-20,-5784.384999999988
2021-10-21,-4497.470000000156
2021-10-22,3814.46000000003
2021-10-25,-8851.360000000044
2021-10-26,6384.305
2021-10-27,-11972.665000000057
2021-10-28,-11449.749999999862
2021-10-29,10376.31500000006
2021-11-01,-3420.2224999998543
2021-11-02,12463.294999999953
2021-11-03,-23872.395000000015
2021-11-04,21187.405000000057
2021-11-05,25975.347499999996
2021-11-08,1920.8150000000294
2021-11-09,5950.575000000054
2021-11-10,-39399.807500000024
2021-11-11,-13006.775000000143
2021-11-12,-1267.7549999999915
2021-11-15,-7246.959999999952
2021-11-16,1510.692499999963
2021-11-17,-3119.4975000000404
2021-11-18,2798.239999999958
2021-11-19,-11738.009999999927
2021-11-22,-14479.387499999993
2021-11-23,6971.462499999997
2021-11-24,511.3900000000252
2021-11-25,5705.809999999924
2021-11-26,-30468.837499999918
2021-11-29,30067.13249999976
2021-11-30,-5502.730000000004
2021-12-01,4561.130000000092
2021-12-02,-15276.429999999995
2021-12-03,3913.260000000028
2021-12-06,5565.8499999999185
2021-12-07,1826.2700000000045
2021-12-08,-3482.4099999999416
2021-12-09,2500.0099999999507
2021-12-10,-969.4075000000362
2021-12-13,9267.665000000054
2021-12-14,-4222.457499999962
2021-12-15,9841.187499999965
2021-12-16,-4516.127499999914
2021-12-17,1903.8199999999297
2021-12-20,-2294.7324999998636
2021-12-21,-8085.7175000001225
2021-12-22,-9652.044999999993
2021-12-23,-12010.139999999963
2021-12-27,5281.797499999914
2021-12-28,10047.422499999964
2021-12-29,-8396.08499999997
2021-12-30,7872.209999999988
2021-12-31,-1502.007500000006
2022-01-03,14741.820000000029
2022-01-04,-10432.410000000045
2022-01-05,-8838.580000000034
2022-01-06,5539.350000000106
2022-01-07,-5802.500000000094
2022-01-10,6281.7950000000355
2022-01-11,2668.2550000000174
2022-01-12,13340.400000000047
2022-01-13,-4784.450000000085
2022-01-14,-8641.040000000012
2022-01-17,358.20000000007576
2022-01-18,-11169.430000000028
2022-01-19,-39686.68499999982
2022-01-20,-5912.942500000036
2022-01-21,719.4224999999117
2022-01-24,8750.835000000103
2022-01-25,-7402.967500000019
2022-01-26,6049.74000000001
2022-01-27,8870.485000000044
2022-01-28,5667.292500000101
2022-01-31,6415.739999999918
2022-02-01,-4920.415000000012
2022-02-02,3461.6224999999804
2022-02-03,-10419.674999999961
2022-02-04,-18528.277499999982
2022-02-07,-12202.572500000071
2022-02-08,-1516.839999999986
2022-02-09,-4965.989999999938
2022-02-10,-13180.665000000026
2022-02-11,-2646.1874999998868
2022-02-14,-7335.415000000095
2022-02-15,11162.10750000003
2022-02-16,-3841.4549999999977
2022-02-17,-11646.36000000007
2022-02-18,-4569.3900000000185
2022-02-21,-1091.1424999999902
2022-02-22,-17389.709999999937
2022-02-23,-10618.41249999994
2022-02-24,8467.270000000015
2022-02-25,-7395.037499999945
2022-02-28,14873.602499999924
2022-03-01,19247.945000000072
2022-03-02,29782.144999999866
2022-03-03,-6044.164999999863
2022-03-04,5492.484999999893
2022-03-07,20529.90499999996
2022-03-08,14864.915000000065
2022-03-09,-17310.614999999936
2022-03-10,-2818.0900000001147
2022-03-11,11206.470000000152
2022-03-14,14042.519999999959
2022-03-15,11324.899999999994
2022-03-16,-23337.059999999998
2022-03-17,4453.429999999975
2022-03-18,6369.215000000017
2022-03-21,5662.644999999941
2022-03-22,-7573.107499999969
2022-03-23,-6966.367500000049
2022-03-24,-12094.027499999835
2022-03-25,-1863.3949999999716
2022-03-28,3790.3300000000136
2022-03-29,-7630.050000000029
2022-03-30,-5341.300000000097
2022-03-31,-2311.012499999989
2022-04-01,-9939.474999999986
2022-04-04,11512.957499999999
2022-04-05,1389.9749999999704
2022-04-06,-4645.859999999923
2022-04-07,-2390.6324999999692
2022-04-08,-2177.1775000000334
2022-04-11,-14244.137500000046
2022-04-12,3311.28500000007
2022-04-13,-3694.830000000022
2022-04-14,-4136.214999999999
2022-04-18,401.9524999999891
2022-04-19,7684.047499999988
2022-04-20,5850.642499999965
2022-04-21,-2263.249999999953
2022-04-22,13124.122500000016
2022-04-25,20394.907499999896
2022-04-26,13455.820000000147
2022-04-27,4831.639999999951
2022-04-28,12924.850000000015
2022-04-29,-3833.9349999999813
2022-05-02,-5753.09000000008
2022-05-03,-3803.9349999999918
2022-05-04,-13162.255000000048
2022-05-05,4406.444999999978
2022-05-06,6459.190000000001
2022-05-09,4067.070000000091
2022-05-10,11729.05499999994
2022-05-11,-3626.36750000002
2022-05-12,23977.847500000087
2022-05-13,-7854.720000000051
2022-05-16,-6983.647499999962
2022-05-17,-14757.347500000113
2022-05-18,5206.225000000051
2022-05-19,-10106.030000000037
2022-05-20,4802.677500000009
2022-05-23,-14801.992499999926
2022-05-24,-1830.514999999982
2022-05-25,5840.887499999925
2022-05-26,4758.632500000003
2022-05-27,-168.41999999992086
2022-05-30,-1609.965000000043
2022-05-31,4270.279999999953
2022-06-01,-1989.7625000000005
2022-06-02,-10473.039999999972
2022-06-03,7374.747500000002
2022-06-06,1318.5224999999396
2022-06-07,4158.749999999996
2022-06-08,-1734.999999999956
2022-06-09,10003.657500000054
2022-06-10,-1340.625000000044
2022-06-13,2032.2400000000118
2022-06-14,3838.4124999998958
2022-06-15,-4469.66999999998
2022-06-16,-400.09999999991726
2022-06-17,8612.382500000022
2022-06-20,-3993.0225000000287
2022-06-21,-713.7399999999805
2022-06-22,3643.6074999999987
2022-06-23,-8473.529999999955
2022-06-24,5457.669999999957
2022-06-27,983.1174999999905
2022-06-28,5972.382500000005
2022-06-29,6861.6649999999945
2022-06-30,-6820.515000000074
2022-07-01,-4519.069999999903
2022-07-04,4831.445000000033
2022-07-05,-4200.904999999998
2022-07-06,-3819.1149999999934
2022-07-07,9349.99999999999
2022-07-08,1286.2249999999667
2022-07-11,7938.480000000033
2022-07-12,-18311.27499999996
2022-07-13,4347.719999999995
2022-07-14,9258.700000000033
2022-07-15,-2771.275000000052
2022-07-18,3633.969999999976
2022-07-19,-2020.7850000000137
2022-07-20,3239.190000000007
2022-07-21,-8862.279999999975
2022-07-22,-1521.274999999936
2022-07-25,3003.944999999892
2022-07-26,2173.4300000000426
2022-07-27,1495.3300000000518
2022-07-28,-4909.762500000011
2022-07-29,-3272.3299999999444
2022-08-01,-8151.814999999988
2022-08-02,9336.459999999981
2022-08-03,-13514.754999999983
2022-08-04,-6306.150000000065
2022-08-05,12932.204999999993
2022-08-08,-347.2499999999657
2022-08-09,7413.754999999995
2022-08-10,-47.232500000039636
2022-08-11,1314.307500000029
2022-08-12,-2396.6375000000053
2022-08-15,6865.887499999936
2022-08-16,-8415.297499999957
2022-08-17,5724.407500000065
2022-08-18,15419.994999999948
2022-08-19,-3060.1999999999684
2022-08-22,3166.400000000003
2022-08-23,2361.777500000064
2022-08-24,-4586.785000000089
2022-08-25,481.0275000000386
2022-08-26,5148.649999999987
2022-08-29,7195.434999999974
2022-08-30,-5967.23499999989
2022-08-31,-7095.345000000018
2022-09-01,3218.2399999999357
2022-09-02,-2352.4500000000053
2022-09-05,1434.2600000000166
2022-09-06,-2311.507499999959
2022-09-07,-12054.780000000059
2022-09-08,-1687.1575000000382
2022-09-09,-9962.184999999963
2022-09-12,-5504.380000000083
2022-09-13,9613.20500000014
2022-09-14,-2529.687500000039
2022-09-15,1265.0599999999656
2022-09-16,-2594.469999999968
2022-09-19,3456.137499999969
2022-09-20,-7332.377499999993
2022-09-21,-2268.5124999999744
2022-09-22,-678.7625000000204
2022-09-23,-13441.922500000072
2022-09-26,-10573.944999999958
2022-09-27,2588.392499999961
2022-09-28,7384.8275000000085
2022-09-29,1685.374999999994
2022-09-30,-5147.8375000000215
2022-10-03,12562.682499999963
2022-10-04,14028.317500000052
2022-10-05,-7431.649999999993
2022-10-06,-5046.03000000008
2022-10-07,6146.935000000053
2022-10-10,-15410.57500000002
2022-10-11,-4672.495000000023
2022-10-12,3521.049999999995
2022-10-13,3264.1400000000385
2022-10-14,-2720.820000000029
2022-10-17,1722.190000000011
2022-10-18,-5192.749999999928
2022-10-19,2841.21500000001
2022-10-20,-3819.0800000000345
2022-10-21,800.3875000000185
2022-10-24,-2560.8899999999735
2022-10-25,2652.2249999999567
2022-10-26,8657.467500000064
2022-10-27,16595.202499999996
2022-10-28,-4152.750000000096
2022-10-31,-11930.992499999955
2022-11-01,4740.467500000022
2022-11-02,2848.9399999999478
2022-11-03,895.7575000000325
2022-11-04,915.9300000000318
2022-11-07,-21980.01250000002
2022-11-08,7236.365000000098
2022-11-09,2301.952499999907
2022-11-10,4264.539999999977
2022-11-11,-1302.004999999985
2022-11-14,-14462.265000000007
2022-11-15,2999.394999999984
2022-11-16,-2158.10499999997
2022-11-17,-7897.539999999995
2022-11-18,-6177.570000000002
2022-11-21,-4041.5874999999714
2022-11-22,4516.74499999996
2022-11-23,-11304.35499999995
2022-11-24,4006.254999999959
2022-11-25,-1415.0375000000129
2022-11-28,1405.325000000011
2022-11-29,6008.575000000001
2022-11-30,16090.91500000001
2022-12-01,-15233.107499999967
2022-12-02,-6929.287500000073
2022-12-05,-9920.480000000074
2022-12-06,6504.682499999978
2022-12-07,9744.052500000029
2022-12-08,4915.139999999968
2022-12-09,-8416.899999999998
2022-12-12,9640.022500000012
2022-12-13,5299.654999999973
2022-12-14,2020.3024999999916
2022-12-15,19769.897500000054
2022-12-16,-14015.540000000025
2022-12-19,-13144.337500000012
2022-12-20,-22649.997499999947
2022-12-21,-12987.137500000079
2022-12-22,-2676.7274999999863
2022-12-23,-2427.607500000032
2022-12-26,-306.8950000000245
2022-12-27,-4406.024999999938
2022-12-28,662.3349999999772
2022-12-29,-5420.952500000047
2022-12-30,-9845.69249999999
2023-01-02,-4107.957499999985
2023-01-03,1081.5974999999894
2023-01-04,-3601.184999999972
2023-01-05,-973.4499999999525
2023-01-06,855.6474999999585
2023-01-09,4934.012499999982
2023-01-10,3874.252500000037
2023-01-11,7132.565000000016
2023-01-12,3907.6300000000333
2023-01-13,-3324.4550000000154
2023-01-16,608.7100000000165
2023-01-17,12569.419999999935
2023-01-18,-12424.270000000037
2023-01-19,5841.0475000000015
2023-01-20,-3747.7850000000394
2023-01-23,-2409.7875000000145
2023-01-24,-10153.122500000005
2023-01-25,-6131.092499999933
2023-01-26,1093.269999999964
2023-01-27,-7308.090000000025
2023-01-30,-9050.915000000019
2023-01-31,446.27000000008536
2023-02-01,5669.849999999878
2023-02-02,-13670.134999999913
2023-02-03,-7094.985000000024
2023-02-06,-5412.357500000022
2023-02-07,-872.7374999999948
2023-02-08,-1373.6325000000256
2023-02-09,-201.79749999996184
2023-02-10,2488.9699999999607
2023-02-13,7617.767500000041
2023-02-14,-5663.9800000000005
2023-02-15,1442.2299999999748
2023-02-16,3185.852499999977
2023-02-17,3407.2024999999894
2023-02-20,1785.6349999999784
2023-02-21,9279.555000000075
2023-02-22,-4172.879999999997
2023-02-23,-17488.250000000073
2023-02-24,-79.43999999997806
2023-02-27,-1111.2649999999749
2023-02-28,-6777.557500000099
2023-03-01,5309.652500000045
2023-03-02,-1866.9749999999376
2023-03-03,-6513.092500000038
2023-03-06,21189.21500000007
2023-03-07,-9280.685000000123
2023-03-08,-7254.767499999906
2023-03-09,-2674.3575000000387
2023-03-10,-3043.844999999937
2023-03-13,-25078.46500000001
2023-03-14,-501.4500000000927
2023-03-15,-23562.64749999994
2023-03-16,3401.4574999999086
2023-03-17,-8995.49000000007
2023-03-20,14088.940000000057
2023-03-21,17113.53999999991
2023-03-22,8596.037499999995
2023-03-23,-6494.03749999999
2023-03-24,-6379.020000000066
2023-03-27,19315.480000000065
2023-03-28,5283.122500000123
2023-03-29,-2087.620000000074
2023-03-30,2713.894999999927
2023-03-31,5854.175000000116
2023-04-03,7560.419999999963
2023-04-04,-15894.055000000004
2023-04-05,11004.205000000034
2023-04-06,544.3799999999926
2023-04-07,-769.6099999999396
2023-04-10,2939.4050000000298
2023-04-11,11088.42499999996
2023-04-12,10610.315000000002
2023-04-13,-11226.219999999952
2023-04-14,1684.5350000000747
2023-04-17,-7648.9199999999955
2023-04-18,-1338.2000000000594
2023-04-19,-10581.050000000057
2023-04-20,-4511.139999999968
2023-04-21,-2848.4650000000365
2023-04-24,3410.9050000000525
2023-04-25,-10556.154999999982
2023-04-26,-5878.225000000048
2023-04-27,-14461.399999999901
2023-04-28,10149.4449999999
2023-05-01,7818.475000000056
2023-05-02,-25213.68499999998
2023-05-03,-14032.760000000111
2023-05-04,2707.0300000001016
2023-05-05,31937.054999999957
2023-05-08,4192.035000000009
2023-05-09,-541.1599999999228
2023-05-10,199.68999999994162
2023-05-11,2005.7100000000457
2023-05-12,-6282.9750000000395
2023-05-15,-1902.3149999999862
2023-05-16,-10330.45
2023-05-17,2968.734999999914
2023-05-18,-9854.719999999945
2023-05-19,-22.50999999998945
2023-05-22,13365.334999999954
2023-05-23,3111.509999999894
2023-05-24,13911.130000000121
2023-05-25,3384.084999999951
2023-05-26,4009.095000000069
2023-05-29,2939.5450000000224
2023-05-30,-7583.83500000002
2023-05-31,8183.75500000017
2023-06-01,-6096.150000000168
2023-06-02,10158.13500000007
2023-06-05,-8930.909999999996
2023-06-06,4714.365000000057
2023-06-07,16449.719999999823
2023-06-08,-5263.36499999995
2023-06-09,6487.434999999951
2023-06-12,-14891.010000000007
2023-06-13,8608.639999999983
2023-06-14,6863.730000000009
2023-06-15,10305.564999999979
2023-06-16,10201.525000000043
2023-06-19,-3962.1649999999527
2023-06-20,14592.929999999977
2023-06-21,25484.720000000052
2023-06-22,-23391.33000000006
2023-06-23,-13186.849999999953
2023-06-26,5092.495000000034
2023-06-27,-8965.090000000144
2023-06-28,2255.349999999956
2023-06-29,-7650.822499999919
2023-06-30,2679.324999999993
2023-07-03,-2018.4024999998067
2023-07-04,4560.077499999997
2023-07-05,-1686.0900000000372
2023-07-06,-1976.9299999998498
2023-07-07,-8847.209999999943
2023-07-10,-719.0300000000852
2023-07-11,3207.3250000001417
2023-07-12,-9852.640000000023
2023-07-13,-5441.250000000129
2023-07-14,-15411.859999999917
2023-07-17,-3869.2000000000594
2023-07-18,-8204.729999999969
2023-07-19,-6476.945000000023
2023-07-20,20280.760000000082
2023-07-21,16392.619999999926
2023-07-24,-3840.34000000004
2023-07-25,1028.4199999999992
2023-07-26,6075.859999999911
2023-07-27,4021.969999999946
2023-07-28,3271.4000000000706
2023-07-31,11742.744999999959
2023-08-01,-3.5849999999213082
2023-08-02,-1709.3499999999904
2023-08-03,-1578.9100000000267
2023-08-04,3383.7150000000156
2023-08-07,1830.3949999999677
2023-08-08,6923.184999999982
2023-08-09,10154.365000000114
2023-08-10,-7908.989999999995
2023-08-11,8308.044999999902
2023-08-14,-11800.525000000074
2023-08-15,29.795000000096962
2023-08-16,-8616.86000000004
2023-08-17,3541.9799999999163
2023-08-18,4238.775000000023
2023-08-21,-8907.744999999892
2023-08-22,1471.949999999937
2023-08-23,-14633.600000000031
2023-08-24,1843.880000000056
2023-08-25,6658.569999999867
2023-08-28,-5863.924999999823
2023-08-29,969.8449999999976
2023-08-30,5728.479999999938
2023-08-31,7329.699999999995
2023-09-01,-3054.2800000000134
2023-09-04,6421.300000000047
2023-09-05,2252.0824999999454
2023-09-06,-320.7549999999538
2023-09-07,-3960.509999999888
2023-09-08,6052.94499999992
2023-09-11,5791.860000000125
2023-09-12,11630.074999999926
2023-09-13,8945.39999999993
2023-09-14,-4539.254999999953
2023-09-15,-9493.815000000057
2023-09-18,2126.285000000148
2023-09-19,2066.2875000000577
2023-09-20,-19436.382499999985
2023-09-21,5491.98499999996
2023-09-22,-2434.455000000092
2023-09-25,-12402.637500000066
2023-09-26,11410.745000000183
2023-09-27,17764.774999999972
2023-09-28,-1253.6225000000059
2023-09-29,23626.312499999873
2023-10-02,-13559.10249999994
2023-10-03,-19018.77250000013
2023-10-04,-15958.859999999995
2023-10-05,-12626.354999999938
2023-10-06,-4314.054999999957
2023-10-09,25265.500000000022
2023-10-10,6200.465000000065
2023-10-11,-3035.1800000001267
2023-10-12,-29190.330000000075
2023-10-13,12782.854999999996
2023-10-16,6504.140000000056
2023-10-17,-9101.160000000024
2023-10-18,-22173.544999999976
2023-10-19,-54.00999999983902
2023-10-20,14516.72999999993
2023-10-23,19706.367499999975
2023-10-24,-10781.045000000136
2023-10-25,-15053.609999999982
2023-10-26,2578.5199999999863
2023-10-27,-10544.719999999998
2023-10-30,-734.6099999999257
2023-10-31,639.5525000000848
2023-11-01,20257.767499999893
2023-11-02,5735.410000000089
2023-11-03,4434.409999999954
2023-11-06,-436.2949999998654
2023-11-07,-10973.040000000023
2023-11-08,-4036.640000000077
2023-11-09,-6982.9199999999
2023-11-10,4947.88999999996
2023-11-13,-10414.679999999933
2023-11-14,23080.2825
2023-11-15,-174.9349999999872
2023-11-16,-12933.62999999994
2023-11-17,16131.350000000026
2023-11-20,7226.749999999921
2023-11-21,2852.0099999999734
2023-11-22,-70.03999999998297
2023-11-23,-1348.9349999999397
2023-11-24,13511.349999999937
2023-11-27,12113.044999999953
2023-11-28,3187.1200000001145
2023-11-29,-866.120000000021
2023-11-30,-7465.959999999957
2023-12-01,10131.25000000003
2023-12-04,-2585.040000000018
2023-12-05,-6619.425000000079
2023-12-06,-7421.284999999924
2023-12-07,-16412.915000000045
2023-12-08,-3472.740000000029
2023-12-11,1816.0750000000817
2023-12-12,-14760.27500000016
2023-12-13,30184.80500000003
2023-12-14,10285.47500000006
2023-12-15,-12148.124999999996
2023-12-18,1714.3599999999453
2023-12-19,14244.525000000056
2023-12-20,-2856.480000000001
2023-12-21,4280.224999999976
2023-12-22,3017.5800000001054
2023-12-25,-90.82249999998439
2023-12-26,-1436.5749999999425
2023-12-27,5294.937499999915
2023-12-28,-769.1374999998886
2023-12-29,-555.7750000000467
2024-01-01,3704.8624999999683
2024-01-02,-7080.6700000000965
2024-01-03,13999.020000000095
2024-01-04,-2672.5949999999393
2024-01-05,1124.7899999998608
2024-01-08,80.78250000004113
2024-01-09,-887.3324999999417
2024-01-10,3097.0699999999606
2024-01-11,6031.12500000003
2024-01-12,4763.2325000001165
2024-01-15,-14132.71750000011
2024-01-16,-13894.345000000025
2024-01-17,11293.23750000003
2024-01-18,-9078.087499999954
2024-01-19,-7174.605000000074
2024-01-22,-4823.014999999893
2024-01-23,-10985.88499999996
2024-01-24,-10476.902500000066
2024-01-25,3561.4249999999083
2024-01-26,6560.377499999972
2024-01-29,5560.6350000000375
2024-01-30,-9694.159999999945
2024-01-31,-2557.662500000086
2024-02-01,5694.012499999909
2024-02-02,-23303.96249999994
2024-02-05,-9871.757499999985
2024-02-06,15960.977499999948
2024-02-07,3383.5300000000443
2024-02-08,1974.474999999967
2024-02-09,6246.267500000022
2024-02-12,3275.1450000000705
2024-02-13,-2746.639999999896
2024-02-14,-5769.160000000167
2024-02-15,2129.9950000000595
2024-02-16,-857.6699999998979
2024-02-19,1659.5899999999083
2024-02-20,-2502.602499999997
2024-02-21,1435.342500000013
2024-02-22,-2026.449999999999
2024-02-23,3691.5700000001184
2024-02-26,1592.9899999998795
2024-02-27,-4679.615000000028
2024-02-28,-14587.209999999928
2024-02-29,-4852.0250000000315
2024-03-01,-142.72999999978975
2024-03-04,-20460.980000000174
2024-03-05,8738.669999999973
2024-03-06,8183.515000000047
2024-03-07,7329.895000000133
2024-03-08,-20076.06000000008
2024-03-11,1927.9949999999744
2024-03-12,-2587.904999999934
2024-03-13,9843.794999999915
2024-03-14,-7794.089999999936
2024-03-15,-2584.262500000009
2024-03-18,7031.130000000043
2024-03-19,-3790.027500000033
2024-03-20,-3883.035000000045
2024-03-21,-2243.0375000000604
2024-03-22,-420.5349999999472
2024-03-25,-3556.3250000000075
2024-03-26,-2147.572499999939
2024-03-27,4949.449999999977
2024-03-28,-8210.497500000089
2024-04-01,-23343.832499999884
2024-04-02,7721.069999999984
2024-04-03,-8084.099999999996
2024-04-04,9917.594999999994
2024-04-05,-31300.26499999999
2024-04-08,-849.5099999999018
2024-04-09,1337.534999999923
2024-04-10,-5834.15000000002
2024-04-11,-8996.305000000033
2024-04-12,-5610.869999999945
2024-04-15,-1974.4600000000464
2024-04-16,4582.8950000000705
2024-04-17,986.2499999999363
2024-04-18,-2408.4249999999556
2024-04-19,-15918.780000000017
2024-04-22,3465.720000000015
2024-04-23,3811.364999999975
2024-04-24,2331.0574999999294
2024-04-25,2496.322500000019
2024-04-26,19706.410000000003
2024-04-29,-4671.260000000016
2024-04-30,-8004.739999999851
2024-05-01,-1588.400000000147
2024-05-02,-11859.36250000005
2024-05-03,-3007.1324999999906
2024-05-06,-754.4100000000192
2024-05-07,-4123.110000000051
2024-05-08,1838.6000000000495
2024-05-09,-5450.530000000032
2024-05-10,-12922.94000000002
2024-05-13,6326.940000000039
2024-05-14,9914.754999999997
2024-05-15,2791.5100000000048
2024-05-16,959.6000000000963
2024-05-17,-660.0050000001273
2024-05-20,-11258.229999999938
2024-05-21,-1568.1250000000923
2024-05-22,3940.6600000001363
2024-05-23,2797.750000000046
2024-05-24,11278.57499999994
2024-05-27,-3044.9549999999567
2024-05-28,-9550.145000000044
2024-05-29,48.899999999828765
2024-05-30,6418.89999999996
2024-05-31,7845.9300000000385
2024-06-03,-7388.155000000086
2024-06-04,148.45000000005547
2024-06-05,-7650.159999999992
2024-06-06,-8412.564999999955
2024-06-07,6127.189999999947
2024-06-10,402.63999999990784
2024-06-11,-2378.5599999999813
2024-06-12,10158.150000000069
2024-06-13,1499.3100000000497
2024-06-14,-11443.470000000152
2024-06-17,7551.485000000052
2024-06-18,4646.105000000051
2024-06-19,-1402.525000000106
2024-06-20,-7876.194999999986
2024-06-21,13831.295000000044
2024-06-24,5747.33999999998
2024-06-25,5904.210000000165
2024-06-26,13882.139999999954
2024-06-27,-9600.089999999976
2024-06-28,6770.7275000000245
2024-07-01,-5438.054999999992
2024-07-02,-2450.0124999999357
2024-07-03,7720.1849999999195
2024-07-04,4741.484999999946
2024-07-05,-10910.18500000007
2024-07-08,4408.0150000000085
2024-07-09,-5229.529999999991
2024-07-10,-7.079999999906498
2024-07-11,-9364.575000000137
2024-07-12,5459.410000000175
2024-07-15,591.1399999999811
2024-07-16,-1662.0399999999586
2024-07-17,19842.224999999904
2024-07-18,1925.6900000001585
2024-07-19,-965.6000000000761
2024-07-22,-12254.679999999984
2024-07-23,4336.57500000009
2024-07-24,8826.06499999997
2024-07-25,22715.895000000037
2024-07-26,1801.9449999998444
2024-07-29,-11468.784999999925
2024-07-30,-7162.9350000000295
2024-07-31,1147.219999999959
2024-08-01,8169.490000000171
2024-08-02,4648.03999999998
2024-08-05,9373.1349999999
2024-08-06,-3811.835000000058
2024-08-07,4234.695000000002
2024-08-08,3318.7600000001
2024-08-09,8977.204999999985
2024-08-12,351.4000000001165
2024-08-13,19394.269999999815
2024-08-14,-1777.9700000000105
2024-08-15,4310.1300000000465
2024-08-16,-2260.4700000000266
2024-08-19,-1178.2999999999538
2024-08-20,-4536.974999999905
2024-08-21,688.0650000000801
2024-08-22,24869.199999999935
2024-08-23,15245.449999999995
2024-08-26,7183.594999999895
2024-08-27,-464.25999999985356
2024-08-28,-2565.8300000000277
2024-08-29,-9611.355000000101
2024-08-30,-8976.94999999992
2024-09-02,1002.4500000000277
2024-09-03,-18264.984999999975
2024-09-04,-3366.2600000001094
2024-09-05,-8198.014999999952
2024-09-06,-13166.115000000122
2024-09-09,2857.5950000000985
2024-09-10,-11220.06
2024-09-11,2973.4400000000387
2024-09-12,2866.794999999871
2024-09-13,-15376.89999999998
2024-09-16,17707.379999999972
2024-09-17,4820.697500000025
2024-09-18,-861.3049999998871
2024-09-19,15778.017499999974
2024-09-20,-10578.492499999917
2024-09-23,-14484.302500000089
2024-09-24,20956.87000000013
2024-09-25,-25037.880000000125
2024-09-26,2338.7100000000078
2024-09-27,-12577.919999999907
2024-09-30,-128.77999999991044
2024-10-01,-2890.2150000001106
2024-10-02,-3952.5799999999945
2024-10-03,-4946.515000000113
2024-10-04,-12331.049999999845
2024-10-07,-1351.375000000015
2024-10-08,2439.374999999959
2024-10-09,-7237.387499999995
2024-10-10,-1442.5199999999659
2024-10-11,-2394.2875000000704
2024-10-14,13021.185000000012
2024-10-15,9766.617499999977
2024-10-16,-6452.969999999975
2024-10-17,-14291.277500000144
2024-10-18,2524.4825000001015
2024-10-21,-31517.605000000047
2024-10-22,-11217.99249999988
2024-10-23,-15223.627500000008
2024-10-24,4705.549999999976
2024-10-25,-5416.617500000002
2024-10-28,-6045.735000000044
2024-10-29,-15355.12000000008
2024-10-30,-3857.594999999983
2024-10-31,11640.87000000003
2024-11-01,-12309.640000000032
2024-11-04,20392.484999999906
2024-11-05,12101.565000000091
2024-11-06,-26101.172500000004
2024-11-07,16021.874999999944
2024-11-08,-3077.904999999913
2024-11-11,-7371.184999999968
2024-11-12,-13416.349999999964
2024-11-13,10237.772499999874
2024-11-14,15498.050000000054
2024-11-15,-7387.825000000022
2024-11-18,-4755.860000000009
2024-11-19,4813.415000000071
2024-11-20,-16699.97750000003
2024-11-21,-3962.620000000025
2024-11-22,-2301.897500000025
2024-11-25,25008.17999999996
2024-11-26,-4537.84249999997
2024-11-27,19181.86000000006
2024-11-28,38.70000000002608
2024-11-29,5072.959999999954
2024-12-02,-16813.392500000016
2024-12-03,-7600.994999999991
2024-12-04,-922.1050000000798
2024-12-05,4078.2750000000087
2024-12-06,-2453.345000000018
2024-12-09,-1608.570000000038
2024-12-10,-6248.027500000031
2024-12-11,-19373.4325
2024-12-12,1826.2350000000513
2024-12-13,-9234.32250000004
2024-12-16,-4153.815000000007
2024-12-17,8214.777499999944
2024-12-18,-2839.2875000000263
2024-12-19,11068.737499999923
2024-12-20,-8639.495000000008
2024-12-23,-9110.335000000025
2024-12-24,-551.3874999999773
2024-12-25,-2540.457499999941
2024-12-26,-15611.240000000167
2024-12-27,1712.9550000000888
2024-12-30,33185.94249999993
2024-12-31,-23292.474999999995
2025-01-01,-4002.919999999931
2025-01-02,-3865.67499999997
2025-01-03,6694.314999999926
2025-01-06,1101.3549999999848
2025-01-07,-8631.979999999961
2025-01-08,-4003.3200000000274
2025-01-09,-13921.94500000007
2025-01-10,-22350.459999999977
2025-01-13,407.8299999999608
2025-01-14,-4221.104999999994
2025-01-15,13861.042499999869
2025-01-16,14611.717500000019
2025-01-17,-10345.005000000105
2025-01-20,15763.435000000016
2025-01-21,-21120.265000000007
2025-01-22,5962.014999999995
2025-01-23,-3685.354999999945
2025-01-24,14818.809999999898
2025-01-27,10032.640000000029
2025-01-28,-6007.449999999954
2025-01-29,-23970.125
2025-01-30,-16618.055
2025-01-31,11200.294999999975
2025-02-03,-12775.249999999964
2025-02-04,-12295.66000000004
2025-02-05,11438.54000000002
2025-02-06,-16287.500000000053
2025-02-07,-8991.630000000043
2025-02-10,-4540.7249999999785
2025-02-11,4117.654999999944
2025-02-12,-20314.87499999993
2025-02-13,8239.512500000006
2025-02-14,11183.29000000001
2025-02-17,-3258.467499999928
2025-02-18,-14718.682499999994
2025-02-19,18626.077499999912
2025-02-20,2871.2900000000022
2025-02-21,14371.34250000007
2025-02-24,9028.632499999976
2025-02-25,15875.935000000012
2025-02-26,-1406.8200000000872
2025-02-27,22810.11750000006
2025-02-28,10240.060000000012
2025-03-03,7390.882500000059
2025-03-04,858.7449999999704
2025-03-05,-22137.83000000007
2025-03-06,-7488.379999999966
2025-03-07,2985.9450000000297
2025-03-10,11323.462499999992
2025-03-11,-9714.410000000005
2025-03-12,3734.9850000000097
2025-03-13,-14845.724999999946
2025-03-14,953.8199999999714
2025-03-17,-1816.1600000000562
2025-03-18,-3856.1399999999794
2025-03-19,8650.769999999964
2025-03-20,6622.759999999974
2025-03-21,750.7050000000717
2025-03-24,-1604.7100000000632
2025-03-25,8170.385000000018
2025-03-26,1905.2425000000565
2025-03-27,-3218.027500000065
2025-03-28,3160.42750000005
2025-03-31,6415.84499999998
2025-04-01,4756.900000000007
2025-04-02,15245.2875
2025-04-03,9752.634999999966
2025-04-04,-4310.089999999986
2025-04-07,-32020.549999999992
2025-04-08,-21513.27249999998
2025-04-09,-5011.839999999965
2025-04-10,-41459.02999999997
2025-04-11,-20551.9775000001
2025-04-14,15125.507499999947
2025-04-15,8663.002500000039
2025-04-16,4664.819999999993
2025-04-17,3904.6149999999757
2025-04-21,-4768.919999999968
2025-04-22,8730.814999999951
2025-04-23,-6276.78999999995
2025-04-24,3889.6774999999493
2025-04-25,10863.257500000012
2025-04-28,2244.304999999977
2025-04-29,5497.587500000041
2025-04-30,-886.6300000000681
2025-05-01,428.8174999999958
2025-05-02,-12237.032499999978
2025-05-05,-4945.535000000016
2025-05-06,-3013.5600000000527
2025-05-07,2985.5450000000683
2025-05-08,12941.164999999977
2025-05-09,3766.7149999999892
2025-05-12,8323.525000000032
2025-05-13,-2425.670000000041
2025-05-14,535.2350000000336
2025-05-15,-10960.565
2025-05-16,3153.354999999993
2025-05-19,4176.874999999964
2025-05-20,-11531.459999999972
2025-05-21,-4679.83000000005
2025-05-22,11478.939999999995
2025-05-23,-7634.415000000029
2025-05-26,1576.8200000000222
2025-05-27,9403.174999999961
2025-05-28,28.474999999998744
2025-05-29,-12056.999999999935
2025-05-30,-5895.215000000018
2025-06-02,-12630.174999999961
2025-06-03,8599.864999999947
2025-06-04,253.26000000002574
2025-06-05,1991.8800000000756
2025-06-06,-7410.655000000038
2025-06-09,6941.674999999979
2025-06-10,-1415.0600000000218
2025-06-11,11986.200000000046
2025-06-12,2104.444999999952
2025-06-13,11334.334999999988
2025-06-16,-4354.35499999997
2025-06-17,-1112.0849999999762
2025-06-18,-4338.324999999987
2025-06-19,3814.1150000000357
2025-06-20,3294.0950000000325
2025-06-23,-17996.809999999994
2025-06-24,-8572.505000000043
2025-06-25,-7187.360000000019
2025-06-26,-3080.069999999999
2025-06-27,-1025.0100000000539
2025-06-30,-3834.985000000023
2025-07-01,-1229.1549999999509
2025-07-02,-1972.8050000000462
2025-07-03,-1043.6749999999868
2025-07-04,4369.29999999994
2025-07-07,9548.880000000003
2025-07-08,-1743.8899999999614
2025-07-09,2219.4050000000025
2025-07-10,-18744.33499999999
2025-07-11,-1641.4700000000298
2025-07-14,-10650.149999999949
2025-07-15,4656.410000000014
2025-07-16,-4698.530000000041
2025-07-17,11425.700000000046
2025-07-18,-10431.93500000006
2025-07-21,2442.1100000000106
2025-07-22,-10368.124999999922
2025-07-23,8219.529999999984
2025-07-24,-1590.6450000000468
2025-07-25,6783.435000000007
2025-07-28,17216.85999999999
2025-07-29,8734.185000000032
2025-07-30,40394.764999999985
2025-07-31,-69.56999999998942
2025-08-01,-10311.302499999987
2025-08-04,4897.727499999979
2025-08-05,-113.75000000000497
2025-08-06,-5373.825000000016
2025-08-07,-7275.3999999999
2025-08-08,-493.30000000006584
2025-08-11,4111.225
2025-08-12,1044.9299999999928
2025-08-13,-4073.287500000008
2025-08-14,-3330.400000000041
2025-08-15,-13154.35499999992
2025-08-18,2576.339999999994
2025-08-19,10774.475000000031
2025-08-20,-177.55499999999864
2025-08-21,-7107.885000000034
2025-08-22,6678.5349999999435
2025-08-25,5836.549999999995
2025-08-26,-2456.5150000000167
2025-08-27,8103.190000000005
2025-08-28,-2430.454999999953
2025-08-29,-10917.830000000036
2025-09-01,3615.2899999999922
2025-09-02,15105.425000000068
2025-09-03,-17.120000000092034
2025-09-04,7224.234999999979
2025-09-05,7257.67999999998
2025-09-08,-1538.80499999995
2025-09-09,9921.344999999974
2025-09-10,9922.099999999984
2025-09-11,-12390.850000000082
2025-09-12,-9528.129999999988
2025-09-15,2180.235000000037
2025-09-16,-1936.5375000000333
2025-09-17,-1288.27
2025-09-18,-3857.959999999993
2025-09-19,-8254.069999999982
2025-09-22,10105.249999999916
2025-09-23,7773.450000000137
2025-09-24,-13109.110000000042
2025-09-25,-6514.030000000079
2025-09-26,7659.35000000002
2025-09-29,-8763.115000000089
2025-09-30,4323.465000000112
