date,net_pnl
2010-06-07,0.0
2010-06-08,0.0
2010-06-09,0.0
2010-06-10,0.0
2010-06-11,0.0
2010-06-14,0.0
2010-06-15,0.0
2010-06-16,0.0
2010-06-17,0.0
2010-06-18,0.0
2010-06-21,0.0
2010-06-22,0.0
2010-06-23,0.0
2010-06-24,0.0
2010-06-25,0.0
2010-06-28,0.0
2010-06-29,0.0
2010-06-30,0.0
2010-07-01,0.0
2010-07-02,0.0
2010-07-05,0.0
2010-07-06,0.0
2010-07-07,0.0
2010-07-08,0.0
2010-07-09,0.0
2010-07-12,0.0
2010-07-13,0.0
2010-07-14,0.0
2010-07-15,0.0
2010-07-16,0.0
2010-07-19,0.0
2010-07-20,0.0
2010-07-21,0.0
2010-07-22,0.0
2010-07-23,0.0
2010-07-26,0.0
2010-07-27,0.0
2010-07-28,0.0
2010-07-29,0.0
2010-07-30,0.0
2010-08-02,0.0
2010-08-03,0.0
2010-08-04,0.0
2010-08-05,0.0
2010-08-06,0.0
2010-08-09,0.0
2010-08-10,0.0
2010-08-11,0.0
2010-08-12,0.0
2010-08-13,0.0
2010-08-16,0.0
2010-08-17,0.0
2010-08-18,0.0
2010-08-19,0.0
2010-08-20,0.0
2010-08-23,0.0
2010-08-24,0.0
2010-08-25,0.0
2010-08-26,0.0
2010-08-27,0.0
2010-08-30,0.0
2010-08-31,0.0
2010-09-01,0.0
2010-09-02,0.0
2010-09-03,0.0
2010-09-06,0.0
2010-09-07,0.0
2010-09-08,0.0
2010-09-09,0.0
2010-09-10,0.0
2010-09-13,0.0
2010-09-14,0.0
2010-09-15,0.0
2010-09-16,0.0
2010-09-17,0.0
2010-09-20,0.0
2010-09-21,0.0
2010-09-22,0.0
2010-09-23,0.0
2010-09-24,0.0
2010-09-27,0.0
2010-09-28,0.0
2010-09-29,0.0
2010-09-30,0.0
2010-10-01,0.0
2010-10-04,0.0
2010-10-05,0.0
2010-10-06,0.0
2010-10-07,0.0
2010-10-08,0.0
2010-10-11,0.0
2010-10-12,0.0
2010-10-13,0.0
2010-10-14,0.0
2010-10-15,0.0
2010-10-18,0.0
2010-10-19,0.0
2010-10-20,0.0
2010-10-21,0.0
2010-10-22,0.0
2010-10-25,0.0
2010-10-26,0.0
2010-10-27,0.0
2010-10-28,0.0
2010-10-29,0.0
2010-11-01,0.0
2010-11-02,0.0
2010-11-03,0.0
2010-11-04,0.0
2010-11-05,0.0
2010-11-08,0.0
2010-11-09,0.0
2010-11-10,0.0
2010-11-11,0.0
2010-11-12,0.0
2010-11-15,0.0
2010-11-16,0.0
2010-11-17,0.0
2010-11-18,0.0
2010-11-19,0.0
2010-11-22,0.0
2010-11-23,0.0
2010-11-24,0.0
2010-11-25,0.0
2010-11-26,0.0
2010-11-29,0.0
2010-11-30,0.0
2010-12-01,0.0
2010-12-02,0.0
2010-12-03,0.0
2010-12-06,0.0
2010-12-07,0.0
2010-12-08,0.0
2010-12-09,0.0
2010-12-10,0.0
2010-12-13,0.0
2010-12-14,0.0
2010-12-15,0.0
2010-12-16,0.0
2010-12-17,0.0
2010-12-20,0.0
2010-12-21,0.0
2010-12-22,0.0
2010-12-23,0.0
2010-12-27,0.0
2010-12-28,0.0
2010-12-29,0.0
2010-12-30,0.0
2010-12-31,0.0
2011-01-03,0.0
2011-01-04,0.0
2011-01-05,0.0
2011-01-06,0.0
2011-01-07,0.0
2011-01-10,0.0
2011-01-11,0.0
2011-01-12,0.0
2011-01-13,0.0
2011-01-14,0.0
2011-01-17,0.0
2011-01-18,0.0
2011-01-19,0.0
2011-01-20,0.0
2011-01-21,0.0
2011-01-24,0.0
2011-01-25,0.0
2011-01-26,0.0
2011-01-27,0.0
2011-01-28,0.0
2011-01-31,0.0
2011-02-01,0.0
2011-02-02,0.0
2011-02-03,0.0
2011-02-04,0.0
2011-02-07,0.0
2011-02-08,0.0
2011-02-09,0.0
2011-02-10,0.0
2011-02-11,0.0
2011-02-14,0.0
2011-02-15,0.0
2011-02-16,0.0
2011-02-17,0.0
2011-02-18,0.0
2011-02-21,0.0
2011-02-22,0.0
2011-02-23,0.0
2011-02-24,0.0
2011-02-25,0.0
2011-02-28,0.0
2011-03-01,0.0
2011-03-02,0.0
2011-03-03,0.0
2011-03-04,0.0
2011-03-07,0.0
2011-03-08,0.0
2011-03-09,0.0
2011-03-10,0.0
2011-03-11,0.0
2011-03-14,0.0
2011-03-15,0.0
2011-03-16,0.0
2011-03-17,0.0
2011-03-18,0.0
2011-03-21,0.0
2011-03-22,0.0
2011-03-23,0.0
2011-03-24,0.0
2011-03-25,0.0
2011-03-28,0.0
2011-03-29,0.0
2011-03-30,0.0
2011-03-31,-81.685
2011-04-01,8017.699999999999
2011-04-04,27.000000000003638
2011-04-05,919.4000000000226
2011-04-06,-6463.099999999983
2011-04-07,-1101.1000000000731
2011-04-08,6236.825000000023
2011-04-11,-10899.80999999997
2011-04-12,13627.099999999988
2011-04-13,12827.950000000048
2011-04-14,16772.344999999914
2011-04-15,5758.100000000006
2011-04-18,-6085.9949999999535
2011-04-19,-2170.9000000000233
2011-04-20,-5185.660000000056
2011-04-21,12449.104999999981
2011-04-25,-10236.400000000001
2011-04-26,-5075.549999999971
2011-04-27,32895.10000000002
2011-04-28,929.0950000000056
2011-04-29,15147.319999999998
2011-05-02,-28498.29499999996
2011-05-03,-16921.33
2011-05-04,-3544.8999999999687
2011-05-05,-58750.35499999999
2011-05-06,9393.345000000007
2011-05-09,4632.899999999963
2011-05-10,1529.844999999982
2011-05-11,-6412.849999999935
2011-05-12,-11234.254999999997
2011-05-13,-1634.7649999999774
2011-05-16,-22504.955000000027
2011-05-17,-12896.704999999904
2011-05-18,3559.8699999998744
2011-05-19,-14709.254999999945
2011-05-20,4954.8750000000355
2011-05-23,3871.109999999995
2011-05-24,9904.490000000003
2011-05-25,7407.0449999999155
2011-05-26,-5582.5099999999275
2011-05-27,-7578.115000000021
2011-05-30,6165.9150000000245
2011-05-31,5134.635000000074
2011-06-01,-10034.009999999984
2011-06-02,14724.344999999937
2011-06-03,-5421.499999999951
2011-06-06,-1034.505000000098
2011-06-07,-10703.49999999991
2011-06-08,6851.289999999915
2011-06-09,10834.990000000056
2011-06-10,-22768.900000000016
2011-06-13,5268.199999999961
2011-06-14,-892.1999999999152
2011-06-15,-14195.165000000068
2011-06-16,20764.54500000007
2011-06-17,-1370.6099999999994
2011-06-20,10774.189999999948
2011-06-21,-10785.654999999979
2011-06-22,35664.56999999999
2011-06-23,5759.459999999964
2011-06-24,13238.090000000018
2011-06-27,-2713.2200000000203
2011-06-28,-19947.299999999923
2011-06-29,-1378.3050000000583
2011-06-30,47444.89499999997
2011-07-01,-2171.389999999973
2011-07-04,-10372.500000000027
2011-07-05,-6021.065000000109
2011-07-06,6569.745000000033
2011-07-07,-10875.254999999966
2011-07-08,-25196.354999999894
2011-07-11,-20289.24000000013
2011-07-12,8912.655000000073
2011-07-13,-11432.549999999987
2011-07-14,-11804.360000000093
2011-07-15,-18308.749999999945
2011-07-18,-379.15500000003874
2011-07-19,356.9000000000346
2011-07-20,-757.9200000000857
2011-07-21,10160.180000000124
2011-07-22,-5991.800000000015
2011-07-25,-746.6450000000177
2011-07-26,-6950.1649999999545
2011-07-27,2505.6449999998904
2011-07-28,-9856.910000000045
2011-07-29,16954.255000000143
2011-08-01,-8950.130000000083
2011-08-02,-31599.499999999905
2011-08-03,11835.03499999989
2011-08-04,6066.145000000023
2011-08-05,6076.799999999976
2011-08-08,-4078.7550000000183
2011-08-09,-42356.2649999999
2011-08-10,-5166.550000000052
2011-08-11,4226.064999999878
2011-08-12,10689.920000000027
2011-08-15,-4815.464999999939
2011-08-16,12421.199999999964
2011-08-17,-12728.304999999971
2011-08-18,-13123.325000000059
2011-08-19,313.2450000000122
2011-08-22,-13647.695
2011-08-23,8722.899999999969
2011-08-24,-8571.31999999993
2011-08-25,775.944999999945
2011-08-26,-19633.654999999944
2011-08-29,-6232.5800000000545
2011-08-30,2129.8900000000826
2011-08-31,8155.45
2011-09-01,25517.749999999975
2011-09-02,-35599.21000000006
2011-09-05,7221.195000000065
2011-09-06,19883.594999999867
2011-09-07,8305.785000000084
2011-09-08,-7556.264999999904
2011-09-09,4165.7399999999525
2011-09-12,17065.24999999999
2011-09-13,5848.440000000028
2011-09-14,16860.95000000004
2011-09-15,20122.74999999987
2011-09-16,-9144.695000000003
2011-09-19,12696.890000000032
2011-09-20,19140.99999999994
2011-09-21,17338.790000000045
2011-09-22,47266.579999999994
2011-09-23,60340.26499999995
2011-09-26,17818.83000000006
2011-09-27,-1395.7099999999516
2011-09-28,30817.094999999983
2011-09-29,5009.499999999927
2011-09-30,19617.32000000003
2011-10-03,-2432.8299999999354
2011-10-04,7329.999999999951
2011-10-05,-4394.055000000022
2011-10-06,-2450.449999999956
2011-10-07,-5842.4499999999925
2011-10-10,-19630.25499999996
2011-10-11,-17372.50000000011
2011-10-12,-13010.684999999929
2011-10-13,5294.674999999997
2011-10-14,6791.899999999962
2011-10-17,7665.300000000005
2011-10-18,-3283.0999999999435
2011-10-19,11348.144999999944
2011-10-20,5906.139999999998
2011-10-21,-10525.099999999937
2011-10-24,-11524.100000000017
2011-10-25,-9763.510000000028
2011-10-26,-18579.999999999964
2011-10-27,-18734.59999999998
2011-10-28,-3783.704999999994
2011-10-31,10060.10499999996
2011-11-01,12069.199999999992
2011-11-02,-4783.65499999993
2011-11-03,2298.644999999936
2011-11-04,3832.045
2011-11-07,-11699.154999999948
2011-11-08,2840.5999999999813
2011-11-09,-209.51000000003387
2011-11-10,2871.4000000000037
2011-11-11,-18499.510000000006
2011-11-14,-8709.79999999997
2011-11-15,702.7999999999688
2011-11-16,8973.130000000012
2011-11-17,20370.62999999991
2011-11-18,-12560.744999999935
2011-11-21,30228.244999999963
2011-11-22,-2036.454999999996
2011-11-23,15149.329999999994
2011-11-24,-2316.5550000000044
2011-11-25,13688.590000000038
2011-11-28,-28439.95000000003
2011-11-29,9502.634999999984
2011-11-30,-2242.6550000000298
2011-12-01,8134.6549999999725
2011-12-02,-1956.900000000007
2011-12-05,-19712.55499999993
2011-12-06,-891.6550000000019
2011-12-07,-5539.055000000005
2011-12-08,-6981.654999999975
2011-12-09,-186.5999999999608
2011-12-12,-5976.455000000046
2011-12-13,7604.244999999949
2011-12-14,-7363.899999999932
2011-12-15,-11101.86500000003
2011-12-16,-14389.999999999985
2011-12-19,17068.989999999998
2011-12-20,-184.66500000003805
2011-12-21,-2981.395000000021
2011-12-22,14674.925000000028
2011-12-23,2117.9399999999728
2011-12-26,1937.7400000000102
2011-12-27,-41.00999999996543
2011-12-28,-4540.364999999995
2011-12-29,-7832.305000000031
2011-12-30,-6165.919999999981
2012-01-02,6433.980000000009
2012-01-03,-3506.8149999999787
2012-01-04,-12113.259999999924
2012-01-05,7904.534999999912
2012-01-06,-4284.109999999994
2012-01-09,-6005.054999999998
2012-01-10,1796.3249999999466
2012-01-11,15587.380000000026
2012-01-12,2172.879999999952
2012-01-13,23943.060000000056
2012-01-16,2686.0899999999974
2012-01-17,4940.114999999984
2012-01-18,6505.929999999951
2012-01-19,11467.88999999995
2012-01-20,-19470.439999999995
2012-01-23,-4422.314999999964
2012-01-24,4352.634999999952
2012-01-25,-13834.544999999966
2012-01-26,4765.924999999958
2012-01-27,-6252.8600000000015
2012-01-30,-4669.529999999987
2012-01-31,26161.82500000004
2012-02-01,4990.115000000007
2012-02-02,-15119.774999999963
2012-02-03,9072.644999999911
2012-02-06,-8418.899999999905
2012-02-07,-1411.8200000000772
2012-02-08,10641.035000000016
2012-02-09,2593.6450000000527
2012-02-10,-8597.920000000082
2012-02-13,13072.70000000002
2012-02-14,4381.200000000057
2012-02-15,6481.1699999999755
2012-02-16,-5619.655000000057
2012-02-17,4826.395000000035
2012-02-20,-2088.0599999999226
2012-02-21,8559.07999999992
2012-02-22,-5502.2199999999775
2012-02-23,-3722.540000000004
2012-02-24,5072.149999999987
2012-02-27,-7882.810000000063
2012-02-28,-3590.5199999999672
2012-02-29,8525.820000000065
2012-03-01,4852.604999999884
2012-03-02,-863.4000000000065
2012-03-05,-16553.109999999997
2012-03-06,-14001.27499999994
2012-03-07,-4821.355000000085
2012-03-08,-2230.774999999979
2012-03-09,2991.669999999976
2012-03-12,-2955.2300000000314
2012-03-13,17054.879999999965
2012-03-14,5772.900000000044
2012-03-15,-8977.730000000058
2012-03-16,1961.610000000085
2012-03-19,-720.5350000000276
2012-03-20,-1771.354999999979
2012-03-21,4293.570000000037
2012-03-22,-412.82000000001614
2012-03-23,108.62500000000004
2012-03-26,5851.800000000009
2012-03-27,1243.845000000002
2012-03-28,-12522.195000000016
2012-03-29,-19938.01000000002
2012-03-30,-6320.210000000028
2012-04-02,10594.22500000002
2012-04-03,-1556.9000000000106
2012-04-04,-2746.9099999999885
2012-04-05,6765.299999999944
2012-04-06,0.0
2012-04-09,-1647.0399999999536
2012-04-10,-15549.95499999996
2012-04-11,10480.814999999888
2012-04-12,11667.445000000056
2012-04-13,-20355.920000000013
2012-04-16,-3801.275000000032
2012-04-17,-864.9000000000026
2012-04-18,-17510.610000000048
2012-04-19,874.3650000000373
2012-04-20,-852.7749999999696
2012-04-23,3172.0400000000204
2012-04-24,-2435.0850000000064
2012-04-25,6800.689999999988
2012-04-26,-526.1249999999641
2012-04-27,6879.039999999956
2012-04-30,18634.495000000017
2012-05-01,-4319.70999999995
2012-05-02,-27921.200000000023
2012-05-03,6827.344999999978
2012-05-04,-15574.164999999983
2012-05-07,7445.244999999969
2012-05-08,-7167.755000000001
2012-05-09,-9562.739999999925
2012-05-10,-12630.900000000043
2012-05-11,6474.845
2012-05-14,-4916.9
2012-05-15,5127.800000000041
2012-05-16,17663.844999999965
2012-05-17,13384.415000000034
2012-05-18,11952.499999999987
2012-05-21,849.6049999999846
2012-05-22,-25180.455000000038
2012-05-23,-9229.294999999998
2012-05-24,-5200.599999999987
2012-05-25,2313.3149999999414
2012-05-28,1045.7600000000239
2012-05-29,1787.7050000000254
2012-05-30,-12640.609999999995
2012-05-31,7179.045000000012
2012-06-01,-4797.574999999966
2012-06-04,9194.744999999997
2012-06-05,-7556.300000000042
2012-06-06,-5601.764999999952
2012-06-07,-4520.915000000053
2012-06-08,3756.44000000001
2012-06-11,-8170.540000000038
2012-06-12,5004.2450000000545
2012-06-13,-9778.11000000006
2012-06-14,17839.220000000027
2012-06-15,-7519.555
2012-06-18,14826.744999999974
2012-06-19,-1955.6649999999852
2012-06-20,-7240.26999999999
2012-06-21,-7045.280000000008
2012-06-22,13033.709999999966
2012-06-25,7220.800000000024
2012-06-26,4846.690000000036
2012-06-27,17477.37499999997
2012-06-28,4932.140000000028
2012-06-29,9300.669999999975
2012-07-02,-13400.094999999994
2012-07-03,7798.144999999972
2012-07-04,-2818.1100000000047
2012-07-05,-6731.619999999971
2012-07-06,-12369.120000000019
2012-07-09,-3767.700000000036
2012-07-10,-9006.700000000013
2012-07-11,3641.69
2012-07-12,-4883.910000000005
2012-07-13,1985.4000000000033
2012-07-16,-9501.674999999925
2012-07-17,209.42499999996733
2012-07-18,15443.02999999997
2012-07-19,8385.004999999992
2012-07-20,-8242.06499999999
2012-07-23,2555.7399999999834
2012-07-24,-2664.309999999975
2012-07-25,6360.349999999986
2012-07-26,4550.2250000000395
2012-07-27,7459.194999999992
2012-07-30,2735.0049999999987
2012-07-31,-11948.740000000003
2012-08-01,615.7499999999993
2012-08-02,-8201.75499999996
2012-08-03,-4427.055000000025
2012-08-06,6078.150000000053
2012-08-07,6248.299999999975
2012-08-08,1563.3100000000213
2012-08-09,-3693.36000000002
2012-08-10,-5319.055000000007
2012-08-13,4209.714999999967
2012-08-14,-3700.554999999941
2012-08-15,-7820.555000000074
2012-08-16,3120.8149999999964
2012-08-17,5562.899999999989
2012-08-20,-12539.609999999957
2012-08-21,-4377.700000000013
2012-08-22,-3710.47499999995
2012-08-23,-353.1549999999948
2012-08-24,-583.1849999999963
2012-08-27,2833.3449999999966
2012-08-28,2773.5000000000155
2012-08-29,-4443.53000000003
2012-08-30,-868.5000000000305
2012-08-31,5802.704999999952
2012-09-03,2482.960000000053
2012-09-04,-5773.454999999963
2012-09-05,5136.624999999941
2012-09-06,-4335.7199999999975
2012-09-07,21342.44500000001
2012-09-10,-6161.210000000046
2012-09-11,2289.745000000017
2012-09-12,-9207.155000000019
2012-09-13,6978.499999999984
2012-09-14,18675.644999999982
2012-09-17,-16917.544999999966
2012-09-18,-217.30000000001564
2012-09-19,1884.60000000003
2012-09-20,139.00999999996924
2012-09-21,2919.9800000000023
2012-09-24,-2456.775000000015
2012-09-25,-12122.729999999932
2012-09-26,-12685.360000000042
2012-09-27,-13722.85499999998
2012-09-28,16785.05999999994
2012-10-01,8217.325000000024
2012-10-02,3965.145000000005
2012-10-03,-10203.429999999995
2012-10-04,4404.000000000015
2012-10-05,2447.644999999991
2012-10-08,-485.65500000006074
2012-10-09,7975.380000000046
2012-10-10,753.3700000000313
2012-10-11,-518.3100000000427
2012-10-12,-4075.775000000052
2012-10-15,10366.58000000006
2012-10-16,2030.1450000000166
2012-10-17,352.9449999999739
2012-10-18,-349.27499999997525
2012-10-19,-1330.7549999999974
2012-10-22,-5052.339999999995
2012-10-23,-3624.200000000008
2012-10-24,8409.99999999998
2012-10-25,-10225.20000000004
2012-10-26,-1255.0999999999187
2012-10-29,-5931.505000000068
2012-10-30,5381.225000000089
2012-10-31,908.0249999999879
2012-11-01,-3391.700000000046
2012-11-02,21947.48999999995
2012-11-05,-3129.0549999999375
2012-11-06,-11596.899999999989
2012-11-07,15376.399999999998
2012-11-08,1860.2450000000586
2012-11-09,7048.699999999995
2012-11-12,-5527.730000000042
2012-11-13,-6638.875000000016
2012-11-14,-9675.120000000035
2012-11-15,10827.29999999999
2012-11-16,7060.560000000099
2012-11-19,-3525.8600000000956
2012-11-20,2248.740000000032
2012-11-21,9326.885000000048
2012-11-22,-4289.200000000074
2012-11-23,3407.0800000000113
2012-11-26,-8278.850000000008
2012-11-27,1680.5000000000073
2012-11-28,1227.1949999999813
2012-11-29,-1727.0599999999745
2012-11-30,1652.2400000000207
2012-12-03,-6880.269999999997
2012-12-04,1152.6750000000575
2012-12-05,3615.9299999998943
2012-12-06,-10629.839999999993
2012-12-07,3039.1450000000254
2012-12-10,2516.700000000021
2012-12-11,-466.90999999999144
2012-12-12,8063.144999999944
2012-12-13,-17585.19499999998
2012-12-14,-1423.3950000000686
2012-12-17,7671.099999999977
2012-12-18,-436.49999999998136
2012-12-19,7861.845000000039
2012-12-20,-17754.229999999992
2012-12-21,1061.8599999999776
2012-12-24,-3282.3299999999567
2012-12-25,-2260.000000000009
2012-12-26,17422.76499999993
2012-12-27,2782.6249999999955
2012-12-28,-3973.5549999999425
2012-12-31,4988.29000000004
2013-01-01,-2936.3999999999874
2013-01-02,24866.81999999992
2013-01-03,-28031.210000000014
2013-01-04,2997.7350000000874
2013-01-07,-9516.109999999991
2013-01-08,-6504.91000000002
2013-01-09,-21335.41000000005
2013-01-10,18393.245000000043
2013-01-11,-12365.255000000065
2013-01-14,-3942.5799999998885
2013-01-15,11140.61999999997
2013-01-16,-6728.899999999936
2013-01-17,11104.734999999915
2013-01-18,-1093.1299999999478
2013-01-21,443.3400000000312
2013-01-22,6005.990000000129
2013-01-23,-3858.110000000128
2013-01-24,-9827.750000000033
2013-01-25,-3011.354999999925
2013-01-28,2801.394999999992
2013-01-29,7678.389999999954
2013-01-30,17688.84500000006
2013-01-31,-13074.575000000039
2013-02-01,-5925.095000000073
2013-02-04,-10907.209999999932
2013-02-05,2964.699999999916
2013-02-06,-4318.554999999923
2013-02-07,-14271.999999999964
2013-02-08,206.35999999995053
2013-02-11,1948.7499999999065
2013-02-12,3734.8049999999093
2013-02-13,-12969.664999999799
2013-02-14,-3731.140000000082
2013-02-15,-19179.364999999976
2013-02-18,-1592.4199999999812
2013-02-19,-26504.75000000004
2013-02-20,-25060.6749999999
2013-02-21,1861.5399999999543
2013-02-22,13904.350000000017
2013-02-25,7004.459999999917
2013-02-26,5432.569999999962
2013-02-27,-2829.869999999974
2013-02-28,13738.544999999944
2013-03-01,-2075.744999999998
2013-03-04,-2107.0499999999242
2013-03-05,-18845.000000000065
2013-03-06,3183.5700000000593
2013-03-07,6575.309999999923
2013-03-08,2856.10500000009
2013-03-11,-2006.1600000001542
2013-03-12,9858.900000000056
2013-03-13,-3685.2000000000226
2013-03-14,-25.650000000004724
2013-03-15,-6652.044999999921
2013-03-18,15529.444999999929
2013-03-19,-10133.35499999998
2013-03-20,-436.6150000000942
2013-03-21,-10523.739999999916
2013-03-22,8496.079999999984
2013-03-25,4130.104999999989
2013-03-26,5471.245000000081
2013-03-27,10366.389999999967
2013-03-28,57219.36500000009
2013-04-01,19033.334999999897
2013-04-02,-10297.054999999993
2013-04-03,-13376.154999999968
2013-04-04,1165.8450000000105
2013-04-05,614.8999999999833
2013-04-08,-6736.564999999981
2013-04-09,-17506.455000000056
2013-04-10,-3223.919999999929
2013-04-11,-5630.2550000000165
2013-04-12,30494.90000000003
2013-04-15,51988.72499999997
2013-04-16,-2411.0099999999716
2013-04-17,16039.54500000001
2013-04-18,2020.2499999999666
2013-04-19,-1887.5649999999496
2013-04-22,-3331.8750000000637
2013-04-23,8500.240000000043
2013-04-24,6156.644999999982
2013-04-25,-15313.654999999982
2013-04-26,9052.03999999996
2013-04-29,-22517.71500000003
2013-04-30,-3974.684999999958
2013-05-01,12547.084999999988
2013-05-02,-8048.11999999998
2013-05-03,-8024.455000000001
2013-05-06,-416.6399999999935
2013-05-07,585.0899999999549
2013-05-08,-1397.3299999999633
2013-05-09,-3602.999999999972
2013-05-10,1755.4899999999868
2013-05-13,775.4300000000374
2013-05-14,5154.734999999954
2013-05-15,-893.7549999999927
2013-05-16,8054.144999999998
2013-05-17,-1119.7550000000015
2013-05-20,2306.7800000000007
2013-05-21,3603.94499999995
2013-05-22,6885.060000000037
2013-05-23,-3226.940000000005
2013-05-24,4114.164999999949
2013-05-27,174.46999999999397
2013-05-28,4183.190000000038
2013-05-29,-6400.5
2013-05-30,-4680.139999999979
2013-05-31,1262.5450000000146
2013-06-03,-4952.940000000018
2013-06-04,3466.5349999999803
2013-06-05,-5677.575000000023
2013-06-06,16393.07500000005
2013-06-07,3865.5600000000036
2013-06-10,-3298.4850000000533
2013-06-11,8869.034999999985
2013-06-12,-4404.80499999998
2013-06-13,-9360.364999999972
2013-06-14,1765.3500000000124
2013-06-17,476.0299999999203
2013-06-18,5950.895000000049
2013-06-19,3613.6999999999853
2013-06-20,-6021.784999999954
2013-06-21,124.6200000000205
2013-06-24,9406.559999999989
2013-06-25,-2148.5000000000314
2013-06-26,-4209.659999999979
2013-06-27,1835.1599999999823
2013-06-28,3161.739999999982
2013-07-01,-5758.090000000007
2013-07-02,-925.2200000000175
2013-07-03,195.20000000003438
2013-07-04,2636.889999999996
2013-07-05,3028.5800000000036
2013-07-08,-7541.454999999946
2013-07-09,21238.299999999985
2013-07-10,3509.234999999985
2013-07-11,-746.8000000000227
2013-07-12,-6091.8000000000275
2013-07-15,6627.600000000074
2013-07-16,6414.199999999975
2013-07-17,-9769.209999999985
2013-07-18,72.34500000003669
2013-07-19,4136.944999999923
2013-07-22,6383.299999999991
2013-07-23,-2780.7649999999844
2013-07-24,-10247.330000000002
2013-07-25,752.8099999999215
2013-07-26,3133.5350000000285
2013-07-29,-6368.8499999999085
2013-07-30,-6346.895000000044
2013-07-31,-6481.100000000009
2013-08-01,-12203.919999999984
2013-08-02,-5762.755000000027
2013-08-05,6039.690000000036
2013-08-06,-5380.955000000035
2013-08-07,1155.8899999999892
2013-08-08,7226.155
2013-08-09,254.17499999999524
2013-08-12,25757.689999999977
2013-08-13,3005.035000000036
2013-08-14,16943.845000000023
2013-08-15,13793.299999999974
2013-08-16,-9453.354999999965
2013-08-19,11841.47999999996
2013-08-20,-6740.599999999987
2013-08-21,-4509.099999999989
2013-08-22,1401.9150000000182
2013-08-23,6700.960000000003
2013-08-26,16754.34499999996
2013-08-27,6242.979999999984
2013-08-28,-39.99499999999276
2013-08-29,4421.844999999983
2013-08-30,-1482.899999999982
2013-09-02,-2471.740000000068
2013-09-03,6679.9450000000825
2013-09-04,-7509.754999999998
2013-09-05,-7544.809999999974
2013-09-06,12270.79999999999
2013-09-09,-4756.655000000007
2013-09-10,-8149.455000000052
2013-09-11,-5909.1000000000095
2013-09-12,-454.05500000000404
2013-09-13,2228.945000000055
2013-09-16,-7817.310000000007
2013-09-17,-7378.399999999981
2013-09-18,23733.27000000003
2013-09-19,-5346.484999999977
2013-09-20,-14187.840000000064
2013-09-23,4042.4600000000264
2013-09-24,2265.12500000003
2013-09-25,-2594.975000000096
2013-09-26,-12358.74000000002
2013-09-27,5737.045000000083
2013-09-30,-16148.309999999976
2013-10-01,-1024.130000000117
2013-10-02,-12888.375000000058
2013-10-03,3765.7449999999603
2013-10-04,-2891.119999999945
2013-10-07,5857.979999999926
2013-10-08,-972.7550000001339
2013-10-09,7645.370000000122
2013-10-10,-712.4850000000013
2013-10-11,-7941.484999999897
2013-10-14,462.31499999991627
2013-10-15,12404.100000000142
2013-10-16,-108.90000000012469
2013-10-17,12525.490000000062
2013-10-18,-14054.984999999993
2013-10-21,4760.315000000007
2013-10-22,-4027.0999999999804
2013-10-23,22315.445000000003
2013-10-24,3817.6599999999553
2013-10-25,6285.1999999999625
2013-10-28,-16140.994999999864
2013-10-29,-1370.7000000000548
2013-10-30,-1921.7300000000948
2013-10-31,1654.1350000000846
2013-11-01,9647.534999999989
2013-11-04,1264.1799999999726
2013-11-05,3920.1900000000983
2013-11-06,-1728.7200000000066
2013-11-07,12396.099999999977
2013-11-08,-1104.2999999999565
2013-11-11,-3476.455000000125
2013-11-12,13065.500000000033
2013-11-13,-11344.399999999929
2013-11-14,-8109.855000000057
2013-11-15,-4586.299999999963
2013-11-18,8405.844999999937
2013-11-19,-4079.565000000036
2013-11-20,1324.3899999999937
2013-11-21,-12191.889999999996
2013-11-22,9490.524999999983
2013-11-25,2999.0250000001124
2013-11-26,2719.844999999829
2013-11-27,-4009.544999999976
2013-11-28,838.3150000000519
2013-11-29,36.299999999990575
2013-12-02,-774.3900000001038
2013-12-03,-16169.199999999862
2013-12-04,10610.560000000021
2013-12-05,12105.989999999965
2013-12-06,1046.5899999999924
2013-12-09,20988.689999999948
2013-12-10,-1849.7549999999346
2013-12-11,6722.090000000013
2013-12-12,1384.624999999935
2013-12-13,1879.8000000000916
2013-12-16,580.2999999999943
2013-12-17,1736.0900000000017
2013-12-18,-15402.864999999938
2013-12-19,-4413.075000000029
2013-12-20,513.1350000000091
2013-12-23,646.9499999999591
2013-12-24,-368.91000000001554
2013-12-25,1627.7050000000052
2013-12-26,-8462.749999999973
2013-12-27,-9801.395000000117
2013-12-30,9230.31500000011
2013-12-31,-8378.909999999987
2014-01-01,-1043.4549999999929
2014-01-02,22694.244999999944
2014-01-03,5100.235000000114
2014-01-06,6989.844999999993
2014-01-07,-4396.800000000032
2014-01-08,1860.545000000015
2014-01-09,-13378.909999999963
2014-01-10,26638.644999999986
2014-01-13,10270.379999999926
2014-01-14,7675.800000000142
2014-01-15,14268.444999999989
2014-01-16,2369.279999999948
2014-01-17,767.100000000079
2014-01-20,-309.8950000000606
2014-01-21,134.55499999999597
2014-01-22,5857.090000000004
2014-01-23,-2471.9850000000465
2014-01-24,15308.445000000005
2014-01-27,-430.0549999999597
2014-01-28,-5493.710000000015
2014-01-29,14760.62500000001
2014-01-30,-10525.309999999976
2014-01-31,3614.724999999968
2014-02-03,-12768.729999999996
2014-02-04,-6380.8650000000525
2014-02-05,-14027.230000000049
2014-02-06,5443.190000000026
2014-02-07,-186.70999999998298
2014-02-10,-12881.855000000038
2014-02-11,12670.544999999984
2014-02-12,-4143.909999999986
2014-02-13,7671.79000000001
2014-02-14,-13033.554999999977
2014-02-17,1723.2250000000279
2014-02-18,-3635.865000000013
2014-02-19,5631.814999999978
2014-02-20,13782.055000000011
2014-02-21,-3818.449999999979
2014-02-24,-10556.744999999906
2014-02-25,10129.644999999997
2014-02-26,15195.744999999986
2014-02-27,8552.444999999918
2014-02-28,14154.239999999989
2014-03-03,-1309.1749999999815
2014-03-04,22346.890000000007
2014-03-05,-11844.009999999953
2014-03-06,5832.389999999984
2014-03-07,-6551.700000000101
2014-03-10,-8555.209999999952
2014-03-11,-5194.125000000001
2014-03-12,-11197.855000000085
2014-03-13,1313.2450000000035
2014-03-14,-2295.554999999985
2014-03-17,-1525.2549999999574
2014-03-18,4503.889999999986
2014-03-19,-7097.3200000000115
2014-03-20,2425.699999999981
2014-03-21,-2629.0949999999657
2014-03-24,-2166.7999999999474
2014-03-25,4559.664999999941
2014-03-26,-1169.5549999999516
2014-03-27,14160.50000000005
2014-03-28,-1132.599999999988
2014-03-31,-2799.720000000106
2014-04-01,1802.60000000006
2014-04-02,-10427.000000000038
2014-04-03,7350.924999999975
2014-04-04,-5445.954999999969
2014-04-07,-3859.5549999999557
2014-04-08,13570.544999999987
2014-04-09,8610.30999999996
2014-04-10,-429.4999999999445
2014-04-11,-6186.355000000061
2014-04-14,13052.244999999968
2014-04-15,-7498.355000000007
2014-04-16,10790.600000000053
2014-04-17,4781.799999999951
2014-04-21,-697.2999999999288
2014-04-22,9096.344999999932
2014-04-23,1292.549999999981
2014-04-24,-3649.784999999933
2014-04-25,937.3999999998869
2014-04-28,-6568.519999999967
2014-04-29,9809.599999999988
2014-04-30,-15917.239999999965
2014-05-01,-26643.529999999995
2014-05-02,1813.3350000000657
2014-05-05,-2696.100000000062
2014-05-06,-5321.100000000016
2014-05-07,-2388.999999999939
2014-05-08,3442.489999999957
2014-05-09,1266.4350000000193
2014-05-12,-1063.9550000000809
2014-05-13,10078.845000000145
2014-05-14,8108.199999999953
2014-05-15,-6132.899999999996
2014-05-16,-1750.6000000000745
2014-05-19,-5610.554999999992
2014-05-20,301.7550000000729
2014-05-21,8596.25999999995
2014-05-22,-682.3700000000292
2014-05-23,11879.800000000052
2014-05-26,2143.0699999999924
2014-05-27,-4134.070000000062
2014-05-28,3886.690000000058
2014-05-29,-13063.90000000002
2014-05-30,-5706.200000000068
2014-06-02,3096.8150000001033
2014-06-03,-10736.39999999999
2014-06-04,-10304.054999999946
2014-06-05,6199.9449999999715
2014-06-06,-7180.000000000085
2014-06-09,-8933.810000000032
2014-06-10,-3218.2549999998696
2014-06-11,4029.390000000022
2014-06-12,10454.279999999988
2014-06-13,3078.48
2014-06-16,-17059.22500000009
2014-06-17,-4079.419999999893
2014-06-18,10353.999999999942
2014-06-19,1862.8400000000074
2014-06-20,7445.605000000049
2014-06-23,-4334.969999999973
2014-06-24,1168.0449999999246
2014-06-25,-11754.565000000017
2014-06-26,-14641.329999999996
2014-06-27,6070.000000000009
2014-06-30,15935.419999999984
2014-07-01,-6476.2199999999275
2014-07-02,-6406.500000000045
2014-07-03,-2291.400000000032
2014-07-04,-2030.199999999954
2014-07-07,-2229.165000000104
2014-07-08,-5224.864999999977
2014-07-09,6148.335000000024
2014-07-10,8835.500000000047
2014-07-11,17079.979999999963
2014-07-14,-215.1650000000056
2014-07-15,-2933.8550000000337
2014-07-16,-18830.000000000062
2014-07-17,-16420.854999999978
2014-07-18,714.0900000001009
2014-07-21,-2216.2000000000244
2014-07-22,-4461.730000000035
2014-07-23,-13535.44499999999
2014-07-24,15452.714999999958
2014-07-25,-4533.209999999965
2014-07-28,-14292.839999999978
2014-07-29,13337.734999999933
2014-07-30,-7230.855000000015
2014-07-31,-8967.300000000028
2014-08-01,-7327.529999999991
2014-08-04,24.64500000006853
2014-08-05,-5495.455000000027
2014-08-06,1623.3999999999091
2014-08-07,-4218.464999999965
2014-08-08,-8115.3099999999795
2014-08-11,3640.300000000036
2014-08-12,-15450.700000000053
2014-08-13,5489.145000000078
2014-08-14,-15846.800000000116
2014-08-15,-1524.0999999999667
2014-08-18,-8381.174999999972
2014-08-19,11755.399999999963
2014-08-20,11126.959999999928
2014-08-21,-7285.044999999949
2014-08-22,11527.61500000005
2014-08-25,7410.040000000011
2014-08-26,-9968.500000000113
2014-08-27,-127.76999999991415
2014-08-28,-9704.984999999984
2014-08-29,3519.004999999929
2014-09-01,-3996.7299999999373
2014-09-02,-15994.620000000057
2014-09-03,8645.625000000047
2014-09-04,1942.2849999999594
2014-09-05,7642.2149999999965
2014-09-08,3205.789999999967
2014-09-09,12591.415000000008
2014-09-10,1784.3799999999544
2014-09-11,-4659.494999999975
2014-09-12,3378.5749999999643
2014-09-15,-3371.1499999999114
2014-09-16,15737.490000000022
2014-09-17,-12598.355000000069
2014-09-18,3468.795000000028
2014-09-19,32155.015000000003
2014-09-22,-1130.5549999999337
2014-09-23,3788.92
2014-09-24,-972.355
2014-09-25,5800.0
2014-09-26,15079.944999999965
2014-09-29,3481.660000000024
2014-09-30,-2890.8000000000216
2014-10-01,1688.8650000000328
2014-10-02,-13744.200000000092
2014-10-03,-15035.019999999928
2014-10-06,-3403.0149999999844
2014-10-07,-32619.980000000003
2014-10-08,-7109.304999999914
2014-10-09,-18911.40999999998
2014-10-10,13394.31499999993
2014-10-13,-12799.15499999997
2014-10-14,-22805.010000000042
2014-10-15,-18068.954999999904
2014-10-16,11643.044999999986
2014-10-17,16223.989999999943
2014-10-20,-990.674999999965
2014-10-21,-463.4549999999696
2014-10-22,-3170.6299999999837
2014-10-23,584.8899999998705
2014-10-24,7370.775000000057
2014-10-27,-10327.999999999978
2014-10-28,9071.199999999953
2014-10-29,-13142.149999999929
2014-10-30,-3065.250000000042
2014-10-31,-9947.755000000003
2014-11-03,-11189.554999999988
2014-11-04,-15006.850000000026
2014-11-05,5800.870000000033
2014-11-06,-3188.5550000000303
2014-11-07,12710.470000000045
2014-11-10,-8380.420000000066
2014-11-11,366.19000000003257
2014-11-12,9425.890000000043
2014-11-13,-13035.910000000047
2014-11-14,23948.60000000004
2014-11-17,-14849.43000000005
2014-11-18,1441.9999999999632
2014-11-19,-982.5999999999663
2014-11-20,-8198.280000000032
2014-11-21,8538.199999999972
2014-11-24,-6764.27999999999
2014-11-25,-11779.154999999992
2014-11-26,-808.8550000000004
2014-11-27,-3683.149999999983
2014-11-28,-5015.410000000003
2014-12-01,22544.339999999982
2014-12-02,-4619.009999999966
2014-12-03,-11168.375000000002
2014-12-04,13.579999999922606
2014-12-05,-18312.25499999997
2014-12-08,-3211.2999999999843
2014-12-09,-1993.210000000023
2014-12-10,-6498.100000000011
2014-12-11,3713.7450000000204
2014-12-12,-8875.955
2014-12-15,-2018.9000000000626
2014-12-16,-3396.29999999997
2014-12-17,-1838.9999999999898
2014-12-18,5476.299999999967
2014-12-19,8521.190000000048
2014-12-22,-6251.314999999933
2014-12-23,8043.300000000014
2014-12-24,-9196.565000000015
2014-12-25,-1861.599999999988
2014-12-26,-913.4100000000617
2014-12-29,-3763.7899999999745
2014-12-30,4132.79999999997
2014-12-31,13651.245000000014
2015-01-01,2307.9250000000015
2015-01-02,-11234.239999999972
2015-01-05,-28860.949999999993
2015-01-06,-6387.665000000051
2015-01-07,198.79000000003157
2015-01-08,-5945.599999999986
2015-01-09,-12033.41000000002
2015-01-12,-3617.464999999972
2015-01-13,-25349.765000000054
2015-01-14,-14620.009999999966
2015-01-15,8759.92499999999
2015-01-16,612.0999999999549
2015-01-19,-2313.094999999946
2015-01-20,-3199.819999999971
2015-01-21,-1961.155000000016
2015-01-22,1191.6249999999925
2015-01-23,-20671.629999999997
2015-01-26,6466.224999999951
2015-01-27,1220.935000000026
2015-01-28,9047.399999999994
2015-01-29,6494.590000000011
2015-01-30,14979.500000000011
2015-02-02,-557.4200000000219
2015-02-03,-3200.564999999933
2015-02-04,-2386.565000000013
2015-02-05,310.9000000000119
2015-02-06,12817.199999999977
2015-02-09,-4267.554999999988
2015-02-10,-5261.555000000008
2015-02-11,-10983.409999999974
2015-02-12,13083.599999999953
2015-02-13,3113.1450000000596
2015-02-16,964.4000000000043
2015-02-17,-13715.76500000005
2015-02-18,11412.334999999985
2015-02-19,2009.2350000000179
2015-02-20,6441.449999999984
2015-02-23,3225.009999999969
2015-02-24,-2800.855000000009
2015-02-25,8035.205000000051
2015-02-26,8502.389999999985
2015-02-27,9470.514999999983
2015-03-02,-2016.4199999999698
2015-03-03,-10300.954999999956
2015-03-04,6782.899999999989
2015-03-05,-10498.699999999979
2015-03-06,-1772.1000000000226
2015-03-09,5558.5450000000055
2015-03-10,32.799999999954935
2015-03-11,-6460.854999999968
2015-03-12,2070.5449999999896
2015-03-13,3441.3000000000366
2015-03-16,4463.344999999972
2015-03-17,-1501.8100000000068
2015-03-18,9350.74500000004
2015-03-19,-3392.205000000009
2015-03-20,-646.3350000000524
2015-03-23,7325.955000000059
2015-03-24,-11721.310000000018
2015-03-25,660.9499999999764
2015-03-26,369.08499999996485
2015-03-27,149.26000000006294
2015-03-30,6797.50000000001
2015-03-31,1557.6450000000284
2015-04-01,1986.859999999998
2015-04-02,-10710.66000000002
2015-04-03,0.0
2015-04-06,1720.4949999999803
2015-04-07,1397.139999999988
2015-04-08,-1439.055000000009
2015-04-09,10393.700000000043
2015-04-10,903.2899999999563
2015-04-13,-3074.6100000000033
2015-04-14,-3830.1999999999935
2015-04-15,7743.900000000063
2015-04-16,390.7399999999418
2015-04-17,-3954.4200000000405
2015-04-20,-5520.6749999999665
2015-04-21,-1504.1099999999458
2015-04-22,1759.3599999999765
2015-04-23,10053.444999999983
2015-04-24,382.7150000000505
2015-04-27,-4983.270000000043
2015-04-28,-1125.6850000000113
2015-04-29,-759.2550000000782
2015-04-30,16465.614999999994
2015-05-01,9273.179999999971
2015-05-04,-12281.084999999934
2015-05-05,3570.3149999999905
2015-05-06,-1440.1400000000233
2015-05-07,-1845.840000000017
2015-05-08,-6863.900000000002
2015-05-11,3612.499999999965
2015-05-12,12547.714999999998
2015-05-13,-3703.829999999932
2015-05-14,4453.6449999999995
2015-05-15,-1341.6649999999966
2015-05-18,-6579.355000000038
2015-05-19,-1164.1099999999797
2015-05-20,9637.880000000017
2015-05-21,7578.709999999973
2015-05-22,-1.3350000000400541
2015-05-25,2461.9599999999996
2015-05-26,-14129.719999999967
2015-05-27,-7224.45500000001
2015-05-28,10340.940000000039
2015-05-29,11969.084999999986
2015-06-01,1248.9549999999824
2015-06-02,57.74499999998909
2015-06-03,-1709.460000000025
2015-06-04,-19485.999999999964
2015-06-05,11085.300000000065
2015-06-08,-8186.700000000063
2015-06-09,12558.744999999975
2015-06-10,10997.690000000011
2015-06-11,-13666.509999999922
2015-06-12,-4892.210000000053
2015-06-15,-15982.239999999989
2015-06-16,2622.4749999999385
2015-06-17,6505.950000000093
2015-06-18,6960.144999999996
2015-06-19,-14897.309999999994
2015-06-22,11904.879999999888
2015-06-23,20598.46000000007
2015-06-24,-15562.97000000003
2015-06-25,5084.199999999974
2015-06-26,23336.49500000005
2015-06-29,-5616.605000000036
2015-06-30,18700.965000000077
2015-07-01,-10542.970000000138
2015-07-02,-3931.424999999931
2015-07-03,-7126.799999999959
2015-07-06,-21766.664999999994
2015-07-07,15812.789999999985
2015-07-08,2733.744999999912
2015-07-09,2849.8250000000567
2015-07-10,-9304.06500000002
2015-07-13,-12930.639999999981
2015-07-14,12600.745000000055
2015-07-15,-10011.565000000053
2015-07-16,-548.0149999999771
2015-07-17,10173.24499999994
2015-07-20,11551.430000000013
2015-07-21,652.0900000000768
2015-07-22,-5565.470000000038
2015-07-23,-13894.635000000058
2015-07-24,-7658.979999999985
2015-07-27,-28154.485000000088
2015-07-28,24036.635
2015-07-29,5885.110000000092
2015-07-30,-4305.385000000065
2015-07-31,-24390.88499999994
2015-08-03,446.8699999999833
2015-08-04,9520.37999999994
2015-08-05,-1874.6099999999662
2015-08-06,-9383.415000000012
2015-08-07,-3408.059999999991
2015-08-10,33386.900000000074
2015-08-11,-22912.609999999953
2015-08-12,-11606.8550000001
2015-08-13,-6213.254999999984
2015-08-14,-2715.6449999999736
2015-08-17,-10303.135000000002
2015-08-18,237.33999999993415
2015-08-19,-25215.654999999988
2015-08-20,11059.215000000095
2015-08-21,-21296.945000000054
2015-08-24,-16194.720000000025
2015-08-25,7003.545000000008
2015-08-26,-7847.429999999987
2015-08-27,21101.164999999986
2015-08-28,28188.190000000046
2015-08-31,17194.09499999995
2015-09-01,-29170.26499999999
2015-09-02,9191.899999999987
2015-09-03,3554.000000000024
2015-09-04,-14182.440000000022
2015-09-07,21.169999999948885
2015-09-08,16579.85499999994
2015-09-09,-19190.699999999935
2015-09-10,5757.534999999941
2015-09-11,361.4000000000319
2015-09-14,7548.4350000000695
2015-09-15,6484.099999999943
2015-09-16,-11533.509999999995
2015-09-17,-11885.11500000002
2015-09-18,-18124.62499999995
2015-09-21,8466.604999999992
2015-09-22,489.6749999999978
2015-09-23,-9089.925000000017
2015-09-24,-8736.75500000005
2015-09-25,13478.635000000031
2015-09-28,-4881.959999999991
2015-09-29,2992.114999999936
2015-09-30,-1436.5999999999276
2015-10-01,-18252.96499999998
2015-10-02,7157.794999999958
2015-10-05,2917.5450000000583
2015-10-06,29219.234999999935
2015-10-07,-7573.264999999955
2015-10-08,2892.0449999999973
2015-10-09,-211.50000000003047
2015-10-12,-15019.209999999961
2015-10-13,4346.444999999988
2015-10-14,-8675.654999999995
2015-10-15,3097.689999999997
2015-10-16,-209.01000000001727
2015-10-19,-15466.329999999942
2015-10-20,8782.07999999995
2015-10-21,5111.80000000001
2015-10-22,-8156.6200000000445
2015-10-23,-18240.099999999977
2015-10-26,-16000.659999999987
2015-10-27,-6337.664999999998
2015-10-28,13300.849999999986
2015-10-29,-3767.1549999999497
2015-10-30,4651.044999999959
2015-11-02,-8940.319999999949
2015-11-03,9645.744999999943
2015-11-04,-12067.599999999991
2015-11-05,-31385.099999999962
2015-11-06,-8203.555000000002
2015-11-09,-14155.29999999997
2015-11-10,-14675.700000000099
2015-11-11,6201.70000000003
2015-11-12,-12414.054999999986
2015-11-13,-22711.000000000025
2015-11-16,-8406.109999999991
2015-11-17,-2680.6649999999813
2015-11-18,5312.605000000019
2015-11-19,10248.110000000011
2015-11-20,2033.310000000024
2015-11-23,2788.4949999999662
2015-11-24,-3912.1749999999683
2015-11-25,2195.8899999999367
2015-11-26,1109.60000000004
2015-11-27,-10728.109999999939
2015-11-30,-3639.200000000042
2015-12-01,16195.389999999992
2015-12-02,-24139.56499999997
2015-12-03,14783.590000000035
2015-12-04,881.7149999999576
2015-12-07,-24207.27499999995
2015-12-08,-59.954999999985034
2015-12-09,9822.699999999968
2015-12-10,5067.9200000000255
2015-12-11,-10195.210000000005
2015-12-14,-8659.935000000032
2015-12-15,-2823.730000000008
2015-12-16,-7452.86000000001
2015-12-17,-1861.7100000000435
2015-12-18,10092.700000000043
2015-12-21,-17192.224999999995
2015-12-22,-14969.129999999966
2015-12-23,1699.2799999999834
2015-12-24,-5920.904999999997
2015-12-28,-29449.995000000035
2015-12-29,12913.245000000043
2015-12-30,-11054.485000000044
2015-12-31,2588.440000000015
2016-01-04,-11085.404999999972
2016-01-05,-1710.5099999999995
2016-01-06,-13757.250000000025
2016-01-07,64.20000000000618
2016-01-08,-347.8999999999969
2016-01-11,-24079.355000000025
2016-01-12,111.25000000001566
2016-01-13,5655.294999999995
2016-01-14,-3496.0499999999915
2016-01-15,-7482.905000000028
2016-01-18,-3017.6299999999787
2016-01-19,3887.604999999967
2016-01-20,-1784.9200000000237
2016-01-21,9373.08000000008
2016-01-22,17663.31499999998
2016-01-25,-10926.014999999972
2016-01-26,8940.674999999974
2016-01-27,7945.8699999999835
2016-01-28,-11819.319999999978
2016-01-29,19884.04499999999
2016-02-01,-15111.974999999993
2016-02-02,-18573.430000000004
2016-02-03,11665.579999999973
2016-02-04,3479.424999999989
2016-02-05,1703.080000000004
2016-02-08,8266.900000000012
2016-02-09,-2022.0000000000218
2016-02-10,-5131.564999999964
2016-02-11,17475.399999999976
2016-02-12,-2562.754999999981
2016-02-15,-14041.265000000005
2016-02-16,9303.980000000001
2016-02-17,-2577.064999999995
2016-02-18,982.3999999999364
2016-02-19,-2661.1099999999724
2016-02-22,-4634.829999999974
2016-02-23,-899.0999999999985
2016-02-24,-10027.72000000005
2016-02-25,-12345.789999999972
2016-02-26,-4217.000000000018
2016-02-29,-5111.449999999999
2016-03-01,-3542.4099999999808
2016-03-02,3849.145000000006
2016-03-03,12668.960000000032
2016-03-04,6487.344999999924
2016-03-07,-6079.86999999993
2016-03-08,-8715.465000000033
2016-03-09,-39.40999999998508
2016-03-10,12530.134999999973
2016-03-11,-3215.255000000001
2016-03-14,2647.245000000024
2016-03-15,-3368.3650000000357
2016-03-16,1630.9000000000042
2016-03-17,3348.0449999999823
2016-03-18,-245.01500000001812
2016-03-21,-5845.824999999972
2016-03-22,10330.835000000014
2016-03-23,-13480.310000000001
2016-03-24,-3902.5100000000093
2016-03-28,12121.804999999977
2016-03-29,13441.190000000039
2016-03-30,-13990.39999999999
2016-03-31,-11074.129999999985
2016-04-01,3879.9799999999527
2016-04-04,1445.044999999992
2016-04-05,2384.8000000000347
2016-04-06,-12634.000000000005
2016-04-07,1216.4349999999513
2016-04-08,-8125.299999999976
2016-04-11,4108.694999999988
2016-04-12,6935.225000000004
2016-04-13,8647.045000000015
2016-04-14,-9078.33500000001
2016-04-15,7450.219999999965
2016-04-18,3156.4300000000894
2016-04-19,28641.944999999923
2016-04-20,322.90500000006585
2016-04-21,2049.239999999929
2016-04-22,-4964.984999999966
2016-04-25,5296.2199999999475
2016-04-26,-1354.764999999933
2016-04-27,-153.78500000005502
2016-04-28,12472.099999999997
2016-04-29,17859.060000000045
2016-05-02,-2936.2749999999983
2016-05-03,-12689.940000000039
2016-05-04,-10183.65999999997
2016-05-05,-9772.73000000003
2016-05-06,4560.199999999997
2016-05-09,-23496.25500000002
2016-05-10,15576.300000000045
2016-05-11,4878.744999999996
2016-05-12,-3451.800000000002
2016-05-13,-1265.8550000000362
2016-05-16,1487.5450000000335
2016-05-17,5756.799999999978
2016-05-18,-14279.154999999986
2016-05-19,-9183.119999999979
2016-05-20,3550.1400000000194
2016-05-23,-3393.8450000000385
2016-05-24,-6475.454999999985
2016-05-25,10956.459999999995
2016-05-26,3169.734999999994
2016-05-27,-3939.8099999999718
2016-05-30,-2605.7200000000153
2016-05-31,-5299.965000000034
2016-06-01,363.7800000000439
2016-06-02,4089.1999999999703
2016-06-03,16150.490000000022
2016-06-06,3898.544999999959
2016-06-07,-8267.954999999998
2016-06-08,11738.445000000047
2016-06-09,-5484.4099999999935
2016-06-10,9141.48999999994
2016-06-13,15359.59500000008
2016-06-14,6898.34499999993
2016-06-15,5482.845000000056
2016-06-16,-5110.955000000033
2016-06-17,5545.295000000016
2016-06-20,-14321.864999999994
2016-06-21,-19248.37999999999
2016-06-22,-3040.3649999999902
2016-06-23,-3075.5099999999657
2016-06-24,20961.649999999932
2016-06-27,5245.824999999977
2016-06-28,-12682.729999999981
2016-06-29,-2737.06000000001
2016-06-30,12532.370000000004
2016-07-01,14218.685000000027
2016-07-04,4346.889999999997
2016-07-05,-4904.25000000003
2016-07-06,-952.8499999999779
2016-07-07,6872.445000000021
2016-07-08,7241.545000000018
2016-07-11,2204.3900000000094
2016-07-12,520.9449999999541
2016-07-13,7872.099999999993
2016-07-14,-8452.609999999991
2016-07-15,1397.60000000002
2016-07-18,5476.489999999996
2016-07-19,1877.6450000000273
2016-07-20,-1047.035000000052
2016-07-21,1866.6550000000152
2016-07-22,-7950.68499999999
2016-07-25,-5344.194999999987
2016-07-26,3234.2000000000226
2016-07-27,8287.03499999997
2016-07-28,16878.03499999998
2016-07-29,4247.199999999983
2016-08-01,-11230.409999999998
2016-08-02,1471.644999999999
2016-08-03,-7452.324999999966
2016-08-04,1587.4450000000224
2016-08-05,-7713.2000000000535
2016-08-08,-2941.3000000000006
2016-08-09,-1483.6999999999762
2016-08-10,1687.5299999999604
2016-08-11,-13517.08499999994
2016-08-12,-13816.040000000003
2016-08-15,-12435.379999999985
2016-08-16,4787.644999999927
2016-08-17,-4150.699999999964
2016-08-18,-5767.3550000000205
2016-08-19,-7309.680000000007
2016-08-22,20460.115000000016
2016-08-23,3080.699999999994
2016-08-24,6107.769999999995
2016-08-25,-395.87500000001427
2016-08-26,1447.3750000000025
2016-08-29,4389.24500000002
2016-08-30,-4636.8000000000775
2016-08-31,8498.950000000013
2016-09-01,6634.700000000001
2016-09-02,-965.9600000000396
2016-09-05,-4982.165000000019
2016-09-06,12704.995000000039
2016-09-07,-21162.26499999997
2016-09-08,-7628.250000000021
2016-09-09,8221.099999999973
2016-09-12,-6801.054999999998
2016-09-13,13244.550000000017
2016-09-14,4638.059999999977
2016-09-15,-3549.669999999962
2016-09-16,-3397.469999999969
2016-09-19,3585.699999999976
2016-09-20,777.9449999999807
2016-09-21,-5903.574999999967
2016-09-22,-3288.5849999999937
2016-09-23,-3673.694999999998
2016-09-26,6387.359999999969
2016-09-27,1202.2349999999763
2016-09-28,-685.5399999999845
2016-09-29,-951.4649999999975
2016-09-30,1071.0850000000005
2016-10-03,1293.5850000000153
2016-10-04,3743.690000000022
2016-10-05,2893.429999999953
2016-10-06,8780.145000000031
2016-10-07,6542.070000000025
2016-10-10,-11836.230000000014
2016-10-11,-5270.515000000011
2016-10-12,3223.1399999999685
2016-10-13,-13906.900000000025
2016-10-14,-2493.1850000000077
2016-10-17,-2012.4199999999298
2016-10-18,-3035.520000000014
2016-10-19,-4255.500000000016
2016-10-20,4878.960000000035
2016-10-21,-14069.095000000107
2016-10-24,-721.6099999999653
2016-10-25,-2132.6499999999905
2016-10-26,2108.105000000011
2016-10-27,-5000.01500000006
2016-10-28,2114.8650000000143
2016-10-31,-15432.250000000015
2016-11-01,-1189.965000000019
2016-11-02,-12195.775000000018
2016-11-03,13188.915000000017
2016-11-04,3155.259999999994
2016-11-07,16592.715000000022
2016-11-08,-4229.419999999944
2016-11-09,12739.689999999935
2016-11-10,10976.600000000046
2016-11-11,22648.379999999965
2016-11-14,13592.10499999999
2016-11-15,-11048.239999999965
2016-11-16,-7690.249999999963
2016-11-17,2532.2499999999964
2016-11-18,3721.8050000000044
2016-11-21,1736.8449999999857
2016-11-22,6617.945000000058
2016-11-23,15883.369999999977
2016-11-24,4938.770000000005
2016-11-25,9465.034999999983
2016-11-28,406.69500000002097
2016-11-29,7946.690000000017
2016-11-30,-5578.320000000001
2016-12-01,8859.310000000014
2016-12-02,-14430.255000000017
2016-12-05,4863.600000000007
2016-12-06,-1556.1599999999912
2016-12-07,1594.3449999999411
2016-12-08,-2574.9549999999936
2016-12-09,5864.445000000015
2016-12-12,-12169.199999999957
2016-12-13,304.49999999999864
2016-12-14,7549.644999999967
2016-12-15,17192.41500000003
2016-12-16,6090.570000000005
2016-12-19,-860.1750000000305
2016-12-20,-5904.799999999977
2016-12-21,10849.745000000035
2016-12-22,3016.0699999999865
2016-12-23,-4722.999999999998
2016-12-26,-508.61999999999125
2016-12-27,-2019.3949999999727
2016-12-28,6811.444999999975
2016-12-29,-12838.100000000024
2016-12-30,2065.400000000007
2017-01-02,-5473.399999999997
2017-01-03,-17339.400000000067
2017-01-04,-1750.7999999999365
2017-01-05,-11034.700000000008
2017-01-06,2476.744999999947
2017-01-09,-1149.6099999999026
2017-01-10,16451.004999999946
2017-01-11,753.6899999999898
2017-01-12,-4214.359999999984
2017-01-13,3671.4500000000007
2017-01-16,2613.924999999992
2017-01-17,-10188.954999999969
2017-01-18,11538.200000000017
2017-01-19,1836.6299999999321
2017-01-20,-14223.494999999979
2017-01-23,-7766.669999999985
2017-01-24,3103.300000000021
2017-01-25,9792.145000000011
2017-01-26,-933.4750000000516
2017-01-27,-1053.35499999996
2017-01-30,-5972.200000000008
2017-01-31,-18843.695000000036
2017-02-01,-9573.360000000004
2017-02-02,7831.089999999926
2017-02-03,500.6450000000499
2017-02-06,2797.2999999999884
2017-02-07,8940.344999999952
2017-02-08,-14730.554999999973
2017-02-09,-4701.999999999933
2017-02-10,-24708.55500000003
2017-02-13,-4148.5100000000075
2017-02-14,5732.4450000000425
2017-02-15,-5666.8550000000605
2017-02-16,-778.9999999999827
2017-02-17,10620.180000000018
2017-02-20,-5871.549999999939
2017-02-21,-3916.2650000000667
2017-02-22,-7816.2649999999985
2017-02-23,664.9899999999758
2017-02-24,279.20000000003165
2017-02-27,2711.8200000000243
2017-02-28,6579.379999999937
2017-03-01,-3510.8199999999447
2017-03-02,7732.035000000032
2017-03-03,-5187.255000000063
2017-03-06,1351.1449999999804
2017-03-07,4256.400000000023
2017-03-08,19445.999999999953
2017-03-09,11379.600000000033
2017-03-10,9609.1
2017-03-13,12477.890000000041
2017-03-14,-6047.9550000000245
2017-03-15,-10047.85499999998
2017-03-16,-1545.6550000000025
2017-03-17,-2259.5000000000286
2017-03-20,3427.1699999999814
2017-03-21,-2923.9549999999185
2017-03-22,9412.600000000008
2017-03-23,3555.7999999999697
2017-03-24,-12236.370000000037
2017-03-27,-15377.410000000005
2017-03-28,539.445000000021
2017-03-29,-4167.74000000002
2017-03-30,2043.800000000004
2017-03-31,-18878.555000000026
2017-04-03,-14122.739999999993
2017-04-04,2770.7999999999824
2017-04-05,4896.645000000007
2017-04-06,9575.299999999941
2017-04-07,1314.7450000001195
2017-04-10,-10005.600000000024
2017-04-11,-11026.254999999965
2017-04-12,-8966.010000000058
2017-04-13,8266.37000000004
2017-04-17,5870.969999999981
2017-04-18,-3273.100000000054
2017-04-19,7874.305000000043
2017-04-20,11142.065000000059
2017-04-21,7671.614999999966
2017-04-24,5348.439999999985
2017-04-25,10443.845000000047
2017-04-26,16710.104999999956
2017-04-27,14801.25000000007
2017-04-28,10579.475000000019
2017-05-01,-2663.730000000034
2017-05-02,7284.494999999978
2017-05-03,19220.700000000106
2017-05-04,37890.644999999924
2017-05-05,-15593.984999999948
2017-05-08,1208.6150000000137
2017-05-09,12574.900000000001
2017-05-10,-17220.58500000004
2017-05-11,-8953.709999999977
2017-05-12,-828.9549999999866
2017-05-15,-14263.255000000006
2017-05-16,-1657.5299999999745
2017-05-17,-17399.310000000067
2017-05-18,-845.9499999999534
2017-05-19,-10947.515000000061
2017-05-22,-8501.494999999937
2017-05-23,1502.689999999975
2017-05-24,-8638.785000000069
2017-05-25,18501.565000000017
2017-05-26,-13193.444999999994
2017-05-29,-5128.730000000003
2017-05-30,9991.019999999957
2017-05-31,8385.159999999936
2017-06-01,11702.359999999986
2017-06-02,-3182.0200000000127
2017-06-05,3861.699999999957
2017-06-06,-12840.52999999995
2017-06-07,2871.2700000000323
2017-06-08,655.5649999998985
2017-06-09,-9771.784999999982
2017-06-12,21405.04499999996
2017-06-13,-2788.9000000000156
2017-06-14,20771.149999999907
2017-06-15,-3895.74999999992
2017-06-16,-10293.759999999991
2017-06-19,8085.859999999931
2017-06-20,9987.300000000072
2017-06-21,7309.899999999986
2017-06-22,-8540.62000000009
2017-06-23,-3766.700000000004
2017-06-26,-1750.6549999999695
2017-06-27,-1261.2699999999306
2017-06-28,-3962.6999999999634
2017-06-29,-11691.440000000057
2017-06-30,-23511.130000000052
2017-07-03,-13216.155000000019
2017-07-04,798.3000000000004
2017-07-05,2104.8699999999426
2017-07-06,-9927.394999999888
2017-07-07,2642.4849999999537
2017-07-10,-16996.359999999997
2017-07-11,-14644.339999999933
2017-07-12,9564.390000000007
2017-07-13,19380.290000000008
2017-07-14,-9063.200000000023
2017-07-17,3170.7799999999697
2017-07-18,3665.435000000016
2017-07-19,-1706.2000000000135
2017-07-20,-3888.805000000012
2017-07-21,19100.075000000004
2017-07-24,4724.505000000032
2017-07-25,-6882.955000000005
2017-07-26,2010.849999999921
2017-07-27,-6985.59999999996
2017-07-28,755.7000000000357
2017-07-31,4960.76999999995
2017-08-01,12054.65999999999
2017-08-02,-2527.1550000000043
2017-08-03,6252.505000000043
2017-08-04,-7455.155000000042
2017-08-07,-643.3999999999423
2017-08-08,5494.29999999995
2017-08-09,10914.199999999964
2017-08-10,23840.800000000025
2017-08-11,-1701.2100000000048
2017-08-14,4622.625000000027
2017-08-15,3448.044999999921
2017-08-16,8636.690000000115
2017-08-17,1993.534999999936
2017-08-18,-21281.25000000001
2017-08-21,7575.869999999999
2017-08-22,-5786.755000000007
2017-08-23,-1431.939999999964
2017-08-24,-12184.310000000063
2017-08-25,5611.900000000003
2017-08-28,9749.150000000029
2017-08-29,-5492.000000000012
2017-08-30,5665.150000000052
2017-08-31,-6237.035000000091
2017-09-01,2742.635000000055
2017-09-04,3594.1399999999326
2017-09-05,3812.350000000035
2017-09-06,-13193.610000000037
2017-09-07,13249.100000000066
2017-09-08,13308.599999999959
2017-09-11,-15494.599999999993
2017-09-12,-1042.1549999999952
2017-09-13,-6419.530000000038
2017-09-14,-491.0549999998973
2017-09-15,-4754.200000000078
2017-09-18,-11604.574999999964
2017-09-19,4869.444999999981
2017-09-20,-12495.129999999992
2017-09-21,3919.8050000000117
2017-09-22,-10586.009999999984
2017-09-25,-1131.1400000000149
2017-09-26,3330.5249999999887
2017-09-27,-6222.9550000000245
2017-09-28,763.6000000000276
2017-09-29,1416.8900000000256
2017-10-02,16887.300000000007
2017-10-03,329.09999999994784
2017-10-04,-573.7549999999986
2017-10-05,-14044.554999999993
2017-10-06,7660.900000000012
2017-10-09,7339.044999999991
2017-10-10,-5104.40000000005
2017-10-11,1644.6449999999968
2017-10-12,-10812.749999999947
2017-10-13,-3183.810000000053
2017-10-16,-7346.69999999998
2017-10-17,-5928.4549999999535
2017-10-18,25.59000000001037
2017-10-19,8069.144999999985
2017-10-20,-1388.8949999999948
2017-10-23,-12946.104999999978
2017-10-24,-11236.155000000015
2017-10-25,6613.82500000002
2017-10-26,-5924.255000000018
2017-10-27,2583.3499999999726
2017-10-30,986.6450000000231
2017-10-31,-1233.9999999999936
2017-11-01,-2617.0600000000522
2017-11-02,-2255.899999999993
2017-11-03,-4264.075000000002
2017-11-06,4061.0450000000747
2017-11-07,3214.0449999999137
2017-11-08,5900.645000000027
2017-11-09,5497.260000000032
2017-11-10,-2159.5000000000387
2017-11-13,6213.290000000025
2017-11-14,12018.04499999997
2017-11-15,-1675.8400000000097
2017-11-16,1763.8450000000248
2017-11-17,-13875.694999999996
2017-11-20,-5383.91500000001
2017-11-21,-8438.840000000004
2017-11-22,3657.575000000013
2017-11-23,361.89999999996553
2017-11-24,7275.615000000016
2017-11-27,5850.84500000002
2017-11-28,1766.2449999999585
2017-11-29,-15755.904999999939
2017-11-30,4053.5599999999613
2017-12-01,-7357.074999999971
2017-12-04,13608.125000000025
2017-12-05,-3545.120000000045
2017-12-06,11000.90000000005
2017-12-07,-14545.37499999998
2017-12-08,515.2149999999646
2017-12-11,-185.53500000001281
2017-12-12,-2970.4999999999927
2017-12-13,8665.64500000002
2017-12-14,-2942.9999999999445
2017-12-15,-2673.840000000044
2017-12-18,-6016.839999999988
2017-12-19,182.59000000002743
2017-12-20,2965.7099999999837
2017-12-21,-2723.629999999995
2017-12-22,4676.639999999957
2017-12-25,-2971.05499999996
2017-12-26,-1818.965000000086
2017-12-27,-6856.759999999967
2017-12-28,-9110.3600000001
2017-12-29,-1726.7599999999911
2018-01-01,-4194.32999999996
2018-01-02,-913.8250000000417
2018-01-03,-4103.639999999978
2018-01-04,30.125000000064574
2018-01-05,8802.599999999899
2018-01-08,16848.83000000009
2018-01-09,-11706.840000000037
2018-01-10,2334.0399999999345
2018-01-11,7769.445000000079
2018-01-12,11578.36999999995
2018-01-15,-2590.2300000000014
2018-01-16,7416.929999999872
2018-01-17,-5066.749999999973
2018-01-18,-1238.510000000044
2018-01-19,-657.3299999999795
2018-01-22,-4385.240000000033
2018-01-23,15995.349999999982
2018-01-24,-30916.654999999955
2018-01-25,3841.769999999934
2018-01-26,-7252.074999999904
2018-01-29,-3452.9650000000547
2018-01-30,-5595.6850000000495
2018-01-31,1731.5950000000082
2018-02-01,-5960.685000000065
2018-02-02,23927.32000000001
2018-02-05,10209.990000000007
2018-02-06,-13688.060000000076
2018-02-07,3111.9750000000013
2018-02-08,7936.480000000023
2018-02-09,9598.789999999946
2018-02-12,-27722.20999999999
2018-02-13,-62.30499999993978
2018-02-14,-16652.555000000037
2018-02-15,-13165.455000000018
2018-02-16,2888.880000000018
2018-02-19,-4269.295000000019
2018-02-20,5765.890000000032
2018-02-21,-2196.1850000000127
2018-02-22,-12082.455000000014
2018-02-23,-9003.250000000004
2018-02-26,-6316.934999999966
2018-02-27,-4682.105000000087
2018-02-28,9230.780000000026
2018-03-01,-9146.584999999988
2018-03-02,7931.034999999995
2018-03-05,-19419.485000000055
2018-03-06,6287.715000000022
2018-03-07,2627.6999999999384
2018-03-08,5808.690000000002
2018-03-09,-2960.2349999999824
2018-03-12,11502.435000000005
2018-03-13,-2891.4300000000053
2018-03-14,-4738.410000000062
2018-03-15,-5431.760000000014
2018-03-16,2107.700000000043
2018-03-19,26543.039999999954
2018-03-20,-6979.340000000045
2018-03-21,-1565.1450000000382
2018-03-22,4984.330000000036
2018-03-23,9811.514999999972
2018-03-26,7981.229999999996
2018-03-27,3314.76999999995
2018-03-28,-8918.88499999998
2018-03-29,-14180.159999999996
2018-04-02,20149.230000000018
2018-04-03,-4158.255000000042
2018-04-04,2113.59000000004
2018-04-05,-15600.040000000026
2018-04-06,10725.980000000032
2018-04-09,-26039.185000000016
2018-04-10,-18273.71000000002
2018-04-11,1918.29999999999
2018-04-12,-7170.455000000033
2018-04-13,6867.645000000032
2018-04-16,13622.80000000003
2018-04-17,258.699999999988
2018-04-18,-14939.39999999998
2018-04-19,1626.834999999932
2018-04-20,8064.06499999997
2018-04-23,-12261.699999999926
2018-04-24,8288.825000000017
2018-04-25,-13204.265000000032
2018-04-26,7463.040000000067
2018-04-27,-7327.8800000000265
2018-04-30,-540.069999999979
2018-05-01,10607.665000000028
2018-05-02,4567.919999999916
2018-05-03,-10103.899999999994
2018-05-04,-5535.099999999949
2018-05-07,6143.899999999977
2018-05-08,-12337.104999999949
2018-05-09,-4017.0000000000637
2018-05-10,-7230.154999999957
2018-05-11,17595.590000000026
2018-05-14,-717.6000000000192
2018-05-15,1675.2899999999938
2018-05-16,-7250.8099999999895
2018-05-17,-1069.3100000000284
2018-05-18,-3615.594999999962
2018-05-21,-7297.825000000064
2018-05-22,-3021.554999999961
2018-05-23,682.9550000000384
2018-05-24,6627.199999999962
2018-05-25,16930.794999999995
2018-05-28,3945.6450000000045
2018-05-29,4650.090000000023
2018-05-30,-1226.2500000000134
2018-05-31,12819.245000000015
2018-06-01,6833.004999999988
2018-06-04,15782.2
2018-06-05,-6014.265000000081
2018-06-06,-11226.954999999964
2018-06-07,-1254.4099999999723
2018-06-08,-3037.610000000077
2018-06-11,20737.990000000114
2018-06-12,-12515.355000000081
2018-06-13,323.5950000000206
2018-06-14,17070.750000000073
2018-06-15,30382.90499999994
2018-06-18,-10592.295000000011
2018-06-19,14372.100000000037
2018-06-20,8472.339999999978
2018-06-21,3161.8049999999425
2018-06-22,-24224.304999999964
2018-06-25,12357.744999999999
2018-06-26,-9579.109999999946
2018-06-27,-8338.250000000027
2018-06-28,-1487.5549999999337
2018-06-29,-15903.090000000013
2018-07-02,13985.614999999974
2018-07-03,-2433.774999999938
2018-07-04,1794.3999999999646
2018-07-05,4508.735000000071
2018-07-06,-4770.920000000018
2018-07-09,923.4900000000027
2018-07-10,4368.979999999945
2018-07-11,33481.7450000001
2018-07-12,-6132.254999999998
2018-07-13,3050.7449999999185
2018-07-16,20031.960000000086
2018-07-17,-1286.7100000000562
2018-07-18,-6549.454999999988
2018-07-19,6483.579999999959
2018-07-20,-5012.329999999952
2018-07-23,-10360.989999999998
2018-07-24,-7537.500000000069
2018-07-25,-1245.8699999999583
2018-07-26,764.6000000000445
2018-07-27,2153.179999999974
2018-07-30,-2097.9000000000674
2018-07-31,-10058.975000000017
2018-08-01,15279.960000000014
2018-08-02,3293.999999999998
2018-08-03,-3022.554999999993
2018-08-06,8805.579999999958
2018-08-07,-2733.1200000000285
2018-08-08,12698.425000000028
2018-08-09,-9281.400000000072
2018-08-10,6434.345000000057
2018-08-13,-6916.955000000033
2018-08-14,3930.889999999973
2018-08-15,20434.305000000055
2018-08-16,-18026.755000000096
2018-08-17,-993.2749999999735
2018-08-20,-1974.6849999999697
2018-08-21,2692.944999999969
2018-08-22,3998.1450000000386
2018-08-23,10342.180000000013
2018-08-24,-14642.400000000014
2018-08-27,-6541.200000000009
2018-08-28,5934.089999999997
2018-08-29,3645.6750000000043
2018-08-30,9808.144999999917
2018-08-31,-2777.629999999945
2018-09-03,-7835.5299999999215
2018-09-04,4075.189999999955
2018-09-05,-2042.7550000000351
2018-09-06,-8820.740000000014
2018-09-07,-2384.2399999999625
2018-09-10,5415.099999999999
2018-09-11,743.4449999999998
2018-09-12,1457.9999999999923
2018-09-13,100.1449999999819
2018-09-14,14603.005000000014
2018-09-17,7615.510000000015
2018-09-18,-5370.495000000055
2018-09-19,-6425.249999999989
2018-09-20,-7002.500000000002
2018-09-21,-4751.575000000057
2018-09-24,5560.300000000032
2018-09-25,-4949.259999999995
2018-09-26,-3680.0099999999065
2018-09-27,2657.244999999905
2018-09-28,-7382.859999999992
2018-10-01,-6490.049999999975
2018-10-02,3345.6950000000083
2018-10-03,7932.644999999947
2018-10-04,860.8000000000238
2018-10-05,-4473.899999999972
2018-10-08,8928.399999999947
2018-10-09,-106.45499999990636
2018-10-10,13042.099999999982
2018-10-11,7554.799999999928
2018-10-12,-14933.154999999979
2018-10-15,-945.5549999999974
2018-10-16,-3281.550000000037
2018-10-17,8814.550000000028
2018-10-18,12692.980000000069
2018-10-19,-1935.6550000000502
2018-10-22,-5787.639999999956
2018-10-23,5676.139999999974
2018-10-24,2141.785000000002
2018-10-25,3901.0449999999887
2018-10-26,-9134.99499999994
2018-10-29,766.3899999999483
2018-10-30,5971.945000000019
2018-10-31,9228.100000000006
2018-11-01,-11123.854999999989
2018-11-02,-6890.075000000043
2018-11-05,9017.589999999998
2018-11-06,6370.1450000000295
2018-11-07,-9773.500000000011
2018-11-08,7077.600000000053
2018-11-09,-2123.420000000078
2018-11-12,14964.105000000032
2018-11-13,12944.745000000008
2018-11-14,10135.494999999984
2018-11-15,-17456.254999999946
2018-11-16,1374.599999999894
2018-11-19,3720.2200000000435
2018-11-20,11079.099999999975
2018-11-21,310.88500000002864
2018-11-22,-240.82000000000903
2018-11-23,11091.335000000028
2018-11-26,10039.279999999897
2018-11-27,-5612.454999999912
2018-11-28,-3270.9650000000097
2018-11-29,-1376.1399999999808
2018-11-30,721.5249999999425
2018-12-03,-15757.260000000033
2018-12-04,7146.045000000074
2018-12-05,-1234.6100000000656
2018-12-06,5392.490000000033
2018-12-07,2550.3900000000267
2018-12-10,3381.4700000000125
2018-12-11,2692.5000000000095
2018-12-12,-4830.1200000000035
2018-12-13,11753.199999999999
2018-12-14,-7063.975000000042
2018-12-17,1350.5700000000286
2018-12-18,18306.2
2018-12-19,-8122.450000000027
2018-12-20,11939.930000000042
2018-12-21,4013.1499999999874
2018-12-24,-2563.9599999999573
2018-12-25,775.7699999999782
2018-12-26,5156.659999999991
2018-12-27,-1892.6400000000024
2018-12-28,-4231.554999999972
2018-12-31,-9239.854999999965
2019-01-01,483.59999999993806
2019-01-02,-577.4100000000392
2019-01-03,-3884.874999999957
2019-01-04,-15893.274999999961
2019-01-07,4016.3999999999446
2019-01-08,6707.4800000000505
2019-01-09,-1160.8300000000193
2019-01-10,8281.425000000014
2019-01-11,-4648.199999999995
2019-01-14,-9006.200000000012
2019-01-15,17440.034999999978
2019-01-16,3819.6000000000154
2019-01-17,-5089.585000000032
2019-01-18,-885.7650000000316
2019-01-21,3302.875000000035
2019-01-22,-5887.1549999999825
2019-01-23,1230.2500000000289
2019-01-24,1047.5800000000386
2019-01-25,-5779.530000000016
2019-01-28,-2283.0099999999757
2019-01-29,-961.6299999999733
2019-01-30,8167.914999999986
2019-01-31,692.5999999999599
2019-02-01,5710.715000000032
2019-02-04,-11072.209999999992
2019-02-05,5018.544999999999
2019-02-06,-1246.5549999999787
2019-02-07,-4380.655000000047
2019-02-08,10943.415000000048
2019-02-11,1004.9700000000378
2019-02-12,-7219.955000000001
2019-02-13,379.3899999999692
2019-02-14,7290.370000000051
2019-02-15,3704.3449999999657
2019-02-18,2817.1399999999576
2019-02-19,12614.889999999998
2019-02-20,12497.61499999998
2019-02-21,-12191.01000000001
2019-02-22,3461.2800000000484
2019-02-25,-8986.884999999967
2019-02-26,8466.289999999966
2019-02-27,9909.270000000013
2019-02-28,203.9700000000341
2019-03-01,-11354.494999999995
2019-03-04,-6471.210000000029
2019-03-05,6660.645000000001
2019-03-06,3617.8999999999605
2019-03-07,1158.900000000026
2019-03-08,-2390.9549999999695
2019-03-11,-5303.634999999995
2019-03-12,-447.4749999999996
2019-03-13,7978.6550000000325
2019-03-14,-5185.555000000012
2019-03-15,-1308.4549999999754
2019-03-18,1278.6500000000403
2019-03-19,4684.37499999994
2019-03-20,-782.9100000000491
2019-03-21,-13196.284999999973
2019-03-22,-7493.9099999999835
2019-03-25,7613.115000000043
2019-03-26,8882.144999999933
2019-03-27,8502.290000000066
2019-03-28,3562.5350000000417
2019-03-29,26525.54499999993
2019-04-01,-5102.105000000032
2019-04-02,-5238.200000000028
2019-04-03,4493.6699999999555
2019-04-04,-16992.599999999973
2019-04-05,11784.945000000054
2019-04-08,6576.689999999952
2019-04-09,708.7149999999996
2019-04-10,-3511.5299999999893
2019-04-11,-3336.5299999999725
2019-04-12,-529.255000000013
2019-04-15,-10465.955000000014
2019-04-16,-2284.909999999997
2019-04-17,6599.535000000048
2019-04-18,-5698.075000000002
2019-04-22,11128.754999999923
2019-04-23,9842.145000000019
2019-04-24,13601.195000000005
2019-04-25,8128.634999999944
2019-04-26,2479.5650000000956
2019-04-29,1817.7049999999717
2019-04-30,2107.5899999999847
2019-05-01,-11368.240000000027
2019-05-02,-3964.954999999931
2019-05-03,-1697.8550000000403
2019-05-06,14530.565000000004
2019-05-07,-6093.390000000047
2019-05-08,10252.600000000017
2019-05-09,9670.500000000011
2019-05-10,2305.6449999999813
2019-05-13,14258.04499999998
2019-05-14,-18651.89499999996
2019-05-15,1005.1250000000033
2019-05-16,1188.690000000012
2019-05-17,248.1800000000594
2019-05-20,-1229.0300000000673
2019-05-21,-6851.010000000027
2019-05-22,-14299.985000000019
2019-05-23,1480.8700000000083
2019-05-24,6797.234999999971
2019-05-27,-146.65999999994693
2019-05-28,-8771.475000000062
2019-05-29,-11449.859999999991
2019-05-30,-9977.939999999924
2019-05-31,4627.039999999954
2019-06-03,11170.014999999965
2019-06-04,-8752.454999999974
2019-06-05,-5248.354999999973
2019-06-06,6989.0899999999665
2019-06-07,1408.9350000000725
2019-06-10,3296.1499999999505
2019-06-11,1464.789999999949
2019-06-12,-9233.299999999992
2019-06-13,-681.4949999998984
2019-06-14,-1180.100000000164
2019-06-17,-10210.054999999931
2019-06-18,7270.294999999989
2019-06-19,-3356.760000000072
2019-06-20,9156.42500000008
2019-06-21,14367.529999999948
2019-06-24,26551.775000000023
2019-06-25,-5798.05999999997
2019-06-26,-6092.71000000004
2019-06-27,1127.7599999999788
2019-06-28,-174.27499999995962
2019-07-01,-14726.179999999964
2019-07-02,4819.190000000005
2019-07-03,951.8899999999833
2019-07-04,-2006.3000000000254
2019-07-05,-6585.214999999952
2019-07-08,-1620.4150000000668
2019-07-09,-3987.5949999999702
2019-07-10,14899.189999999966
2019-07-11,1011.1900000000066
2019-07-12,-946.0299999999932
2019-07-15,-9777.519999999984
2019-07-16,-15396.995000000019
2019-07-17,1627.989999999982
2019-07-18,-6369.899999999999
2019-07-19,1230.090000000025
2019-07-22,-8705.440000000015
2019-07-23,-9257.354999999952
2019-07-24,5427.444999999961
2019-07-25,-60.32499999998498
2019-07-26,-7539.1550000000325
2019-07-29,13254.590000000033
2019-07-30,857.5150000000507
2019-07-31,4.9199999999936495
2019-08-01,-12282.275000000018
2019-08-02,355.3299999999913
2019-08-05,-3610.8949999999854
2019-08-06,10525.62999999999
2019-08-07,-6376.0199999999695
2019-08-08,9010.814999999988
2019-08-09,8275.915000000054
2019-08-12,5986.699999999984
2019-08-13,41663.735000000015
2019-08-14,-15389.894999999984
2019-08-15,5812.444999999947
2019-08-16,-1095.9999999999336
2019-08-19,-11277.690000000062
2019-08-20,291.6450000000233
2019-08-21,37.27999999998763
2019-08-22,-8278.019999999937
2019-08-23,10754.269999999973
2019-08-26,-5850.335000000015
2019-08-27,4906.609999999981
2019-08-28,2844.55499999998
2019-08-29,30.11500000001672
2019-08-30,-6687.434999999998
2019-09-02,5074.614999999966
2019-09-03,11654.054999999958
2019-09-04,30423.635000000024
2019-09-05,-10110.699999999968
2019-09-06,-10622.875000000058
2019-09-09,5616.290000000049
2019-09-10,-5885.465000000021
2019-09-11,-21584.305000000008
2019-09-12,441.6450000000324
2019-09-13,6661.145000000015
2019-09-16,49684.38499999999
2019-09-17,-23832.315000000053
2019-09-18,-3912.08000000001
2019-09-19,110.60499999995145
2019-09-20,-296.1049999999412
2019-09-23,-3175.7500000000628
2019-09-24,-4981.499999999982
2019-09-25,-17242.749999999985
2019-09-26,-5561.219999999987
2019-09-27,-2593.2000000000253
2019-09-30,-9887.234999999988
2019-10-01,7451.559999999929
2019-10-02,-5961.699999999921
2019-10-03,7929.744999999982
2019-10-04,9533.944999999962
2019-10-07,-2355.664999999988
2019-10-08,370.32499999998856
2019-10-09,-5073.065000000001
2019-10-10,18113.045
2019-10-11,9534.125000000018
2019-10-14,2475.6949999999906
2019-10-15,-9286.774999999994
2019-10-16,-2532.6750000000293
2019-10-17,16413.00500000003
2019-10-18,-1494.2949999999682
2019-10-21,-9666.54000000005
2019-10-22,3470.4449999999924
2019-10-23,17811.105000000065
2019-10-24,10268.179999999995
2019-10-25,321.48499999998154
2019-10-28,7315.850000000018
2019-10-29,4146.089999999948
2019-10-30,662.2900000000496
2019-10-31,-1235.4150000000445
2019-11-01,23420.100000000013
2019-11-04,5703.1449999999695
2019-11-05,-8465.394999999962
2019-11-06,2523.3049999999735
2019-11-07,128.0600000000331
2019-11-08,-5833.799999999937
2019-11-11,-7617.80000000003
2019-11-12,2059.1999999999607
2019-11-13,3013.7400000000225
2019-11-14,617.885000000028
2019-11-15,3503.325000000042
2019-11-18,-243.90499999998633
2019-11-19,3628.8499999999804
2019-11-20,15563.584999999981
2019-11-21,-5786.589999999962
2019-11-22,-6592.650000000033
2019-11-25,-2558.8749999999663
2019-11-26,-4376.819999999972
2019-11-27,-2276.720000000065
2019-11-28,1251.8000000000432
2019-11-29,-11742.065000000017
2019-12-02,-2629.875000000043
2019-12-03,7910.400000000032
2019-12-04,-4982.355000000039
2019-12-05,7174.644999999992
2019-12-06,-19326.92999999999
2019-12-09,-0.79499999995042
2019-12-10,-1430.555000000007
2019-12-11,3441.0700000000675
2019-12-12,-3569.5849999999546
2019-12-13,15842.014999999923
2019-12-16,2047.5050000000097
2019-12-17,606.5050000000143
2019-12-18,-1773.5549999999826
2019-12-19,-3905.049999999976
2019-12-20,135.52500000000015
2019-12-23,-6379.785000000072
2019-12-24,9846.370000000026
2019-12-25,-275.3499999999801
2019-12-26,10130.354999999969
2019-12-27,4167.734999999994
2019-12-30,-4190.35500000005
2019-12-31,5344.80000000002
2020-01-01,-1007.9400000000174
2020-01-02,-2591.8650000000403
2020-01-03,20410.24500000004
2020-01-06,15950.145000000013
2020-01-07,13993.399999999992
2020-01-08,-30201.310000000063
2020-01-09,5850.915000000053
2020-01-10,9182.824999999986
2020-01-13,-16063.419999999953
2020-01-14,-630.4550000000235
2020-01-15,-1869.3649999999768
2020-01-16,-876.5550000000475
2020-01-17,-8905.07999999997
2020-01-20,-3177.940000000009
2020-01-21,4327.100000000035
2020-01-22,5005.679999999991
2020-01-23,-9665.210000000003
2020-01-24,15288.999999999978
2020-01-27,13630.619999999943
2020-01-28,-18588.354999999916
2020-01-29,8030.869999999976
2020-01-30,-2713.2199999999843
2020-01-31,16984.634999999984
2020-02-03,6029.779999999975
2020-02-04,-6758.654999999991
2020-02-05,-10706.254999999928
2020-02-06,-4699.200000000064
2020-02-07,7152.815000000029
2020-02-10,-8355.999999999929
2020-02-11,-10298.700000000084
2020-02-12,15766.845000000043
2020-02-13,2813.92500000003
2020-02-14,4906.459999999958
2020-02-17,4599.999999999962
2020-02-18,16008.890000000007
2020-02-19,9728.824999999993
2020-02-20,-10393.104999999981
2020-02-21,-3719.6700000000233
2020-02-24,-14120.435000000052
2020-02-25,-6223.474999999991
2020-02-26,-14499.02999999997
2020-02-27,-2075.575000000073
2020-02-28,-10777.415000000026
2020-03-02,11441.945000000002
2020-03-03,4919.525000000011
2020-03-04,93.9450000000237
2020-03-05,-17669.90000000002
2020-03-06,-17214.99999999992
2020-03-09,-4171.895000000073
2020-03-10,6617.790000000003
2020-03-11,-15990.565000000028
2020-03-12,-13237.414999999955
2020-03-13,4548.699999999998
2020-03-16,21241.789999999983
2020-03-17,24753.82500000001
2020-03-18,6057.3749999999945
2020-03-19,12249.574999999983
2020-03-20,9724.845000000014
2020-03-23,10425.870000000019
2020-03-24,11001.009999999987
2020-03-25,-5566.235000000009
2020-03-26,91.62000000002439
2020-03-27,4587.9049999999925
2020-03-30,12779.525000000001
2020-03-31,7855.344999999992
2020-04-01,-7709.209999999974
2020-04-02,-26745.520000000015
2020-04-03,-7240.255000000034
2020-04-06,-4088.5499999999824
2020-04-07,-4196.619999999999
2020-04-08,1112.5350000000003
2020-04-09,9811.599999999995
2020-04-13,-4220.555000000007
2020-04-14,811.7899999999883
2020-04-15,5556.1100000000315
2020-04-16,-993.9549999999798
2020-04-17,8374.719999999967
2020-04-20,12953.515000000027
2020-04-21,33952.035
2020-04-22,-14877.919999999987
2020-04-23,-14486.164999999999
2020-04-24,-7175.295000000011
2020-04-27,15582.979999999994
2020-04-28,-1685.099999999996
2020-04-29,-18686.554999999997
2020-04-30,1784.3049999999994
2020-05-01,-9127.955000000005
2020-05-04,3668.9449999999924
2020-05-05,-4611.820000000003
2020-05-06,6651.099999999984
2020-05-07,3481.825000000024
2020-05-08,1962.7799999999925
2020-05-11,-3721.2100000000028
2020-05-12,-7027.61999999999
2020-05-13,-18161.765000000018
2020-05-14,-1864.7499999999868
2020-05-15,-11272.23999999999
2020-05-18,14623.190000000015
2020-05-19,-217.85500000000195
2020-05-20,4980.039999999989
2020-05-21,1965.8449999999732
2020-05-22,-8115.884999999982
2020-05-25,481.4000000000269
2020-05-26,13582.18999999997
2020-05-27,-2625.1650000000013
2020-05-28,-9417.154999999988
2020-05-29,71.08000000001083
2020-06-01,-6998.610000000028
2020-06-02,1595.7350000000035
2020-06-03,8864.845000000028
2020-06-04,3507.0149999999953
2020-06-05,-1014.0849999999987
2020-06-08,-1143.0850000000207
2020-06-09,2286.644999999976
2020-06-10,-1076.6549999999665
2020-06-11,-1826.655000000022
2020-06-12,212.09000000000935
2020-06-15,-1916.38499999999
2020-06-16,-4255.710000000016
2020-06-17,-838.2199999999805
2020-06-18,-1321.560000000015
2020-06-19,-4534.095000000017
2020-06-22,7660.164999999983
2020-06-23,25.045000000024285
2020-06-24,-1587.294999999994
2020-06-25,-839.1549999999958
2020-06-26,-2508.4549999999954
2020-06-29,5501.070000000002
2020-06-30,3871.5349999999953
2020-07-01,3455.47000000001
2020-07-02,-4843.585000000012
2020-07-03,-1095.7999999999918
2020-07-06,11904.124999999969
2020-07-07,2542.0800000000077
2020-07-08,7467.28000000002
2020-07-09,57.159999999982915
2020-07-10,-2728.4100000000158
2020-07-13,-17909.029999999995
2020-07-14,4441.434999999994
2020-07-15,8697.890000000003
2020-07-16,-5376.954999999978
2020-07-17,4268.579999999985
2020-07-20,-7882.949999999983
2020-07-21,-18272.800000000007
2020-07-22,-3333.049999999978
2020-07-23,1111.479999999993
2020-07-24,411.54999999995164
2020-07-27,-26900.79499999995
2020-07-28,4798.834999999973
2020-07-29,1141.9899999999793
2020-07-30,-6259.754999999973
2020-07-31,1361.8250000000144
2020-08-03,18067.884999999987
2020-08-04,-12802.865000000005
2020-08-05,3702.770000000047
2020-08-06,6503.644999999956
2020-08-07,-16500.05499999996
2020-08-10,-473.51000000004046
2020-08-11,15826.300000000012
2020-08-12,3076.3450000000225
2020-08-13,-7025.530000000025
2020-08-14,9620.634999999995
2020-08-17,11747.84499999999
2020-08-18,1190.6950000000168
2020-08-19,15148.034999999982
2020-08-20,-10818.404999999962
2020-08-21,-973.7200000000406
2020-08-24,-309.9099999999655
2020-08-25,3939.7449999999762
2020-08-26,-2699.67500000001
2020-08-27,11545.100000000011
2020-08-28,-5254.155000000011
2020-08-31,1886.470000000006
2020-09-01,2703.499999999976
2020-09-02,9205.880000000032
2020-09-03,928.4450000000048
2020-09-04,9053.989999999987
2020-09-07,2762.0000000000496
2020-09-08,10874.23499999993
2020-09-09,-235.86499999998418
2020-09-10,9524.800000000014
2020-09-11,16985.699999999975
2020-09-14,-2926.949999999973
2020-09-15,-8399.565000000006
2020-09-16,10724.029999999995
2020-09-17,23697.744999999933
2020-09-18,16640.645000000033
2020-09-21,-7633.620000000039
2020-09-22,9476.650000000021
2020-09-23,299.3000000000211
2020-09-24,-14071.075000000015
2020-09-25,5798.890000000023
2020-09-28,5384.734999999987
2020-09-29,-1391.2099999999898
2020-09-30,18593.54499999999
2020-10-01,-3774.1299999999787
2020-10-02,6822.189999999984
2020-10-05,11.235000000012278
2020-10-06,19197.10000000001
2020-10-07,11593.09999999996
2020-10-08,-5318.499999999978
2020-10-09,-3704.1099999999897
2020-10-12,-14859.955000000022
2020-10-13,961.8450000000042
2020-10-14,5360.84499999999
2020-10-15,9881.045000000007
2020-10-16,-1937.2999999999834
2020-10-19,-4367.294999999987
2020-10-20,4682.145000000005
2020-10-21,4075.1699999999864
2020-10-22,-8776.164999999983
2020-10-23,12086.834999999977
2020-10-26,-4909.675000000007
2020-10-27,-5297.509999999978
2020-10-28,-14519.005000000012
2020-10-29,4203.089999999981
2020-10-30,-3200.874999999948
2020-11-02,1217.389999999989
2020-11-03,-2995.764999999978
2020-11-04,10843.09000000001
2020-11-05,15964.534999999989
2020-11-06,-4586.710000000008
2020-11-09,5240.045000000058
2020-11-10,10276.579999999954
2020-11-11,-5447.764999999996
2020-11-12,-5661.209999999992
2020-11-13,127.08999999998764
2020-11-16,12385.650000000021
2020-11-17,7644.0899999999765
2020-11-18,-767.4349999999531
2020-11-19,-6795.210000000019
2020-11-20,5196.279999999992
2020-11-23,10461.564999999975
2020-11-24,6435.000000000002
2020-11-25,-12397.609999999991
2020-11-26,2500.779999999966
2020-11-27,10250.334999999981
2020-11-30,-15037.17000000001
2020-12-01,4046.7999999999747
2020-12-02,1056.100000000021
2020-12-03,775.0450000000075
2020-12-04,-6456.8999999999905
2020-12-07,-5077.800000000026
2020-12-08,-4681.254999999997
2020-12-09,12274.090000000024
2020-12-10,-964.3550000000038
2020-12-11,3522.144999999997
2020-12-14,-2272.400000000036
2020-12-15,5738.700000000079
2020-12-16,5664.999999999925
2020-12-17,13623.680000000062
2020-12-18,8604.645000000006
2020-12-21,2381.0049999999933
2020-12-22,-7438.12000000003
2020-12-23,25569.060000000016
2020-12-24,2778.399999999996
2020-12-28,8510.069999999994
2020-12-29,10382.999999999984
2020-12-30,9539.29000000001
2020-12-31,9577.899999999983
2021-01-04,-8213.26499999999
2021-01-05,28488.599999999995
2021-01-06,4315.325000000047
2021-01-07,774.7449999999684
2021-01-08,2644.7800000000075
2021-01-11,-19979.619999999966
2021-01-12,36137.29499999997
2021-01-13,-6287.115000000017
2021-01-14,15790.074999999986
2021-01-15,-9112.500000000018
2021-01-18,4750.760000000032
2021-01-19,-3238.15000000002
2021-01-20,-467.6000000000063
2021-01-21,-624.404999999989
2021-01-22,-25474.59999999995
2021-01-25,11203.24999999997
2021-01-26,12390.19999999999
2021-01-27,-7546.600000000017
2021-01-28,5537.54500000004
2021-01-29,13187.979999999978
2021-02-01,-6165.065000000013
2021-02-02,-11090.110000000017
2021-02-03,9455.524999999994
2021-02-04,-7678.600000000008
2021-02-05,8177.200000000027
2021-02-08,14687.579999999964
2021-02-09,-2108.1749999999884
2021-02-10,-14093.209999999994
2021-02-11,9749.44500000002
2021-02-12,4545.660000000017
2021-02-15,-418.6200000000102
2021-02-16,9619.514999999974
2021-02-17,98.93500000000209
2021-02-18,12684.564999999973
2021-02-19,2551.6800000000335
2021-02-22,20322.224999999995
2021-02-23,11543.480000000003
2021-02-24,12327.029999999973
2021-02-25,-6241.299999999978
2021-02-26,-3829.4600000000214
2021-03-01,4884.379999999997
2021-03-02,2338.08
2021-03-03,-3940.099999999985
2021-03-04,-1405.2999999999838
2021-03-05,20702.54499999994
2021-03-08,-290.309999999981
2021-03-09,-266.25499999998243
2021-03-10,-3101.9000000000224
2021-03-11,17502.200000000004
2021-03-12,4495.295000000018
2021-03-15,1545.2549999999464
2021-03-16,-2180.699999999927
2021-03-17,219.7799999999449
2021-03-18,-30189.16999999996
2021-03-19,15673.04999999994
2021-03-22,-5384.919999999986
2021-03-23,-22856.75500000003
2021-03-24,22309.890000000032
2021-03-25,-12448.04000000001
2021-03-26,5726.8450000000275
2021-03-29,104.24499999997158
2021-03-30,-1934.199999999998
2021-03-31,6680.280000000008
2021-04-01,1088.7249999999854
2021-04-02,0.0
2021-04-05,-11261.555000000026
2021-04-06,1537.490000000003
2021-04-07,1845.9450000000202
2021-04-08,5405.099999999955
2021-04-09,22.690000000043476
2021-04-12,-6099.620000000033
2021-04-13,7251.790000000021
2021-04-14,24591.99000000001
2021-04-15,-303.8550000000149
2021-04-16,-10375.414999999985
2021-04-19,11890.049999999956
2021-04-20,201.74499999999728
2021-04-21,3541.770000000062
2021-04-22,4782.289999999949
2021-04-23,8388.084999999997
2021-04-26,-4708.395000000012
2021-04-27,4389.6450000000095
2021-04-28,9186.899999999987
2021-04-29,2191.3999999999714
2021-04-30,2051.0600000000513
2021-05-03,23948.42500000006
2021-05-04,14875.044999999995
2021-05-05,-9396.410000000053
2021-05-06,6448.445000000026
2021-05-07,-3190.955000000004
2021-05-10,1028.5349999999842
2021-05-11,5866.680000000017
2021-05-12,707.6999999999998
2021-05-13,-14488.554999999962
2021-05-14,8359.445
2021-05-17,8980.900000000009
2021-05-18,3168.1999999999944
2021-05-19,-9483.970000000025
2021-05-20,-5882.270000000007
2021-05-21,11075.599999999997
2021-05-24,16007.219999999996
2021-05-25,-496.75499999997544
2021-05-26,2654.199999999964
2021-05-27,6788.645000000058
2021-05-28,561.2049999999928
2021-05-31,2108.78999999999
2021-06-01,9935.89000000006
2021-06-02,3088.3799999999187
2021-06-03,-12341.619999999974
2021-06-04,13428.444999999985
2021-06-07,503.7900000000352
2021-06-08,4417.444999999967
2021-06-09,-6561.754999999968
2021-06-10,-0.4000000000205546
2021-06-11,-17592.920000000006
2021-06-14,-11412.920000000024
2021-06-15,12511.400000000032
2021-06-16,-22446.230000000003
2021-06-17,-3044.340000000012
2021-06-18,-6827.395000000017
2021-06-21,5525.239999999986
2021-06-22,1464.8800000000442
2021-06-23,-4570.4950000000335
2021-06-24,-1577.2849999999917
2021-06-25,-234.19500000005578
2021-06-28,-3473.6999999999675
2021-06-29,-2416.1700000000656
2021-06-30,-10896.419999999951
2021-07-01,2818.5349999999776
2021-07-02,15362.300000000021
2021-07-05,4985.199999999991
2021-07-06,-7983.1000000000495
2021-07-07,-1359.8649999998966
2021-07-08,8403.144999999931
2021-07-09,11924.13499999999
2021-07-12,-5546.254999999932
2021-07-13,4994.445000000035
2021-07-14,-8203.200000000028
2021-07-15,-9495.555000000051
2021-07-16,-12812.974999999944
2021-07-19,-21080.33999999998
2021-07-20,-2442.954999999951
2021-07-21,10774.25499999994
2021-07-22,13727.750000000058
2021-07-23,6047.799999999957
2021-07-26,2379.9050000000034
2021-07-27,-501.6100000000001
2021-07-28,-6766.154999999939
2021-07-29,12227.479999999981
2021-07-30,1556.2799999999818
2021-08-02,-14927.495000000052
2021-08-03,-5926.430000000032
2021-08-04,-23077.6749999999
2021-08-05,9337.699999999939
2021-08-06,-9831.299999999932
2021-08-09,-4419.920000000084
2021-08-10,-2439.6299999999537
2021-08-11,19992.824999999986
2021-08-12,44.74500000000546
2021-08-13,-2041.8300000000243
2021-08-16,-8179.555000000034
2021-08-17,-5678.799999999974
2021-08-18,-11603.61999999998
2021-08-19,-11680.649999999981
2021-08-20,1354.8049999999478
2021-08-23,15181.279999999933
2021-08-24,13367.96000000006
2021-08-25,15357.680000000026
2021-08-26,-18083.685000000063
2021-08-27,19268.635000000028
2021-08-30,6818.415000000028
2021-08-31,-3957.4850000000197
2021-09-01,549.48999999998
2021-09-02,6277.900000000039
2021-09-03,1432.8799999999937
2021-09-06,-2208.6000000000363
2021-09-07,-11124.074999999948
2021-09-08,-3112.1200000000454
2021-09-09,-2798.47500000002
2021-09-10,-6665.08
2021-09-13,13599.900000000049
2021-09-14,1289.1999999998916
2021-09-15,5336.64500000009
2021-09-16,-3672.4950000000645
2021-09-17,-2239.664999999957
2021-09-20,-980.1499999999885
2021-09-21,-313.355000000057
2021-09-22,-5240.694999999969
2021-09-23,18206.42500000004
2021-09-24,3045.424999999932
2021-09-27,30269.605000000025
2021-09-28,-3120.684999999981
2021-09-29,2573.9899999999984
2021-09-30,18227.724999999977
2021-10-01,-1008.8549999999149
2021-10-04,1443.2700000000236
2021-10-05,11858.444999999907
2021-10-06,-10275.899999999992
2021-10-07,-5946.639999999934
2021-10-08,-230.59499999998926
2021-10-11,-2535.074999999962
2021-10-12,-909.2199999999152
2021-10-13,-6496.120000000074
2021-10-14,-6346.884999999971
2021-10-15,4811.800000000032
2021-10-18,-4403.84000000003
2021-10-19,-2057.319999999999
2021-10-20,1222.5650000000483
2021-10-21,-370.4000000000742
2021-10-22,-4125.609999999923
2021-10-25,-14050.359999999971
2021-10-26,-4733.930000000076
2021-10-27,-6069.985000000053
2021-10-28,302.0000000000855
2021-10-29,7015.304999999938
2021-11-01,144.38000000001148
2021-11-02,-5532.275000000009
2021-11-03,-1769.439999999915
2021-11-04,-1822.440000000045
2021-11-05,-8377.819999999972
2021-11-08,6771.070000000002
2021-11-09,-11165.000000000051
2021-11-10,-7119.154999999965
2021-11-11,-2381.519999999987
2021-11-12,-4036.4650000000643
2021-11-15,-4306.129999999995
2021-11-16,8237.700000000006
2021-11-17,-9984.46999999999
2021-11-18,-3575.750000000012
2021-11-19,-16720.94499999996
2021-11-22,-1610.4349999999938
2021-11-23,-2451.284999999973
2021-11-24,-4013.8200000000634
2021-11-25,-197.96499999997116
2021-11-26,6857.289999999998
2021-11-29,10264.924999999941
2021-11-30,9598.280000000013
2021-12-01,285.5350000000278
2021-12-02,-15202.50000000006
2021-12-03,-675.7100000000473
2021-12-06,-2441.8099999999413
2021-12-07,2170.799999999989
2021-12-08,3749.800000000033
2021-12-09,12934.545
2021-12-10,-11881.68499999999
2021-12-13,-47.42000000001009
2021-12-14,9820.845000000001
2021-12-15,8308.399999999943
2021-12-16,-17663.09999999993
2021-12-17,2086.244999999935
2021-12-20,3160.525000000005
2021-12-21,-17832.075000000004
2021-12-22,-12265.885000000013
2021-12-23,-11441.094999999972
2021-12-27,-5802.130000000064
2021-12-28,3476.7499999999995
2021-12-29,-9100.429999999995
2021-12-30,4277.57000000011
2021-12-31,1710.7349999999153
2022-01-03,11209.335000000046
2022-01-04,-5996.700000000044
2022-01-05,3791.7900000000027
2022-01-06,9413.800000000025
2022-01-07,-3895.7100000000264
2022-01-10,12781.600000000042
2022-01-11,-14303.654999999988
2022-01-12,-8078.29999999996
2022-01-13,2863.0749999998734
2022-01-14,19.98999999999418
2022-01-17,421.2899999999818
2022-01-18,-7604.82000000002
2022-01-19,-30099.009999999944
2022-01-20,-18171.670000000035
2022-01-21,10519.699999999957
2022-01-24,9629.390000000012
2022-01-25,-9157.800000000028
2022-01-26,7219.300000000035
2022-01-27,24899.345000000012
2022-01-28,5177.599999999946
2022-01-31,-7069.019999999938
2022-02-01,-16909.930000000066
2022-02-02,-1912.9200000000096
2022-02-03,-513.1999999999919
2022-02-04,-13038.799999999963
2022-02-07,-9387.710000000001
2022-02-08,-4420.074999999995
2022-02-09,-15621.185000000092
2022-02-10,12211.935000000074
2022-02-11,-5276.15500000002
2022-02-14,-5877.054999999972
2022-02-15,9470.434999999965
2022-02-16,-10818.929999999955
2022-02-17,-15498.700000000004
2022-02-18,-990.6400000000069
2022-02-21,1780.5799999999865
2022-02-22,-17092.355000000058
2022-02-23,-5101.584999999924
2022-02-24,1655.0650000000248
2022-02-25,16639.59
2022-02-28,-9804.195000000002
2022-03-01,-28607.35500000005
2022-03-02,-2782.0199999998836
2022-03-03,-3795.9550000000445
2022-03-04,1956.0799999999285
2022-03-07,4032.6800000001226
2022-03-08,13262.879999999936
2022-03-09,22702.920000000027
2022-03-10,15596.719999999987
2022-03-11,-6196.910000000053
2022-03-14,-9966.769999999966
2022-03-15,7102.334999999999
2022-03-16,-6178.609999999987
2022-03-17,-11583.255000000041
2022-03-18,-508.3049999999686
2022-03-21,-18574.84999999997
2022-03-22,7387.745000000007
2022-03-23,-18186.81999999999
2022-03-24,816.0899999999465
2022-03-25,-3826.010000000037
2022-03-28,7660.590000000011
2022-03-29,-5740.009999999937
2022-03-30,-168.91000000006488
2022-03-31,26322.234999999982
2022-04-01,12847.100000000062
2022-04-04,-5021.000000000007
2022-04-05,16069.7
2022-04-06,7901.090000000018
2022-04-07,13.499999999996362
2022-04-08,-10804.110000000006
2022-04-11,11618.789999999997
2022-04-12,-27969.199999999983
2022-04-13,-5140.300000000025
2022-04-14,-2144.1099999999883
2022-04-18,-5203.339999999972
2022-04-19,13104.799999999981
2022-04-20,-4602.710000000006
2022-04-21,-1919.419999999964
2022-04-22,10303.699999999979
2022-04-25,35659.58999999992
2022-04-26,-4202.704999999882
2022-04-27,2131.380000000012
2022-04-28,-6033.5550000000485
2022-04-29,14654.235000000015
2022-05-02,11107.199999999932
2022-05-03,7400.430000000075
2022-05-04,-13581.999999999987
2022-05-05,-4454.565000000045
2022-05-06,-10404.694999999965
2022-05-09,23812.344999999972
2022-05-10,16947.960000000017
2022-05-11,-20230.619999999977
2022-05-12,-12531.564999999962
2022-05-13,-19286.46500000003
2022-05-16,-14694.124999999998
2022-05-17,-6796.319999999982
2022-05-18,12148.005000000008
2022-05-19,-4639.409999999969
2022-05-20,-7991.775000000018
2022-05-23,6186.045000000035
2022-05-24,-78.90000000000236
2022-05-25,5115.479999999985
2022-05-26,-13344.855000000016
2022-05-27,-15003.909999999954
2022-05-30,-3697.3100000000504
2022-05-31,19119.980000000036
2022-06-01,11811.97999999997
2022-06-02,-35716.16499999996
2022-06-03,13403.480000000032
2022-06-06,4487.500000000035
2022-06-07,-2432.305000000007
2022-06-08,-3374.2650000000244
2022-06-09,9949.035000000025
2022-06-10,-435.9849999999932
2022-06-13,2963.335000000014
2022-06-14,-8769.85000000001
2022-06-15,10101.42500000003
2022-06-16,-8718.385000000078
2022-06-17,14190.635000000024
2022-06-20,-3767.709999999993
2022-06-21,11856.690000000033
2022-06-22,8406.979999999916
2022-06-23,24469.869999999984
2022-06-24,-12792.619999999992
2022-06-27,4827.870000000031
2022-06-28,-5190.199999999975
2022-06-29,6509.139999999945
2022-06-30,14439.735000000017
2022-07-01,2585.9399999999623
2022-07-04,3611.200000000018
2022-07-05,7712.16000000001
2022-07-06,3748.8900000000303
2022-07-07,-12114.605000000047
2022-07-08,2452.5050000000165
2022-07-11,15959.14500000002
2022-07-12,13537.690000000011
2022-07-13,-4672.200000000009
2022-07-14,2270.090000000011
2022-07-15,4868.799999999957
2022-07-18,-10395.509999999977
2022-07-19,64.99999999997817
2022-07-20,4257.484999999975
2022-07-21,-5114.730000000024
2022-07-22,6401.545000000013
2022-07-25,-2287.8200000000065
2022-07-26,85.38000000003156
2022-07-27,14173.599999999973
2022-07-28,-5944.309999999929
2022-07-29,-4797.255000000047
2022-08-01,-3732.5749999999166
2022-08-02,-2365.595000000079
2022-08-03,9232.544999999986
2022-08-04,-18934.854999999956
2022-08-05,-5302.640000000042
2022-08-08,-2372.8549999999805
2022-08-09,9806.360000000037
2022-08-10,8255.200000000003
2022-08-11,7697.1999999999825
2022-08-12,5052.159999999977
2022-08-15,-6462.999999999936
2022-08-16,13909.200000000008
2022-08-17,6276.979999999965
2022-08-18,11379.69
2022-08-19,3709.9600000000155
2022-08-22,13114.069999999974
2022-08-23,-3133.8599999999574
2022-08-24,-1527.240000000033
2022-08-25,986.3450000000322
2022-08-26,3063.089999999991
2022-08-29,-18868.199999999983
2022-08-30,3543.759999999921
2022-08-31,-2429.0800000000017
2022-09-01,-4353.9999999999445
2022-09-02,5100.544999999953
2022-09-05,3137.0000000000246
2022-09-06,-9319.255000000056
2022-09-07,2429.400000000049
2022-09-08,5917.800000000007
2022-09-09,1115.800000000007
2022-09-12,24186.959999999985
2022-09-13,-6049.895000000005
2022-09-14,-5229.599999999959
2022-09-15,-4160.855000000033
2022-09-16,-4401.405000000024
2022-09-19,8334.26500000003
2022-09-20,158.68999999998536
2022-09-21,-4726.399999999971
2022-09-22,-2930.600000000054
2022-09-23,-14714.874999999929
2022-09-26,3586.0599999999636
2022-09-27,6208.200000000039
2022-09-28,5458.059999999929
2022-09-29,1559.9000000000196
2022-09-30,-10019.654999999964
2022-10-03,16197.28000000001
2022-10-04,17008.134999999987
2022-10-05,5891.8699999999635
2022-10-06,12988.990000000043
2022-10-07,6.1149999999777265
2022-10-10,-3616.8000000000347
2022-10-11,7468.179999999971
2022-10-12,6574.36000000002
2022-10-13,5003.114999999964
2022-10-14,-7555.7499999999745
2022-10-17,1182.469999999962
2022-10-18,-125.45499999996544
2022-10-19,13877.734999999971
2022-10-20,7927.615000000039
2022-10-21,-3212.910000000009
2022-10-24,5792.644999999955
2022-10-25,-2575.509999999966
2022-10-26,-5199.729999999964
2022-10-27,-2850.9100000000963
2022-10-28,-2593.4849999999115
2022-10-31,-11519.000000000015
2022-11-01,8989.14499999995
2022-11-02,45.60000000008495
2022-11-03,9981.799999999917
2022-11-04,6130.600000000017
2022-11-07,-7646.074999999973
2022-11-08,10805.134999999922
2022-11-09,-4918.909999999994
2022-11-10,-318.4100000000073
2022-11-11,10786.035
2022-11-14,-7289.5250000000315
2022-11-15,5934.199999999992
2022-11-16,-2444.4650000000424
2022-11-17,-4719.174999999944
2022-11-18,932.0499999999574
2022-11-21,-763.2499999999761
2022-11-22,219.6999999999898
2022-11-23,-7002.099999999953
2022-11-24,473.7799999999818
2022-11-25,473.3750000000371
2022-11-28,-3773.5099999999916
2022-11-29,4410.179999999949
2022-11-30,11968.380000000046
2022-12-01,-10722.88000000004
2022-12-02,10293.625000000016
2022-12-05,4646.234999999953
2022-12-06,-9634.37499999993
2022-12-07,-15256.665000000015
2022-12-08,1438.14500000002
2022-12-09,-2690.399999999985
2022-12-12,-9217.055000000017
2022-12-13,12603.189999999939
2022-12-14,10982.280000000072
2022-12-15,-10436.965000000026
2022-12-16,7468.090000000006
2022-12-19,8513.970000000007
2022-12-20,-3628.475000000028
2022-12-21,11861.835000000023
2022-12-22,-254.09499999999153
2022-12-23,3675.924999999987
2022-12-26,7477.979999999998
2022-12-27,2386.1499999999505
2022-12-28,-893.0299999999613
2022-12-29,8857.035000000003
2022-12-30,1241.0449999999992
2023-01-02,4101.490000000008
2023-01-03,-19137.410000000003
2023-01-04,12537.535000000014
2023-01-05,291.99000000000774
2023-01-06,13657.600000000026
2023-01-09,9220.779999999999
2023-01-10,10764.024999999941
2023-01-11,2410.4250000000334
2023-01-12,1296.7349999999528
2023-01-13,12429.935000000078
2023-01-16,-8459.600000000024
2023-01-17,-4000.5549999999657
2023-01-18,1494.3799999999728
2023-01-19,11596.725000000042
2023-01-20,9353.955000000047
2023-01-23,6875.590000000018
2023-01-24,-3150.2750000000615
2023-01-25,-4876.839999999961
2023-01-26,3787.1249999999945
2023-01-27,-5392.254999999953
2023-01-30,7032.144999999945
2023-01-31,2857.72500000002
2023-02-01,-7410.349999999885
2023-02-02,-3032.8199999999724
2023-02-03,-15083.484999999991
2023-02-06,-9362.81000000002
2023-02-07,2311.844999999974
2023-02-08,-2551.2099999999878
2023-02-09,-3986.810000000034
2023-02-10,-10175.109999999955
2023-02-13,12231.289999999992
2023-02-14,1006.6899999999721
2023-02-15,-2711.8100000000445
2023-02-16,-274.78499999988566
2023-02-17,3620.049999999843
2023-02-20,3265.780000000028
2023-02-21,21768.945000000083
2023-02-22,-5732.874999999976
2023-02-23,-9000.890000000025
2023-02-24,6962.41499999999
2023-02-27,2407.825000000046
2023-02-28,3850.459999999971
2023-03-01,6968.400000000057
2023-03-02,-6147.219999999927
2023-03-03,2336.999999999912
2023-03-06,15437.745
2023-03-07,-5904.30000000007
2023-03-08,11433.045000000018
2023-03-09,4966.21000000006
2023-03-10,6492.100000000013
2023-03-13,-13771.819999999972
2023-03-14,-3782.4549999999913
2023-03-15,-19533.510000000006
2023-03-16,-5231.464999999949
2023-03-17,14476.544999999931
2023-03-20,2458.9649999999756
2023-03-21,-6284.375000000026
2023-03-22,4840.80000000008
2023-03-23,-2246.6400000000704
2023-03-24,5679.779999999931
2023-03-27,15426.045000000047
2023-03-28,4599.135000000055
2023-03-29,-3583.6000000000677
2023-03-30,14071.200000000015
2023-03-31,12351.69000000004
2023-04-03,-3944.455000000082
2023-04-04,-3006.4549999999776
2023-04-05,1884.7450000000176
2023-04-06,3587.444999999994
2023-04-07,0.0
2023-04-10,2343.745000000043
2023-04-11,1046.2449999999508
2023-04-12,12337.399999999994
2023-04-13,3257.5799999999726
2023-04-14,-9726.90999999992
2023-04-17,372.62500000001876
2023-04-18,-7845.35500000001
2023-04-19,-4126.294999999955
2023-04-20,-6108.809999999993
2023-04-21,-13698.710000000063
2023-04-24,825.0150000000345
2023-04-25,-13828.664999999963
2023-04-26,3829.9449999999015
2023-04-27,-10425.829999999947
2023-04-28,8373.39000000002
2023-05-01,7696.579999999998
2023-05-02,-19567.575000000048
2023-05-03,-10054.375000000002
2023-05-04,-1863.319999999931
2023-05-05,3010.1249999999986
2023-05-08,2372.7700000000036
2023-05-09,1503.23500000002
2023-05-10,360.0700000000211
2023-05-11,-30466.530000000002
2023-05-12,-5382.4750000000095
2023-05-15,9047.415000000065
2023-05-16,-16375.385000000033
2023-05-17,-5711.445000000023
2023-05-18,-16482.60999999994
2023-05-19,2188.714999999976
2023-05-22,15969.34500000001
2023-05-23,-16534.165
2023-05-24,1980.3950000000457
2023-05-25,-2800.210000000041
2023-05-26,4368.480000000013
2023-05-29,-1314.920000000002
2023-05-30,12493.07
2023-05-31,14616.289999999915
2023-06-01,27872.750000000116
2023-06-02,18514.01499999993
2023-06-05,-2135.7750000000083
2023-06-06,18739.099999999995
2023-06-07,-6839.854999999992
2023-06-08,-4395.609999999962
2023-06-09,4668.490000000001
2023-06-12,3674.589999999903
2023-06-13,13317.84500000005
2023-06-14,-7827.955000000026
2023-06-15,8817.40499999998
2023-06-16,7686.725000000045
2023-06-19,-3915.030000000045
2023-06-20,8156.125000000009
2023-06-21,11687.334999999985
2023-06-22,-18661.319999999912
2023-06-23,-30868.025000000027
2023-06-26,4844.369999999948
2023-06-27,2228.799999999973
2023-06-28,7599.214999999989
2023-06-29,3830.3800000000765
2023-06-30,14393.579999999964
2023-07-03,-3722.499999999982
2023-07-04,3828.8000000000484
2023-07-05,-2633.0100000000375
2023-07-06,11443.689999999975
2023-07-07,1357.1999999999493
2023-07-10,582.7900000000436
2023-07-11,11765.490000000016
2023-07-12,-18044.200000000055
2023-07-13,-1411.3199999999035
2023-07-14,7648.144999999911
2023-07-17,5169.344999999994
2023-07-18,15885.200000000048
2023-07-19,6274.300000000008
2023-07-20,-1265.1950000000288
2023-07-21,7840.290000000007
2023-07-24,3062.31500000001
2023-07-25,-13692.91
2023-07-26,14190.299999999934
2023-07-27,7591.245000000125
2023-07-28,-776.9550000001199
2023-07-31,-10895.275000000003
2023-08-01,21069.400000000045
2023-08-02,-4144.199999999988
2023-08-03,-9278.400000000036
2023-08-04,8901.499999999993
2023-08-07,-7741.45499999997
2023-08-08,5409.799999999983
2023-08-09,-1223.1000000000458
2023-08-10,6866.584999999967
2023-08-11,-6026.864999999945
2023-08-14,2367.524999999945
2023-08-15,422.1999999999912
2023-08-16,8498.91
2023-08-17,-3892.505000000042
2023-08-18,6944.390000000091
2023-08-21,-8271.575000000117
2023-08-22,-10554.90000000005
2023-08-23,-130.09999999992533
2023-08-24,17124.945000000007
2023-08-25,8732.050000000007
2023-08-28,2755.740000000041
2023-08-29,-3982.5550000000444
2023-08-30,-2280.930000000016
2023-08-31,-977.3699999999981
2023-09-01,-2309.3749999999204
2023-09-04,7178.900000000034
2023-09-05,5105.589999999958
2023-09-06,11883.434999999934
2023-09-07,8169.400000000078
2023-09-08,4014.399999999959
2023-09-11,10944.669999999967
2023-09-12,-14913.599999999915
2023-09-13,4665.044999999976
2023-09-14,7284.599999999975
2023-09-15,-7687.36499999998
2023-09-18,-12570.51000000006
2023-09-19,14992.80000000001
2023-09-20,10656.239999999963
2023-09-21,-15001.654999999964
2023-09-22,-391.9499999999141
2023-09-25,5470.944999999944
2023-09-26,-13176.309999999938
2023-09-27,-12543.81000000008
2023-09-28,13285.244999999977
2023-09-29,-8611.81500000001
2023-10-02,21666.825000000077
2023-10-03,-3460.6249999999613
2023-10-04,19937.48000000004
2023-10-05,-5077.560000000037
2023-10-06,-2020.8350000000285
2023-10-09,-19974.514999999985
2023-10-10,7639.080000000041
2023-10-11,24136.180000000037
2023-10-12,13452.100000000042
2023-10-13,2333.879999999974
2023-10-16,-1342.885000000036
2023-10-17,6294.015000000015
2023-10-18,6484.8000000000175
2023-10-19,-1098.4750000000545
2023-10-20,2602.5349999999717
2023-10-23,-11038.799999999934
2023-10-24,4338.989999999965
2023-10-25,2962.3050000000194
2023-10-26,-10269.954999999993
2023-10-27,-151.8549999999758
2023-10-30,10937.74499999996
2023-10-31,253.844999999964
2023-11-01,-1511.6099999999662
2023-11-02,-147.40999999990322
2023-11-03,10239.744999999935
2023-11-06,-6167.455000000011
2023-11-07,19733.600000000006
2023-11-08,9112.799999999923
2023-11-09,-11888.81499999995
2023-11-10,-6322.414999999978
2023-11-13,-9171.105000000112
2023-11-14,8088.235000000052
2023-11-15,-3162.9200000000646
2023-11-16,16066.700000000106
2023-11-17,-11344.854999999998
2023-11-20,-5576.965000000064
2023-11-21,-11685.35499999997
2023-11-22,5251.455000000029
2023-11-23,2380.944999999966
2023-11-24,-16740.109999999986
2023-11-27,-2023.855000000031
2023-11-28,-2320.4550000000145
2023-11-29,-3141.494999999993
2023-11-30,-1206.2349999999942
2023-12-01,-3505.500000000033
2023-12-04,2388.4000000000638
2023-12-05,3908.189999999968
2023-12-06,11865.245000000026
2023-12-07,-3254.855000000059
2023-12-08,1637.9600000000464
2023-12-11,6256.9900000000025
2023-12-12,5733.599999999989
2023-12-13,-15955.19999999995
2023-12-14,-5727.709999999989
2023-12-15,1067.3899999999205
2023-12-18,1905.4050000000345
2023-12-19,-19527.55499999997
2023-12-20,-737.5100000000165
2023-12-21,1594.2450000000313
2023-12-22,12660.159999999956
2023-12-25,-1927.295000000077
2023-12-26,-1522.8649999999195
2023-12-27,5080.9349999999895
2023-12-28,12308.744999999979
2023-12-29,-6266.799999999912
2024-01-01,3393.499999999982
2024-01-02,1380.2349999999608
2024-01-03,-10338.41
2024-01-04,19159.79999999993
2024-01-05,-6176.70999999997
2024-01-08,9356.300000000057
2024-01-09,7236.299999999999
2024-01-10,-2806.5549999999685
2024-01-11,-12339.900000000063
2024-01-12,7451.889999999985
2024-01-15,-9622.399999999941
2024-01-16,-4514.820000000042
2024-01-17,-4999.80999999999
2024-01-18,-10118.895000000013
2024-01-19,-7605.469999999988
2024-01-22,-3538.6350000000193
2024-01-23,9321.089999999987
2024-01-24,-8278.065000000008
2024-01-25,-18074.255
2024-01-26,-10262.199999999928
2024-01-29,-4271.064999999982
2024-01-30,10447.635
2024-01-31,19974.60499999996
2024-02-01,6432.680000000009
2024-02-02,4111.980000000005
2024-02-05,-7372.400000000047
2024-02-06,-6040.974999999926
2024-02-07,-4474.555000000031
2024-02-08,-6487.355000000043
2024-02-09,-2565.8549999999677
2024-02-12,-13099.109999999986
2024-02-13,-10773.25500000006
2024-02-14,627.0000000000273
2024-02-15,-9421.744999999977
2024-02-16,-1626.8150000000112
2024-02-19,4085.2600000000198
2024-02-20,-1570.1250000000143
2024-02-21,2865.164999999953
2024-02-22,-11441.755000000037
2024-02-23,4878.994999999966
2024-02-26,-136.1149999999442
2024-02-27,-5839.795000000003
2024-02-28,-1803.1099999999717
2024-02-29,-2893.4499999999775
2024-03-01,16490.25999999999
2024-03-04,9855.730000000049
2024-03-05,16460.84500000002
2024-03-06,1569.144999999964
2024-03-07,-9014.30000000003
2024-03-08,18328.34499999999
2024-03-11,-20257.999999999927
2024-03-12,-1529.9750000000136
2024-03-13,-30485.629999999983
2024-03-14,-6847.140000000099
2024-03-15,-4897.174999999972
2024-03-18,-13877.124999999998
2024-03-19,-5657.955000000034
2024-03-20,27427.51000000003
2024-03-21,8538.08999999996
2024-03-22,-9177.314999999973
2024-03-25,-413.59999999999854
2024-03-26,8797.090000000026
2024-03-27,1068.844999999992
2024-03-28,-8745.094999999981
2024-04-01,-5481.595000000108
2024-04-02,7936.190000000028
2024-04-03,-1284.0549999999698
2024-04-04,-19887.200000000048
2024-04-05,12564.400000000063
2024-04-08,8037.744999999874
2024-04-09,21511.545000000173
2024-04-10,-27904.20000000001
2024-04-11,18440.599999999904
2024-04-12,-28286.275000000034
2024-04-15,5864.9000000000615
2024-04-16,1136.4450000000422
2024-04-17,24767.209999999985
2024-04-18,-628.1000000000586
2024-04-19,-2442.440000000007
2024-04-22,-15081.6699999999
2024-04-23,-5967.065000000081
2024-04-24,-11389.570000000038
2024-04-25,-14210.264999999965
2024-04-26,-7759.184999999992
2024-04-29,10080.000000000064
2024-04-30,7591.489999999955
2024-05-01,19611.88000000001
2024-05-02,8127.53500000003
2024-05-03,6759.07999999997
2024-05-06,-16211.400000000012
2024-05-07,10779.135000000002
2024-05-08,-2674.7650000000053
2024-05-09,2881.789999999985
2024-05-10,468.3699999999908
2024-05-13,-7657.809999999981
2024-05-14,23403.30500000002
2024-05-15,2005.2149999999851
2024-05-16,2189.7450000000335
2024-05-17,31408.589999999997
2024-05-20,228.38999999994746
2024-05-21,-1255.719999999999
2024-05-22,-6319.41499999999
2024-05-23,-14979.56499999994
2024-05-24,-485.74000000006936
2024-05-27,-2640.7000000000153
2024-05-28,-4254.609999999947
2024-05-29,-5486.7750000000615
2024-05-30,2787.334999999991
2024-05-31,-4357.6649999999945
2024-06-03,10508.735000000046
2024-06-04,-3543.5400000000036
2024-06-05,-5402.939999999996
2024-06-06,-6031.609999999989
2024-06-07,2328.2899999999504
2024-06-10,13483.799999999932
2024-06-11,-6684.764999999988
2024-06-12,3309.7450000000154
2024-06-13,-9478.909999999967
2024-06-14,18475.724999999962
2024-06-17,1968.995000000034
2024-06-18,-220.01000000005
2024-06-19,-2548.4550000000113
2024-06-20,-5479.364999999963
2024-06-21,2173.5449999999373
2024-06-24,5673.265000000055
2024-06-25,-1225.1550000000389
2024-06-26,1024.9050000000357
2024-06-27,-7093.555000000021
2024-06-28,9227.850000000022
2024-07-01,-19810.240000000027
2024-07-02,4089.290000000049
2024-07-03,10918.78999999993
2024-07-04,1572.39999999999
2024-07-05,-3272.3549999999154
2024-07-08,7243.5999999999785
2024-07-09,-12651.454999999985
2024-07-10,-5068.400000000059
2024-07-11,-2522.3999999999323
2024-07-12,13401.49000000001
2024-07-15,-3417.3000000000984
2024-07-16,7661.400000000074
2024-07-17,-3634.475000000012
2024-07-18,-4482.880000000086
2024-07-19,-2532.8449999999234
2024-07-22,5803.989999999905
2024-07-23,3373.1350000000243
2024-07-24,-7705.155000000006
2024-07-25,7773.460000000071
2024-07-26,3407.6899999999337
2024-07-29,-13251.599999999973
2024-07-30,7530.599999999904
2024-07-31,-914.7499999999093
2024-08-01,-8221.609999999975
2024-08-02,-2028.5050000000354
2024-08-05,-17775.305000000077
2024-08-06,11680.100000000106
2024-08-07,-4179.0000000000255
2024-08-08,4497.59
2024-08-09,12412.945000000002
2024-08-12,3141.5449999999673
2024-08-13,12494.100000000017
2024-08-14,7897.845000000044
2024-08-15,3817.6249999999154
2024-08-16,245.78000000004448
2024-08-19,9399.634999999995
2024-08-20,-11604.365000000005
2024-08-21,2390.1800000000285
2024-08-22,12447.39999999995
2024-08-23,-2089.7200000000084
2024-08-26,2643.0500000000166
2024-08-27,3000.745000000069
2024-08-28,4489.32500000001
2024-08-29,-14752.220000000018
2024-08-30,-4605.009999999971
2024-09-02,7192.579999999976
2024-09-03,-4269.955000000082
2024-09-04,-12289.054999999931
2024-09-05,4660.8799999999555
2024-09-06,16242.370000000072
2024-09-09,-11497.500000000156
2024-09-10,13814.150000000105
2024-09-11,-669.2400000000343
2024-09-12,-384.7549999999727
2024-09-13,-11650.900000000087
2024-09-16,15364.000000000102
2024-09-17,-153.70000000004165
2024-09-18,-3563.29000000005
2024-09-19,7260.800000000111
2024-09-20,11867.439999999964
2024-09-23,-487.8950000000199
2024-09-24,2104.889999999972
2024-09-25,-8007.654999999961
2024-09-26,14619.400000000001
2024-09-27,-7791.154999999965
2024-09-30,-5493.210000000056
2024-10-01,-2775.899999999998
2024-10-02,4223.580000000065
2024-10-03,-10804.200000000037
2024-10-04,5978.600000000085
2024-10-07,-3796.2000000000803
2024-10-08,18675.000000000036
2024-10-09,-9282.300000000045
2024-10-10,-1403.6849999999297
2024-10-11,4990.1399999999185
2024-10-14,10515.360000000017
2024-10-15,-1647.9999999999704
2024-10-16,11523.330000000027
2024-10-17,-4655.155000000049
2024-10-18,3068.500000000032
2024-10-21,-8425.675000000008
2024-10-22,-6381.100000000035
2024-10-23,3561.045000000018
2024-10-24,-5781.654999999943
2024-10-25,2146.8449999999493
2024-10-28,16810.710000000094
2024-10-29,-15055.355000000143
2024-10-30,3442.5450000000837
2024-10-31,9436.099999999982
2024-11-01,5686.599999999987
2024-11-04,-10354.699999999943
2024-11-05,-7460.455000000066
2024-11-06,5900.200000000024
2024-11-07,6337.9000000000515
2024-11-08,-5395.010000000067
2024-11-11,5493.045000000048
2024-11-12,3555.644999999948
2024-11-13,2756.345000000051
2024-11-14,2369.8699999999753
2024-11-15,-5232.989999999986
2024-11-18,-18301.34500000001
2024-11-19,344.1899999999839
2024-11-20,-9779.77500000002
2024-11-21,-11311.864999999965
2024-11-22,6840.800000000034
2024-11-25,19790.87499999994
2024-11-26,2721.3999999999455
2024-11-27,17000.320000000047
2024-11-28,-2333.799999999955
2024-11-29,-4273.700000000042
2024-12-02,-2929.6199999999044
2024-12-03,-507.99500000005264
2024-12-04,569.8450000000245
2024-12-05,-10624.19999999999
2024-12-06,-1142.8099999999738
2024-12-09,-15833.955000000062
2024-12-10,-409.300000000042
2024-12-11,-3786.655000000013
2024-12-12,12756.34500000006
2024-12-13,14080.724999999997
2024-12-16,-3924.720000000047
2024-12-17,4773.545000000117
2024-12-18,7752.939999999984
2024-12-19,-553.4100000000246
2024-12-20,-12641.454999999934
2024-12-23,-5166.335000000119
2024-12-24,8373.980000000061
2024-12-25,1581.7800000000327
2024-12-26,597.3149999999415
2024-12-27,-1279.9099999999157
2024-12-30,-2289.01000000002
2024-12-31,9192.579999999954
2025-01-01,-851.2999999999552
2025-01-02,-58.00999999998654
2025-01-03,15204.93499999998
2025-01-06,-15088.110000000002
2025-01-07,1857.2449999999462
2025-01-08,-12362.899999999916
2025-01-09,-3790.1200000001095
2025-01-10,-13323.309999999967
2025-01-13,1161.6800000000217
2025-01-14,-8461.654999999955
2025-01-15,-20859.64000000008
2025-01-16,-4316.319999999987
2025-01-17,5112.454999999999
2025-01-20,2296.3450000000257
2025-01-21,3194.27499999992
2025-01-22,12486.869999999966
2025-01-23,350.00000000007867
2025-01-24,2034.1799999999203
2025-01-27,18372.245000000017
2025-01-28,-2886.255000000019
2025-01-29,-26090.109999999935
2025-01-30,-24156.520000000044
2025-01-31,17268.93500000001
2025-02-03,-8240.499999999967
2025-02-04,-19127.70999999997
2025-02-05,-4953.440000000011
2025-02-06,-18323.83
2025-02-07,-3889.2550000000374
2025-02-10,-8914.410000000002
2025-02-11,-3505.64000000004
2025-02-12,-6493.499999999969
2025-02-13,-11383.054999999984
2025-02-14,398.2799999999842
2025-02-17,2608.270000000044
2025-02-18,-18444.55500000001
2025-02-19,9432.5
2025-02-20,-2777.234999999967
2025-02-21,15289.700000000053
2025-02-24,16368.339999999967
2025-02-25,4771.900000000003
2025-02-26,11481.479999999914
2025-02-27,26727.750000000062
2025-02-28,6532.334999999929
2025-03-03,-2923.2099999999446
2025-03-04,6173.189999999946
2025-03-05,-19408.110000000026
2025-03-06,2546.335000000036
2025-03-07,5773.399999999973
2025-03-10,-768.4199999999397
2025-03-11,-10151.300000000045
2025-03-12,3237.780000000062
2025-03-13,-7437.930000000001
2025-03-14,7668.2899999999945
2025-03-17,-11844.16499999999
2025-03-18,-5936.904999999984
2025-03-19,-6588.230000000003
2025-03-20,13507.194999999992
2025-03-21,319.7500000000002
2025-03-24,5183.00499999997
2025-03-25,-8525.00000000002
2025-03-26,6099.080000000057
2025-03-27,3459.3000000000493
2025-03-28,-1055.7550000000815
2025-03-31,-14628.664999999988
2025-04-01,5471.945000000084
2025-04-02,9699.644999999917
2025-04-03,12048.549999999988
2025-04-04,12120.630000000028
2025-04-07,4431.314999999952
2025-04-08,3132.850000000056
2025-04-09,-7990.474999999972
2025-04-10,-14401.694999999942
2025-04-11,-17841.00000000008
2025-04-14,15498.590000000006
2025-04-15,-1260.099999999966
2025-04-16,-2436.510000000022
2025-04-17,6567.090000000013
2025-04-21,-9093.714999999978
2025-04-22,25023.045000000006
2025-04-23,-652.1650000000282
2025-04-24,-1407.25500000001
2025-04-25,7678.880000000048
2025-04-28,283.2899999999454
2025-04-29,3823.9450000000234
2025-04-30,-5103.964999999999
2025-05-01,7014.899999999972
2025-05-02,-814.1999999999343
2025-05-05,-2964.000000000061
2025-05-06,-14560.199999999986
2025-05-07,7565.100000000033
2025-05-08,18417.740000000005
2025-05-09,-3294.1600000000494
2025-05-12,29025.724999999995
2025-05-13,12487.239999999938
2025-05-14,3130.0300000000607
2025-05-15,-20420.099999999988
2025-05-16,16105.584999999975
2025-05-19,-1463.210000000062
2025-05-20,-21831.39999999994
2025-05-21,-14344.534999999996
2025-05-22,4188.300000000014
2025-05-23,-11232.554999999988
2025-05-26,2340.860000000019
2025-05-27,12873.97999999994
2025-05-28,20414.32500000001
2025-05-29,-2488.5249999999983
2025-05-30,946.6800000000035
2025-06-02,-17708.58500000002
2025-06-03,8012.669999999988
2025-06-04,-8175.4149999999945
2025-06-05,8227.28000000006
2025-06-06,-5301.715000000001
2025-06-09,7557.944999999968
2025-06-10,-770.0549999999793
2025-06-11,-6598.86000000006
2025-06-12,-7362.6799999999685
2025-06-13,-27991.354999999963
2025-06-16,11456.644999999984
2025-06-17,-9353.030000000006
2025-06-18,-8313.054999999997
2025-06-19,1085.5000000000136
2025-06-20,4772.284999999983
2025-06-23,38462.14000000004
2025-06-24,25315.535
2025-06-25,8377.424999999972
2025-06-26,4888.834999999985
2025-06-27,3919.579999999979
2025-06-30,10997.390000000052
2025-07-01,-5967.499999999993
2025-07-02,-25642.930000000048
2025-07-03,6507.370000000045
2025-07-04,3990.499999999971
2025-07-07,14602.335000000012
2025-07-08,1394.0249999999835
2025-07-09,-1325.3100000000227
2025-07-10,1729.7900000000307
2025-07-11,580.7799999999653
2025-07-14,3087.670000000014
2025-07-15,3211.2900000000227
2025-07-16,-8301.485000000017
2025-07-17,1504.690000000009
2025-07-18,-11791.21999999999
2025-07-21,12161.285000000022
2025-07-22,-5309.055000000001
2025-07-23,10661.414999999994
2025-07-24,-3545.2550000000383
2025-07-25,17627.980000000007
2025-07-28,8803.100000000048
2025-07-29,669.23499999996
2025-07-30,40657.79000000004
2025-07-31,1266.834999999974
2025-08-01,-1645.5549999999969
2025-08-04,2529.9799999999746
2025-08-05,2249.699999999978
2025-08-06,4080.945000000021
2025-08-07,-12115.800000000021
2025-08-08,3659.400000000051
2025-08-11,1710.5899999999644
2025-08-12,8836.190000000022
2025-08-13,-6210.275000000009
2025-08-14,10513.92499999996
2025-08-15,-10239.17499999997
2025-08-18,4860.235000000022
2025-08-19,17697.744999999995
2025-08-20,-4738.530000000018
2025-08-21,-9176.719999999998
2025-08-22,2072.734999999991
2025-08-25,4306.215000000053
2025-08-26,-12599.81000000001
2025-08-27,2569.1350000000016
2025-08-28,-16383.900000000036
2025-08-29,-19594.609999999942
2025-09-01,4557.789999999992
2025-09-02,671.7900000000386
2025-09-03,3950.1449999999386
2025-09-04,-2933.5099999999766
2025-09-05,-1933.3000000000281
2025-09-08,-8107.79999999999
2025-09-09,-5346.400000000015
2025-09-10,5517.8350000000555
2025-09-11,-7681.055000000006
2025-09-12,-4246.199999999991
2025-09-15,5389.194999999988
2025-09-16,-8633.10999999996
2025-09-17,362.97999999995216
2025-09-18,12080.375000000024
2025-09-19,4760.610000000002
2025-09-22,15360.974999999993
2025-09-23,-3014.154999999998
2025-09-24,-7967.63500000004
2025-09-25,-3733.3450000000075
2025-09-26,17276.089999999986
2025-09-29,243.13499999997737
2025-09-30,2456.8000000000015
