date,net_pnl
2010-06-07,0.0
2010-06-08,0.0
2010-06-09,0.0
2010-06-10,0.0
2010-06-11,0.0
2010-06-14,0.0
2010-06-15,0.0
2010-06-16,0.0
2010-06-17,0.0
2010-06-18,0.0
2010-06-21,0.0
2010-06-22,0.0
2010-06-23,0.0
2010-06-24,0.0
2010-06-25,0.0
2010-06-28,0.0
2010-06-29,0.0
2010-06-30,0.0
2010-07-01,0.0
2010-07-02,0.0
2010-07-05,0.0
2010-07-06,0.0
2010-07-07,0.0
2010-07-08,0.0
2010-07-09,0.0
2010-07-12,0.0
2010-07-13,0.0
2010-07-14,0.0
2010-07-15,0.0
2010-07-16,0.0
2010-07-19,0.0
2010-07-20,0.0
2010-07-21,0.0
2010-07-22,0.0
2010-07-23,0.0
2010-07-26,0.0
2010-07-27,0.0
2010-07-28,0.0
2010-07-29,0.0
2010-07-30,0.0
2010-08-02,0.0
2010-08-03,0.0
2010-08-04,0.0
2010-08-05,0.0
2010-08-06,0.0
2010-08-09,0.0
2010-08-10,0.0
2010-08-11,0.0
2010-08-12,0.0
2010-08-13,0.0
2010-08-16,0.0
2010-08-17,0.0
2010-08-18,0.0
2010-08-19,0.0
2010-08-20,0.0
2010-08-23,0.0
2010-08-24,0.0
2010-08-25,0.0
2010-08-26,0.0
2010-08-27,0.0
2010-08-30,0.0
2010-08-31,0.0
2010-09-01,0.0
2010-09-02,0.0
2010-09-03,0.0
2010-09-06,0.0
2010-09-07,0.0
2010-09-08,0.0
2010-09-09,0.0
2010-09-10,0.0
2010-09-13,0.0
2010-09-14,0.0
2010-09-15,0.0
2010-09-16,0.0
2010-09-17,0.0
2010-09-20,0.0
2010-09-21,0.0
2010-09-22,0.0
2010-09-23,0.0
2010-09-24,0.0
2010-09-27,0.0
2010-09-28,0.0
2010-09-29,0.0
2010-09-30,0.0
2010-10-01,0.0
2010-10-04,0.0
2010-10-05,0.0
2010-10-06,0.0
2010-10-07,0.0
2010-10-08,0.0
2010-10-11,0.0
2010-10-12,0.0
2010-10-13,0.0
2010-10-14,0.0
2010-10-15,0.0
2010-10-18,0.0
2010-10-19,0.0
2010-10-20,0.0
2010-10-21,0.0
2010-10-22,0.0
2010-10-25,0.0
2010-10-26,0.0
2010-10-27,0.0
2010-10-28,-44.265
2010-10-29,-537.4999999999966
2010-11-01,2068.545000000001
2010-11-02,1014.3900000000069
2010-11-03,-274.4999999999999
2010-11-04,6195.434999999985
2010-11-05,2693.3700000000117
2010-11-08,4675.945000000014
2010-11-09,-1766.2100000000137
2010-11-10,-1506.0649999999741
2010-11-11,5965.1149999999925
2010-11-12,-13996.13999999999
2010-11-15,4766.969999999997
2010-11-16,-6783.805000000006
2010-11-17,4862.614999999977
2010-11-18,14867.500000000051
2010-11-19,2032.0199999999963
2010-11-22,1730.5849999999675
2010-11-23,-1772.8999999999562
2010-11-24,3300.6999999999866
2010-11-25,-934.7200000000263
2010-11-26,-3536.0999999999844
2010-11-29,1481.1000000000197
2010-11-30,11411.99
2010-12-01,18424.534999999963
2010-12-02,2242.745000000107
2010-12-03,8500.044999999893
2010-12-06,16045.880000000114
2010-12-07,-30215.870000000108
2010-12-08,11865.264999999983
2010-12-09,-11543.829999999987
2010-12-10,3672.4449999999997
2010-12-13,8172.989999999929
2010-12-14,-9988.50999999987
2010-12-15,-134.95500000000254
2010-12-16,-7110.799999999993
2010-12-17,6092.419999999965
2010-12-20,19445.85999999992
2010-12-21,19598.890000000076
2010-12-22,-2380.960000000131
2010-12-23,8362.440000000153
2010-12-27,6925.844999999962
2010-12-28,-6650.694999999978
2010-12-29,-1092.0699999999927
2010-12-30,-7194.699999999878
2010-12-31,5415.5699999998615
2011-01-03,-20520.19999999994
2011-01-04,-11460.294999999964
2011-01-05,-582.00000000008
2011-01-06,-27640.485000000026
2011-01-07,-1476.639999999902
2011-01-10,2794.000000000046
2011-01-11,-2279.3950000000277
2011-01-12,14795.604999999989
2011-01-13,-740.5100000000014
2011-01-14,5791.899999999867
2011-01-17,-2308.5299999998174
2011-01-18,-5007.310000000088
2011-01-19,-19501.90999999995
2011-01-20,-7697.725000000018
2011-01-21,-16457.475000000082
2011-01-24,-15162.80999999993
2011-01-25,-16447.400000000074
2011-01-26,-2724.2499999999463
2011-01-27,19929.645000000004
2011-01-28,-15885.010000000011
2011-01-31,-21714.594999999892
2011-02-01,3233.445000000026
2011-02-02,-19977.455000000115
2011-02-03,6894.7149999999765
2011-02-04,10877.345000000121
2011-02-07,26609.360000000066
2011-02-08,-938.7300000000677
2011-02-09,4417.314999999988
2011-02-10,16056.989999999985
2011-02-11,21182.999999999887
2011-02-14,-1262.72999999983
2011-02-15,17585.245000000024
2011-02-16,4075.800000000047
2011-02-17,-4496.055000000038
2011-02-18,33860.54499999984
2011-02-21,-23762.94499999988
2011-02-22,43429.68499999999
2011-02-23,-1820.8050000000057
2011-02-24,9001.545000000053
2011-02-25,-21032.865000000005
2011-02-28,-2559.894999999964
2011-03-01,10011.215000000024
2011-03-02,-13299.499999999993
2011-03-03,-6383.455000000061
2011-03-04,-17.964999999978033
2011-03-07,20156.299999999894
2011-03-08,4980.245000000084
2011-03-09,28471.735000000055
2011-03-10,3813.2449999999444
2011-03-11,-1650.6999999999625
2011-03-14,-3550.30000000007
2011-03-15,-7490.199999999863
2011-03-16,-11921.400000000112
2011-03-17,-29026.3899999999
2011-03-18,4536.579999999952
2011-03-21,14102.735000000039
2011-03-22,-2381.4549999999795
2011-03-23,-575.3750000000248
2011-03-24,10330.260000000038
2011-03-25,-4210.510000000116
2011-03-28,3985.3050000001194
2011-03-29,5864.490000000055
2011-03-30,2481.58999999996
2011-03-31,5487.0500000000275
2011-04-01,19468.634999999973
2011-04-04,2396.800000000032
2011-04-05,-2781.599999999953
2011-04-06,1465.6450000000032
2011-04-07,2228.3899999999758
2011-04-08,-14236.440000000079
2011-04-11,-3438.4499999999216
2011-04-12,16752.590000000022
2011-04-13,5850.499999999999
2011-04-14,4672.344999999969
2011-04-15,1545.8450000000294
2011-04-18,-4925.210000000003
2011-04-19,-5540.655000000064
2011-04-20,-16526.149999999987
2011-04-21,-381.1400000001004
2011-04-25,2725.755000000097
2011-04-26,2927.194999999976
2011-04-27,27185.10000000004
2011-04-28,4116.349999999968
2011-04-29,-6441.109999999997
2011-05-02,-17343.049999999996
2011-05-03,-14177.800000000021
2011-05-04,8677.845000000007
2011-05-05,-31812.61000000002
2011-05-06,200.3550000000194
2011-05-09,-304.59999999999536
2011-05-10,-1824.3550000000537
2011-05-11,8759.300000000067
2011-05-12,-13391.500000000007
2011-05-13,1922.9999999999982
2011-05-16,-15610.600000000053
2011-05-17,-13181.959999999908
2011-05-18,-7087.120000000046
2011-05-19,-3420.294999999955
2011-05-20,-16469.45499999999
2011-05-23,11123.914999999948
2011-05-24,1066.2300000000223
2011-05-25,267.54499999998177
2011-05-26,-6260.154999999955
2011-05-27,-4960.405000000006
2011-05-30,2687.6700000000014
2011-05-31,-4394.9649999999665
2011-06-01,-8111.509999999972
2011-06-02,-10577.909999999994
2011-06-03,1038.7449999999976
2011-06-06,67.0149999999447
2011-06-07,-8690.16499999995
2011-06-08,1180.5050000000028
2011-06-09,6677.73500000004
2011-06-10,-16483.410000000076
2011-06-13,228.4449999999557
2011-06-14,-954.699999999877
2011-06-15,-23667.66500000007
2011-06-16,10131.800000000097
2011-06-17,14751.889999999943
2011-06-20,355.759999999956
2011-06-21,4176.010000000041
2011-06-22,14269.814999999933
2011-06-23,-9702.79499999996
2011-06-24,-13567.155000000093
2011-06-27,-3036.699999999991
2011-06-28,-6459.799999999896
2011-06-29,2547.1849999999486
2011-06-30,7257.884999999948
2011-07-01,-11875.604999999918
2011-07-04,4129.999999999936
2011-07-05,12312.119999999903
2011-07-06,14245.47999999998
2011-07-07,664.7450000000664
2011-07-08,-5306.354999999999
2011-07-11,8115.370000000009
2011-07-12,3411.9199999999864
2011-07-13,781.4700000000246
2011-07-14,-17342.83999999997
2011-07-15,-505.46500000003414
2011-07-18,5312.56000000001
2011-07-19,10912.389999999941
2011-07-20,-4462.085000000016
2011-07-21,-12697.320000000074
2011-07-22,10946.73000000001
2011-07-25,1067.1299999999878
2011-07-26,-7968.154999999966
2011-07-27,-944.6000000000106
2011-07-28,6515.494999999969
2011-07-29,2106.2650000000963
2011-08-01,5466.634999999901
2011-08-02,-6248.764999999985
2011-08-03,-5213.199999999948
2011-08-04,-9811.355000000025
2011-08-05,26662.2399999999
2011-08-08,-2107.52999999996
2011-08-09,37534.95999999994
2011-08-10,522.7150000000455
2011-08-11,34121.60499999998
2011-08-12,2111.6049999999977
2011-08-15,5518.950000000099
2011-08-16,-8657.775000000007
2011-08-17,-5786.860000000063
2011-08-18,-36611.07499999993
2011-08-19,4739.079999999992
2011-08-22,-14399.870000000037
2011-08-23,12227.745000000068
2011-08-24,-6564.620000000026
2011-08-25,4550.05999999996
2011-08-26,6674.415000000064
2011-08-29,2884.1400000000285
2011-08-30,4884.589999999985
2011-08-31,8492.790000000017
2011-09-01,-2613.03000000004
2011-09-02,-10340.774999999989
2011-09-05,-752.8000000000284
2011-09-06,1102.7449999999753
2011-09-07,11392.12500000004
2011-09-08,7901.344999999971
2011-09-09,-8061.129999999891
2011-09-12,579.8899999999833
2011-09-13,3505.3449999999684
2011-09-14,14772.18999999999
2011-09-15,-15524.785000000053
2011-09-16,-21932.465
2011-09-19,-30875.330000000024
2011-09-20,11637.714999999956
2011-09-21,-4242.749999999993
2011-09-22,-29796.149999999907
2011-09-23,26300.62499999997
2011-09-26,15118.825000000053
2011-09-27,-136.2849999999891
2011-09-28,1049.0949999999643
2011-09-29,13139.734999999971
2011-09-30,-12382.06999999995
2011-10-03,-6471.649999999956
2011-10-04,6420.769999999972
2011-10-05,1799.8399999999997
2011-10-06,-14010.729999999972
2011-10-07,-2438.68500000002
2011-10-10,11946.925000000001
2011-10-11,16548.46999999997
2011-10-12,-17198.644999999935
2011-10-13,10028.74
2011-10-14,21514.144999999975
2011-10-17,-5849.50999999996
2011-10-18,-2721.4549999999986
2011-10-19,-7777.200000000016
2011-10-20,5777.115000000006
2011-10-21,-7044.464999999974
2011-10-24,-1814.2500000000061
2011-10-25,-2473.000000000044
2011-10-26,-13045.89999999997
2011-10-27,-7127.329999999994
2011-10-28,-12937.244999999997
2011-10-31,-7995.994999999984
2011-11-01,54.08999999997035
2011-11-02,-125.91999999998826
2011-11-03,4537.389999999971
2011-11-04,5049.96999999999
2011-11-07,-6879.029999999999
2011-11-08,1016.9450000000182
2011-11-09,-994.6550000000246
2011-11-10,3696.5800000000195
2011-11-11,2964.5449999999587
2011-11-14,-9527.009999999964
2011-11-15,1825.4000000000206
2011-11-16,-7267.179999999994
2011-11-17,12894.30999999992
2011-11-18,-8378.934999999976
2011-11-21,15105.94499999995
2011-11-22,936.7800000000225
2011-11-23,16397.269999999993
2011-11-24,-1296.3100000000309
2011-11-25,6826.33500000002
2011-11-28,-16576.71500000001
2011-11-29,8991.52000000001
2011-11-30,2279.944999999965
2011-12-01,2804.0049999999483
2011-12-02,1343.3449999999984
2011-12-05,-18880.29999999995
2011-12-06,443.10000000000946
2011-12-07,-7769.300000000004
2011-12-08,-3739.155000000007
2011-12-09,-6716.109999999968
2011-12-12,-9644.040000000052
2011-12-13,7738.979999999981
2011-12-14,-2606.409999999999
2011-12-15,-2584.1750000000184
2011-12-16,-4649.264999999982
2011-12-19,18616.354999999996
2011-12-20,-11378.514999999967
2011-12-21,-3488.6300000000697
2011-12-22,17880.420000000056
2011-12-23,-4019.4600000000496
2011-12-26,-1100.665000000008
2011-12-27,12327.34500000005
2011-12-28,5448.409999999987
2011-12-29,-6125.590000000031
2011-12-30,-3223.1749999999815
2012-01-02,5073.980000000018
2012-01-03,-4460.655000000002
2012-01-04,-13492.224999999891
2012-01-05,6382.099999999936
2012-01-06,-5355.254999999998
2012-01-09,-5115.349999999982
2012-01-10,-3232.4000000000533
2012-01-11,-4241.149999999959
2012-01-12,12497.879999999952
2012-01-13,16662.815000000057
2012-01-16,2651.5799999999977
2012-01-17,16459.134999999984
2012-01-18,10585.489999999985
2012-01-19,9700.829999999998
2012-01-20,-18864.94999999999
2012-01-23,-5861.039999999966
2012-01-24,6033.369999999954
2012-01-25,-12102.53499999997
2012-01-26,3890.189999999959
2012-01-27,-6085.9000000000015
2012-01-30,-9423.304999999995
2012-01-31,20311.285000000014
2012-02-01,5889.330000000007
2012-02-02,-19430.559999999954
2012-02-03,9159.56999999991
2012-02-06,-11033.409999999936
2012-02-07,-530.8400000000386
2012-02-08,-530.2749999999887
2012-02-09,-6323.485000000035
2012-02-10,-4433.740000000016
2012-02-13,12624.624999999995
2012-02-14,2485.9600000000296
2012-02-15,3205.6799999999753
2012-02-16,-1127.3999999999937
2012-02-17,2641.199999999956
2012-02-20,-928.0599999999257
2012-02-21,-8410.12000000002
2012-02-22,-3823.4200000000155
2012-02-23,-16621.160000000003
2012-02-24,5902.549999999963
2012-02-27,4427.734999999991
2012-02-28,15493.440000000066
2012-02-29,26586.259999999987
2012-03-01,-1673.3950000000705
2012-03-02,8089.4349999999295
2012-03-05,-1602.6649999999788
2012-03-06,-15560.254999999926
2012-03-07,-15987.420000000047
2012-03-08,-8464.019999999986
2012-03-09,-4607.230000000028
2012-03-12,13774.690000000046
2012-03-13,9807.64499999997
2012-03-14,9552.389999999987
2012-03-15,13821.614999999994
2012-03-16,-19039.63000000001
2012-03-19,-11571.624999999995
2012-03-20,-6604.410000000014
2012-03-21,4347.170000000046
2012-03-22,11399.115000000027
2012-03-23,-7399.440000000061
2012-03-26,-2258.71999999998
2012-03-27,-1104.909999999985
2012-03-28,-15798.534999999969
2012-03-29,4602.979999999964
2012-03-30,28550.899999999965
2012-04-02,-1426.1599999999648
2012-04-03,4600.824999999981
2012-04-04,20914.980000000036
2012-04-05,5974.47999999992
2012-04-06,0.0
2012-04-09,-176.7300000000081
2012-04-10,-7011.0999999999685
2012-04-11,2285.2700000000104
2012-04-12,-11785.300000000007
2012-04-13,-12728.375000000025
2012-04-16,-8982.255000000034
2012-04-17,-1574.6549999999304
2012-04-18,-12207.950000000112
2012-04-19,21947.140000000058
2012-04-20,-6819.830000000028
2012-04-23,-5227.2949999999855
2012-04-24,3762.9900000000034
2012-04-25,-8850.340000000051
2012-04-26,9737.475000000051
2012-04-27,5797.080000000038
2012-04-30,5600.315000000048
2012-05-01,-11805.309999999994
2012-05-02,-13654.800000000065
2012-05-03,18455.70000000001
2012-05-04,14602.594999999992
2012-05-07,7861.224999999995
2012-05-08,-11192.019999999993
2012-05-09,-7581.759999999967
2012-05-10,-13510.900000000018
2012-05-11,8093.570000000001
2012-05-14,15281.82500000003
2012-05-15,967.8000000000447
2012-05-16,10877.27499999995
2012-05-17,17573.825000000026
2012-05-18,11552.499999999995
2012-05-21,7329.604999999998
2012-05-22,-13940.455000000014
2012-05-23,-12705.37500000001
2012-05-24,-2454.129999999944
2012-05-25,2811.844999999919
2012-05-28,996.7400000000239
2012-05-29,-9121.315000000033
2012-05-30,-19991.689999999922
2012-05-31,6156.495000000012
2012-06-01,-4797.574999999966
2012-06-04,9047.194999999996
2012-06-05,-5056.300000000042
2012-06-06,3148.235000000048
2012-06-07,-4223.855000000053
2012-06-08,3508.500000000028
2012-06-11,-10682.500000000038
2012-06-12,-6950.999999999927
2012-06-13,4094.389999999931
2012-06-14,23348.535
2012-06-15,-4998.819999999976
2012-06-18,15429.489999999989
2012-06-19,-6515.4200000000355
2012-06-20,-10847.524999999961
2012-06-21,1335.4549999999545
2012-06-22,12069.444999999974
2012-06-25,12006.535000000005
2012-06-26,3692.915000000037
2012-06-27,12971.88499999996
2012-06-28,4102.630000000028
2012-06-29,34289.19999999996
2012-07-02,-13425.259999999993
2012-07-03,6734.23499999998
2012-07-04,-1644.0550000000028
2012-07-05,-6739.919999999971
2012-07-06,-11374.965000000011
2012-07-09,-2852.1000000000254
2012-07-10,-9027.70000000002
2012-07-11,5367.200000000009
2012-07-12,-4486.4000000000015
2012-07-13,770.4000000000051
2012-07-16,-7733.5999999999585
2012-07-17,-1097.385000000011
2012-07-18,15763.58499999998
2012-07-19,9892.714999999987
2012-07-20,-6330.924999999985
2012-07-23,3199.9399999999832
2012-07-24,-2935.054999999982
2012-07-25,6497.899999999986
2012-07-26,6499.915000000022
2012-07-27,4954.2499999999945
2012-07-30,2681.8450000000003
2012-07-31,-11950.54
2012-08-01,256.62499999999056
2012-08-02,-10223.899999999969
2012-08-03,-684.9550000000173
2012-08-06,6084.915000000054
2012-08-07,2421.0449999999805
2012-08-08,-2913.1599999999703
2012-08-09,-3674.6350000000302
2012-08-10,-5306.800000000007
2012-08-13,5085.7449999999635
2012-08-14,1601.88000000005
2012-08-15,-9750.175000000067
2012-08-16,-150.12999999999218
2012-08-17,6465.64499999999
2012-08-20,-9792.174999999983
2012-08-21,-6274.810000000004
2012-08-22,-214.98499999994726
2012-08-23,2604.4350000000104
2012-08-24,-6654.22999999999
2012-08-27,1474.2949999999892
2012-08-28,-1128.8099999999654
2012-08-29,-1170.7400000000553
2012-08-30,3460.744999999992
2012-08-31,16267.344999999992
2012-09-03,4767.760000000009
2012-09-04,-11490.254999999981
2012-09-05,2165.2450000000026
2012-09-06,-5978.555
2012-09-07,22214.700000000055
2012-09-10,8831.044999999953
2012-09-11,19767.745
2012-09-12,2600.944999999979
2012-09-13,446.1999999999798
2012-09-14,15155.570000000002
2012-09-17,-7822.880000000003
2012-09-18,-2988.3000000000093
2012-09-19,-23199.859999999986
2012-09-20,13515.33000000002
2012-09-21,6379.744999999977
2012-09-24,-2782.099999999978
2012-09-25,-13784.054999999878
2012-09-26,-2142.2300000000664
2012-09-27,15227.90000000002
2012-09-28,-4455.15500000002
2012-10-01,16276.14500000001
2012-10-02,3294.3449999999775
2012-10-03,-23617.319999999963
2012-10-04,21562.400000000027
2012-10-05,1177.7899999999604
2012-10-08,2158.8149999999405
2012-10-09,17489.870000000064
2012-10-10,3094.9700000000316
2012-10-11,-2891.3000000000693
2012-10-12,6201.345000000027
2012-10-15,8969.200000000023
2012-10-16,-1460.1999999999407
2012-10-17,974.8999999999382
2012-10-18,-2955.909999999969
2012-10-19,-10684.054999999995
2012-10-22,-25013.670000000024
2012-10-23,-10277.330000000014
2012-10-24,-7072.199999999972
2012-10-25,2648.0699999999456
2012-10-26,3047.1700000000674
2012-10-29,-473.58500000004426
2012-10-30,-3870.699999999964
2012-10-31,-6652.874999999967
2012-11-01,-1847.2400000000391
2012-11-02,-5837.595000000047
2012-11-05,4996.100000000031
2012-11-06,11621.300000000008
2012-11-07,-23242.09999999997
2012-11-08,-2060.6950000000224
2012-11-09,27068.905000000013
2012-11-12,11720.244999999944
2012-11-13,2287.600000000029
2012-11-14,2304.79999999997
2012-11-15,2422.1350000000125
2012-11-16,12531.999999999985
2012-11-19,9253.324999999972
2012-11-20,-527.609999999991
2012-11-21,8785.770000000104
2012-11-22,-4790.585000000081
2012-11-23,7069.014999999927
2012-11-26,-14556.074999999992
2012-11-27,-13205.755000000021
2012-11-28,-2496.3449999999557
2012-11-29,4557.394999999946
2012-11-30,4412.555000000068
2012-12-03,-6068.860000000059
2012-12-04,-13570.85499999993
2012-12-05,-2560.440000000051
2012-12-06,-15880.975000000004
2012-12-07,-719.6000000000313
2012-12-10,3368.170000000077
2012-12-11,14616.659999999956
2012-12-12,16764.155000000006
2012-12-13,-14654.244999999984
2012-12-14,2239.9799999999773
2012-12-17,1089.2749999999367
2012-12-18,-6163.049999999928
2012-12-19,4481.7450000000235
2012-12-20,-2581.1350000000502
2012-12-21,-2515.839999999907
2012-12-24,112.11499999992961
2012-12-25,3373.800000000031
2012-12-26,14835.734999999977
2012-12-27,-1116.1350000000052
2012-12-28,-8296.619999999984
2012-12-31,916.6700000000365
2013-01-01,1333.9499999999562
2013-01-02,25032.199999999964
2013-01-03,-70.6350000001014
2013-01-04,-9727.999999999949
2013-01-07,2733.0200000000455
2013-01-08,2981.5599999999713
2013-01-09,-397.0450000000207
2013-01-10,-11673.42499999995
2013-01-11,-11735.905000000033
2013-01-14,4463.415000000053
2013-01-15,-11945.345000000003
2013-01-16,-2964.8549999999605
2013-01-17,-5906.185000000012
2013-01-18,-13616.954999999924
2013-01-21,-4982.969999999967
2013-01-22,8858.404999999964
2013-01-23,6261.804999999933
2013-01-24,8806.76000000013
2013-01-25,-7137.405000000073
2013-01-28,10592.13
2013-01-29,2001.1349999999975
2013-01-30,-6933.409999999945
2013-01-31,246.94499999995844
2013-02-01,5072.649999999982
2013-02-04,-1538.7799999999597
2013-02-05,-5650.190000000058
2013-02-06,-10927.76999999996
2013-02-07,889.0600000000859
2013-02-08,-5847.210000000134
2013-02-11,-1388.0149999999644
2013-02-12,1820.5399999999336
2013-02-13,-9062.129999999897
2013-02-14,5022.05999999987
2013-02-15,-5833.254999999942
2013-02-18,8409.025000000032
2013-02-19,-22802.020000000106
2013-02-20,-10474.774999999858
2013-02-21,2657.9949999999917
2013-02-22,10317.990000000033
2013-02-25,5646.214999999926
2013-02-26,8988.335000000017
2013-02-27,-6421.689999999986
2013-02-28,2803.8899999999594
2013-03-01,738.7499999999966
2013-03-04,2806.825000000082
2013-03-05,-10993.640000000047
2013-03-06,3002.535000000049
2013-03-07,8897.234999999937
2013-03-08,14192.935000000041
2013-03-11,-414.9000000000924
2013-03-12,5053.900000000051
2013-03-13,-9647.355000000016
2013-03-14,-1746.1399999999778
2013-03-15,-8224.609999999953
2013-03-18,8297.574999999944
2013-03-19,-4820.809999999974
2013-03-20,5171.349999999965
2013-03-21,6569.725000000032
2013-03-22,-7581.6649999999945
2013-03-25,9943.059999999994
2013-03-26,-2825.4549999999863
2013-03-27,14116.84500000001
2013-03-28,-3806.309999999995
2013-04-01,-16622.35000000009
2013-04-02,-21262.054999999942
2013-04-03,1430.4000000000478
2013-04-04,-11522.640000000003
2013-04-05,-1032.130000000014
2013-04-08,-5345.6200000000035
2013-04-09,5581.414999999887
2013-04-10,-6992.284999999935
2013-04-11,1771.8050000000324
2013-04-12,32543.77000000003
2013-04-15,-17154.264999999985
2013-04-16,13248.20499999996
2013-04-17,7911.014999999991
2013-04-18,2313.2400000000393
2013-04-19,2484.6899999999955
2013-04-22,-2319.37500000008
2013-04-23,-4526.96499999996
2013-04-24,-4097.865000000026
2013-04-25,12080.770000000017
2013-04-26,12576.98999999998
2013-04-29,8844.215000000006
2013-04-30,-1855.6649999999506
2013-05-01,7879.914999999999
2013-05-02,-740.4650000000444
2013-05-03,-7155.774999999952
2013-05-06,-10306.384999999987
2013-05-07,-36.550000000038665
2013-05-08,-5239.874999999969
2013-05-09,-3429.790000000088
2013-05-10,3807.6900000000364
2013-05-13,7150.8100000000095
2013-05-14,206.0449999999738
2013-05-15,-6352.81000000002
2013-05-16,5917.290000000017
2013-05-17,-8921.510000000051
2013-05-20,2086.055000000009
2013-05-21,10834.200000000004
2013-05-22,9799.915000000005
2013-05-23,-2638.889999999963
2013-05-24,4983.379999999931
2013-05-27,-2900.9299999999957
2013-05-28,7059.480000000037
2013-05-29,3356.9249999999633
2013-05-30,2058.8050000000403
2013-05-31,11764.235000000019
2013-06-03,-14237.59500000003
2013-06-04,-3162.865000000021
2013-06-05,-4119.755000000002
2013-06-06,9930.930000000026
2013-06-07,9620.415000000034
2013-06-10,308.94999999994
2013-06-11,18486.724999999973
2013-06-12,-4548.694999999991
2013-06-13,-19555.019999999964
2013-06-14,-3336.700000000004
2013-06-17,13510.879999999916
2013-06-18,3635.8800000000615
2013-06-19,3823.299999999964
2013-06-20,-10484.90499999997
2013-06-21,-4131.799999999973
2013-06-24,11126.10499999995
2013-06-25,-7062.200000000019
2013-06-26,1706.140000000007
2013-06-27,205.55999999997582
2013-06-28,4283.430000000014
2013-07-01,-11946.955
2013-07-02,-3929.820000000002
2013-07-03,-2705.9650000000815
2013-07-04,149.2900000000534
2013-07-05,1174.0700000000122
2013-07-08,2994.21500000008
2013-07-09,5858.589999999966
2013-07-10,-5238.765000000024
2013-07-11,-9945.310000000003
2013-07-12,-13632.565000000028
2013-07-15,7829.4900000000525
2013-07-16,4041.2899999999718
2013-07-17,-11952.199999999957
2013-07-18,8209.30000000001
2013-07-19,3401.724999999977
2013-07-22,3751.524999999975
2013-07-23,-5441.5200000000095
2013-07-24,-3039.104999999965
2013-07-25,-1334.855000000111
2013-07-26,-1773.4549999999767
2013-07-29,-8215.149999999925
2013-07-30,-3635.754999999998
2013-07-31,-11196.655000000052
2013-08-01,-17215.364999999987
2013-08-02,-212.5000000000166
2013-08-05,13369.335000000032
2013-08-06,2230.134999999971
2013-08-07,6341.679999999967
2013-08-08,10011.300000000008
2013-08-09,-7042.934999999982
2013-08-12,26083.444999999956
2013-08-13,-1139.320000000002
2013-08-14,7979.790000000027
2013-08-15,4849.134999999981
2013-08-16,-5841.4999999999945
2013-08-19,19971.38
2013-08-20,-10029.319999999992
2013-08-21,-4428.174999999989
2013-08-22,-10085.630000000014
2013-08-23,-2783.3499999999535
2013-08-26,20850.779999999948
2013-08-27,6429.659999999984
2013-08-28,-3592.294999999997
2013-08-29,11787.999999999936
2013-08-30,-878.9100000000033
2013-09-02,-674.3600000000873
2013-09-03,15248.094999999992
2013-09-04,3539.905000000141
2013-09-05,-2115.140000000082
2013-09-06,-1446.4400000000358
2013-09-09,17690.284999999993
2013-09-10,-9937.165000000079
2013-09-11,1631.060000000044
2013-09-12,541.0149999999422
2013-09-13,-2997.4750000000254
2013-09-16,7370.545000000053
2013-09-17,-3307.3849999999547
2013-09-18,517.8699999998951
2013-09-19,-6657.02999999998
2013-09-20,503.9299999999629
2013-09-23,-18059.960000000014
2013-09-24,1748.5149999999321
2013-09-25,1329.225000000092
2013-09-26,-1551.6050000000096
2013-09-27,-8737.830000000042
2013-09-30,-17808.45499999999
2013-10-01,-10325.824999999973
2013-10-02,4575.444999999943
2013-10-03,5972.0449999999555
2013-10-04,-2217.029999999903
2013-10-07,6970.800000000073
2013-10-08,2782.2699999999063
2013-10-09,3426.375000000099
2013-10-10,7892.710000000046
2013-10-11,-12603.89999999996
2013-10-14,-2002.0000000001685
2013-10-15,10853.10000000018
2013-10-16,5604.6999999999025
2013-10-17,7971.200000000035
2013-10-18,-7201.355000000008
2013-10-21,-3182.3749999999986
2013-10-22,-12197.899999999978
2013-10-23,-1279.7100000000582
2013-10-24,9869.305000000011
2013-10-25,9990.289999999963
2013-10-28,-5536.604999999823
2013-10-29,-7112.585000000112
2013-10-30,12807.069999999916
2013-10-31,-15308.399999999921
2013-11-01,-10261.30999999997
2013-11-04,-9848.200000000063
2013-11-05,125.7900000001348
2013-11-06,-6740.300000000039
2013-11-07,406.3999999999696
2013-11-08,8419.545000000006
2013-11-11,6881.699999999884
2013-11-12,5329.500000000015
2013-11-13,-8167.854999999897
2013-11-14,5242.599999999983
2013-11-15,-9217.330000000007
2013-11-18,-37.855000000096766
2013-11-19,-1166.319999999891
2013-11-20,1751.2449999999335
2013-11-21,13382.01999999999
2013-11-22,12858.424999999952
2013-11-25,13387.595000000127
2013-11-26,-13701.500000000164
2013-11-27,-1222.4099999999023
2013-11-28,2316.9799999999564
2013-11-29,414.5149999999809
2013-12-02,-4875.10000000008
2013-12-03,-7616.219999999873
2013-12-04,193.57999999995445
2013-12-05,17459.49999999999
2013-12-06,3784.1450000000295
2013-12-09,5043.0899999998655
2013-12-10,-33.16499999990208
2013-12-11,12146.144999999979
2013-12-12,-6148.829999999929
2013-12-13,4373.790000000045
2013-12-16,519.9599999999443
2013-12-17,2646.33499999992
2013-12-18,9090.380000000026
2013-12-19,1933.6150000000011
2013-12-20,6933.870000000012
2013-12-23,1293.8850000000325
2013-12-24,15676.914999999994
2013-12-25,3116.544999999981
2013-12-26,-13928.485000000084
2013-12-27,-15693.959999999859
2013-12-30,8442.49500000003
2013-12-31,4206.399999999949
2014-01-01,-787.3000000000159
2014-01-02,-9228.369999999988
2014-01-03,-15035.169999999844
2014-01-06,-4760.809999999973
2014-01-07,14079.37000000001
2014-01-08,15735.374999999878
2014-01-09,-13656.35499999986
2014-01-10,4856.0799999998635
2014-01-13,5908.305000000013
2014-01-14,-13901.830000000073
2014-01-15,4381.545000000043
2014-01-16,-4307.66499999989
2014-01-17,13196.350000000073
2014-01-20,2489.9949999999612
2014-01-21,25425.395000000033
2014-01-22,15323.250000000056
2014-01-23,-12011.105000000103
2014-01-24,7894.385000000036
2014-01-27,-8958.954999999947
2014-01-28,5305.624999999931
2014-01-29,18296.004999999986
2014-01-30,1302.580000000072
2014-01-31,-11657.220000000094
2014-02-03,-1381.719999999863
2014-02-04,17534.999999999887
2014-02-05,-9514.990000000005
2014-02-06,10231.40000000004
2014-02-07,1883.9450000000847
2014-02-10,-15114.975000000095
2014-02-11,27265.679999999968
2014-02-12,-11563.409999999973
2014-02-13,13329.379999999954
2014-02-14,-6605.599999999964
2014-02-17,6145.680000000026
2014-02-18,11759.200000000017
2014-02-19,18172.60500000002
2014-02-20,900.2900000000292
2014-02-21,-12746.634999999955
2014-02-24,-4896.009999999946
2014-02-25,1005.379999999996
2014-02-26,8657.654999999968
2014-02-27,-15431.820000000049
2014-02-28,1519.6800000000285
2014-03-03,-9321.185000000014
2014-03-04,-3095.364999999982
2014-03-05,-7053.764999999931
2014-03-06,-5074.865000000053
2014-03-07,-23675.475000000086
2014-03-10,-8054.76999999994
2014-03-11,-7064.665000000009
2014-03-12,-1063.8850000000627
2014-03-13,-15730.580000000029
2014-03-14,855.6200000000656
2014-03-17,-6974.080000000006
2014-03-18,-3284.1000000000095
2014-03-19,-2871.8300000000163
2014-03-20,-6115.27999999993
2014-03-21,3887.8649999999675
2014-03-24,13240.405000000075
2014-03-25,10286.969999999923
2014-03-26,326.52499999999657
2014-03-27,998.980000000071
2014-03-28,8988.380000000006
2014-03-31,4202.779999999874
2014-04-01,265.59000000004494
2014-04-02,4971.739999999962
2014-04-03,12636.819999999942
2014-04-04,-14142.04999999996
2014-04-07,-3384.974999999933
2014-04-08,3597.9900000000025
2014-04-09,2960.3449999999534
2014-04-10,927.5000000000186
2014-04-11,5347.144999999998
2014-04-14,8722.245000000017
2014-04-15,-17361.90000000003
2014-04-16,4577.599999999979
2014-04-17,-7981.690000000035
2014-04-21,8642.700000000083
2014-04-22,14216.344999999921
2014-04-23,6792.550000000098
2014-04-24,6330.214999999923
2014-04-25,-1942.5999999999385
2014-04-28,-14512.049999999963
2014-04-29,-6108.050000000105
2014-04-30,-14117.239999999965
2014-05-01,-6243.529999999996
2014-05-02,-2371.9099999999344
2014-05-05,67.3799999999378
2014-05-06,-6850.854999999997
2014-05-07,3446.245000000058
2014-05-08,1913.9449999999597
2014-05-09,-4169.309999999994
2014-05-12,9638.494999999919
2014-05-13,3591.1000000001177
2014-05-14,5078.199999999933
2014-05-15,-197.89999999996235
2014-05-16,1124.399999999963
2014-05-19,-15710.555000000044
2014-05-20,2481.755000000099
2014-05-21,-83.74000000005174
2014-05-22,11212.72999999998
2014-05-23,12468.135000000013
2014-05-26,1078.0700000000236
2014-05-27,-3535.4250000000197
2014-05-28,-4515.3649999999325
2014-05-29,-5153.900000000012
2014-05-30,1178.6999999999607
2014-06-02,-6242.694999999939
2014-06-03,-8606.155000000004
2014-06-04,-10419.299999999968
2014-06-05,7841.06999999995
2014-06-06,-26909.75500000003
2014-06-09,-2743.6150000000907
2014-06-10,6569.735000000169
2014-06-11,3966.399999999994
2014-06-12,15698.789999999992
2014-06-13,-3401.03
2014-06-16,-3159.4700000000716
2014-06-17,13907.035000000144
2014-06-18,9359.799999999905
2014-06-19,-8756.784999999993
2014-06-20,2580.360000000004
2014-06-23,2446.1049999999973
2014-06-24,-1083.820000000058
2014-06-25,-15061.575000000033
2014-06-26,-7690.940000000007
2014-06-27,5175.000000000016
2014-06-30,39735.90999999998
2014-07-01,-6046.2199999999675
2014-07-02,-4926.500000000034
2014-07-03,-4571.399999999994
2014-07-04,-350.1999999999791
2014-07-07,6563.774999999898
2014-07-08,-7184.864999999985
2014-07-09,-3843.6249999999277
2014-07-10,6923.245000000042
2014-07-11,4076.8449999999775
2014-07-14,-690.5549999999874
2014-07-15,-5638.8550000000205
2014-07-16,-14210.000000000073
2014-07-17,-5190.465000000011
2014-07-18,2394.090000000128
2014-07-21,3699.1899999999646
2014-07-22,-953.3500000000279
2014-07-23,-13325.935000000012
2014-07-24,8892.71499999997
2014-07-25,-8873.909999999962
2014-07-28,-4371.990000000021
2014-07-29,5405.499999999936
2014-07-30,-1384.1549999999297
2014-07-31,6618.044999999938
2014-08-01,7597.655000000024
2014-08-04,-13067.299999999947
2014-08-05,-1017.2850000000257
2014-08-06,-17763.39999999999
2014-08-07,-9528.104999999981
2014-08-08,12702.559999999941
2014-08-11,-4128.140000000017
2014-08-12,-7247.445
2014-08-13,6603.080000000009
2014-08-14,13109.249999999894
2014-08-15,-14880.89999999991
2014-08-18,14088.229999999938
2014-08-19,-9471.479999999932
2014-08-20,-4456.489999999942
2014-08-21,-3892.659999999982
2014-08-22,-3232.7850000001135
2014-08-25,2366.4000000000487
2014-08-26,15275.989999999985
2014-08-27,-6844.495000000056
2014-08-28,12406.845000000083
2014-08-29,20856.000000000007
2014-09-01,-582.7300000000653
2014-09-02,-17127.689999999897
2014-09-03,10952.225000000017
2014-09-04,1881.9799999999607
2014-09-05,-11640.199999999955
2014-09-08,3676.21499999991
2014-09-09,30306.729999999967
2014-09-10,-10752.084999999963
2014-09-11,-1767.2549999999223
2014-09-12,-8713.400000000101
2014-09-15,5764.275000000023
2014-09-16,8361.969999999952
2014-09-17,-12978.284999999923
2014-09-18,12898.550000000025
2014-09-19,26693.084999999926
2014-09-22,1677.190000000021
2014-09-23,3774.165
2014-09-24,-987.1099999999999
2014-09-25,5785.245
2014-09-26,31066.659999999923
2014-09-29,1871.1200000000886
2014-09-30,-8893.055000000024
2014-10-01,-4896.515000000002
2014-10-02,-2371.299999999954
2014-10-03,-17260.530000000083
2014-10-06,-6319.194999999945
2014-10-07,-9784.015000000012
2014-10-08,2494.690000000024
2014-10-09,-15253.53000000003
2014-10-10,5432.999999999964
2014-10-13,-11747.559999999909
2014-10-14,-37465.014999999985
2014-10-15,-2492.109999999987
2014-10-16,10552.769999999951
2014-10-17,6698.4999999999845
2014-10-20,-10190.414999999966
2014-10-21,-10234.410000000033
2014-10-22,2451.8850000001
2014-10-23,1403.4499999999146
2014-10-24,-545.6299999999735
2014-10-27,-15696.054999999897
2014-10-28,8310.439999999942
2014-10-29,-1673.6049999999996
2014-10-30,9665.060000000067
2014-10-31,8124.449999999883
2014-11-03,-9628.09999999996
2014-11-04,-3444.769999999974
2014-11-05,12449.82500000003
2014-11-06,-5508.900000000045
2014-11-07,-14259.999999999913
2014-11-10,10280.134999999967
2014-11-11,-5438.07500000001
2014-11-12,9833.325000000044
2014-11-13,-5869.600000000006
2014-11-14,3743.844999999962
2014-11-17,-12383.400000000021
2014-11-18,417.49000000004503
2014-11-19,-1182.5999999999817
2014-11-20,-5598.280000000007
2014-11-21,3628.689999999974
2014-11-24,-3196.2900000000163
2014-11-25,-11535.919999999976
2014-11-26,-4741.109999999976
2014-11-27,-26253.460000000006
2014-11-28,16520.90000000001
2014-12-01,8639.340000000017
2014-12-02,-6716.805000000081
2014-12-03,-18049.649999999918
2014-12-04,-9492.15500000006
2014-12-05,-18124.754999999943
2014-12-08,-14745.320000000032
2014-12-09,-5549.975000000013
2014-12-10,-11499.375000000038
2014-12-11,-7031.499999999935
2014-12-12,-18526.985000000026
2014-12-15,-11467.185000000045
2014-12-16,-1841.5950000000084
2014-12-17,1922.1750000000104
2014-12-18,6463.2599999999675
2014-12-19,8684.180000000026
2014-12-22,-1146.8549999999732
2014-12-23,7828.3000000000275
2014-12-24,-7193.329999999976
2014-12-25,-1949.0999999999951
2014-12-26,5823.0449999999455
2014-12-29,-5348.559999999974
2014-12-30,2226.769999999974
2014-12-31,13341.000000000013
2015-01-01,2320.1800000000017
2015-01-02,-13299.159999999969
2015-01-05,-23138.039999999986
2015-01-06,-8017.910000000046
2015-01-07,-647.4849999999698
2015-01-08,-6365.599999999982
2015-01-09,-10546.400000000016
2015-01-12,-13497.954999999976
2015-01-13,-28606.300000000057
2015-01-14,-13712.264999999967
2015-01-15,3321.7899999999886
2015-01-16,762.0999999999549
2015-01-19,-2313.094999999946
2015-01-20,-5672.809999999971
2015-01-21,-1758.4100000000203
2015-01-22,-260.6300000000011
2015-01-23,-20730.110000000004
2015-01-26,8063.724999999968
2015-01-27,-2582.0549999999857
2015-01-28,5829.899999999998
2015-01-29,-375.4099999999851
2015-01-30,11062.440000000019
2015-02-02,5121.37000000001
2015-02-03,8149.4000000000215
2015-02-04,4675.690000000004
2015-02-05,8723.645000000022
2015-02-06,-4303.620000000039
2015-02-09,12899.345000000008
2015-02-10,-7474.490000000015
2015-02-11,-5248.909999999963
2015-02-12,14551.099999999966
2015-02-13,1700.0550000000344
2015-02-16,952.1450000000043
2015-02-17,3845.099999999965
2015-02-18,-2482.455000000031
2015-02-19,2279.400000000068
2015-02-20,-9105.240000000013
2015-02-23,-7515.5800000000545
2015-02-24,1510.8100000000138
2015-02-25,8235.20500000005
2015-02-26,8484.349999999986
2015-02-27,5147.770000000007
2015-03-02,553.0399999999961
2015-03-03,-3098.6999999999125
2015-03-04,-12854.600000000011
2015-03-05,-6221.250000000014
2015-03-06,-2501.855000000018
2015-03-09,8303.445000000007
2015-03-10,-4479.700000000045
2015-03-11,-294.1549999999678
2015-03-12,1576.1499999999976
2015-03-13,-12436.499999999953
2015-03-16,799.8999999999654
2015-03-17,-14739.299999999996
2015-03-18,13425.435000000001
2015-03-19,7523.804999999999
2015-03-20,2812.17999999996
2015-03-23,11538.520000000057
2015-03-24,-8269.31000000004
2015-03-25,-2270.7000000000035
2015-03-26,-5972.710000000035
2015-03-27,1910.9150000000534
2015-03-30,6652.200000000005
2015-03-31,-13122.80000000001
2015-04-01,10936.525000000023
2015-04-02,-1314.4550000000186
2015-04-03,0.0
2015-04-06,-1766.900000000021
2015-04-07,-2472.8100000000195
2015-04-08,-2867.090000000005
2015-04-09,341.90000000002783
2015-04-10,-3458.3550000000323
2015-04-13,-11901.699999999999
2015-04-14,4207.799999999995
2015-04-15,8608.100000000057
2015-04-16,817.7499999999488
2015-04-17,1982.0999999999701
2015-04-20,-1546.7199999999807
2015-04-21,-7234.399999999963
2015-04-22,-189.47000000002444
2015-04-23,8068.044999999998
2015-04-24,-4079.5549999999716
2015-04-27,-3841.650000000021
2015-04-28,154.60000000000082
2015-04-29,-929.0000000000732
2015-04-30,-6330.949999999935
2015-05-01,-4636.530000000005
2015-05-04,-1652.5100000000245
2015-05-05,7303.899999999994
2015-05-06,-45.299999999935835
2015-05-07,-9975.930000000008
2015-05-08,-3166.4000000000046
2015-05-11,-1106.375000000022
2015-05-12,4085.859999999974
2015-05-13,585.6450000000644
2015-05-14,18162.204999999984
2015-05-15,-5893.14000000002
2015-05-18,-481.0999999999915
2015-05-19,-23280.754999999965
2015-05-20,-1050.2200000000378
2015-05-21,11054.72999999998
2015-05-22,-18914.840000000015
2015-05-25,-381.1499999999844
2015-05-26,-27301.85000000003
2015-05-27,-12945.665000000012
2015-05-28,3985.650000000016
2015-05-29,5230.394999999994
2015-06-01,-1292.225000000021
2015-06-02,20168.20000000001
2015-06-03,-12798.710000000032
2015-06-04,-3883.629999999999
2015-06-05,-216.62999999996217
2015-06-08,10991.49999999996
2015-06-09,27613.544999999955
2015-06-10,5502.445000000059
2015-06-11,-18309.19999999992
2015-06-12,-8474.530000000113
2015-06-15,-6042.454999999972
2015-06-16,11266.890000000001
2015-06-17,1484.8449999999948
2015-06-18,-6017.16499999996
2015-06-19,-6951.615000000021
2015-06-22,18035.744999999915
2015-06-23,28271.560000000074
2015-06-24,-10849.18
2015-06-25,10648.044999999938
2015-06-26,10269.960000000021
2015-06-29,347.5250000000129
2015-06-30,32013.04500000006
2015-07-01,-10275.620000000117
2015-07-02,-1688.124999999917
2015-07-03,-11250.129999999983
2015-07-06,-23820.839999999975
2015-07-07,-9814.940000000035
2015-07-08,-2175.975000000067
2015-07-09,15151.600000000042
2015-07-10,-665.7000000000053
2015-07-13,-5792.055000000012
2015-07-14,-4853.799999999938
2015-07-15,-7879.555000000007
2015-07-16,-3141.455000000021
2015-07-17,-956.5000000000384
2015-07-20,-3675.754999999986
2015-07-21,-3591.3999999999633
2015-07-22,-12355.309999999996
2015-07-23,-13208.280000000046
2015-07-24,-14396.104999999978
2015-07-27,-24601.69000000005
2015-07-28,15019.185000000032
2015-07-29,3705.9449999999583
2015-07-30,-2007.1000000000386
2015-07-31,-19644.85499999994
2015-08-03,-9475.629999999996
2015-08-04,9467.389999999925
2015-08-05,97.64499999997872
2015-08-06,-8521.354999999972
2015-08-07,-1571.0000000000146
2015-08-10,37144.645000000084
2015-08-11,-19802.365000000056
2015-08-12,-11221.854999999943
2015-08-13,-3804.955000000062
2015-08-14,-5174.400000000002
2015-08-17,-7589.639999999985
2015-08-18,-9774.35500000002
2015-08-19,-22870.04
2015-08-20,12216.714999999995
2015-08-21,-22418.519999999997
2015-08-24,-1896.9199999999876
2015-08-25,10696.944999999958
2015-08-26,-5548.599999999897
2015-08-27,4383.2599999999375
2015-08-28,2144.3900000000103
2015-08-31,-9934.525000000016
2015-09-01,-20353.31000000001
2015-09-02,8420.220000000021
2015-09-03,5603.745000000037
2015-09-04,-8795.354999999992
2015-09-07,2742.7999999999574
2015-09-08,15544.880000000023
2015-09-09,-2560.585000000057
2015-09-10,3736.489999999976
2015-09-11,-8781.399999999947
2015-09-14,5209.275000000005
2015-09-15,3947.5849999999577
2015-09-16,-6412.724999999966
2015-09-17,-4953.360000000036
2015-09-18,-9073.46499999995
2015-09-21,9487.88
2015-09-22,-11628.810000000016
2015-09-23,-5823.215000000007
2015-09-24,1307.4999999999377
2015-09-25,6058.000000000043
2015-09-28,-7654.474999999991
2015-09-29,403.894999999954
2015-09-30,16316.999999999993
2015-10-01,-8518.07500000004
2015-10-02,2398.2900000000536
2015-10-05,7277.944999999968
2015-10-06,-1760.99999999998
2015-10-07,-3008.6650000000072
2015-10-08,-7304.854999999992
2015-10-09,308.2800000000434
2015-10-12,7356.424999999951
2015-10-13,9481.300000000023
2015-10-14,-3930.619999999996
2015-10-15,-7863.035000000008
2015-10-16,-15215.500000000004
2015-10-19,-746.2199999999625
2015-10-20,7037.344999999963
2015-10-21,-12321.694999999969
2015-10-22,-8228.679999999977
2015-10-23,-9818.23499999999
2015-10-26,-4836.205000000009
2015-10-27,-161.650000000014
2015-10-28,-5833.939999999966
2015-10-29,-8215.099999999973
2015-10-30,-4235.800000000032
2015-11-02,-7028.4549999999945
2015-11-03,-9603.000000000005
2015-11-04,7606.389999999989
2015-11-05,-12191.854999999965
2015-11-06,-11775.710000000015
2015-11-09,-2679.2099999999964
2015-11-10,2001.189999999984
2015-11-11,4783.30000000003
2015-11-12,2191.7999999999306
2015-11-13,-2958.999999999995
2015-11-16,-5178.399999999952
2015-11-17,-5091.200000000015
2015-11-18,-8153.195
2015-11-19,13337.109999999957
2015-11-20,347.11000000004003
2015-11-23,-3213.9500000000266
2015-11-24,-3697.155000000002
2015-11-25,-1379.3750000000039
2015-11-26,8144.579999999989
2015-11-27,-15087.594999999925
2015-11-30,6041.7449999999535
2015-12-01,2724.720000000004
2015-12-02,-5253.494999999951
2015-12-03,4610.085
2015-12-04,23743.67499999996
2015-12-07,-10602.334999999981
2015-12-08,3801.4250000000407
2015-12-09,8243.279999999993
2015-12-10,4046.2450000000126
2015-12-11,3514.5699999999943
2015-12-14,2982.0899999999974
2015-12-15,-6988.430000000056
2015-12-16,-3348.71
2015-12-17,-10447.310000000032
2015-12-18,13758.340000000013
2015-12-21,-13154.669999999984
2015-12-22,-6537.414999999975
2015-12-23,-12341.830000000033
2015-12-24,-2503.704999999985
2015-12-28,-14745.595000000047
2015-12-29,3585.675000000043
2015-12-30,4640.414999999935
2015-12-31,293.71500000002504
2016-01-04,1690.8450000000216
2016-01-05,10856.000000000033
2016-01-06,22251.169999999962
2016-01-07,19605.014999999952
2016-01-08,-860.629999999974
2016-01-11,11556.445000000007
2016-01-12,5813.549999999996
2016-01-13,11124.11500000001
2016-01-14,-8054.785000000016
2016-01-15,10705.009999999975
2016-01-18,4932.040000000041
2016-01-19,7466.019999999951
2016-01-20,16966.09499999996
2016-01-21,-12560.309999999941
2016-01-22,-24806.855000000018
2016-01-25,22988.985000000008
2016-01-26,-2173.5550000000026
2016-01-27,-3650.9200000000583
2016-01-28,-21925.719999999972
2016-01-29,14079.024999999992
2016-02-01,4683.1
2016-02-02,7762.235000000006
2016-02-03,-9804.930000000062
2016-02-04,11453.675000000025
2016-02-05,224.32999999998782
2016-02-08,10935.37
2016-02-09,4228.999999999983
2016-02-10,-6289.154999999962
2016-02-11,15436.959999999968
2016-02-12,-13046.95499999999
2016-02-15,-21755.75499999996
2016-02-16,6375.189999999952
2016-02-17,-7083.154999999957
2016-02-18,5919.604999999952
2016-02-19,1201.6349999999893
2016-02-22,-9633.849999999997
2016-02-23,10833.839999999976
2016-02-24,-8877.720000000003
2016-02-25,-8029.809999999959
2016-02-26,-224.0600000000639
2016-02-29,568.5499999999886
2016-03-01,-4167.899999999969
2016-03-02,274.14499999997963
2016-03-03,4939.745000000024
2016-03-04,-3467.6550000000357
2016-03-07,-7345.5549999999885
2016-03-08,1024.045000000021
2016-03-09,-7796.959999999998
2016-03-10,4467.585000000018
2016-03-11,-5500.255000000053
2016-03-14,-1542.7549999999528
2016-03-15,-3668.365000000003
2016-03-16,2180.899999999974
2016-03-17,-486.95500000004307
2016-03-18,2969.984999999977
2016-03-21,8249.175000000052
2016-03-22,705.8350000000023
2016-03-23,2874.6899999999687
2016-03-24,312.49000000000274
2016-03-28,-4198.195000000018
2016-03-29,11916.19000000003
2016-03-30,4772.345000000006
2016-03-31,-14193.330000000005
2016-04-01,11592.98000000001
2016-04-04,9460.899999999972
2016-04-05,1309.8000000000204
2016-04-06,-7732.039999999973
2016-04-07,17736.045000000002
2016-04-08,-3705.300000000017
2016-04-11,4824.315000000008
2016-04-12,3428.73999999999
2016-04-13,8779.650000000016
2016-04-14,-3797.3149999999914
2016-04-15,6893.879999999949
2016-04-18,1317.1200000000285
2016-04-19,15555.994999999972
2016-04-20,1835.5749999999935
2016-04-21,-392.76999999996923
2016-04-22,-3314.9850000000524
2016-04-25,8506.514999999963
2016-04-26,-5122.509999999965
2016-04-27,-3103.7850000000108
2016-04-28,9384.190000000013
2016-04-29,2919.4150000000172
2016-05-02,-3498.774999999999
2016-05-03,1703.1000000000054
2016-05-04,2538.6449999999777
2016-05-05,-7548.954999999995
2016-05-06,8798.924999999997
2016-05-09,1526.244999999963
2016-05-10,10009.045000000024
2016-05-11,-8596.255000000016
2016-05-12,1685.9450000000215
2016-05-13,-2944.6299999999765
2016-05-16,-4682.455000000005
2016-05-17,-4479.720000000019
2016-05-18,-1569.4499999999791
2016-05-19,7422.369999999953
2016-05-20,7223.179999999984
2016-05-23,4604.194999999989
2016-05-24,-13884.474999999975
2016-05-25,3986.8999999999364
2016-05-26,-2795.999999999985
2016-05-27,-2645.0550000000294
2016-05-30,-1260.7199999999968
2016-05-31,5622.535000000019
2016-06-01,4527.425000000031
2016-06-02,1813.8899999999733
2016-06-03,-15224.509999999975
2016-06-06,5121.845000000033
2016-06-07,7928.549999999981
2016-06-08,5382.624999999942
2016-06-09,8616.425
2016-06-10,7094.500000000013
2016-06-13,-4088.7499999999927
2016-06-14,2534.679999999985
2016-06-15,-10239.68500000005
2016-06-16,-532.029999999995
2016-06-17,-272.93999999997874
2016-06-20,-11769.069999999989
2016-06-21,-1970.6300000000415
2016-06-22,2250.495000000021
2016-06-23,-1065.8250000000235
2016-06-24,-10979.410000000003
2016-06-27,11530.400000000027
2016-06-28,-7070.910000000069
2016-06-29,-3064.639999999997
2016-06-30,73.75000000003973
2016-07-01,2901.0249999999905
2016-07-04,3735.304999999983
2016-07-05,-5055.650000000004
2016-07-06,-2884.420000000036
2016-07-07,1476.9999999999845
2016-07-08,7311.545000000026
2016-07-11,-2924.209999999955
2016-07-12,7896.644999999963
2016-07-13,6468.899999999953
2016-07-14,-1090.6549999999706
2016-07-15,-3366.5550000000003
2016-07-18,10534.490000000038
2016-07-19,-4438.075000000001
2016-07-20,9794.789999999983
2016-07-21,-6022.095000000019
2016-07-22,977.8600000000374
2016-07-25,1207.6600000000285
2016-07-26,8958.24499999999
2016-07-27,1435.899999999956
2016-07-28,645.2049999999632
2016-07-29,287.835000000019
2016-08-01,-12042.45499999999
2016-08-02,1051.4950000000197
2016-08-03,2212.245000000006
2016-08-04,7009.889999999963
2016-08-05,8116.835000000019
2016-08-08,-3550.550000000033
2016-08-09,-2368.224999999981
2016-08-10,-13708.530000000052
2016-08-11,-2624.2949999999364
2016-08-12,-9111.254999999988
2016-08-15,-9656.050000000027
2016-08-16,2191.5349999999885
2016-08-17,-4721.095000000037
2016-08-18,-6456.999999999925
2016-08-19,-5797.79999999999
2016-08-22,18425.359999999935
2016-08-23,5484.100000000041
2016-08-24,4424.500000000018
2016-08-25,2750.840000000016
2016-08-26,-3684.534999999977
2016-08-29,-1816.2550000000422
2016-08-30,5048.480000000041
2016-08-31,-2662.945000000039
2016-09-01,-21645.029999999966
2016-09-02,-11830.909999999973
2016-09-05,-5487.900000000053
2016-09-06,-7076.319999999955
2016-09-07,-4985.975000000033
2016-09-08,-299.9749999999657
2016-09-09,16958.545000000027
2016-09-12,-363.01000000003376
2016-09-13,13234.925000000007
2016-09-14,8649.144999999991
2016-09-15,14468.470000000008
2016-09-16,6973.279999999957
2016-09-19,-11073.764999999956
2016-09-20,1050.239999999972
2016-09-21,-12715.96000000004
2016-09-22,-961.009999999924
2016-09-23,175.62000000002598
2016-09-26,8619.504999999901
2016-09-27,-2072.2999999999856
2016-09-28,10339.000000000018
2016-09-29,-1054.654999999977
2016-09-30,2676.8249999999607
2016-10-03,1322.9000000000406
2016-10-04,26531.190000000028
2016-10-05,2050.4899999999525
2016-10-06,8896.075000000012
2016-10-07,6580.599999999994
2016-10-10,-7529.71
2016-10-11,-4628.454999999997
2016-10-12,9769.904999999993
2016-10-13,-14664.400000000027
2016-10-14,-15699.375000000018
2016-10-17,-6578.569999999926
2016-10-18,-3304.260000000016
2016-10-19,-12458.910000000042
2016-10-20,11463.690000000044
2016-10-21,-2318.9500000000808
2016-10-24,14491.245000000026
2016-10-25,4945.205000000029
2016-10-26,1765.6049999999927
2016-10-27,3055.804999999931
2016-10-28,13591.805000000028
2016-10-31,-11408.79999999999
2016-11-01,3844.5799999999876
2016-11-02,-7305.1200000000135
2016-11-03,9153.545000000004
2016-11-04,1768.1999999999846
2016-11-07,19039.200000000037
2016-11-08,-1067.0549999999903
2016-11-09,16159.639999999956
2016-11-10,16489.835000000006
2016-11-11,29835.92999999999
2016-11-14,15130.189999999993
2016-11-15,-24080.809999999998
2016-11-16,11958.345000000038
2016-11-17,-324.53999999998905
2016-11-18,1052.359999999986
2016-11-21,-5545.210000000011
2016-11-22,6375.745000000069
2016-11-23,19527.404999999966
2016-11-24,4048.3699999999903
2016-11-25,25303.324999999997
2016-11-28,-12175.954999999964
2016-11-29,13286.944999999985
2016-11-30,-15035.33999999998
2016-12-01,-8202.93499999998
2016-12-02,-16886.510000000028
2016-12-05,2912.405000000008
2016-12-06,9099.20500000003
2016-12-07,3439.9449999999465
2016-12-08,-1571.4649999999772
2016-12-09,4108.30499999999
2016-12-12,-15966.399999999925
2016-12-13,1412.344999999979
2016-12-14,11158.344999999963
2016-12-15,17945.990000000038
2016-12-16,-6439.899999999999
2016-12-19,1116.924999999968
2016-12-20,-8938.599999999988
2016-12-21,16940.945000000025
2016-12-22,-209.0500000000251
2016-12-23,-6772.455000000014
2016-12-26,-786.770000000001
2016-12-27,-13539.499999999998
2016-12-28,8404.414999999968
2016-12-29,-13046.140000000029
2016-12-30,-1023.6199999999969
2017-01-02,-5123.399999999986
2017-01-03,-9360.430000000044
2017-01-04,2035.1300000000904
2017-01-05,-5426.025000000047
2017-01-06,-444.53000000001725
2017-01-09,1832.4000000000635
2017-01-10,9509.044999999938
2017-01-11,-111.30999999995652
2017-01-12,-4647.054999999991
2017-01-13,-1478.4999999999975
2017-01-16,2587.6999999999407
2017-01-17,1601.535000000053
2017-01-18,10386.089999999964
2017-01-19,-481.65500000003766
2017-01-20,-14855.505000000037
2017-01-23,-4871.229999999923
2017-01-24,4977.270000000037
2017-01-25,8827.290000000006
2017-01-26,-13115.24000000007
2017-01-27,12026.400000000003
2017-01-30,-10802.199999999992
2017-01-31,-2959.7599999999907
2017-02-01,-21834.379999999976
2017-02-02,6667.55999999993
2017-02-03,-4665.139999999932
2017-02-06,2933.9800000000055
2017-02-07,11523.644999999991
2017-02-08,-27832.55499999999
2017-02-09,-3602.609999999985
2017-02-10,-26323.755000000023
2017-02-13,462.11499999999285
2017-02-14,11032.285000000005
2017-02-15,-9629.31499999993
2017-02-16,14346.40000000002
2017-02-17,11479.025000000016
2017-02-20,-1545.1499999999874
2017-02-21,9372.524999999954
2017-02-22,-5698.464999999999
2017-02-23,6869.280000000009
2017-02-24,3906.2349999999597
2017-02-27,7957.77000000004
2017-02-28,-3755.599999999909
2017-03-01,-9521.085000000028
2017-03-02,6419.9899999999925
2017-03-03,-8458.530000000017
2017-03-06,-10986.854999999983
2017-03-07,-224.85500000004902
2017-03-08,19501.71500000005
2017-03-09,5754.079999999998
2017-03-10,14572.34500000001
2017-03-13,4589.400000000028
2017-03-14,-1641.7849999999619
2017-03-15,-6032.185000000011
2017-03-16,8319.484999999995
2017-03-17,-3025.2499999999673
2017-03-20,-456.18500000002825
2017-03-21,12347.089999999998
2017-03-22,7132.139999999987
2017-03-23,7351.66
2017-03-24,-11773.599999999891
2017-03-27,13525.344999999981
2017-03-28,-14055.81
2017-03-29,-11232.48499999995
2017-03-30,31.25999999992834
2017-03-31,4103.044999999946
2017-04-03,7709.470000000074
2017-04-04,-21523.784999999974
2017-04-05,-2188.4100000000003
2017-04-06,1931.944999999901
2017-04-07,-6808.809999999902
2017-04-10,-992.5850000000747
2017-04-11,5243.745000000022
2017-04-12,3998.9899999999507
2017-04-13,-2767.354999999878
2017-04-17,4443.714999999919
2017-04-18,1562.5849999999996
2017-04-19,-2948.684999999956
2017-04-20,1462.569999999947
2017-04-21,3725.7800000000875
2017-04-24,336.93000000001547
2017-04-25,473.94499999997527
2017-04-26,85.9500000000373
2017-04-27,8610.484999999917
2017-04-28,2924.275000000032
2017-05-01,-16586.225000000002
2017-05-02,17874.425000000025
2017-05-03,-950.7000000000317
2017-05-04,6835.645000000004
2017-05-05,-9972.954999999969
2017-05-08,18505.844999999954
2017-05-09,-14578.430000000017
2017-05-10,1489.800000000011
2017-05-11,-258.7100000000475
2017-05-12,2401.700000000066
2017-05-15,3433.744999999949
2017-05-16,4466.745000000053
2017-05-17,-4643.4400000000605
2017-05-18,14343.419999999993
2017-05-19,-12954.17499999996
2017-05-22,-1313.045000000014
2017-05-23,8336.515000000007
2017-05-24,1601.9999999999902
2017-05-25,-855.8699999999642
2017-05-26,13826.399999999976
2017-05-29,4452.799999999994
2017-05-30,6967.550000000001
2017-05-31,4712.459999999978
2017-06-01,2384.6500000000274
2017-06-02,9842.310000000032
2017-06-05,-107.79999999995744
2017-06-06,-1506.040000000045
2017-06-07,600.6799999999565
2017-06-08,-10267.399999999972
2017-06-09,-12977.555000000037
2017-06-12,11250.300000000023
2017-06-13,-1048.3400000000179
2017-06-14,10402.239999999918
2017-06-15,-15410.659999999985
2017-06-16,-7642.724999999967
2017-06-19,10837.509999999947
2017-06-20,2296.445000000051
2017-06-21,4800.399999999932
2017-06-22,9577.53000000004
2017-06-23,-250.41000000000372
2017-06-26,-12400.325000000099
2017-06-27,4050.590000000065
2017-06-28,4822.9900000000225
2017-06-29,-14049.350000000068
2017-06-30,-18215.104999999967
2017-07-03,-3614.0000000000537
2017-07-04,2060.800000000091
2017-07-05,-7059.4200000001165
2017-07-06,-3910.3199999999147
2017-07-07,-5209.5300000000625
2017-07-10,-16228.714999999991
2017-07-11,-6959.44000000003
2017-07-12,1006.315000000014
2017-07-13,28296.470000000023
2017-07-14,-6577.140000000064
2017-07-17,-1108.3300000000036
2017-07-18,4718.469999999992
2017-07-19,9887.26999999996
2017-07-20,-8975.79000000004
2017-07-21,3103.5200000000186
2017-07-24,11047.495000000023
2017-07-25,15553.744999999972
2017-07-26,7483.094999999931
2017-07-27,579.2000000000377
2017-07-28,10278.90000000003
2017-07-31,11719.169999999953
2017-08-01,-214.82999999999745
2017-08-02,1652.0850000000114
2017-08-03,4680.170000000086
2017-08-04,-2998.454999999998
2017-08-07,-3868.8999999999924
2017-08-08,-528.3150000000378
2017-08-09,893.115000000011
2017-08-10,20232.21500000003
2017-08-11,558.7649999999917
2017-08-14,-13798.195000000022
2017-08-15,1373.914999999916
2017-08-16,-234.66499999993616
2017-08-17,10508.629999999996
2017-08-18,-6336.899999999984
2017-08-21,91.61500000002856
2017-08-22,-7442.755000000032
2017-08-23,10779.395000000033
2017-08-24,-931.6550000000508
2017-08-25,-7834.555000000022
2017-08-28,19277.69000000004
2017-08-29,5671.595000000022
2017-08-30,6912.690000000055
2017-08-31,13631.904999999942
2017-09-01,-1642.1199999999671
2017-09-04,-10263.820000000054
2017-09-05,3275.535000000013
2017-09-06,-11635.320000000045
2017-09-07,5925.5900000000665
2017-09-08,4330.459999999958
2017-09-11,-9834.684999999978
2017-09-12,6736.3449999999975
2017-09-13,-3822.0650000000164
2017-09-14,1428.2600000000768
2017-09-15,-514.6600000000575
2017-09-18,-6186.409999999979
2017-09-19,2568.0849999999527
2017-09-20,-15355.294999999967
2017-09-21,-8860.88000000002
2017-09-22,-10429.039999999994
2017-09-25,15941.330000000002
2017-09-26,664.1500000000129
2017-09-27,-11127.465000000071
2017-09-28,3097.8150000000032
2017-09-29,-4596.444999999967
2017-10-02,9501.71000000001
2017-10-03,-5611.440000000041
2017-10-04,3778.4999999999836
2017-10-05,-20377.055
2017-10-06,10950.900000000045
2017-10-09,5826.299999999952
2017-10-10,-2781.655000000017
2017-10-11,548.3699999999819
2017-10-12,-1653.729999999965
2017-10-13,-5856.800000000053
2017-10-16,-13130.22999999999
2017-10-17,1453.9950000000515
2017-10-18,479.2299999999981
2017-10-19,7589.944999999975
2017-10-20,-1355.9199999999594
2017-10-23,-6243.004999999994
2017-10-24,-11551.940000000017
2017-10-25,4864.644999999992
2017-10-26,-11584.655000000006
2017-10-27,-12510.209999999997
2017-10-30,-1921.8950000000139
2017-10-31,-9888.354999999972
2017-11-01,8822.269999999944
2017-11-02,-4996.650000000016
2017-11-03,-4265.850000000012
2017-11-06,13245.22500000001
2017-11-07,-1285.4550000000202
2017-11-08,5503.314999999991
2017-11-09,9659.71500000006
2017-11-10,-4407.800000000036
2017-11-13,16656.20000000005
2017-11-14,17775.214999999986
2017-11-15,-6781.6700000000255
2017-11-16,8576.970000000007
2017-11-17,-16183.855
2017-11-20,-10846.160000000003
2017-11-21,-2249.3850000000116
2017-11-22,-3483.719999999983
2017-11-23,-4641.830000000017
2017-11-24,2971.055000000041
2017-11-27,-276.7200000000996
2017-11-28,-335.0699999999554
2017-11-29,-10333.169999999942
2017-11-30,-4402.385000000033
2017-12-01,-4163.96499999997
2017-12-04,7498.145000000039
2017-12-05,452.34500000000037
2017-12-06,9256.144999999993
2017-12-07,-9420.829999999929
2017-12-08,-3402.985000000038
2017-12-11,4066.6999999999516
2017-12-12,414.98999999999614
2017-12-13,6734.615000000007
2017-12-14,-1986.2849999999405
2017-12-15,-2097.615000000067
2017-12-18,7926.885000000043
2017-12-19,-530.1550000000224
2017-12-20,-14116.494999999937
2017-12-21,-6215.280000000034
2017-12-22,1005.2449999999013
2017-12-25,-145.09499999989637
2017-12-26,-25302.335000000076
2017-12-27,9000.68000000009
2017-12-28,10324.444999999921
2017-12-29,3385.089999999983
2018-01-01,3930.470000000113
2018-01-02,-3682.0250000000756
2018-01-03,-14120.624999999918
2018-01-04,1031.8000000000663
2018-01-05,8460.544999999898
2018-01-08,5722.175000000084
2018-01-09,-11420.070000000032
2018-01-10,4114.44499999997
2018-01-11,14720.245000000066
2018-01-12,-1095.4000000000804
2018-01-15,-11004.299999999947
2018-01-16,9106.564999999928
2018-01-17,-12789.219999999888
2018-01-18,-3263.2550000000765
2018-01-19,5771.300000000014
2018-01-22,-6371.655000000033
2018-01-23,14295.290000000043
2018-01-24,-35925.42000000001
2018-01-25,7027.965000000001
2018-01-26,-17042.174999999923
2018-01-29,2491.379999999995
2018-01-30,8052.134999999897
2018-01-31,-10813.209999999925
2018-02-01,-10202.630000000021
2018-02-02,21904.095000000012
2018-02-05,17084.004999999957
2018-02-06,-12142.540000000057
2018-02-07,22272.595000000056
2018-02-08,8065.534999999993
2018-02-09,22534.699999999975
2018-02-12,-28748.5
2018-02-13,2395.4350000000472
2018-02-14,-20272.555000000033
2018-02-15,-13740.455000000025
2018-02-16,3314.1250000000136
2018-02-19,-5201.550000000007
2018-02-20,6705.840000000032
2018-02-21,-8254.71499999997
2018-02-22,-15046.32999999994
2018-02-23,-7416.780000000022
2018-02-26,-8067.719999999995
2018-02-27,239.61000000000507
2018-02-28,1821.2199999999493
2018-03-01,-13477.909999999985
2018-03-02,-12643.964999999995
2018-03-05,-9358.215
2018-03-06,-346.69999999999357
2018-03-07,-777.2999999999863
2018-03-08,3848.8849999999748
2018-03-09,-12900.969999999985
2018-03-12,116.94499999998982
2018-03-13,-2865.400000000015
2018-03-14,9166.100000000026
2018-03-15,4132.8000000000075
2018-03-16,-1339.799999999967
2018-03-19,29949.559999999936
2018-03-20,-12547.820000000045
2018-03-21,-18322.399999999947
2018-03-22,15591.045000000055
2018-03-23,-4769.710000000021
2018-03-26,3470.004999999995
2018-03-27,4295.749999999968
2018-03-28,-7487.610000000008
2018-03-29,-31223.39499999997
2018-04-02,16362.515000000029
2018-04-03,-5718.009999999993
2018-04-04,18163.345000000016
2018-04-05,-8973.520000000033
2018-04-06,-201.56999999998087
2018-04-09,-20800.459999999995
2018-04-10,-23436.505000000005
2018-04-11,-2679.7400000000016
2018-04-12,4177.289999999954
2018-04-13,3910.6350000000307
2018-04-16,12282.800000000047
2018-04-17,1273.944999999982
2018-04-18,-27354.155000000028
2018-04-19,-7575.419999999972
2018-04-20,13001.564999999955
2018-04-23,674.0350000000161
2018-04-24,5110.344999999988
2018-04-25,-10462.060000000014
2018-04-26,-2979.509999999923
2018-04-27,2338.394999999943
2018-04-30,-2760.5599999999818
2018-05-01,10305.95000000001
2018-05-02,-9561.000000000044
2018-05-03,276.09999999997854
2018-05-04,-15464.854999999958
2018-05-07,-7583.649999999996
2018-05-08,-8206.809999999949
2018-05-09,-10179.255000000094
2018-05-10,-1830.1549999999372
2018-05-11,13325.100000000024
2018-05-14,-13717.600000000019
2018-05-15,-2262.2100000000155
2018-05-16,-9983.554999999977
2018-05-17,3370.1999999999716
2018-05-18,6829.700000000027
2018-05-21,-10648.315000000051
2018-05-22,3153.445000000038
2018-05-23,5655.455000000035
2018-05-24,4764.69999999997
2018-05-25,20888.04999999999
2018-05-28,3367.899999999999
2018-05-29,1784.2700000000245
2018-05-30,-440.16500000000235
2018-05-31,8755.80000000001
2018-06-01,-395.8300000000015
2018-06-04,2456.5999999999767
2018-06-05,-6400.055000000057
2018-06-06,-4056.6550000000125
2018-06-07,5653.645000000025
2018-06-08,-2037.6550000000293
2018-06-11,8529.100000000119
2018-06-12,-5152.155000000099
2018-06-13,-5069.909999999969
2018-06-14,4738.645000000044
2018-06-15,22634.149999999965
2018-06-18,-5113.104999999969
2018-06-19,12201.144999999979
2018-06-20,6029.785000000025
2018-06-21,1681.3599999999208
2018-06-22,-14574.549999999985
2018-06-25,10412.745000000019
2018-06-26,-10644.700000000012
2018-06-27,543.409999999953
2018-06-28,2976.0000000001314
2018-06-29,3609.3149999999728
2018-07-02,7175.049999999948
2018-07-03,-1083.2199999999377
2018-07-04,2163.9999999999986
2018-07-05,5032.535000000021
2018-07-06,-8829.465000000007
2018-07-09,7962.644999999985
2018-07-10,5587.2650000000185
2018-07-11,13556.400000000063
2018-07-12,-3233.0550000000235
2018-07-13,12288.34499999992
2018-07-16,4285.5600000001095
2018-07-17,2752.489999999931
2018-07-18,437.2000000000007
2018-07-19,1267.7249999999915
2018-07-20,-1762.1499999999646
2018-07-23,-6737.79
2018-07-24,-7151.100000000025
2018-07-25,-3183.4699999998934
2018-07-26,3855.8000000000397
2018-07-27,-632.2000000000394
2018-07-30,-4057.9000000000383
2018-07-31,-7233.155000000015
2018-08-01,14943.960000000014
2018-08-02,-4196.77000000004
2018-08-03,-1812.9549999999767
2018-08-06,7293.5799999999745
2018-08-07,1651.6799999999737
2018-08-08,-835.9750000000088
2018-08-09,-11448.60000000002
2018-08-10,21711.145000000088
2018-08-13,-10677.310000000083
2018-08-14,-677.4099999999773
2018-08-15,-627.3949999999985
2018-08-16,-15217.510000000024
2018-08-17,717.1249999999761
2018-08-20,8018.115000000051
2018-08-21,6002.545000000015
2018-08-22,19017.345000000027
2018-08-23,10846.179999999995
2018-08-24,-7737.600000000066
2018-08-27,-1618.7999999999547
2018-08-28,3346.889999999984
2018-08-29,14061.674999999976
2018-08-30,9707.345000000003
2018-08-31,-4894.429999999973
2018-09-03,1488.4700000000214
2018-09-04,-6227.740000000038
2018-09-05,-8560.284999999996
2018-09-06,-10332.299999999983
2018-09-07,707.6699999999703
2018-09-10,3546.370000000034
2018-09-11,17923.27000000004
2018-09-12,10178.714999999918
2018-09-13,-10176.910000000007
2018-09-14,5673.415000000048
2018-09-17,1442.5750000000105
2018-09-18,6572.699999999948
2018-09-19,3634.41500000001
2018-09-20,-8754.9
2018-09-21,2176.244999999988
2018-09-24,15587.139999999994
2018-09-25,-6015.075000000003
2018-09-26,1171.7250000000492
2018-09-27,1182.949999999944
2018-09-28,12481.780000000057
2018-10-01,16473.479999999963
2018-10-02,2394.9900000000434
2018-10-03,3282.304999999955
2018-10-04,-6694.820000000003
2018-10-05,-8776.099999999962
2018-10-08,3606.599999999892
2018-10-09,2712.925000000069
2018-10-10,-15302.099999999991
2018-10-11,-10044.800000000023
2018-10-12,-5253.8550000000605
2018-10-15,-464.24999999998613
2018-10-16,7124.000000000004
2018-10-17,-15696.85499999995
2018-10-18,-9622.659999999967
2018-10-19,9080.899999999938
2018-10-22,-6537.089999999984
2018-10-23,-21433.495000000043
2018-10-24,6556.40000000005
2018-10-25,8556.944999999949
2018-10-26,1784.3550000000403
2018-10-29,-2795.4100000000212
2018-10-30,2598.544999999984
2018-10-31,-11053.24999999999
2018-11-01,-18198.15500000003
2018-11-02,229.74500000000774
2018-11-05,8422.700000000032
2018-11-06,-8790.294999999978
2018-11-07,-39.10000000002947
2018-11-08,-8045.9999999999445
2018-11-09,1461.599999999955
2018-11-12,7633.559999999994
2018-11-13,-14266.309999999952
2018-11-14,17515.759999999944
2018-11-15,-17286.75499999997
2018-11-16,15884.969999999994
2018-11-19,4083.8300000000204
2018-11-20,-26977.695000000036
2018-11-21,-1976.3599999999567
2018-11-22,-4694.5999999999985
2018-11-23,-24319.064999999988
2018-11-26,18404.80499999993
2018-11-27,-7383.964999999909
2018-11-28,-12280.65500000004
2018-11-29,-1414.0399999999524
2018-11-30,-8768.06500000009
2018-12-03,7570.340000000016
2018-12-04,293.2600000000623
2018-12-05,-1991.8499999999906
2018-12-06,-7908.80999999995
2018-12-07,8475.989999999998
2018-12-10,-9742.15499999997
2018-12-11,6926.199999999991
2018-12-12,-6814.355000000027
2018-12-13,14911.479999999994
2018-12-14,-12143.970000000028
2018-12-17,-9163.414999999972
2018-12-18,-14581.589999999982
2018-12-19,10462.33500000006
2018-12-20,2160.2250000000586
2018-12-21,-6466.320000000078
2018-12-24,-12947.159999999969
2018-12-25,1324.245000000006
2018-12-26,23465.04500000001
2018-12-27,-8338.479999999987
2018-12-28,-6222.740000000019
2018-12-31,-2565.2000000000153
2019-01-01,-303.7300000000047
2019-01-02,-10962.960000000032
2019-01-03,4909.214999999982
2019-01-04,11285.82500000008
2019-01-07,1885.0399999999775
2019-01-08,13287.249999999984
2019-01-09,4371.250000000038
2019-01-10,9836.724999999937
2019-01-11,5616.84499999999
2019-01-14,6025.935000000002
2019-01-15,11620.570000000027
2019-01-16,7726.064999999983
2019-01-17,-5021.899999999998
2019-01-18,6654.535000000017
2019-01-21,-1192.7399999999907
2019-01-22,-11487.08000000005
2019-01-23,149.2700000000746
2019-01-24,4793.0449999999255
2019-01-25,-6250.7099999999555
2019-01-28,-16521.02999999998
2019-01-29,885.8699999999294
2019-01-30,8112.684999999982
2019-01-31,-879.1599999999823
2019-02-01,4552.970000000036
2019-02-04,-7599.954999999986
2019-02-05,6999.230000000001
2019-02-06,2706.140000000041
2019-02-07,-3922.175000000086
2019-02-08,6152.140000000057
2019-02-11,-3223.315000000033
2019-02-12,-8524.955000000042
2019-02-13,3076.645000000022
2019-02-14,7045.074999999998
2019-02-15,2376.5999999999603
2019-02-18,1953.594999999972
2019-02-19,7735.335000000014
2019-02-20,3852.3800000000424
2019-02-21,-23314.200000000015
2019-02-22,6659.290000000056
2019-02-25,-3961.365
2019-02-26,777.924999999953
2019-02-27,-1114.829999999988
2019-02-28,-5205.529999999996
2019-03-01,-6886.269999999989
2019-03-04,-1589.8700000000056
2019-03-05,2358.175000000013
2019-03-06,-15038.895000000011
2019-03-07,1637.2749999999949
2019-03-08,11551.075000000053
2019-03-11,1279.9350000000013
2019-03-12,9506.670000000016
2019-03-13,4911.839999999995
2019-03-14,-19794.86999999999
2019-03-15,-4484.240000000007
2019-03-18,5045.4149999999945
2019-03-19,-512.584999999954
2019-03-20,12438.804999999973
2019-03-21,-11058.444999999943
2019-03-22,-5186.949999999982
2019-03-25,8916.690000000031
2019-03-26,2126.8999999999564
2019-03-27,-5393.199999999983
2019-03-28,-6133.999999999955
2019-03-29,23653.589999999942
2019-04-01,794.2949999999798
2019-04-02,423.28999999994835
2019-04-03,4699.859999999969
2019-04-04,-12901.859999999946
2019-04-05,2104.0350000000763
2019-04-08,7264.944999999924
2019-04-09,776.6999999999903
2019-04-10,3479.4000000000347
2019-04-11,-15053.010000000018
2019-04-12,2598.7449999999994
2019-04-15,-1135.1749999999797
2019-04-16,-9939.710000000005
2019-04-17,3247.834999999991
2019-04-18,-323.7849999999904
2019-04-22,4072.039999999939
2019-04-23,-2876.320000000022
2019-04-24,9611.205000000009
2019-04-25,7824.90999999995
2019-04-26,1716.330000000074
2019-04-29,-9316.739999999993
2019-04-30,-685.3099999999617
2019-05-01,-24257.595000000045
2019-05-02,-12101.109999999939
2019-05-03,11660.244999999937
2019-05-06,7480.189999999997
2019-05-07,-6782.690000000043
2019-05-08,289.0200000000215
2019-05-09,-3706.2649999999453
2019-05-10,-3533.96500000005
2019-05-13,6452.014999999974
2019-05-14,-19708.364999999976
2019-05-15,-292.6200000000149
2019-05-16,-12156.884999999947
2019-05-17,-12898.829999999969
2019-05-20,-1172.5100000000823
2019-05-21,1741.6450000000102
2019-05-22,-7241.375000000014
2019-05-23,-103.28499999997089
2019-05-24,4324.6599999999735
2019-05-27,3227.8500000000104
2019-05-28,-22561.784999999974
2019-05-29,-6514.905000000027
2019-05-30,3858.4649999999856
2019-05-31,13896.254999999992
2019-06-03,18860.799999999956
2019-06-04,-6479.954999999969
2019-06-05,876.1049999999738
2019-06-06,4168.045000000001
2019-06-07,9915.755000000036
2019-06-10,1753.1599999999607
2019-06-11,-6888.265000000064
2019-06-12,-10189.054999999988
2019-06-13,-1157.139999999924
2019-06-14,-10748.20000000011
2019-06-17,-4472.999999999917
2019-06-18,15082.999999999958
2019-06-19,14201.044999999982
2019-06-20,8871.90000000005
2019-06-21,627.2199999999807
2019-06-24,7702.510000000037
2019-06-25,-545.5099999999941
2019-06-26,-7545.455000000026
2019-06-27,5960.799999999989
2019-06-28,8520.430000000055
2019-07-01,-4918.384999999951
2019-07-02,1441.1999999999903
2019-07-03,377.1349999999974
2019-07-04,-1921.055000000024
2019-07-05,-9975.964999999951
2019-07-08,-3825.565000000091
2019-07-09,4464.890000000041
2019-07-10,26238.750000000004
2019-07-11,-19577.864999999994
2019-07-12,1438.6899999999391
2019-07-15,3242.735000000021
2019-07-16,-634.1399999999696
2019-07-17,11295.269999999962
2019-07-18,10551.2
2019-07-19,-646.1899999999541
2019-07-22,-6165.145000000048
2019-07-23,-7545.0999999999585
2019-07-24,5797.199999999971
2019-07-25,-651.3049999999909
2019-07-26,-5557.700000000022
2019-07-29,10904.985000000024
2019-07-30,4500.100000000047
2019-07-31,-3303.6600000000044
2019-08-01,-10093.54000000002
2019-08-02,1096.8450000000003
2019-08-05,-9574.939999999977
2019-08-06,-5517.155000000116
2019-08-07,11315.245000000026
2019-08-08,8566.090000000002
2019-08-09,5759.925000000058
2019-08-12,7216.699999999979
2019-08-13,37008.97000000003
2019-08-14,-5629.909999999996
2019-08-15,-4913.600000000033
2019-08-16,-7216.499999999963
2019-08-19,-1528.8700000000292
2019-08-20,5029.30000000001
2019-08-21,-2645.6400000000185
2019-08-22,-10587.939999999968
2019-08-23,-1145.3550000000114
2019-08-26,8105.169999999977
2019-08-27,4163.329999999964
2019-08-28,8057.7800000000025
2019-08-29,3506.0400000000222
2019-08-30,-10008.665000000032
2019-09-02,-360.40000000000146
2019-09-03,-3381.009999999992
2019-09-04,17763.339999999956
2019-09-05,-247.49999999996976
2019-09-06,12070.88499999996
2019-09-09,13337.440000000037
2019-09-10,-3190.710000000003
2019-09-11,-20517.83500000003
2019-09-12,-2056.099999999952
2019-09-13,-10496.650000000023
2019-09-16,54379.875
2019-09-17,-4766.825000000014
2019-09-18,-1851.2950000000021
2019-09-19,396.3899999999693
2019-09-20,2512.18000000007
2019-09-23,-3602.0550000000685
2019-09-24,-2158.199999999998
2019-09-25,-3858.340000000008
2019-09-26,4118.54500000003
2019-09-27,-1157.4650000000263
2019-09-30,-11708.109999999939
2019-10-01,5213.179999999971
2019-10-02,1243.6350000000398
2019-10-03,8471.439999999977
2019-10-04,3436.8250000000075
2019-10-07,-2645.699999999995
2019-10-08,-2855.2800000000425
2019-10-09,-1886.899999999977
2019-10-10,-6151.64
2019-10-11,2187.405000000012
2019-10-14,7597.480000000029
2019-10-15,931.4899999999787
2019-10-16,6912.135000000017
2019-10-17,3954.2349999999824
2019-10-18,-1406.4100000000255
2019-10-21,-5821.485000000002
2019-10-22,3456.0800000000027
2019-10-23,-2748.3549999999814
2019-10-24,1016.4899999999891
2019-10-25,-7382.81000000002
2019-10-28,5783.8049999999685
2019-10-29,852.1450000000385
2019-10-30,4468.540000000027
2019-10-31,1523.844999999932
2019-11-01,5565.14500000004
2019-11-04,4934.600000000031
2019-11-05,-5729.410000000029
2019-11-06,8626.399999999998
2019-11-07,-5027.180000000051
2019-11-08,1609.0450000000249
2019-11-11,-4555.044999999972
2019-11-12,-933.9550000000503
2019-11-13,-2520.604999999907
2019-11-14,5593.04499999998
2019-11-15,-346.7599999999711
2019-11-18,-3541.5900000000556
2019-11-19,-3321.1549999999215
2019-11-20,3153.084999999998
2019-11-21,-8840.325000000055
2019-11-22,2294.560000000007
2019-11-25,1627.8450000000103
2019-11-26,-6981.954999999976
2019-11-27,3317.9899999999984
2019-11-28,243.20000000002005
2019-11-29,-1295.3900000000076
2019-12-02,2468.304999999981
2019-12-03,4178.080000000047
2019-12-04,-4864.900000000022
2019-12-05,3595.8450000000166
2019-12-06,-9353.855000000001
2019-12-09,-2119.2549999999665
2019-12-10,393.5449999999697
2019-12-11,-3294.599999999978
2019-12-12,-1858.4550000000004
2019-12-13,13394.944999999958
2019-12-16,3787.444999999979
2019-12-17,1555.7000000000207
2019-12-18,-6211.199999999919
2019-12-19,-6924.140000000004
2019-12-20,3310.825000000014
2019-12-23,-6781.785
2019-12-24,7063.8249999999625
2019-12-25,-885.239999999968
2019-12-26,5610.3099999999495
2019-12-27,5329.880000000004
2019-12-30,-1008.9099999999819
2019-12-31,9093.434999999972
2020-01-01,-1404.054999999985
2020-01-02,-7178.59499999995
2020-01-03,6168.890000000022
2020-01-06,9685.845000000003
2020-01-07,10526.86
2020-01-08,8795.55999999997
2020-01-09,5803.299999999998
2020-01-10,5681.145000000009
2020-01-13,-16715.600000000002
2020-01-14,213.4450000000012
2020-01-15,-2341.9099999999785
2020-01-16,-5585.45500000004
2020-01-17,-5985.925000000009
2020-01-20,-1559.239999999989
2020-01-21,-2317.2999999999647
2020-01-22,9302.504999999968
2020-01-23,-6290.819999999994
2020-01-24,13324.39499999993
2020-01-27,21637.510000000042
2020-01-28,-20293.95499999994
2020-01-29,4639.879999999981
2020-01-30,-799.3199999999683
2020-01-31,20667.69999999997
2020-02-03,10443.069999999985
2020-02-04,-3097.255
2020-02-05,-20078.354999999945
2020-02-06,-5144.85500000005
2020-02-07,3521.600000000016
2020-02-10,-3073.7549999999374
2020-02-11,-10441.63000000008
2020-02-12,7094.980000000029
2020-02-13,3893.5500000000675
2020-02-14,2817.5249999999696
2020-02-17,5336.144999999978
2020-02-18,21683.035000000018
2020-02-19,387.934999999983
2020-02-20,-7148.494999999991
2020-02-21,-6248.170000000013
2020-02-24,-8163.290000000048
2020-02-25,-10344.254999999961
2020-02-26,-3514.164999999978
2020-02-27,-6568.900000000076
2020-02-28,-34733.18999999997
2020-03-02,-3151.684999999975
2020-03-03,18122.849999999984
2020-03-04,4455.970000000077
2020-03-05,-8810.619999999995
2020-03-06,-9814.299999999977
2020-03-09,14074.444999999958
2020-03-10,7246.214999999993
2020-03-11,-21122.310000000012
2020-03-12,-39457.59499999999
2020-03-13,-13728.059999999996
2020-03-16,-34754.86499999999
2020-03-17,-8345.665000000037
2020-03-18,-24543.22500000001
2020-03-19,4402.275000000027
2020-03-20,7554.674999999996
2020-03-23,20616.855000000036
2020-03-24,29811.990000000013
2020-03-25,-10496.105000000001
2020-03-26,-8498.825000000003
2020-03-27,-6727.5100000000075
2020-03-30,1133.00500000003
2020-03-31,9257.354999999996
2020-04-01,-23524.72999999998
2020-04-02,-22687.33000000002
2020-04-03,-21199.420000000027
2020-04-06,3262.389999999989
2020-04-07,20086.514999999996
2020-04-08,-3453.1299999999956
2020-04-09,-6820.654999999998
2020-04-13,-17043.055000000033
2020-04-14,1004.7600000000152
2020-04-15,-5202.010000000005
2020-04-16,-13081.439999999984
2020-04-17,7914.144999999984
2020-04-20,3578.415000000015
2020-04-21,28619.514999999996
2020-04-22,-4174.594999999984
2020-04-23,3187.980000000003
2020-04-24,-2695.015000000005
2020-04-27,14280.960000000005
2020-04-28,603.8150000000007
2020-04-29,-14977.095000000005
2020-04-30,4196.559999999999
2020-05-01,-1377.9550000000027
2020-05-04,-1124.5850000000048
2020-05-05,-7391.820000000012
2020-05-06,13119.57999999999
2020-05-07,-5715.919999999988
2020-05-08,2740.769999999985
2020-05-11,-2896.2100000000064
2020-05-12,762.1350000000076
2020-05-13,-12487.255000000014
2020-05-14,-6007.984999999985
2020-05-15,362.51499999999277
2020-05-18,1377.6000000000006
2020-05-19,1257.144999999995
2020-05-20,5867.049999999997
2020-05-21,-2568.66500000001
2020-05-22,-6640.639999999985
2020-05-25,2209.145000000022
2020-05-26,10522.189999999979
2020-05-27,2175.324999999988
2020-05-28,494.31500000001313
2020-05-29,666.3250000000158
2020-06-01,-5268.8550000000205
2020-06-02,2729.999999999999
2020-06-03,6842.100000000025
2020-06-04,7508.044999999997
2020-06-05,6269.544999999998
2020-06-08,-2936.9550000000186
2020-06-09,-3276.1000000000095
2020-06-10,-4874.399999999973
2020-06-11,-1534.155000000017
2020-06-12,3796.8450000000034
2020-06-15,4835.87000000002
2020-06-16,-9400.955000000004
2020-06-17,1895.8000000000127
2020-06-18,9.959999999992476
2020-06-19,-5941.840000000015
2020-06-22,-2854.100000000017
2020-06-23,-127.45499999999254
2020-06-24,-5440.039999999978
2020-06-25,-10644.154999999999
2020-06-26,-10444.240000000009
2020-06-29,4150.580000000015
2020-06-30,1709.279999999998
2020-07-01,7304.979999999998
2020-07-02,-4297.065000000014
2020-07-03,-765.7999999999904
2020-07-06,8553.244999999984
2020-07-07,-1616.1549999999886
2020-07-08,-969.484999999995
2020-07-09,14127.014999999996
2020-07-10,-4504.195000000001
2020-07-13,-4217.705000000013
2020-07-14,-3298.514999999997
2020-07-15,-2653.925000000002
2020-07-16,5813.290000000021
2020-07-17,411.07999999999384
2020-07-20,-5625.45
2020-07-21,-14566.82
2020-07-22,2674.0599999999977
2020-07-23,4273.734999999997
2020-07-24,-2774.185000000045
2020-07-27,-22784.029999999984
2020-07-28,1476.0899999999922
2020-07-29,-2075.5099999999898
2020-07-30,855.4899999999841
2020-07-31,-10090.984999999966
2020-08-03,-6797.010000000003
2020-08-04,-29943.675000000057
2020-08-05,-1917.1549999999402
2020-08-06,-3784.255000000022
2020-08-07,-2472.799999999978
2020-08-10,6869.789999999971
2020-08-11,6207.045000000032
2020-08-12,-1681.5000000000077
2020-08-13,-6123.914999999981
2020-08-14,3445.934999999993
2020-08-17,4431.079999999976
2020-08-18,-2039.1549999999697
2020-08-19,14852.839999999982
2020-08-20,-1946.1649999999597
2020-08-21,111.32499999996325
2020-08-24,-2560.2999999999665
2020-08-25,3130.299999999983
2020-08-26,-2195.475000000017
2020-08-27,12476.800000000016
2020-08-28,-5557.5550000000085
2020-08-31,2767.769999999996
2020-09-01,1232.3799999999815
2020-09-02,10701.690000000026
2020-09-03,2019.0900000000022
2020-09-04,9881.769999999991
2020-09-07,2832.9800000000355
2020-09-08,8952.944999999936
2020-09-09,-1725.964999999976
2020-09-10,7420.045000000013
2020-09-11,13900.944999999992
2020-09-14,-270.4799999999764
2020-09-15,-11295.299999999981
2020-09-16,13688.050000000027
2020-09-17,22071.22499999999
2020-09-18,10313.094999999998
2020-09-21,-1330.8750000000189
2020-09-22,5824.150000000015
2020-09-23,-13972.955000000024
2020-09-24,-1615.8300000000152
2020-09-25,6386.390000000021
2020-09-28,-1268.499999999981
2020-09-29,-11128.954999999994
2020-09-30,13348.299999999985
2020-10-01,-6860.979999999988
2020-10-02,-1858.9000000000046
2020-10-05,10467.959999999985
2020-10-06,16955.24000000001
2020-10-07,4564.099999999955
2020-10-08,5896.594999999992
2020-10-09,-76.95499999997321
2020-10-12,-19750.010000000006
2020-10-13,8841.644999999988
2020-10-14,12967.94499999998
2020-10-15,4564.549999999993
2020-10-16,-1452.7599999999904
2020-10-19,-9520.940000000006
2020-10-20,9932.094999999972
2020-10-21,-7233.024999999929
2020-10-22,-2869.3000000000166
2020-10-23,5115.244999999978
2020-10-26,-15982.319999999983
2020-10-27,-1698.9649999999724
2020-10-28,-11038.640000000036
2020-10-29,-8706.619999999988
2020-10-30,-1161.2749999999546
2020-11-02,9124.64499999998
2020-11-03,9537.679999999997
2020-11-04,13930.759999999991
2020-11-05,19755.88999999999
2020-11-06,-5880.3850000000175
2020-11-09,7544.675000000005
2020-11-10,26227.470000000027
2020-11-11,-10075.794999999996
2020-11-12,-9055.099999999982
2020-11-13,-4387.600000000013
2020-11-16,14739.794999999995
2020-11-17,80.37000000002192
2020-11-18,3926.8099999999754
2020-11-19,-2845.8099999999986
2020-11-20,2520.489999999994
2020-11-23,2010.2499999999686
2020-11-24,4864.000000000064
2020-11-25,-1217.2000000000248
2020-11-26,-7672.9999999999945
2020-11-27,4944.8450000000075
2020-11-30,-17664.880000000016
2020-12-01,-75.29499999998907
2020-12-02,10501.305000000006
2020-12-03,17015.46000000001
2020-12-04,-6287.500000000014
2020-12-07,5208.29999999999
2020-12-08,-854.5000000000045
2020-12-09,2315.2250000000126
2020-12-10,11333.244999999986
2020-12-11,-5841.899999999998
2020-12-14,1412.4999999999714
2020-12-15,13533.380000000023
2020-12-16,5917.300000000028
2020-12-17,14143.199999999997
2020-12-18,4546.900000000014
2020-12-21,2642.964999999991
2020-12-22,-8168.17
2020-12-23,19021.069999999985
2020-12-24,1070.900000000038
2020-12-28,-0.42000000002259696
2020-12-29,16940.450000000023
2020-12-30,12818.75000000002
2020-12-31,8650.399999999981
2021-01-04,4651.245000000018
2021-01-05,16575.805000000022
2021-01-06,42.64499999998263
2021-01-07,-3668.9399999999987
2021-01-08,-2051.0099999999684
2021-01-11,-6210.3100000000195
2021-01-12,18939.16000000001
2021-01-13,-6076.165000000017
2021-01-14,8829.99500000002
2021-01-15,-15317.999999999989
2021-01-18,4645.160000000018
2021-01-19,-2413.255000000012
2021-01-20,5575.945000000004
2021-01-21,2270.3600000000106
2021-01-22,-14775.799999999996
2021-01-25,4990.569999999972
2021-01-26,5312.699999999986
2021-01-27,880.1150000000097
2021-01-28,2257.4949999999994
2021-01-29,5008.260000000002
2021-02-01,15287.39000000001
2021-02-02,-2114.7000000000135
2021-02-03,12633.144999999988
2021-02-04,-7748.254999999979
2021-02-05,12119.700000000028
2021-02-08,14743.644999999984
2021-02-09,3755.199999999967
2021-02-10,-6188.699999999975
2021-02-11,5356.94500000002
2021-02-12,9584.959999999985
2021-02-15,7967.214999999991
2021-02-16,-11421.45500000003
2021-02-17,13496.990000000042
2021-02-18,-10409.46000000004
2021-02-19,-10254.720000000007
2021-02-22,21014.325000000004
2021-02-23,-2803.3550000000187
2021-02-24,7228.985000000072
2021-02-25,2237.06999999996
2021-02-26,-12156.36500000001
2021-03-01,-9112.164999999986
2021-03-02,-5310.509999999999
2021-03-03,5777.735000000037
2021-03-04,9232.090000000004
2021-03-05,21158.834999999992
2021-03-08,-7466.410000000011
2021-03-09,7191.424999999991
2021-03-10,3242.0900000000106
2021-03-11,13385.900000000005
2021-03-12,1583.9900000000289
2021-03-15,794.4549999999498
2021-03-16,904.945000000058
2021-03-17,1901.459999999955
2021-03-18,-18925.94999999996
2021-03-19,13441.660000000022
2021-03-22,-6939.0100000000275
2021-03-23,-20703.629999999986
2021-03-24,19606.900000000034
2021-03-25,-6484.740000000039
2021-03-26,3790.5699999999993
2021-03-29,-1228.4999999999911
2021-03-30,-2051.454999999988
2021-03-31,-5164.719999999981
2021-04-01,11738.724999999997
2021-04-02,0.0
2021-04-05,-23104.300000000032
2021-04-06,1067.0000000000325
2021-04-07,7860.699999999997
2021-04-08,5627.59999999998
2021-04-09,3064.9449999999974
2021-04-12,-1336.4000000000274
2021-04-13,13581.500000000031
2021-04-14,7517.200000000003
2021-04-15,-101.35499999999308
2021-04-16,-3624.315000000006
2021-04-19,6451.2050000000145
2021-04-20,-3290.100000000044
2021-04-21,-867.9649999999745
2021-04-22,-3431.5299999999893
2021-04-23,5129.849999999988
2021-04-26,-5843.045000000022
2021-04-27,1598.1299999999974
2021-04-28,12334.645000000044
2021-04-29,-5237.310000000008
2021-04-30,3019.6899999999773
2021-05-03,22066.335000000076
2021-05-04,15842.314999999988
2021-05-05,-11569.80000000004
2021-05-06,7654.760000000051
2021-05-07,8833.869999999972
2021-05-10,-3905.955000000024
2021-05-11,2466.0250000000256
2021-05-12,-155.71000000002275
2021-05-13,-18005.809999999954
2021-05-14,8379.690000000024
2021-05-17,20518.89
2021-05-18,-7748.320000000003
2021-05-19,-20535.490000000016
2021-05-20,-9899.77000000001
2021-05-21,360.84499999999946
2021-05-24,16101.729999999972
2021-05-25,-3910.7099999999327
2021-05-26,7226.774999999942
2021-05-27,11968.770000000077
2021-05-28,4097.559999999995
2021-05-31,2138.29999999999
2021-06-01,8303.880000000061
2021-06-02,-4671.91500000004
2021-06-03,10642.104999999983
2021-06-04,-3786.5549999999184
2021-06-07,-2251.9950000000645
2021-06-08,5252.934999999976
2021-06-09,493.49000000003525
2021-06-10,6688.779999999968
2021-06-11,3680.840000000016
2021-06-14,5021.260000000003
2021-06-15,-10897.029999999988
2021-06-16,-10217.34
2021-06-17,21931.004999999983
2021-06-18,-10943.684999999978
2021-06-21,-8456.640000000032
2021-06-22,-329.6849999999912
2021-06-23,-4006.8599999999915
2021-06-24,4876.204999999994
2021-06-25,5868.310000000058
2021-06-28,7210.754999999979
2021-06-29,-1823.9799999999746
2021-06-30,-7056.375000000016
2021-07-01,-3949.0750000000185
2021-07-02,-5261.319999999993
2021-07-05,393.2800000000118
2021-07-06,12351.090000000064
2021-07-07,8791.089999999936
2021-07-08,-4845.400000000002
2021-07-09,-9470.654999999932
2021-07-12,-4736.000000000055
2021-07-13,-10663.954999999993
2021-07-14,2370.9450000000215
2021-07-15,7818.299999999957
2021-07-16,4895.669999999994
2021-07-19,26852.129999999965
2021-07-20,11386.190000000022
2021-07-21,-27117.269999999997
2021-07-22,-4593.994999999995
2021-07-23,6228.735000000038
2021-07-26,-1062.8300000000465
2021-07-27,-666.4099999999821
2021-07-28,-3905.8400000000165
2021-07-29,-12369.499999999989
2021-07-30,-535.6199999999967
2021-08-02,11464.425000000034
2021-08-03,9559.61499999999
2021-08-04,3399.414999999978
2021-08-05,-3209.299999999949
2021-08-06,17669.07000000003
2021-08-09,-5016.250000000046
2021-08-10,-10157.554999999948
2021-08-11,717.7249999999838
2021-08-12,1771.8150000000023
2021-08-13,-4771.520000000019
2021-08-16,1799.4799999999987
2021-08-17,8530.945000000078
2021-08-18,5052.3449999999075
2021-08-19,8443.42000000004
2021-08-20,22933.26000000002
2021-08-23,-19284.255000000074
2021-08-24,-6979.685000000003
2021-08-25,3443.64000000006
2021-08-26,12035.169999999996
2021-08-27,-3274.794999999998
2021-08-30,1505.715000000024
2021-08-31,148.0349999999804
2021-09-01,-4378.439999999932
2021-09-02,-57.0550000001075
2021-09-03,-6349.264999999989
2021-09-06,863.700000000008
2021-09-07,4325.790000000024
2021-09-08,7142.445000000006
2021-09-09,7070.225000000017
2021-09-10,-13140.035000000025
2021-09-13,-588.0650000000513
2021-09-14,-9192.86499999998
2021-09-15,571.1900000000287
2021-09-16,22229.895
2021-09-17,2337.589999999993
2021-09-20,-1596.540000000012
2021-09-21,-8349.200000000006
2021-09-22,-1467.3100000000247
2021-09-23,12352.490000000027
2021-09-24,4584.835000000018
2021-09-27,23145.269999999975
2021-09-28,9035.69000000003
2021-09-29,2128.290000000007
2021-09-30,7002.559999999968
2021-10-01,-8059.519999999998
2021-10-04,200.42500000003076
2021-10-05,6203.389999999973
2021-10-06,-3211.454999999991
2021-10-07,-3357.2100000000064
2021-10-08,-2479.900000000015
2021-10-11,6048.900000000004
2021-10-12,4225.7000000000435
2021-10-13,-3537.4100000000235
2021-10-14,-3088.3099999999945
2021-10-15,1082.8500000000247
2021-10-18,-5174.240000000026
2021-10-19,-7167.554999999957
2021-10-20,-4666.810000000058
2021-10-21,338.34500000003385
2021-10-22,-12211.500000000022
2021-10-25,-8826.009999999973
2021-10-26,14915.180000000015
2021-10-27,-2421.2749999999737
2021-10-28,-15339.040000000012
2021-10-29,3272.0800000000418
2021-11-01,-3007.3650000000093
2021-11-02,4742.790000000008
2021-11-03,6519.284999999997
2021-11-04,-653.110000000037
2021-11-05,-5404.454999999999
2021-11-08,5512.7249999999685
2021-11-09,-10286.764999999941
2021-11-10,-12075.21999999999
2021-11-11,-12954.509999999986
2021-11-12,-15303.280000000037
2021-11-15,-7246.930000000015
2021-11-16,10843.969999999967
2021-11-17,-2397.0799999999845
2021-11-18,3474.4400000000037
2021-11-19,-4312.880000000053
2021-11-22,3261.3400000000506
2021-11-23,5752.190000000004
2021-11-24,7151.734999999974
2021-11-25,658.2000000000148
2021-11-26,12545.960000000008
2021-11-29,-13648.385000000046
2021-11-30,9009.45500000004
2021-12-01,4417.299999999946
2021-12-02,-9967.500000000007
2021-12-03,-2534.975000000019
2021-12-06,-2689.8000000000493
2021-12-07,2503.300000000067
2021-12-08,-1097.4550000000509
2021-12-09,-1777.9549999999417
2021-12-10,-3860.8999999999896
2021-12-13,1726.599999999984
2021-12-14,1189.3249999999834
2021-12-15,-1018.1199999999394
2021-12-16,-7028.100000000039
2021-12-17,-2783.9999999999964
2021-12-20,-644.7200000000702
2021-12-21,-7837.124999999932
2021-12-22,-12189.609999999982
2021-12-23,279.3149999999713
2021-12-27,-6517.619999999974
2021-12-28,10732.700000000015
2021-12-29,-1338.5000000000741
2021-12-30,9746.800000000048
2021-12-31,2360.899999999985
2022-01-03,3018.525000000043
2022-01-04,-18132.48499999999
2022-01-05,2744.1899999999687
2022-01-06,2923.9450000000384
2022-01-07,-567.1999999999898
2022-01-10,7276.199999999918
2022-01-11,2560.75999999998
2022-01-12,-3976.6149999999657
2022-01-13,12240.155000000024
2022-01-14,-227.76499999998217
2022-01-17,2185.690000000005
2022-01-18,2128.544999999976
2022-01-19,-17374.700000000004
2022-01-20,-12568.124999999985
2022-01-21,-791.4100000000028
2022-01-24,-13316.434999999987
2022-01-25,-6086.810000000026
2022-01-26,17859.49999999995
2022-01-27,8933.400000000125
2022-01-28,6498.399999999968
2022-01-31,1520.7699999999438
2022-02-01,-9603.000000000018
2022-02-02,-1809.7850000000294
2022-02-03,-464.7199999999641
2022-02-04,-6495.6150000000725
2022-02-07,-12403.13499999998
2022-02-08,-6870.874999999985
2022-02-09,-6915.40999999998
2022-02-10,3536.199999999977
2022-02-11,8683.190000000055
2022-02-14,4725.134999999956
2022-02-15,-3485.300000000003
2022-02-16,-6266.920000000048
2022-02-17,-9862.964999999953
2022-02-18,-4040.6400000000353
2022-02-21,3518.649999999984
2022-02-22,-14625.339999999927
2022-02-23,469.395000000004
2022-02-24,-18246.290000000026
2022-02-25,18424.07000000004
2022-02-28,2410.9300000000253
2022-03-01,9273.624999999985
2022-03-02,15503.46999999997
2022-03-03,-725.954999999935
2022-03-04,-653.9200000000214
2022-03-07,23182.190000000013
2022-03-08,18622.390000000047
2022-03-09,-5707.570000000035
2022-03-10,3766.2300000000405
2022-03-11,1898.335000000034
2022-03-14,4295.974999999951
2022-03-15,3876.8449999999993
2022-03-16,-6848.610000000009
2022-03-17,6588.9999999999645
2022-03-18,2231.9900000000207
2022-03-21,1225.1500000000285
2022-03-22,-432.25500000002
2022-03-23,-1530.8400000000058
2022-03-24,3276.3349999999923
2022-03-25,-3700.764999999968
2022-03-28,4206.080000000022
2022-03-29,6884.4999999999545
2022-03-30,-533.6649999999698
2022-03-31,-4712.520000000054
2022-04-01,-1172.8999999999505
2022-04-04,-1201.0000000000255
2022-04-05,1418.1300000000263
2022-04-06,-1038.9100000000071
2022-04-07,5184.480000000007
2022-04-08,-4954.109999999984
2022-04-11,10368.79
2022-04-12,-26119.200000000004
2022-04-13,-4690.300000000001
2022-04-14,-4494.11
2022-04-18,-5053.339999999985
2022-04-19,8104.800000000004
2022-04-20,-2357.220000000025
2022-04-21,4526.070000000036
2022-04-22,1186.9349999999895
2022-04-25,32174.834999999915
2022-04-26,-8252.164999999877
2022-04-27,5043.979999999949
2022-04-28,-7171.055000000047
2022-04-29,15049.235000000017
2022-05-02,7218.179999999934
2022-05-03,3107.490000000088
2022-05-04,-3406.51000000004
2022-05-05,3854.944999999976
2022-05-06,-10974.399999999963
2022-05-09,9697.344999999974
2022-05-10,12666.000000000016
2022-05-11,-19236.355000000036
2022-05-12,-540.5849999999447
2022-05-13,-7850.974999999993
2022-05-16,-14293.469999999914
2022-05-17,7309.079999999892
2022-05-18,12839.605000000052
2022-05-19,-4863.420000000048
2022-05-20,794.760000000108
2022-05-23,-2925.5200000000477
2022-05-24,8456.83500000001
2022-05-25,8833.225000000024
2022-05-26,595.3900000000124
2022-05-27,-11328.664999999946
2022-05-30,-1731.8200000000593
2022-05-31,11100.044999999916
2022-06-01,3284.825000000082
2022-06-02,-30229.775000000005
2022-06-03,7761.124999999971
2022-06-06,-2813.829999999995
2022-06-07,-2225.4850000000024
2022-06-08,-15526.219999999988
2022-06-09,19856.345000000005
2022-06-10,-4494.219999999992
2022-06-13,12251.000000000024
2022-06-14,-10964.630000000068
2022-06-15,-15647.055000000013
2022-06-16,-7083.139999999952
2022-06-17,1333.379999999991
2022-06-20,2642.2900000000063
2022-06-21,8467.735000000011
2022-06-22,3256.2450000000226
2022-06-23,30952.92500000002
2022-06-24,-1947.65499999998
2022-06-27,8706.64999999995
2022-06-28,-8604.34999999998
2022-06-29,3060.7199999999757
2022-06-30,1505.5999999999658
2022-07-01,-10171.06999999997
2022-07-04,2831.200000000049
2022-07-05,-13436.910000000018
2022-07-06,4153.580000000031
2022-07-07,10195.914999999957
2022-07-08,2842.26000000002
2022-07-11,-473.82999999997196
2022-07-12,-16392.674999999985
2022-07-13,3486.2149999999638
2022-07-14,-9235.129999999988
2022-07-15,-1244.2200000000719
2022-07-18,3869.595000000042
2022-07-19,3446.3749999999986
2022-07-20,-5867.830000000015
2022-07-21,-1964.7300000000262
2022-07-22,87.03500000001019
2022-07-25,-11318.064999999973
2022-07-26,-104.86499999998344
2022-07-27,19926.539999999968
2022-07-28,7700.199999999997
2022-07-29,3140.0000000000246
2022-08-01,-10647.820000000069
2022-08-02,3202.2000000000025
2022-08-03,-11375.199999999928
2022-08-04,-6997.60000000003
2022-08-05,3370.399999999979
2022-08-08,12070.379999999986
2022-08-09,9333.125000000038
2022-08-10,-325.83000000004336
2022-08-11,-11479.614999999923
2022-08-12,7067.649999999942
2022-08-15,-7407.755000000013
2022-08-16,-12360.554999999998
2022-08-17,10510.215000000011
2022-08-18,3997.599999999972
2022-08-19,-8741.719999999961
2022-08-22,-2665.2099999999946
2022-08-23,533.9000000000487
2022-08-24,-4419.755000000093
2022-08-25,2142.260000000026
2022-08-26,8849.849999999973
2022-08-29,-18528.79999999994
2022-08-30,-5640.8549999999605
2022-08-31,-13339.905000000046
2022-09-01,1980.5900000000004
2022-09-02,-3252.5899999999756
2022-09-05,5187.800000000013
2022-09-06,1649.1899999999757
2022-09-07,-13107.365000000049
2022-09-08,6284.944999999977
2022-09-09,-3346.974999999894
2022-09-12,18288.379999999877
2022-09-13,971.3800000000933
2022-09-14,-25589.52000000003
2022-09-15,12926.840000000015
2022-09-16,-4850.479999999967
2022-09-19,12514.644999999988
2022-09-20,-9405.250000000031
2022-09-21,-12070.419999999984
2022-09-22,512.8799999998996
2022-09-23,-22687.619999999926
2022-09-26,-27873.695000000065
2022-09-27,-1182.5849999999493
2022-09-28,16142.079999999936
2022-09-29,4403.625000000013
2022-09-30,-11196.419999999947
2022-10-03,22910.02500000001
2022-10-04,11915.389999999981
2022-10-05,6763.144999999963
2022-10-06,3188.9900000000434
2022-10-07,162.07999999998248
2022-10-10,-12681.90000000003
2022-10-11,4632.780000000017
2022-10-12,12956.869999999977
2022-10-13,9686.40499999999
2022-10-14,-9344.964999999971
2022-10-17,14839.724999999982
2022-10-18,140.99999999995725
2022-10-19,-4892.820000000002
2022-10-20,7106.335000000038
2022-10-21,18209.100000000035
2022-10-24,901.3699999999765
2022-10-25,-5979.28499999997
2022-10-26,14862.035000000007
2022-10-27,-5035.910000000031
2022-10-28,-9472.994999999957
2022-10-31,-15713.509999999997
2022-11-01,15003.899999999903
2022-11-02,-3501.164999999924
2022-11-03,4699.7900000000045
2022-11-04,27618.589999999993
2022-11-07,-9274.554999999948
2022-11-08,14552.144999999902
2022-11-09,-5964.154999999965
2022-11-10,-233.165000000005
2022-11-11,11849.025000000009
2022-11-14,-9756.289999999997
2022-11-15,6114.199999999987
2022-11-16,-1865.2000000000444
2022-11-17,-7039.174999999912
2022-11-18,-1406.9700000000562
2022-11-21,-3330.9950000000026
2022-11-22,480.4349999999898
2022-11-23,-4209.599999999907
2022-11-24,1278.2899999999818
2022-11-25,-214.91000000000196
2022-11-28,-11480.764999999998
2022-11-29,4137.189999999926
2022-11-30,20906.370000000064
2022-12-01,-8768.075
2022-12-02,8568.62500000001
2022-12-05,-9336.755000000061
2022-12-06,-12637.119999999915
2022-12-07,-10986.910000000013
2022-12-08,1830.8900000000133
2022-12-09,-5.154999999968712
2022-12-12,-5181.810000000027
2022-12-13,12956.179999999935
2022-12-14,7677.280000000079
2022-12-15,-17962.210000000036
2022-12-16,10050.100000000002
2022-12-19,2783.9699999999953
2022-12-20,7455.299999999964
2022-12-21,17474.33500000001
2022-12-22,-2681.8899999999817
2022-12-23,5343.864999999973
2022-12-26,6170.235000000018
2022-12-27,11409.824999999935
2022-12-28,-1741.2649999999637
2022-12-29,9390.270000000013
2022-12-30,484.27999999997746
2023-01-02,4166.980000000015
2023-01-03,-8324.420000000002
2023-01-04,15212.534999999993
2023-01-05,-8692.764999999965
2023-01-06,4175.344999999974
2023-01-09,-714.7099999999962
2023-01-10,6900.5449999999755
2023-01-11,-5939.330000000014
2023-01-12,-2290.520000000048
2023-01-13,6712.435000000035
2023-01-16,-198.62000000003673
2023-01-17,-2457.3199999999765
2023-01-18,5799.624999999962
2023-01-19,9540.990000000045
2023-01-20,8346.455000000044
2023-01-23,11396.32499999997
2023-01-24,92.22499999993134
2023-01-25,-1084.144999999983
2023-01-26,-9260.620000000006
2023-01-27,760.9799999999404
2023-01-30,7184.5449999999455
2023-01-31,-3806.835000000039
2023-02-01,-611.5749999998851
2023-02-02,7501.200000000001
2023-02-03,-5680.199999999992
2023-02-06,5001.944999999957
2023-02-07,-2868.154999999986
2023-02-08,-3496.7000000000194
2023-02-09,843.1900000000414
2023-02-10,-6227.365000000001
2023-02-13,-4456.455000000026
2023-02-14,-4331.055000000047
2023-02-15,7803.925000000026
2023-02-16,-6837.774999999912
2023-02-17,5348.7749999998905
2023-02-20,3206.760000000028
2023-02-21,4112.180000000053
2023-02-22,3588.4000000000124
2023-02-23,-3884.125000000051
2023-02-24,7609.425000000007
2023-02-27,3076.5999999999913
2023-02-28,-2451.7950000000637
2023-03-01,-2055.374999999974
2023-03-02,-2480.994999999904
2023-03-03,893.2249999999264
2023-03-06,19715.97999999999
2023-03-07,-566.5550000000115
2023-03-08,2207.800000000024
2023-03-09,12571.75000000009
2023-03-10,-407.45999999999196
2023-03-13,-9789.810000000018
2023-03-14,-1824.8549999999334
2023-03-15,-854.0000000000355
2023-03-16,13268.53500000005
2023-03-17,10476.789999999917
2023-03-20,5276.709999999997
2023-03-21,-11182.660000000076
2023-03-22,13654.03500000005
2023-03-23,-9328.94500000001
2023-03-24,10489.534999999887
2023-03-27,14056.48500000005
2023-03-28,9599.380000000128
2023-03-29,2324.6349999998865
2023-03-30,3288.9449999999997
2023-03-31,12601.69000000008
2023-04-03,473.28999999994903
2023-04-04,12605.799999999996
2023-04-05,5192.245000000014
2023-04-06,2464.6999999999866
2023-04-07,0.0
2023-04-10,-206.254999999995
2023-04-11,2296.244999999953
2023-04-12,8607.890000000001
2023-04-13,7774.835000000024
2023-04-14,-18041.419999999933
2023-04-17,715.8599999999979
2023-04-18,3641.114999999964
2023-04-19,-5084.039999999998
2023-04-20,4006.024999999963
2023-04-21,-15441.365000000009
2023-04-24,-374.6599999999711
2023-04-25,17538.679999999975
2023-04-26,7239.979999999915
2023-04-27,-8211.230000000032
2023-04-28,-9108.374999999996
2023-05-01,7354.980000000056
2023-05-02,18287.199999999946
2023-05-03,26379.089999999967
2023-05-04,-11135.564999999944
2023-05-05,-2843.4100000000135
2023-05-08,-11140.010000000097
2023-05-09,-8316.374999999884
2023-05-10,3175.9249999999715
2023-05-11,26911.445000000043
2023-05-12,278.38999999996827
2023-05-15,-15752.019999999973
2023-05-16,-8520.810000000036
2023-05-17,-19957.709999999955
2023-05-18,-8201.064999999957
2023-05-19,13075.169999999933
2023-05-22,18012.530000000035
2023-05-23,-4485.800000000056
2023-05-24,15140.070000000067
2023-05-25,23358.28999999997
2023-05-26,-3931.4000000000124
2023-05-29,3319.40000000003
2023-05-30,10951.689999999942
2023-05-31,2040.5900000000331
2023-06-01,6691.58000000002
2023-06-02,-9277.38500000001
2023-06-05,-8638.35499999996
2023-06-06,3009.8249999999557
2023-06-07,-12076.755000000005
2023-06-08,-1820.820000000013
2023-06-09,782.0900000000773
2023-06-12,15323.12999999989
2023-06-13,-19110.414999999928
2023-06-14,-15033.010000000035
2023-06-15,-15268.139999999992
2023-06-16,-3114.8949999999945
2023-06-19,-800.1049999999909
2023-06-20,5956.500000000006
2023-06-21,-9878.840000000024
2023-06-22,11279.105000000036
2023-06-23,-9287.580000000022
2023-06-26,1737.7599999999297
2023-06-27,4028.5800000000004
2023-06-28,-458.3050000000455
2023-06-29,-406.2199999999241
2023-06-30,-5041.59499999994
2023-07-03,2997.9900000000034
2023-07-04,-6024.399999999985
2023-07-05,-18747.95000000005
2023-07-06,8641.634999999962
2023-07-07,-13030.854999999998
2023-07-10,948.0000000000107
2023-07-11,2973.9000000000337
2023-07-12,-24020.400000000063
2023-07-13,-6653.664999999936
2023-07-14,13190.044999999936
2023-07-17,5750.2450000000135
2023-07-18,1294.7600000000089
2023-07-19,-9671.22999999997
2023-07-20,-8665.860000000052
2023-07-21,-8144.8999999999205
2023-07-24,-19983.09500000007
2023-07-25,-6193.0549999999885
2023-07-26,-5913.655000000065
2023-07-27,-5152.754999999888
2023-07-28,-9702.9200000001
2023-07-31,-15079.039999999986
2023-08-01,15795.425000000076
2023-08-02,2631.845000000001
2023-08-03,-4078.5300000000416
2023-08-04,5940.989999999949
2023-08-07,2413.5799999999927
2023-08-08,8689.245000000024
2023-08-09,-766.1200000000567
2023-08-10,-1055.8199999999847
2023-08-11,-4716.109999999975
2023-08-14,-611.510000000004
2023-08-15,-5464.199999999986
2023-08-16,5075.295000000022
2023-08-17,-1069.0949999999855
2023-08-18,6234.595000000045
2023-08-21,-1275.4200000001197
2023-08-22,-11692.255000000014
2023-08-23,-7288.8549999999495
2023-08-24,16835.49000000003
2023-08-25,1909.305000000016
2023-08-28,13378.204999999985
2023-08-29,-9045.455000000045
2023-08-30,-511.86999999996107
2023-08-31,-1601.8850000000261
2023-09-01,-4537.719999999903
2023-09-04,2018.4999999999998
2023-09-05,-1747.439999999995
2023-09-06,6246.499999999942
2023-09-07,9480.189999999999
2023-09-08,-7336.900000000033
2023-09-11,-9378.32000000002
2023-09-12,-11093.89999999991
2023-09-13,-6082.59500000001
2023-09-14,-1772.099999999988
2023-09-15,-1235.710000000043
2023-09-18,4533.9499999999625
2023-09-19,3133.730000000002
2023-09-20,17232.42499999995
2023-09-21,-20877.009999999962
2023-09-22,1254.6050000000814
2023-09-25,8541.599999999968
2023-09-26,-11789.399999999961
2023-09-27,-13175.85500000006
2023-09-28,10524.82499999997
2023-09-29,-3358.785000000027
2023-10-02,7336.314999999962
2023-10-03,3871.8699999999844
2023-10-04,37470.40000000005
2023-10-05,15762.799999999934
2023-10-06,2866.144999999998
2023-10-09,-12699.300000000005
2023-10-10,3526.245000000028
2023-10-11,10079.945000000023
2023-10-12,2986.790000000061
2023-10-13,-27206.584999999995
2023-10-16,-5839.355000000031
2023-10-17,-4341.555000000021
2023-10-18,1234.4000000000653
2023-10-19,-14380.875000000096
2023-10-20,-375.12000000000666
2023-10-23,-10227.31999999998
2023-10-24,11910.76999999996
2023-10-25,9364.88500000001
2023-10-26,5188.514999999991
2023-10-27,4627.490000000033
2023-10-30,6674.9499999999425
2023-10-31,18058.189999999977
2023-11-01,-5077.264999999969
2023-11-02,8285.74500000008
2023-11-03,-6479.000000000078
2023-11-06,-13004.400000000009
2023-11-07,9101.780000000028
2023-11-08,-7990.430000000042
2023-11-09,-11251.999999999956
2023-11-10,-990.3549999999422
2023-11-13,-4434.340000000104
2023-11-14,-3782.6649999999454
2023-11-15,6165.379999999945
2023-11-16,898.635000000098
2023-11-17,-14904.899999999994
2023-11-20,-2164.180000000055
2023-11-21,-5488.854999999999
2023-11-22,-365.4899999999733
2023-11-23,1427.1999999999675
2023-11-24,-18337.94499999997
2023-11-27,-2577.5550000000335
2023-11-28,345.6899999999671
2023-11-29,-3457.3399999999997
2023-11-30,-5681.894999999995
2023-12-01,-9096.755000000045
2023-12-04,-22872.52999999995
2023-12-05,5237.879999999964
2023-12-06,2635.090000000042
2023-12-07,-7877.35500000005
2023-12-08,1243.5000000000364
2023-12-11,11803.2
2023-12-12,204.84499999999196
2023-12-13,-9820.899999999954
2023-12-14,-5176.854999999988
2023-12-15,-2060.110000000077
2023-12-18,7707.660000000034
2023-12-19,-13362.799999999977
2023-12-20,2737.489999999988
2023-12-21,419.00000000003683
2023-12-22,10695.40499999995
2023-12-25,-1683.5850000000687
2023-12-26,-9566.809999999927
2023-12-27,9443.744999999986
2023-12-28,12789.799999999974
2023-12-29,-731.3999999999164
2024-01-01,3628.6999999999935
2024-01-02,9644.489999999962
2024-01-03,-8228.655000000004
2024-01-04,14543.589999999933
2024-01-05,1185.145000000019
2024-01-08,17620.50000000006
2024-01-09,3833.899999999995
2024-01-10,-4044.5549999999703
2024-01-11,-5965.600000000044
2024-01-12,16991.44499999998
2024-01-15,-6972.39999999994
2024-01-16,3892.189999999956
2024-01-17,-3814.009999999992
2024-01-18,-9369.204999999993
2024-01-19,-9739.014999999963
2024-01-22,-14837.800000000027
2024-01-23,7737.9
2024-01-24,-13464.055000000013
2024-01-25,-14232.000000000004
2024-01-26,-2548.7499999999336
2024-01-29,10939.900000000025
2024-01-30,-14495.500000000004
2024-01-31,15797.049999999943
2024-02-01,19762.680000000004
2024-02-02,22099.300000000025
2024-02-05,-8623.355000000038
2024-02-06,314.44500000006576
2024-02-07,-2350.5550000000576
2024-02-08,-17350.855000000025
2024-02-09,449.0950000000115
2024-02-12,-13171.209999999992
2024-02-13,-3643.700000000029
2024-02-14,16815.300000000003
2024-02-15,-10217.664999999988
2024-02-16,-8344.455
2024-02-19,3831.4700000000166
2024-02-20,14000.38500000002
2024-02-21,12176.259999999975
2024-02-22,4966.499999999944
2024-02-23,7448.860000000021
2024-02-26,-10444.775000000009
2024-02-27,2357.8900000000253
2024-02-28,-1734.3099999999636
2024-02-29,-1660.5750000000353
2024-03-01,526.6999999999789
2024-03-04,-2820.074999999933
2024-03-05,4600.544999999966
2024-03-06,-5586.554999999952
2024-03-07,-7672.910000000051
2024-03-08,2638.0449999999655
2024-03-11,-981.2549999999163
2024-03-12,-8578.100000000022
2024-03-13,11912.944999999956
2024-03-14,-11042.565000000026
2024-03-15,1191.7300000001126
2024-03-18,-2264.4700000000807
2024-03-19,-12566.600000000002
2024-03-20,13273.189999999995
2024-03-21,-13243.259999999975
2024-03-22,-9329.540000000005
2024-03-25,-3478.6150000000293
2024-03-26,725.8150000000072
2024-03-27,6532.309999999988
2024-03-28,-5927.219999999998
2024-04-01,7205.3199999998915
2024-04-02,5438.7800000000725
2024-04-03,18579.490000000034
2024-04-04,-13555.110000000075
2024-04-05,15421.800000000054
2024-04-08,13215.844999999937
2024-04-09,14194.745000000079
2024-04-10,-18360.20000000001
2024-04-11,9412.699999999975
2024-04-12,-19678.020000000066
2024-04-15,16507.44500000011
2024-04-16,-1079.1549999999838
2024-04-17,12431.619999999999
2024-04-18,18535.689999999966
2024-04-19,6125.624999999996
2024-04-22,-8400.149999999954
2024-04-23,387.39499999996804
2024-04-24,-10643.050000000056
2024-04-25,2794.2450000000126
2024-04-26,-2887.95999999997
2024-04-29,-2767.8449999999934
2024-04-30,-3931.84499999998
2024-05-01,9111.094999999983
2024-05-02,-19357.760000000024
2024-05-03,2495.304999999937
2024-05-06,3721.590000000083
2024-05-07,2403.104999999976
2024-05-08,-8865.304999999991
2024-05-09,14846.005000000017
2024-05-10,-546.9749999999788
2024-05-13,3685.914999999986
2024-05-14,11618.01000000005
2024-05-15,1394.430000000008
2024-05-16,261.41000000002913
2024-05-17,26069.52000000002
2024-05-20,3239.6149999999216
2024-05-21,3891.240000000046
2024-05-22,-260.4449999999817
2024-05-23,-14080.104999999947
2024-05-24,-430.84000000006364
2024-05-27,-3720.7000000000035
2024-05-28,-9080.999999999956
2024-05-29,2672.599999999963
2024-05-30,-13241.540000000008
2024-05-31,-6540.509999999988
2024-06-03,-461.7549999999304
2024-06-04,1474.9399999999528
2024-06-05,5150.589999999979
2024-06-06,14848.635000000048
2024-06-07,-32724.210000000046
2024-06-10,15501.299999999992
2024-06-11,-12977.019999999993
2024-06-12,3466.9999999999864
2024-06-13,-6092.439999999967
2024-06-14,-3771.5300000001052
2024-06-17,-7837.03499999997
2024-06-18,-853.2949999999963
2024-06-19,-3145.9549999999986
2024-06-20,8013.38
2024-06-21,-1616.0149999999926
2024-06-24,5325.5200000000295
2024-06-25,-8715.205000000029
2024-06-26,-8319.309999999954
2024-06-27,-3193.3100000000554
2024-06-28,-4981.609999999936
2024-07-01,-6274.45500000008
2024-07-02,-938.699999999928
2024-07-03,8771.044999999944
2024-07-04,4667.644999999984
2024-07-05,455.8800000000713
2024-07-08,-515.2249999999867
2024-07-09,-8611.259999999982
2024-07-10,12074.049999999905
2024-07-11,1152.5000000000537
2024-07-12,15188.990000000007
2024-07-15,-3447.1550000000784
2024-07-16,7141.890000000071
2024-07-17,6878.270000000006
2024-07-18,-8282.880000000083
2024-07-19,-2353.579999999943
2024-07-22,-3066.5000000000887
2024-07-23,11108.33000000004
2024-07-24,-11085.15500000004
2024-07-25,12198.705000000069
2024-07-26,6417.199999999925
2024-07-29,2031.1450000000332
2024-07-30,2784.0299999999315
2024-07-31,-2012.0049999999262
2024-08-01,-1493.6200000000172
2024-08-02,-341.0050000000273
2024-08-05,-13205.500000000062
2024-08-06,5505.345000000052
2024-08-07,-2256.4999999999945
2024-08-08,3387.1000000000386
2024-08-09,9018.139999999998
2024-08-12,2796.299999999979
2024-08-13,10356.845000000001
2024-08-14,3537.600000000058
2024-08-15,5765.124999999927
2024-08-16,5133.230000000033
2024-08-19,-5960.855000000031
2024-08-20,-5427.354999999975
2024-08-21,4590.180000000008
2024-08-22,5887.399999999947
2024-08-23,-3172.955000000009
2024-08-26,8462.510000000002
2024-08-27,7303.980000000081
2024-08-28,11619.324999999984
2024-08-29,-16515.455000000053
2024-08-30,-4310.549999999961
2024-09-02,5001.599999999985
2024-09-03,8714.74999999997
2024-09-04,-3824.054999999986
2024-09-05,-11732.354999999989
2024-09-06,12025.90000000005
2024-09-09,-5399.755000000051
2024-09-10,7246.16
2024-09-11,-5585.954999999968
2024-09-12,-6092.500000000011
2024-09-13,-9822.420000000087
2024-09-16,6549.980000000098
2024-09-17,5383.799999999986
2024-09-18,1452.2499999999727
2024-09-19,-1492.679999999914
2024-09-20,2431.949999999963
2024-09-23,-3282.945000000021
2024-09-24,6149.644999999967
2024-09-25,-3104.9599999999627
2024-09-26,14539.39999999998
2024-09-27,-6868.654999999945
2024-09-30,-8237.28000000008
2024-10-01,-14174.970000000034
2024-10-02,2560.0999999999894
2024-10-03,-16823.955000000038
2024-10-04,9741.100000000084
2024-10-07,206.29999999992606
2024-10-08,11287.745000000037
2024-10-09,-1943.5750000000498
2024-10-10,-12464.174999999983
2024-10-11,-414.30500000008027
2024-10-14,20067.124999999975
2024-10-15,-3638.474999999969
2024-10-16,-1013.0099999999985
2024-10-17,-908.2300000000141
2024-10-18,2021.9800000000319
2024-10-21,-4700.919999999968
2024-10-22,-8958.600000000053
2024-10-23,8431.045000000033
2024-10-24,-7948.909999999971
2024-10-25,821.8449999999658
2024-10-28,16977.72000000005
2024-10-29,-15298.100000000093
2024-10-30,4957.5450000000865
2024-10-31,8079.6450000000195
2024-11-01,6000.744999999938
2024-11-04,-15773.299999999968
2024-11-05,-9454.550000000016
2024-11-06,25457.95000000002
2024-11-07,-13444.099999999962
2024-11-08,5784.489999999947
2024-11-11,8363.145000000024
2024-11-12,10381.744999999948
2024-11-13,7443.600000000064
2024-11-14,2274.6250000000064
2024-11-15,-2940.735000000039
2024-11-18,-24107.07999999994
2024-11-19,-3495.88000000007
2024-11-20,-1828.614999999938
2024-11-21,-6092.25500000001
2024-11-22,10296.000000000016
2024-11-25,11276.459999999957
2024-11-26,3174.4449999999415
2024-11-27,14117.125000000075
2024-11-28,-2081.799999999983
2024-11-29,-15014.929999999991
2024-12-02,9127.045000000055
2024-12-03,7200.9899999999325
2024-12-04,-9185.554999999955
2024-12-05,-10039.254999999994
2024-12-06,-1435.1199999999862
2024-12-09,-13686.670000000042
2024-12-10,1773.844999999963
2024-12-11,3219.189999999962
2024-12-12,12628.580000000076
2024-12-13,6562.799999999968
2024-12-16,-6247.15500000005
2024-12-17,6719.800000000116
2024-12-18,6480.12499999996
2024-12-19,-1752.7999999999997
2024-12-20,-10207.999999999962
2024-12-23,-1634.0650000001008
2024-12-24,8039.440000000027
2024-12-25,-2946.2199999999852
2024-12-26,-12402.460000000063
2024-12-27,2851.0350000000726
2024-12-30,21676.499999999996
2024-12-31,-12467.00000000003
2025-01-01,-374.61999999995265
2025-01-02,-7082.760000000021
2025-01-03,25763.389999999996
2025-01-06,-19606.81
2025-01-07,1914.8349999999584
2025-01-08,-5815.664999999956
2025-01-09,-2635.1750000000447
2025-01-10,-21599.554999999997
2025-01-13,-8274.064999999948
2025-01-14,-3727.2399999999816
2025-01-15,-17912.96000000007
2025-01-16,-522.7750000000158
2025-01-17,2586.8199999999474
2025-01-20,-2992.4199999999905
2025-01-21,-23076.860000000004
2025-01-22,-2486.9950000000435
2025-01-23,478.4800000000346
2025-01-24,9715.769999999933
2025-01-27,9278.489999999996
2025-01-28,-9240.754999999981
2025-01-29,-22535.674999999992
2025-01-30,-12235.049999999954
2025-01-31,19666.014999999985
2025-02-03,4579.924999999992
2025-02-04,-21329.219999999965
2025-02-05,-9531.429999999995
2025-02-06,-6788.67500000008
2025-02-07,407.00000000003456
2025-02-10,-8847.600000000031
2025-02-11,14647.60000000001
2025-02-12,-22788.754999999997
2025-02-13,-3019.2000000000735
2025-02-14,5409.490000000063
2025-02-17,-3590.8199999999956
2025-02-18,-984.7100000000289
2025-02-19,21662.989999999972
2025-02-20,756.7200000000308
2025-02-21,-1151.955000000015
2025-02-24,-2880.64999999998
2025-02-25,-4158.665000000021
2025-02-26,-4024.520000000041
2025-02-27,20880.630000000063
2025-02-28,-16087.435000000058
2025-03-03,-13846.054999999955
2025-03-04,2099.7999999999975
2025-03-05,-16759.24500000007
2025-03-06,-9647.709999999926
2025-03-07,8207.090000000006
2025-03-10,-1150.2300000000573
2025-03-11,-5195.955000000006
2025-03-12,-6566.184999999987
2025-03-13,-10763.219999999956
2025-03-14,3732.2000000000025
2025-03-17,-1166.2050000000636
2025-03-18,-1760.3999999999642
2025-03-19,-2301.3300000000095
2025-03-20,10484.36999999992
2025-03-21,-3367.5949999999875
2025-03-24,5296.650000000024
2025-03-25,-8999.510000000064
2025-03-26,-25.209999999952117
2025-03-27,2700.845000000064
2025-03-28,-378.8550000000541
2025-03-31,-9787.364999999963
2025-04-01,11564.034999999954
2025-04-02,6216.335000000094
2025-04-03,5191.4000000000015
2025-04-04,25577.92500000001
2025-04-07,2046.5899999999676
2025-04-08,4761.145000000018
2025-04-09,-21469.589999999986
2025-04-10,-15255.044999999955
2025-04-11,-16253.975000000024
2025-04-14,-4723.064999999998
2025-04-15,-1193.67499999993
2025-04-16,-21181.020000000008
2025-04-17,606.5500000000051
2025-04-21,-14520.235000000006
2025-04-22,11689.025000000036
2025-04-23,7965.825000000003
2025-04-24,-6964.02000000004
2025-04-25,2561.3800000000533
2025-04-28,3540.7899999999495
2025-04-29,16046.605000000032
2025-04-30,2003.5799999999545
2025-05-01,11235.444999999998
2025-05-02,3165.390000000007
2025-05-05,-506.40999999999804
2025-05-06,-11830.255000000003
2025-05-07,10189.080000000053
2025-05-08,21481.449999999946
2025-05-09,-5744.999999999962
2025-05-12,16049.844999999987
2025-05-13,-2694.7200000000303
2025-05-14,4356.3700000000645
2025-05-15,-18090.204999999976
2025-05-16,13799.274999999969
2025-05-19,-1745.3549999999755
2025-05-20,-30593.09999999997
2025-05-21,-1803.0300000000168
2025-05-22,6839.979999999989
2025-05-23,-9703.299999999994
2025-05-26,2437.9700000000084
2025-05-27,5497.29999999998
2025-05-28,10126.590000000038
2025-05-29,-1339.4200000000335
2025-05-30,-35.20999999993115
2025-06-02,-8511.855000000085
2025-06-03,2396.500000000049
2025-06-04,-1824.5099999999811
2025-06-05,12202.235000000004
2025-06-06,-8101.665000000002
2025-06-09,14455.199999999948
2025-06-10,-2915.2999999999815
2025-06-11,-8629.055000000062
2025-06-12,-3184.8849999999293
2025-06-13,-20578.85500000006
2025-06-16,6218.655000000023
2025-06-17,-10618.764999999998
2025-06-18,-12460.799999999963
2025-06-19,-2989.009999999998
2025-06-20,-0.21499999995461394
2025-06-23,31249.394999999993
2025-06-24,21515.290000000008
2025-06-25,15387.42500000002
2025-06-26,2315.7799999999934
2025-06-27,-12258.265000000058
2025-06-30,20277.535000000018
2025-07-01,-1249.0200000000025
2025-07-02,-13851.229999999998
2025-07-03,6265.379999999986
2025-07-04,6240.189999999975
2025-07-07,11774.680000000028
2025-07-08,-7986.709999999991
2025-07-09,1638.4799999999773
2025-07-10,4960.644999999942
2025-07-11,20076.220000000074
2025-07-14,-13442.135000000093
2025-07-15,-116.50499999995046
2025-07-16,-3926.9749999999976
2025-07-17,5643.709999999996
2025-07-18,-6411.955000000004
2025-07-21,29185.795000000027
2025-07-22,8115.944999999993
2025-07-23,7646.169999999956
2025-07-24,-10653.000000000016
2025-07-25,-3034.519999999932
2025-07-28,-6102.145000000058
2025-07-29,-4833.754999999973
2025-07-30,-29631.720000000034
2025-07-31,-12082.67500000002
2025-08-01,4355.424999999961
2025-08-04,12307.725000000019
2025-08-05,14136.62500000003
2025-08-06,2231.3299999999404
2025-08-07,9580.52
2025-08-08,-5376.17500000002
2025-08-11,-16695.28499999991
2025-08-12,13852.625
2025-08-13,-2546.9750000000377
2025-08-14,-11211.31999999998
2025-08-15,-5051.920000000009
2025-08-18,4519.010000000013
2025-08-19,2705.0000000000473
2025-08-20,7180.489999999978
2025-08-21,-7727.7000000000135
2025-08-22,16536.999999999985
2025-08-25,-2829.029999999966
2025-08-26,8672.68999999997
2025-08-27,6568.89000000001
2025-08-28,-3466.4000000000096
2025-08-29,2317.8899999999694
2025-09-01,11752.300000000047
2025-09-02,11924.044999999986
2025-09-03,-267.1100000000592
2025-09-04,180.99999999999454
2025-09-05,9414.445000000054
2025-09-08,-5307.79999999999
2025-09-09,-1766.4000000000424
2025-09-10,10609.845000000025
2025-09-11,-2944.600000000033
2025-09-12,-6015.799999999969
2025-09-15,11137.860000000015
2025-09-16,-8907.399999999981
2025-09-17,-3251.600000000044
2025-09-18,5461.895000000054
2025-09-19,12914.679999999984
2025-09-22,30783.999999999953
2025-09-23,-1000.2999999999756
2025-09-24,-13536.85500000003
2025-09-25,1233.960000000031
2025-09-26,17124.079999999984
2025-09-29,490.14499999997054
2025-09-30,8299.545000000004
