date,net_pnl
2010-06-07,0.0
2010-06-08,0.0
2010-06-09,0.0
2010-06-10,0.0
2010-06-11,0.0
2010-06-14,0.0
2010-06-15,0.0
2010-06-16,0.0
2010-06-17,0.0
2010-06-18,0.0
2010-06-21,0.0
2010-06-22,0.0
2010-06-23,0.0
2010-06-24,0.0
2010-06-25,0.0
2010-06-28,0.0
2010-06-29,0.0
2010-06-30,0.0
2010-07-01,0.0
2010-07-02,0.0
2010-07-05,0.0
2010-07-06,0.0
2010-07-07,0.0
2010-07-08,0.0
2010-07-09,0.0
2010-07-12,0.0
2010-07-13,0.0
2010-07-14,0.0
2010-07-15,0.0
2010-07-16,0.0
2010-07-19,0.0
2010-07-20,0.0
2010-07-21,0.0
2010-07-22,0.0
2010-07-23,0.0
2010-07-26,0.0
2010-07-27,0.0
2010-07-28,0.0
2010-07-29,0.0
2010-07-30,0.0
2010-08-02,0.0
2010-08-03,0.0
2010-08-04,0.0
2010-08-05,0.0
2010-08-06,0.0
2010-08-09,0.0
2010-08-10,0.0
2010-08-11,0.0
2010-08-12,0.0
2010-08-13,0.0
2010-08-16,0.0
2010-08-17,0.0
2010-08-18,0.0
2010-08-19,0.0
2010-08-20,0.0
2010-08-23,0.0
2010-08-24,0.0
2010-08-25,0.0
2010-08-26,0.0
2010-08-27,0.0
2010-08-30,0.0
2010-08-31,0.0
2010-09-01,0.0
2010-09-02,0.0
2010-09-03,0.0
2010-09-06,0.0
2010-09-07,0.0
2010-09-08,0.0
2010-09-09,0.0
2010-09-10,0.0
2010-09-13,0.0
2010-09-14,0.0
2010-09-15,0.0
2010-09-16,0.0
2010-09-17,0.0
2010-09-20,0.0
2010-09-21,0.0
2010-09-22,0.0
2010-09-23,0.0
2010-09-24,0.0
2010-09-27,0.0
2010-09-28,0.0
2010-09-29,0.0
2010-09-30,0.0
2010-10-01,0.0
2010-10-04,0.0
2010-10-05,0.0
2010-10-06,0.0
2010-10-07,0.0
2010-10-08,0.0
2010-10-11,0.0
2010-10-12,0.0
2010-10-13,0.0
2010-10-14,0.0
2010-10-15,0.0
2010-10-18,0.0
2010-10-19,0.0
2010-10-20,0.0
2010-10-21,0.0
2010-10-22,0.0
2010-10-25,0.0
2010-10-26,0.0
2010-10-27,0.0
2010-10-28,0.0
2010-10-29,0.0
2010-11-01,-44.265
2010-11-02,2110.4899999999993
2010-11-03,690.0000000000034
2010-11-04,-973.7100000000005
2010-11-05,2204.4000000000124
2010-11-08,3434.490000000006
2010-11-09,-125.16499999999618
2010-11-10,-2884.1199999999913
2010-11-11,5294.299999999998
2010-11-12,-7085.509999999995
2010-11-15,-2374.5000000000036
2010-11-16,487.9599999999964
2010-11-17,-2046.3550000000146
2010-11-18,2640.735000000023
2010-11-19,-265.67500000000797
2010-11-22,-920.9349999999904
2010-11-23,-2087.8999999999787
2010-11-24,970.699999999998
2010-11-25,-687.2200000000109
2010-11-26,959.1449999999946
2010-11-29,-543.6549999999717
2010-11-30,2363.805000000003
2010-12-01,3112.0349999999107
2010-12-02,-4345.09999999995
2010-12-03,-12348.045000000027
2010-12-06,10487.890000000032
2010-12-07,-18762.34000000006
2010-12-08,-7038.754999999934
2010-12-09,-2457.260000000034
2010-12-10,673.864999999958
2010-12-13,1649.165000000031
2010-12-14,-2075.2749999998982
2010-12-15,5755.044999999994
2010-12-16,2451.6999999999925
2010-12-17,3048.989999999979
2010-12-20,6873.999999999918
2010-12-21,6033.500000000162
2010-12-22,-6863.460000000189
2010-12-23,7750.235000000206
2010-12-27,7254.95999999988
2010-12-28,-12253.284999999922
2010-12-29,1208.6299999999483
2010-12-30,5740.740000000121
2010-12-31,1359.0999999998294
2011-01-03,-8617.259999999947
2011-01-04,444.70500000003324
2011-01-05,-4969.500000000067
2011-01-06,-616.9549999999857
2011-01-07,-4198.159999999944
2011-01-10,5116.500000000024
2011-01-11,8060.114999999969
2011-01-12,20941.14499999997
2011-01-13,5963.605000000083
2011-01-14,14678.369999999792
2011-01-17,-5016.029999999867
2011-01-18,65.1900000000162
2011-01-19,-21159.41000000004
2011-01-20,-10844.684999999949
2011-01-21,-5298.24500000006
2011-01-24,-10731.309999999963
2011-01-25,-13193.600000000042
2011-01-26,1265.9900000000146
2011-01-27,7482.685000000022
2011-01-28,9247.98999999998
2011-01-31,2902.16000000012
2011-02-01,16426.944999999992
2011-02-02,-15615.455000000065
2011-02-03,638.7649999999815
2011-02-04,-18.034999999978993
2011-02-07,-1649.3349999999655
2011-02-08,12730.734999999997
2011-02-09,8600.514999999958
2011-02-10,6929.789999999997
2011-02-11,12350.499999999962
2011-02-14,9869.90000000007
2011-02-15,6328.664999999948
2011-02-16,6975.600000000091
2011-02-17,10540.979999999905
2011-02-18,18231.600000000002
2011-02-21,14597.030000000028
2011-02-22,-6349.27500000007
2011-02-23,22405.020000000033
2011-02-24,7126.595000000043
2011-02-25,-167.56999999999454
2011-02-28,7380.889999999996
2011-03-01,9397.915000000008
2011-03-02,1305.999999999998
2011-03-03,7560.80000000001
2011-03-04,437.38999999997645
2011-03-07,4124.799999999953
2011-03-08,-11115.254999999937
2011-03-09,4752.174999999999
2011-03-10,4744.490000000029
2011-03-11,-8946.504999999994
2011-03-14,-1685.350000000082
2011-03-15,-19318.75499999988
2011-03-16,-8063.110000000086
2011-03-17,-3295.3949999999327
2011-03-18,-5304.365000000054
2011-03-21,11739.88000000006
2011-03-22,-1937.9100000000228
2011-03-23,3387.144999999975
2011-03-24,5991.080000000059
2011-03-25,-1551.7850000000865
2011-03-28,-5515.134999999882
2011-03-29,12270.900000000058
2011-03-30,3570.3449999999393
2011-03-31,-1941.6949999999388
2011-04-01,16622.15999999996
2011-04-04,-5137.754999999933
2011-04-05,-4523.149999999994
2011-04-06,6764.644999999989
2011-04-07,6136.400000000021
2011-04-08,-2079.6950000000793
2011-04-11,-18131.900000000012
2011-04-12,9495.099999999991
2011-04-13,2270.305000000044
2011-04-14,5473.7050000000345
2011-04-15,1141.4149999999925
2011-04-18,-13304.455000000005
2011-04-19,-4904.900000000032
2011-04-20,3965.309999999999
2011-04-21,4077.844999999893
2011-04-25,-11110.38499999988
2011-04-26,4331.999999999929
2011-04-27,24272.60000000011
2011-04-28,4366.399999999943
2011-04-29,-14755.129999999968
2011-05-02,1309.7449999999958
2011-05-03,7007.200000000037
2011-05-04,7607.5999999999585
2011-05-05,-16936.385000000024
2011-05-06,756.1900000000287
2011-05-09,4678.1750000000175
2011-05-10,5061.31999999998
2011-05-11,-23467.799999999974
2011-05-12,-8022.539999999985
2011-05-13,1241.4600000000255
2011-05-16,-20529.955000000034
2011-05-17,-1771.379999999936
2011-05-18,4445.2650000000085
2011-05-19,-10562.039999999946
2011-05-20,-11510.019999999986
2011-05-23,-2509.3400000000306
2011-05-24,4403.58499999998
2011-05-25,1241.879999999923
2011-05-26,-3465.5099999999316
2011-05-27,-7136.870000000019
2011-05-30,-3144.135000000001
2011-05-31,-4907.589999999989
2011-06-01,-11237.295000000033
2011-06-02,8196.059999999989
2011-06-03,-541.7949999999506
2011-06-06,-16240.485000000042
2011-06-07,-8658.449999999966
2011-06-08,1356.2399999999684
2011-06-09,7581.410000000062
2011-06-10,-7021.125000000041
2011-06-13,89.43999999995737
2011-06-14,-8553.769999999895
2011-06-15,-13703.695000000087
2011-06-16,16869.545000000082
2011-06-17,17119.389999999963
2011-06-20,5459.0949999999875
2011-06-21,4719.345000000012
2011-06-22,3434.5699999999456
2011-06-23,2209.4600000000114
2011-06-24,-3136.910000000022
2011-06-27,-9268.22
2011-06-28,-4236.124999999935
2011-06-29,-7229.580000000071
2011-06-30,2917.834999999979
2011-07-01,3232.6300000000724
2011-07-04,-52.50000000002001
2011-07-05,3465.1599999999744
2011-07-06,3433.469999999972
2011-07-07,5459.745000000051
2011-07-08,-12681.354999999967
2011-07-11,-10936.88500000006
2011-07-12,1368.489999999981
2011-07-13,-9429.50999999997
2011-07-14,-15094.800000000001
2011-07-15,-9227.770000000011
2011-07-18,-13.420000000015207
2011-07-19,5379.154999999974
2011-07-20,-7258.800000000002
2011-07-21,96.70000000004529
2011-07-22,8367.759999999977
2011-07-25,655.6099999999792
2011-07-26,-7790.459999999935
2011-07-27,-951.4150000000213
2011-07-28,9575.494999999954
2011-07-29,766.7550000001045
2011-08-01,9620.40999999992
2011-08-02,-5539.499999999972
2011-08-03,-4325.210000000007
2011-08-04,9103.97
2011-08-05,15721.699999999966
2011-08-08,-3358.4999999999964
2011-08-09,-1100.9299999999637
2011-08-10,-5787.450000000006
2011-08-11,36463.614999999976
2011-08-12,7470.170000000016
2011-08-15,-1880.6299999999244
2011-08-16,-6701.420000000032
2011-08-17,-18768.145000000022
2011-08-18,-26436.929999999957
2011-08-19,-11586.574999999988
2011-08-22,-19543.675000000032
2011-08-23,21781.704999999976
2011-08-24,14754.260000000037
2011-08-25,-6244.970000000033
2011-08-26,-6253.02499999992
2011-08-29,2188.9900000000307
2011-08-30,-10066.30499999998
2011-08-31,5881.600000000018
2011-09-01,1330.2399999999552
2011-09-02,-8358.720000000056
2011-09-05,6588.5000000000055
2011-09-06,-4902.795000000024
2011-09-07,18635.105000000036
2011-09-08,8991.059999999954
2011-09-09,-3698.1499999999096
2011-09-12,5968.645000000001
2011-09-13,7717.344999999975
2011-09-14,22886.369999999977
2011-09-15,-10731.875000000031
2011-09-16,-17578.06000000002
2011-09-19,4224.785000000016
2011-09-20,7862.82499999996
2011-09-21,-605.2649999999807
2011-09-22,30512.335000000036
2011-09-23,50393.30499999996
2011-09-26,19706.305000000037
2011-09-27,-12525.919999999925
2011-09-28,32708.429999999964
2011-09-29,4671.304999999942
2011-09-30,26063.930000000022
2011-10-03,-3158.524999999963
2011-10-04,4731.579999999954
2011-10-05,-5873.075000000016
2011-10-06,-9697.379999999963
2011-10-07,249.99999999999608
2011-10-10,-19375.914999999968
2011-10-11,-2332.720000000064
2011-10-12,-24048.129999999954
2011-10-13,12003.334999999985
2011-10-14,13451.424999999952
2011-10-17,4275.3800000000065
2011-10-18,-5481.999999999953
2011-10-19,6432.999999999929
2011-10-20,13527.52499999999
2011-10-21,-15375.764999999938
2011-10-24,-18186.490000000016
2011-10-25,-8107.255000000035
2011-10-26,-16279.754999999963
2011-10-27,-28211.029999999977
2011-10-28,-5593.255000000006
2011-10-31,8887.585
2011-11-01,14095.244999999975
2011-11-02,-7594.264999999977
2011-11-03,1507.9899999999673
2011-11-04,2326.7150000000124
2011-11-07,-20203.529999999973
2011-11-08,400.24499999998864
2011-11-09,9802.499999999995
2011-11-10,2535.7350000000083
2011-11-11,-14476.440000000037
2011-11-14,-8997.899999999974
2011-11-15,-6334.594999999998
2011-11-16,-4087.1099999999956
2011-11-17,34442.47999999992
2011-11-18,-10521.14499999994
2011-11-21,26384.299999999945
2011-11-22,-4036.029999999989
2011-11-23,14180.064999999986
2011-11-24,-4478.454999999986
2011-11-25,13140.880000000041
2011-11-28,-31744.615000000038
2011-11-29,7995.5149999999685
2011-11-30,-7119.75499999998
2011-12-01,3805.224999999951
2011-12-02,-6032.9
2011-12-05,-17325.59999999998
2011-12-06,-5020.909999999957
2011-12-07,-3546.1100000000224
2011-12-08,4776.24499999998
2011-12-09,-11644.95499999996
2011-12-12,12014.524999999969
2011-12-13,5383.579999999946
2011-12-14,17943.34499999999
2011-12-15,-2561.0200000000077
2011-12-16,-14326.274999999983
2011-12-19,20609.539999999975
2011-12-20,-22036.504999999954
2011-12-21,-5698.320000000082
2011-12-22,16356.960000000056
2011-12-23,-5332.79500000003
2011-12-26,-418.01999999999236
2011-12-27,5995.130000000066
2011-12-28,3473.9200000000096
2011-12-29,-9854.740000000022
2011-12-30,-5679.87499999999
2012-01-02,-2556.50999999997
2012-01-03,-9342.289999999959
2012-01-04,7425.310000000102
2012-01-05,7407.039999999948
2012-01-06,-10750.419999999976
2012-01-09,3795.515000000011
2012-01-10,1606.7599999999375
2012-01-11,5175.565000000041
2012-01-12,23439.429999999957
2012-01-13,23823.690000000068
2012-01-16,6280.779999999993
2012-01-17,8363.814999999991
2012-01-18,11570.504999999968
2012-01-19,11072.429999999973
2012-01-20,-15428.854999999994
2012-01-23,-8556.874999999969
2012-01-24,3805.9599999999405
2012-01-25,-8500.034999999934
2012-01-26,3652.689999999947
2012-01-27,-4149.380000000035
2012-01-30,3695.9600000000037
2012-01-31,26617.80500000003
2012-02-01,3937.3700000000404
2012-02-02,-19293.49999999996
2012-02-03,598.7849999999273
2012-02-06,-7263.409999999969
2012-02-07,100.51499999996709
2012-02-08,-2941.0299999999866
2012-02-09,-7562.500000000009
2012-02-10,-7782.34
2012-02-13,11206.22500000002
2012-02-14,-655.8499999999655
2012-02-15,-64.13000000001878
2012-02-16,-3965.2000000000303
2012-02-17,4474.899999999983
2012-02-20,-1518.6749999999815
2012-02-21,-18038.195000000032
2012-02-22,8432.660000000013
2012-02-23,-12745.61999999999
2012-02-24,850.5399999999634
2012-02-27,4102.49000000001
2012-02-28,11320.500000000085
2012-02-29,12509.299999999981
2012-03-01,-3870.1100000000624
2012-03-02,13396.44499999995
2012-03-05,-243.39999999997235
2012-03-06,-12422.999999999956
2012-03-07,-18938.075000000023
2012-03-08,-8270.67499999996
2012-03-09,936.5449999999747
2012-03-12,16384.200000000044
2012-03-13,972.6449999999737
2012-03-14,6981.900000000004
2012-03-15,7727.479999999978
2012-03-16,-15676.264999999976
2012-03-19,-13850.590000000027
2012-03-20,-2086.4299999999807
2012-03-21,2744.4250000000425
2012-03-22,14391.125000000002
2012-03-23,-12290.420000000018
2012-03-26,412.8000000000411
2012-03-27,2179.254999999998
2012-03-28,-8374.709999999977
2012-03-29,-2566.970000000006
2012-03-30,34867.86
2012-04-02,-8455.18000000002
2012-04-03,-4007.4099999999503
2012-04-04,12226.500000000038
2012-04-05,5700.999999999936
2012-04-06,0.0
2012-04-09,4950.035000000007
2012-04-10,-2536.099999999973
2012-04-11,7212.035000000005
2012-04-12,-12782.475000000028
2012-04-13,-14873.60000000003
2012-04-16,-1478.5550000000076
2012-04-17,-1576.0599999999238
2012-04-18,-8807.870000000074
2012-04-19,17417.235000000066
2012-04-20,-20790.419999999976
2012-04-23,2769.584999999998
2012-04-24,-6081.735000000021
2012-04-25,-11657.465000000042
2012-04-26,6564.240000000022
2012-04-27,5642.325000000008
2012-04-30,5187.570000000022
2012-05-01,-11418.220000000018
2012-05-02,-5614.325000000049
2012-05-03,25653.900000000027
2012-05-04,12093.89000000001
2012-05-07,7902.385000000021
2012-05-08,-2867.159999999968
2012-05-09,-5199.659999999985
2012-05-10,-9075.409999999998
2012-05-11,-1047.4100000000126
2012-05-14,12702.900000000027
2012-05-15,5031.515000000061
2012-05-16,19717.629999999965
2012-05-17,9270.700000000064
2012-05-18,16520.760000000024
2012-05-21,-781.5350000000103
2012-05-22,-4940.599999999988
2012-05-23,-6307.879999999989
2012-05-24,-5558.714999999966
2012-05-25,-6989.190000000033
2012-05-28,-3455.6949999999993
2012-05-29,-3549.66000000001
2012-05-30,-10646.244999999917
2012-05-31,11578.525000000047
2012-06-01,-4818.4549999999945
2012-06-04,3655.404999999977
2012-06-05,-6240.200000000043
2012-06-06,-12095.44499999994
2012-06-07,7421.245000000002
2012-06-08,2003.9999999999986
2012-06-11,861.3949999999679
2012-06-12,-9175.804999999955
2012-06-13,1756.4449999999479
2012-06-14,2368.010000000011
2012-06-15,-7578.589999999959
2012-06-18,8981.464999999958
2012-06-19,-9708.479999999998
2012-06-20,6450.02000000002
2012-06-21,9031.694999999954
2012-06-22,7545.445000000038
2012-06-25,-5836.104999999996
2012-06-26,-256.6649999999643
2012-06-27,10852.829999999987
2012-06-28,16770.750000000004
2012-06-29,-481.2000000000371
2012-07-02,-9447.120000000023
2012-07-03,-4919.600000000014
2012-07-04,159.7999999999953
2012-07-05,-10210.89999999994
2012-07-06,2800.5699999999806
2012-07-09,-9495.230000000023
2012-07-10,-8050.400000000018
2012-07-11,1771.9000000000087
2012-07-12,-5365.055000000007
2012-07-13,-8371.699999999972
2012-07-16,-22724.69999999996
2012-07-17,1858.2699999999668
2012-07-18,16428.444999999992
2012-07-19,-4478.49000000006
2012-07-20,-829.3499999999633
2012-07-23,10550.764999999952
2012-07-24,-2561.8749999999723
2012-07-25,-5648.219999999975
2012-07-26,4080.3700000000276
2012-07-27,-479.930000000021
2012-07-30,-33.80999999999563
2012-07-31,-6359.755000000002
2012-08-01,5918.299999999991
2012-08-02,-875.2999999999765
2012-08-03,-19874.25500000004
2012-08-06,2976.7900000000236
2012-08-07,5202.089999999986
2012-08-08,-7668.769999999964
2012-08-09,-6489.17
2012-08-10,-443.59999999999377
2012-08-13,14573.744999999943
2012-08-14,4251.800000000063
2012-08-15,-13834.07500000008
2012-08-16,-8928.199999999972
2012-08-17,2814.524999999959
2012-08-20,-13123.074999999983
2012-08-21,-16273.474999999995
2012-08-22,-7833.6549999999825
2012-08-23,1926.3699999999997
2012-08-24,-11224.319999999967
2012-08-27,6572.224999999983
2012-08-28,-1398.054999999964
2012-08-29,2834.1850000000118
2012-08-30,4561.440000000001
2012-08-31,-1943.4550000000236
2012-09-03,1110.360000000028
2012-09-04,-10753.129999999976
2012-09-05,5325.199999999973
2012-09-06,-10931.255000000006
2012-09-07,-4846.329999999917
2012-09-10,13605.799999999905
2012-09-11,17669.97000000003
2012-09-12,-1383.865000000025
2012-09-13,-15207.675000000005
2012-09-14,-84.04999999998023
2012-09-17,7527.410000000002
2012-09-18,724.7000000000207
2012-09-19,-18107.385000000024
2012-09-20,10786.164999999994
2012-09-21,1048.7250000000076
2012-09-24,3159.1450000000114
2012-09-25,-12679.21999999989
2012-09-26,973.2949999999646
2012-09-27,1325.7250000000215
2012-09-28,-10099.330000000007
2012-10-01,11273.725000000028
2012-10-02,7008.4699999999475
2012-10-03,-16121.599999999966
2012-10-04,5958.200000000003
2012-10-05,10502.799999999963
2012-10-08,1921.949999999967
2012-10-09,13074.970000000068
2012-10-10,4232.924999999991
2012-10-11,-14012.510000000017
2012-10-12,9466.615000000022
2012-10-15,4710.945000000008
2012-10-16,269.8000000000468
2012-10-17,-2586.0300000000398
2012-10-18,-10082.474999999937
2012-10-19,-5890.730000000052
2012-10-22,-15724.929999999975
2012-10-23,1760.9999999999686
2012-10-24,-2133.5999999999676
2012-10-25,-111.55500000007157
2012-10-26,2852.340000000071
2012-10-29,4347.44499999995
2012-10-30,-1693.1999999999584
2012-10-31,-8180.129999999975
2012-11-01,-7122.485000000002
2012-11-02,13131.749999999936
2012-11-05,1587.2050000000356
2012-11-06,8000.270000000025
2012-11-07,-6347.884999999995
2012-11-08,-1101.9200000000083
2012-11-09,25254.2
2012-11-12,10387.43499999997
2012-11-13,-5447.399999999967
2012-11-14,2744.0049999999806
2012-11-15,7152.515000000057
2012-11-16,10012.900000000014
2012-11-19,-1347.620000000069
2012-11-20,17.34500000002242
2012-11-21,8937.925000000145
2012-11-22,-3748.7300000000882
2012-11-23,997.3949999999716
2012-11-26,-8017.504999999983
2012-11-27,-11155.755000000017
2012-11-28,2973.7350000000183
2012-11-29,-6786.400000000016
2012-11-30,1490.265000000068
2012-12-03,-8719.83500000007
2012-12-04,-2159.5549999999303
2012-12-05,-613.7000000000944
2012-12-06,-9076.264999999963
2012-12-07,-1736.1100000000813
2012-12-10,-2037.8599999998548
2012-12-11,17431.61499999995
2012-12-12,13174.849999999982
2012-12-13,-2423.2499999999886
2012-12-14,-471.58500000002743
2012-12-17,1854.3049999999625
2012-12-18,-221.53999999995906
2012-12-19,10115.545000000006
2012-12-20,-3407.0700000000193
2012-12-21,-1756.929999999964
2012-12-24,3560.2599999999884
2012-12-25,1277.1450000000189
2012-12-26,16472.98499999993
2012-12-27,-3395.819999999983
2012-12-28,-3858.2
2012-12-31,-1805.9999999999482
2013-01-01,-51.200000000012096
2013-01-02,24236.10499999994
2013-01-03,-4982.139999999949
2013-01-04,-5885.00999999996
2013-01-07,-2188.284999999967
2013-01-08,-1169.2000000000185
2013-01-09,-5419.340000000007
2013-01-10,-5881.8299999999035
2013-01-11,-16163.285000000085
2013-01-14,-2784.8849999999074
2013-01-15,-14027.95
2013-01-16,-4654.254999999936
2013-01-17,-5160.0950000000585
2013-01-18,-10815.079999999922
2013-01-21,-1910.2399999999782
2013-01-22,9444.460000000032
2013-01-23,11352.749999999884
2013-01-24,5305.3250000000635
2013-01-25,-9028.454999999996
2013-01-28,12999.00500000001
2013-01-29,10684.734999999939
2013-01-30,-6869.954999999939
2013-01-31,-4455.71500000007
2013-02-01,6253.815000000036
2013-02-04,-2788.6549999999856
2013-02-05,-7383.960000000056
2013-02-06,-10242.304999999946
2013-02-07,7810.120000000046
2013-02-08,-10152.195000000014
2013-02-11,-2550.889999999991
2013-02-12,-2320.8000000000693
2013-02-13,-6370.909999999897
2013-02-14,11834.644999999839
2013-02-15,6482.890000000093
2013-02-18,2693.0699999999847
2013-02-19,-16031.515000000009
2013-02-20,-12168.614999999905
2013-02-21,1279.775000000042
2013-02-22,1822.3150000000226
2013-02-25,10545.73500000004
2013-02-26,-8136.055000000006
2013-02-27,1770.6699999999876
2013-02-28,9488.989999999932
2013-03-01,8705.990000000054
2013-03-04,2419.4700000000616
2013-03-05,-13948.285000000007
2013-03-06,6425.599999999968
2013-03-07,7894.02500000002
2013-03-08,10353.879999999981
2013-03-11,-6531.554999999976
2013-03-12,-3076.4849999999838
2013-03-13,1272.0999999999476
2013-03-14,-1855.7199999998704
2013-03-15,209.22500000001065
2013-03-18,10055.279999999904
2013-03-19,1311.8899999999896
2013-03-20,-260.09500000001617
2013-03-21,-4153.529999999985
2013-03-22,5321.575000000032
2013-03-25,11940.010000000017
2013-03-26,-285.83499999997497
2013-03-27,13098.534999999998
2013-03-28,9462.995000000006
2013-04-01,-19948.475000000086
2013-04-02,-308.2799999999134
2013-04-03,16479.83000000002
2013-04-04,-8921.354999999978
2013-04-05,-6693.899999999998
2013-04-08,-3245.994999999997
2013-04-09,-7057.34000000011
2013-04-10,14523.215000000047
2013-04-11,-3320.7099999999386
2013-04-12,1629.4749999999801
2013-04-15,215.360000000022
2013-04-16,4155.809999999938
2013-04-17,23124.169999999984
2013-04-18,-11125.574999999988
2013-04-19,2084.829999999992
2013-04-22,3908.58999999995
2013-04-23,-3808.684999999978
2013-04-24,-2273.8650000000544
2013-04-25,-2664.639999999962
2013-04-26,7795.944999999987
2013-04-29,14740.989999999982
2013-04-30,-5641.989999999937
2013-05-01,4757.919999999977
2013-05-02,-6953.910000000033
2013-05-03,7127.720000000003
2013-05-06,-14713.409999999989
2013-05-07,5189.19999999997
2013-05-08,-3838.254999999964
2013-05-09,-1429.800000000052
2013-05-10,1923.8700000000488
2013-05-13,10909.415000000003
2013-05-14,5687.08999999995
2013-05-15,1009.3600000000173
2013-05-16,11819.805000000015
2013-05-17,2246.614999999998
2013-05-20,-341.88500000001113
2013-05-21,13479.30000000002
2013-05-22,20503.814999999966
2013-05-23,-509.2599999998991
2013-05-24,984.0149999999619
2013-05-27,-1910.9849999999913
2013-05-28,13266.870000000032
2013-05-29,-315.43000000007646
2013-05-30,2913.5400000000477
2013-05-31,8965.845000000003
2013-06-03,-4122.625000000044
2013-06-04,-7822.439999999954
2013-06-05,-5666.650000000004
2013-06-06,1482.44999999999
2013-06-07,4703.650000000002
2013-06-10,4568.705000000011
2013-06-11,15452.034999999978
2013-06-12,-5228.050000000018
2013-06-13,-26909.184999999983
2013-06-14,2683.074999999986
2013-06-17,8756.859999999895
2013-06-18,4457.645000000048
2013-06-19,11711.044999999964
2013-06-20,13015.945000000072
2013-06-21,-1306.405000000001
2013-06-24,17785.36999999994
2013-06-25,-2651.5149999999953
2013-06-26,9237.315000000015
2013-06-27,5096.784999999962
2013-06-28,-4909.904999999969
2013-07-01,-16985.910000000018
2013-07-02,-8808.065000000028
2013-07-03,-7582.195000000072
2013-07-04,2541.3000000000593
2013-07-05,-475.3600000000024
2013-07-08,8779.540000000066
2013-07-09,8155.844999999969
2013-07-10,-2335.465000000064
2013-07-11,-11927.699999999957
2013-07-12,-19189.95500000002
2013-07-15,7176.900000000032
2013-07-16,8438.299999999961
2013-07-17,-3970.5549999999894
2013-07-18,-3507.4549999999385
2013-07-19,5904.799999999977
2013-07-22,8729.214999999987
2013-07-23,-8957.080000000045
2013-07-24,4975.420000000031
2013-07-25,-3189.7650000001004
2013-07-26,1793.6100000000072
2013-07-29,-9724.24999999996
2013-07-30,-2165.989999999959
2013-07-31,-18794.245000000083
2013-08-01,-18018.18999999999
2013-08-02,1200.4999999999902
2013-08-05,20051.80000000004
2013-08-06,8070.099999999986
2013-08-07,-1102.000000000041
2013-08-08,3904.0000000000027
2013-08-09,-16117.599999999964
2013-08-12,21103.29999999995
2013-08-13,-4741.065000000023
2013-08-14,4499.645000000047
2013-08-15,9283.445000000047
2013-08-16,-11485.755000000034
2013-08-19,22069.409999999963
2013-08-20,-6631.664999999939
2013-08-21,1951.8449999999802
2013-08-22,-10116.319999999974
2013-08-23,-984.3650000000393
2013-08-26,21970.469999999903
2013-08-27,-27501.194999999938
2013-08-28,-3502.059999999965
2013-08-29,23734.389999999945
2013-08-30,1022.9350000000253
2013-09-02,-823.3950000000455
2013-09-03,7418.090000000025
2013-09-04,7877.625000000155
2013-09-05,3687.9899999999375
2013-09-06,-5323.600000000004
2013-09-09,15557.279999999979
2013-09-10,7053.374999999959
2013-09-11,-1896.219999999935
2013-09-12,7858.344999999924
2013-09-13,-23.80000000002974
2013-09-16,9264.425000000061
2013-09-17,62.74500000004457
2013-09-18,-17236.00000000009
2013-09-19,2541.5600000000127
2013-09-20,3393.704999999971
2013-09-23,-7250.830000000034
2013-09-24,274.0599999999318
2013-09-25,-504.9999999998813
2013-09-26,-4137.060000000053
2013-09-27,-5204.510000000015
2013-09-30,-18494.999999999964
2013-10-01,1453.2800000000234
2013-10-02,-5982.455000000092
2013-10-03,5829.554999999948
2013-10-04,-2044.814999999875
2013-10-07,-964.0999999999574
2013-10-08,-2033.7950000001015
2013-10-09,4637.055000000091
2013-10-10,-1546.3300000000363
2013-10-11,-10148.824999999873
2013-10-14,-3037.060000000191
2013-10-15,13223.430000000159
2013-10-16,-2170.0000000000905
2013-10-17,9135.000000000067
2013-10-18,-16893.040000000023
2013-10-21,3431.715000000016
2013-10-22,-10813.284999999996
2013-10-23,9714.214999999991
2013-10-24,7055.000000000002
2013-10-25,8432.989999999949
2013-10-28,-15404.119999999819
2013-10-29,-2836.3250000000976
2013-10-30,8351.959999999883
2013-10-31,688.2350000000719
2013-11-01,566.4200000000278
2013-11-04,289.2149999999532
2013-11-05,3503.970000000155
2013-11-06,-5027.010000000075
2013-11-07,11102.744999999983
2013-11-08,7927.745000000016
2013-11-11,5219.459999999862
2013-11-12,19595.000000000025
2013-11-13,-19989.969999999907
2013-11-14,3418.8149999999587
2013-11-15,-10878.834999999957
2013-11-18,19360.689999999897
2013-11-19,-8892.844999999985
2013-11-20,20235.734999999975
2013-11-21,4089.595000000005
2013-11-22,11138.089999999935
2013-11-25,734.3850000001037
2013-11-26,1057.7449999998817
2013-11-27,267.2049999999707
2013-11-28,-1094.509999999999
2013-11-29,-2167.0649999999937
2013-12-02,6579.104999999961
2013-12-03,-17129.754999999812
2013-12-04,2578.264999999989
2013-12-05,24858.01999999996
2013-12-06,285.4900000000014
2013-12-09,13997.774999999916
2013-12-10,-3459.8699999999358
2013-12-11,13086.730000000036
2013-12-12,1559.4000000000551
2013-12-13,402.5099999999631
2013-12-16,-4320.855000000072
2013-12-17,6635.099999999956
2013-12-18,6049.665000000076
2013-12-19,14976.614999999993
2013-12-20,-1735.7649999999742
2013-12-23,2568.725000000033
2013-12-24,9695.63500000004
2013-12-25,1328.00000000001
2013-12-26,-14678.375000000093
2013-12-27,-22137.959999999897
2013-12-30,9103.465000000051
2013-12-31,-8051.835000000042
2014-01-01,-849.1550000000178
2014-01-02,-25097.2
2014-01-03,-2771.250000000138
2014-01-06,3099.2200000000316
2014-01-07,8739.369999999972
2014-01-08,3105.3800000000565
2014-01-09,-19448.739999999892
2014-01-10,-6563.420000000115
2014-01-13,12273.779999999948
2014-01-14,-1268.7549999999674
2014-01-15,8028.305000000013
2014-01-16,-2799.9549999999467
2014-01-17,9698.30000000001
2014-01-20,3362.0299999999665
2014-01-21,6116.13500000002
2014-01-22,2636.7849999999958
2014-01-23,-5222.94000000001
2014-01-24,8724.53000000002
2014-01-27,-8563.81999999993
2014-01-28,6751.944999999958
2014-01-29,21516.615000000053
2014-01-30,-5365.710000000044
2014-01-31,-6524.959999999969
2014-02-03,6657.030000000046
2014-02-04,4940.184999999889
2014-02-05,-12858.954999999967
2014-02-06,4921.444999999987
2014-02-07,-10526.99999999993
2014-02-10,-15422.85500000002
2014-02-11,11217.104999999985
2014-02-12,-10524.599999999973
2014-02-13,3727.5999999999312
2014-02-14,-10123.155000000008
2014-02-17,3914.0350000000476
2014-02-18,-4132.425000000078
2014-02-19,21764.870000000028
2014-02-20,830.7550000000358
2014-02-21,-19417.42499999998
2014-02-24,-15416.50500000003
2014-02-25,-7765.134999999966
2014-02-26,2987.5599999999686
2014-02-27,-16138.615000000013
2014-02-28,-8949.979999999943
2014-03-03,-21000.98000000006
2014-03-04,262.26000000002364
2014-03-05,-1088.4399999999018
2014-03-06,-3260.400000000071
2014-03-07,-24488.97000000003
2014-03-10,-4772.514999999982
2014-03-11,-11515.350000000011
2014-03-12,724.3999999999833
2014-03-13,-14538.45500000002
2014-03-14,4411.000000000059
2014-03-17,-14294.654999999982
2014-03-18,-6180.8500000000295
2014-03-19,-12449.034999999987
2014-03-20,2100.815000000034
2014-03-21,8700.844999999994
2014-03-24,7585.405000000092
2014-03-25,9480.944999999934
2014-03-26,-4198.154999999947
2014-03-27,-2272.8549999999163
2014-03-28,9776.344999999988
2014-03-31,4877.6999999999325
2014-04-01,-933.4549999999549
2014-04-02,9588.714999999986
2014-04-03,7570.774999999953
2014-04-04,-1269.1299999999596
2014-04-07,-553.4750000000225
2014-04-08,-1115.7749999999237
2014-04-09,3719.0599999999376
2014-04-10,-4110.795000000009
2014-04-11,5246.64499999999
2014-04-14,5634.644999999988
2014-04-15,-11647.11000000001
2014-04-16,8991.145000000028
2014-04-17,3355.2999999999756
2014-04-21,13173.800000000021
2014-04-22,4077.644999999954
2014-04-23,1705.9400000000608
2014-04-24,4929.969999999975
2014-04-25,-9229.855000000001
2014-04-28,-15040.775000000003
2014-04-29,-7753.930000000039
2014-04-30,-8844.25000000001
2014-05-01,9799.215000000026
2014-05-02,-5093.969999999951
2014-05-05,-5682.670000000045
2014-05-06,-8103.110000000003
2014-05-07,6189.085000000016
2014-05-08,2542.084999999992
2014-05-09,2318.285000000053
2014-05-12,674.8599999999618
2014-05-13,-1386.449999999924
2014-05-14,7928.244999999948
2014-05-15,-420.92999999999154
2014-05-16,845.8199999999997
2014-05-19,-9836.194999999985
2014-05-20,6859.600000000099
2014-05-21,-3800.7500000000323
2014-05-22,7922.4849999999315
2014-05-23,12598.52500000003
2014-05-26,1580.0800000000143
2014-05-27,5614.229999999999
2014-05-28,-2039.609999999907
2014-05-29,-8497.040000000003
2014-05-30,-3549.5700000000634
2014-06-02,2250.4000000000397
2014-06-03,-503.17000000001036
2014-06-04,-11796.214999999987
2014-06-05,5676.859999999964
2014-06-06,-20515.925000000047
2014-06-09,-6522.120000000057
2014-06-10,-1867.8549999998836
2014-06-11,1248.9450000000486
2014-06-12,20720.604999999985
2014-06-13,-2055.54
2014-06-16,891.1649999999606
2014-06-17,10168.85500000012
2014-06-18,6844.799999999908
2014-06-19,-11338.104999999987
2014-06-20,3435.360000000016
2014-06-23,4147.039999999973
2014-06-24,6965.545000000017
2014-06-25,-10601.575000000039
2014-06-26,-6545.7450000000445
2014-06-27,5174.3700000000235
2014-06-30,21546.89000000002
2014-07-01,-4193.02500000004
2014-07-02,9786.430000000015
2014-07-03,2536.2949999999832
2014-07-04,-95.19999999996753
2014-07-07,10472.024999999869
2014-07-08,-3151.909999999956
2014-07-09,1347.0599999999806
2014-07-10,-1722.6100000000743
2014-07-11,12953.265000000027
2014-07-14,-6380.800000000005
2014-07-15,326.945000000034
2014-07-16,-15984.500000000051
2014-07-17,-5909.100000000036
2014-07-18,-1542.309999999921
2014-07-21,4807.58999999996
2014-07-22,10042.149999999987
2014-07-23,-8059.345000000009
2014-07-24,80.91499999997203
2014-07-25,2684.650000000064
2014-07-28,-6092.929999999961
2014-07-29,3978.9949999999567
2014-07-30,-10038.754999999963
2014-07-31,-2336.295000000029
2014-08-01,1848.7150000000445
2014-08-04,-11965.34999999998
2014-08-05,-14510.834999999988
2014-08-06,-15612.255000000001
2014-08-07,-3120.3450000000344
2014-08-08,6933.149999999982
2014-08-11,69.40999999992425
2014-08-12,-9862.145000000015
2014-08-13,4520.484999999998
2014-08-14,-3462.0600000000727
2014-08-15,-3992.254999999943
2014-08-18,6880.289999999953
2014-08-19,-28508.629999999896
2014-08-20,-348.49499999994214
2014-08-21,2616.005000000035
2014-08-22,-5306.815000000081
2014-08-25,-3178.2399999999325
2014-08-26,13447.000000000042
2014-08-27,-4379.865000000051
2014-08-28,11776.845000000072
2014-08-29,17350.949999999993
2014-09-01,-523.5150000001044
2014-09-02,-6834.324999999889
2014-09-03,12969.745000000032
2014-09-04,6649.904999999984
2014-09-05,-10797.600000000013
2014-09-08,700.944999999958
2014-09-09,30572.799999999974
2014-09-10,-4958.4799999999495
2014-09-11,4500.485000000074
2014-09-12,-1813.6950000000809
2014-09-15,2235.0600000000677
2014-09-16,768.3399999999555
2014-09-17,-4353.714999999956
2014-09-18,8963.89000000002
2014-09-19,19328.414999999888
2014-09-22,9958.650000000032
2014-09-23,4489.95
2014-09-24,-3960.69
2014-09-25,2560.245
2014-09-26,19160.77000000001
2014-09-29,10337.160000000064
2014-09-30,8445.599999999931
2014-10-01,-8578.294999999942
2014-10-02,-2543.6000000000354
2014-10-03,-2537.2849999999817
2014-10-06,-17880.779999999995
2014-10-07,-17465.510000000042
2014-10-08,8195.604999999996
2014-10-09,-24485.30999999997
2014-10-10,11424.44499999993
2014-10-13,-13452.65499999993
2014-10-14,-24940.110000000055
2014-10-15,-734.6099999999685
2014-10-16,13452.84499999999
2014-10-17,8542.089999999987
2014-10-20,-156.25499999999727
2014-10-21,-14675.174999999965
2014-10-22,9772.714999999998
2014-10-23,977.7149999999464
2014-10-24,4324.044999999999
2014-10-27,-18442.409999999945
2014-10-28,-1205.1300000000679
2014-10-29,-9629.36999999997
2014-10-30,-368.99499999996885
2014-10-31,-8753.15500000008
2014-11-03,-11558.554999999984
2014-11-04,-3403.450000000003
2014-11-05,-8384.999999999956
2014-11-06,-7022.400000000019
2014-11-07,-479.2549999999436
2014-11-10,6538.899999999976
2014-11-11,-4216.8550000000505
2014-11-12,15491.09000000004
2014-11-13,5176.24499999995
2014-11-14,12307.900000000005
2014-11-17,-15351.655000000022
2014-11-18,6516.890000000085
2014-11-19,-999.0000000000482
2014-11-20,-9419.86999999999
2014-11-21,6919.944999999977
2014-11-24,-1019.5000000000194
2014-11-25,-4249.799999999991
2014-11-26,-2990.099999999962
2014-11-27,-8710.549999999952
2014-11-28,16858.314999999995
2014-12-01,27489.515000000003
2014-12-02,553.95999999995
2014-12-03,-14656.874999999955
2014-12-04,-6099.155000000023
2014-12-05,-20029.509999999977
2014-12-08,-4064.510000000001
2014-12-09,-11300.155000000017
2014-12-10,-8375.555000000024
2014-12-11,45.29000000006203
2014-12-12,-11072.105000000021
2014-12-15,5785.8899999999285
2014-12-16,59.54500000001383
2014-12-17,9663.950000000023
2014-12-18,-94.8400000000029
2014-12-19,8647.004999999988
2014-12-22,1554.4000000000233
2014-12-23,11121.200000000043
2014-12-24,-11807.2
2014-12-25,-3342.400000000036
2014-12-26,-177.56499999998834
2014-12-29,-14778.304999999964
2014-12-30,-4065.5550000000467
2014-12-31,11367.970000000021
2015-01-01,8422.050000000005
2015-01-02,-14219.08999999995
2015-01-05,-28208.335000000032
2015-01-06,-8805.640000000029
2015-01-07,263.7000000000098
2015-01-08,-568.3999999999542
2015-01-09,-11319.600000000046
2015-01-12,-8117.299999999963
2015-01-13,-13818.200000000024
2015-01-14,-2936.9050000000175
2015-01-15,-2548.5700000000024
2015-01-16,-4589.80000000002
2015-01-19,4653.105000000024
2015-01-20,-5038.564999999998
2015-01-21,-1353.1650000000009
2015-01-22,6854.170000000009
2015-01-23,-6319.069999999967
2015-01-26,10988.06999999999
2015-01-27,-2637.1649999999895
2015-01-28,10591.999999999996
2015-01-29,11043.784999999976
2015-01-30,2752.905000000033
2015-02-02,5382.634999999992
2015-02-03,11590.399999999998
2015-02-04,134.4450000000262
2015-02-05,12066.044999999993
2015-02-06,9373.199999999993
2015-02-09,12251.390000000005
2015-02-10,-4245.299999999997
2015-02-11,-4305.155000000022
2015-02-12,13513.244999999992
2015-02-13,-1937.5099999999672
2015-02-16,226.54500000000638
2015-02-17,5692.22999999996
2015-02-18,-8759.560000000018
2015-02-19,-23.699999999947977
2015-02-20,-415.97000000003084
2015-02-23,-4770.665000000053
2015-02-24,-10290.044999999982
2015-02-25,14985.165000000014
2015-02-26,11195.04499999999
2015-02-27,12215.159999999985
2015-03-02,-3534.7850000000044
2015-03-03,2353.400000000058
2015-03-04,-12914.254999999968
2015-03-05,-3697.3100000000245
2015-03-06,7331.044999999948
2015-03-09,3571.84500000001
2015-03-10,-906.6550000000315
2015-03-11,4826.200000000055
2015-03-12,467.2999999999769
2015-03-13,-12665.254999999992
2015-03-16,4487.54499999997
2015-03-17,-5423.599999999977
2015-03-18,13512.999999999982
2015-03-19,4318.44999999999
2015-03-20,-3191.1300000000233
2015-03-23,3265.5250000000606
2015-03-24,-9546.855000000034
2015-03-25,-213.9000000000358
2015-03-26,-3451.399999999988
2015-03-27,2170.3600000000556
2015-03-30,8224.399999999992
2015-03-31,-5652.365000000032
2015-04-01,2450.6000000000304
2015-04-02,-5571.655000000027
2015-04-03,0.0
2015-04-06,2221.5949999999634
2015-04-07,-23.85499999999445
2015-04-08,-1525.0599999999772
2015-04-09,10624.044999999967
2015-04-10,-5094.7000000000135
2015-04-13,-5600.899999999981
2015-04-14,6185.844999999977
2015-04-15,9081.445000000052
2015-04-16,-1000.9700000000423
2015-04-17,-5973.3000000000375
2015-04-20,4478.080000000011
2015-04-21,-7338.309999999972
2015-04-22,10563.905
2015-04-23,10030.600000000002
2015-04-24,1850.4000000000274
2015-04-27,-14783.050000000014
2015-04-28,-5193.054999999996
2015-04-29,-4983.0000000000655
2015-04-30,-3900.329999999946
2015-05-01,-819.5300000000238
2015-05-04,-9313.25499999991
2015-05-05,-2257.2000000000444
2015-05-06,919.3999999999946
2015-05-07,-698.6549999999833
2015-05-08,-6581.40000000002
2015-05-11,2644.9999999999563
2015-05-12,-218.99999999998818
2015-05-13,-15482.799999999937
2015-05-14,11811.145000000019
2015-05-15,-6861.910000000005
2015-05-18,-966.1700000000494
2015-05-19,2640.400000000028
2015-05-20,7605.28
2015-05-21,1186.9449999999852
2015-05-22,-1376.3350000000396
2015-05-25,-1144.5100000000107
2015-05-26,-9149.86499999998
2015-05-27,-7248.789999999952
2015-05-28,-640.2800000000085
2015-05-29,3732.9300000000208
2015-06-01,6291.544999999993
2015-06-02,3112.0850000000805
2015-06-03,-1418.255000000072
2015-06-04,8663.740000000009
2015-06-05,2246.6850000000295
2015-06-08,8307.199999999993
2015-06-09,16645.599999999988
2015-06-10,1774.9449999999738
2015-06-11,2864.3999999999987
2015-06-12,-6937.200000000055
2015-06-15,11828.945000000118
2015-06-16,3633.9999999999663
2015-06-17,-5104.399999999988
2015-06-18,-10146.484999999973
2015-06-19,9337.50999999994
2015-06-22,8599.649999999912
2015-06-23,14065.100000000057
2015-06-24,-11959.80000000002
2015-06-25,-3148.354999999994
2015-06-26,-8482.51
2015-06-29,1247.2450000000217
2015-06-30,-22101.19999999993
2015-07-01,-591.0650000001212
2015-07-02,-5683.304999999934
2015-07-03,-7866.39999999998
2015-07-06,-11528.020000000028
2015-07-07,25164.88500000001
2015-07-08,-5638.850000000049
2015-07-09,4061.4450000000706
2015-07-10,-5593.510000000024
2015-07-13,-8150.905000000041
2015-07-14,2822.945000000085
2015-07-15,-5143.885000000017
2015-07-16,-3358.3000000000393
2015-07-17,7028.939999999978
2015-07-20,16862.500000000015
2015-07-21,-2463.1700000000174
2015-07-22,-2887.1599999999835
2015-07-23,3094.685000000013
2015-07-24,-6905.7300000000405
2015-07-27,3618.9600000000005
2015-07-28,-33.464999999987995
2015-07-29,6205.53499999994
2015-07-30,624.9300000000137
2015-07-31,-15307.235000000008
2015-08-03,8661.649999999978
2015-08-04,8402.545000000036
2015-08-05,-9780.1500000001
2015-08-06,-847.6399999999171
2015-08-07,-10855.65500000004
2015-08-10,-14252.599999999982
2015-08-11,-999.3900000000692
2015-08-12,7916.600000000037
2015-08-13,-9505.900000000052
2015-08-14,4343.500000000009
2015-08-17,-3887.109999999968
2015-08-18,13933.01499999997
2015-08-19,-24413.36999999999
2015-08-20,-1036.5400000000382
2015-08-21,-13443.434999999994
2015-08-24,9952.045000000046
2015-08-25,15597.229999999956
2015-08-26,10708.030000000079
2015-08-27,-16300.43000000002
2015-08-28,-902.4100000000196
2015-08-31,-12110.010000000024
2015-09-01,3461.0299999999866
2015-09-02,-2298.5549999999585
2015-09-03,4016.999999999998
2015-09-04,-253.01499999995798
2015-09-07,2765.599999999912
2015-09-08,48.565000000075685
2015-09-09,714.2799999999128
2015-09-10,-4528.309999999986
2015-09-11,-6216.869999999982
2015-09-14,9589.190000000017
2015-09-15,12161.299999999976
2015-09-16,-12130.054999999962
2015-09-17,-1311.4250000000568
2015-09-18,711.6000000000877
2015-09-21,968.249999999961
2015-09-22,-552.4549999999878
2015-09-23,-1504.845000000022
2015-09-24,-4120.255000000051
2015-09-25,-26.104999999972335
2015-09-28,9352.51
2015-09-29,665.9350000000142
2015-09-30,14487.944999999987
2015-10-01,-5524.105000000056
2015-10-02,-8552.764999999914
2015-10-05,1554.464999999922
2015-10-06,-9203.754999999948
2015-10-07,-6644.7550000000065
2015-10-08,-1233.2549999999753
2015-10-09,-617.9549999999566
2015-10-12,11166.544999999895
2015-10-13,8833.200000000053
2015-10-14,-6355.245000000006
2015-10-15,-2166.979999999971
2015-10-16,-16608.570000000025
2015-10-19,3729.1000000000363
2015-10-20,5061.899999999981
2015-10-21,-4696.414999999994
2015-10-22,-14131.399999999954
2015-10-23,-9170.609999999995
2015-10-26,6810.400000000007
2015-10-27,-3131.765000000042
2015-10-28,-9272.114999999945
2015-10-29,-1176.0550000000176
2015-10-30,-482.5899999999867
2015-11-02,-10856.555000000031
2015-11-03,-7209.699999999989
2015-11-04,14692.64500000002
2015-11-05,-8803.699999999993
2015-11-06,-9436.555000000004
2015-11-09,-4588.745000000015
2015-11-10,7419.145000000019
2015-11-11,7256.190000000033
2015-11-12,2028.7549999999194
2015-11-13,-6423.500000000006
2015-11-16,-15.099999999943975
2015-11-17,4149.844999999978
2015-11-18,-12459.915000000008
2015-11-19,13276.669999999936
2015-11-20,8142.650000000058
2015-11-23,-1040.975000000003
2015-11-24,-8763.35499999999
2015-11-25,-384.5500000000173
2015-11-26,6134.779999999957
2015-11-27,-4680.429999999983
2015-11-30,4529.669999999951
2015-12-01,1875.8699999999594
2015-12-02,7507.330000000012
2015-12-03,1201.2949999999807
2015-12-04,20880.949999999986
2015-12-07,1584.375000000067
2015-12-08,4449.695000000056
2015-12-09,12542.294999999998
2015-12-10,5703.805000000008
2015-12-11,7422.545
2015-12-14,16520.650000000016
2015-12-15,-12673.450000000028
2015-12-16,-5135.894999999959
2015-12-17,-3406.5900000000192
2015-12-18,19371.625
2015-12-21,-15226.094999999954
2015-12-22,-2256.044999999972
2015-12-23,-16945.035000000025
2015-12-24,-2873.0000000000027
2015-12-28,-20837.620000000054
2015-12-29,-3670.8049999999344
2015-12-30,1711.9749999998787
2015-12-31,-238.1199999999384
2016-01-04,5887.75000000005
2016-01-05,12808.299999999985
2016-01-06,26887.39999999998
2016-01-07,15728.344999999934
2016-01-08,7602.10000000004
2016-01-11,3311.6900000000014
2016-01-12,9372.605000000007
2016-01-13,9913.850000000026
2016-01-14,-2848.455000000039
2016-01-15,15257.30499999995
2016-01-18,3592.995000000063
2016-01-19,4797.76499999995
2016-01-20,26961.694999999934
2016-01-21,-23117.939999999966
2016-01-22,-48246.490000000056
2016-01-25,47528.08000000004
2016-01-26,-6862.320000000017
2016-01-27,-12652.115000000049
2016-01-28,-25473.30999999996
2016-01-29,18081.790000000037
2016-02-01,4163.044999999981
2016-02-02,14366.205000000007
2016-02-03,-20424.755000000107
2016-02-04,9247.345000000041
2016-02-05,11342.544999999987
2016-02-08,11877.844999999996
2016-02-09,15751.960000000032
2016-02-10,-9081.054999999991
2016-02-11,3613.8449999999402
2016-02-12,-15686.954999999954
2016-02-15,-14704.510000000018
2016-02-16,16740.870000000003
2016-02-17,-3104.094999999978
2016-02-18,8305.28999999993
2016-02-19,1278.025000000004
2016-02-22,-9632.64999999996
2016-02-23,8159.004999999983
2016-02-24,-12589.260000000071
2016-02-25,-18898.04999999993
2016-02-26,-1359.0000000000614
2016-02-29,-9687.555000000002
2016-03-01,-4430.064999999972
2016-03-02,113.04499999998859
2016-03-03,8169.275000000032
2016-03-04,4453.469999999955
2016-03-07,-11041.584999999955
2016-03-08,-4445.194999999994
2016-03-09,-4511.860000000011
2016-03-10,13486.739999999996
2016-03-11,-42.97999999998271
2016-03-14,1072.0700000000677
2016-03-15,-6361.295000000009
2016-03-16,-4390.014999999991
2016-03-17,1754.749999999972
2016-03-18,683.224999999966
2016-03-21,1368.2600000000696
2016-03-22,7219.425000000007
2016-03-23,-8848.65500000005
2016-03-24,1202.5450000000078
2016-03-28,-284.85000000002526
2016-03-29,10262.885000000018
2016-03-30,297.6450000000142
2016-03-31,-24528.294999999995
2016-04-01,9806.114999999989
2016-04-04,7183.854999999946
2016-04-05,-435.6250000000011
2016-04-06,-343.64999999998764
2016-04-07,10594.194999999989
2016-04-08,-7342.154999999994
2016-04-11,4949.114999999982
2016-04-12,10341.270000000055
2016-04-13,17937.314999999933
2016-04-14,-2545.3949999999645
2016-04-15,7062.269999999958
2016-04-18,-3314.274999999987
2016-04-19,23201.44999999999
2016-04-20,4614.599999999999
2016-04-21,-1377.9749999999804
2016-04-22,-9859.550000000068
2016-04-25,10327.004999999932
2016-04-26,-4071.0799999999745
2016-04-27,-8556.260000000013
2016-04-28,28.1350000000392
2016-04-29,3868.7699999999804
2016-05-02,1343.070000000009
2016-05-03,-1414.400000000015
2016-05-04,6094.515000000017
2016-05-05,-10285.655000000012
2016-05-06,12900.105000000001
2016-05-09,-3048.5400000000573
2016-05-10,17920.100000000042
2016-05-11,-14182.510000000031
2016-05-12,-2790.8550000000087
2016-05-13,-2617.494999999969
2016-05-16,-5932.409999999956
2016-05-17,-441.15500000006057
2016-05-18,-2036.8399999999447
2016-05-19,3055.2800000000066
2016-05-20,10393.369999999974
2016-05-23,3381.7249999999876
2016-05-24,-11061.155
2016-05-25,8189.439999999992
2016-05-26,-7622.389999999979
2016-05-27,4199.349999999964
2016-05-30,-1633.6949999999676
2016-05-31,9484.19000000003
2016-06-01,4766.764999999987
2016-06-02,2759.819999999979
2016-06-03,-9914.999999999996
2016-06-06,985.0300000000223
2016-06-07,5741.784999999963
2016-06-08,-1966.1500000000217
2016-06-09,13070.445000000034
2016-06-10,8854.745000000019
2016-06-13,-1684.535000000019
2016-06-14,2881.445000000006
2016-06-15,-1405.3550000000378
2016-06-16,1311.0450000000128
2016-06-17,2485.370000000048
2016-06-20,-13191.814999999986
2016-06-21,-5259.600000000031
2016-06-22,4167.210000000014
2016-06-23,6117.165000000028
2016-06-24,1401.8649999999943
2016-06-27,15933.045000000026
2016-06-28,-6585.470000000032
2016-06-29,3463.8399999999665
2016-06-30,9106.250000000024
2016-07-01,-1670.2000000000116
2016-07-04,-1394.4000000000142
2016-07-05,-1512.3350000000003
2016-07-06,5060.409999999999
2016-07-07,1549.9900000000227
2016-07-08,13753.210000000012
2016-07-11,-7589.455000000008
2016-07-12,-4913.600000000015
2016-07-13,9291.399999999961
2016-07-14,-1904.1849999999356
2016-07-15,-975.0849999999974
2016-07-18,7452.429999999988
2016-07-19,-3545.3799999999537
2016-07-20,2190.3599999999446
2016-07-21,2086.889999999977
2016-07-22,-2033.0950000000018
2016-07-25,2748.7200000000716
2016-07-26,12063.419999999982
2016-07-27,17900.344999999958
2016-07-28,5914.154999999994
2016-07-29,2379.6450000000104
2016-08-01,-8985.909999999987
2016-08-02,2880.944999999987
2016-08-03,-1751.999999999971
2016-08-04,4971.59999999998
2016-08-05,-7810.534999999991
2016-08-08,-5565.79000000005
2016-08-09,-52.43499999997215
2016-08-10,-4795.590000000031
2016-08-11,-5695.999999999971
2016-08-12,-8868.25499999997
2016-08-15,-9761.255000000017
2016-08-16,7466.9350000000095
2016-08-17,-6543.700000000041
2016-08-18,-9462.754999999974
2016-08-19,-16328.230000000005
2016-08-22,17717.11500000001
2016-08-23,12509.065000000028
2016-08-24,2391.6249999999905
2016-08-25,1564.7500000000205
2016-08-26,-3041.7549999999865
2016-08-29,-2215.560000000038
2016-08-30,-6238.039999999983
2016-08-31,-7744.0550000000385
2016-09-01,-19376.884999999955
2016-09-02,-9645.54000000002
2016-09-05,-1745.0000000000045
2016-09-06,1491.7700000000284
2016-09-07,-3642.9300000000235
2016-09-08,684.4899999999982
2016-09-09,11153.390000000027
2016-09-12,1187.3449999999966
2016-09-13,11651.98499999998
2016-09-14,-586.9099999999969
2016-09-15,12060.559999999981
2016-09-16,6284.515
2016-09-19,-11176.219999999958
2016-09-20,-831.8050000000383
2016-09-21,-6793.6699999999755
2016-09-22,-6008.529999999989
2016-09-23,-4036.705000000006
2016-09-26,7403.849999999981
2016-09-27,-9237.854999999976
2016-09-28,4655.745000000002
2016-09-29,-484.45499999999083
2016-09-30,-4792.900000000009
2016-10-03,598.5449999999896
2016-10-04,9484.735000000033
2016-10-05,852.1399999999517
2016-10-06,16059.890000000052
2016-10-07,6419.999999999983
2016-10-10,-7717.800000000022
2016-10-11,-2944.0549999999944
2016-10-12,16027.64999999999
2016-10-13,-24746.85000000006
2016-10-14,-17195.070000000007
2016-10-17,-1553.4899999999443
2016-10-18,-1445.8700000000117
2016-10-19,-12956.310000000041
2016-10-20,13262.935000000029
2016-10-21,-3876.6399999999885
2016-10-24,15338.23500000001
2016-10-25,-1592.059999999979
2016-10-26,198.18500000000728
2016-10-27,3156.5649999999923
2016-10-28,12982.295000000016
2016-10-31,-16553.70000000004
2016-11-01,6465.44500000003
2016-11-02,1812.2899999999884
2016-11-03,5099.945000000007
2016-11-04,-982.2099999999925
2016-11-07,5139.595000000011
2016-11-08,-6461.014999999975
2016-11-09,12180.73000000001
2016-11-10,18529.38999999999
2016-11-11,3262.719999999982
2016-11-14,11318.740000000025
2016-11-15,-22935.610000000033
2016-11-16,18066.734999999982
2016-11-17,-8449.159999999945
2016-11-18,1727.6949999999965
2016-11-21,3088.990000000011
2016-11-22,4376.6400000000185
2016-11-23,13664.819999999998
2016-11-24,5052.539999999988
2016-11-25,21926.695000000014
2016-11-28,-6105.38499999999
2016-11-29,14020.689999999971
2016-11-30,-16749.379999999986
2016-12-01,-942.104999999981
2016-12-02,-17846.209999999977
2016-12-05,6196.494999999969
2016-12-06,13745.105000000016
2016-12-07,11636.544999999978
2016-12-08,-4477.955000000021
2016-12-09,2085.5000000000146
2016-12-12,-19295.749999999985
2016-12-13,-2364.8549999999977
2016-12-14,4419.845000000006
2016-12-15,5780.989999999998
2016-12-16,3873.0450000000064
2016-12-19,4527.669999999988
2016-12-20,-13290.355000000005
2016-12-21,18889.545000000016
2016-12-22,-2401.2200000000093
2016-12-23,-4058.7999999999856
2016-12-26,2044.4699999999882
2016-12-27,-8841.480000000001
2016-12-28,12568.070000000016
2016-12-29,-7155.200000000032
2016-12-30,-8015.099999999995
2017-01-02,-8113.200000000025
2017-01-03,-11908.41999999998
2017-01-04,-2504.784999999978
2017-01-05,-5076.384999999996
2017-01-06,-3265.1400000000353
2017-01-09,1617.6450000000627
2017-01-10,16937.359999999964
2017-01-11,-2617.154999999989
2017-01-12,1028.799999999991
2017-01-13,4571.734999999974
2017-01-16,1086.5800000000029
2017-01-17,-2346.5949999999407
2017-01-18,8858.034999999945
2017-01-19,1142.5450000000378
2017-01-20,-14121.615000000014
2017-01-23,-3693.509999999988
2017-01-24,10791.935000000027
2017-01-25,7854.345000000001
2017-01-26,-11793.744999999999
2017-01-27,12438.899999999989
2017-01-30,-9494.854999999958
2017-01-31,-10937.650000000025
2017-02-01,-21311.854999999952
2017-02-02,9013.159999999962
2017-02-03,-480.52999999999076
2017-02-06,20077.745000000024
2017-02-07,11342.244999999999
2017-02-08,-22594.70999999998
2017-02-09,-14422.15500000001
2017-02-10,-14126.400000000021
2017-02-13,-8467.540000000019
2017-02-14,11002.69999999991
2017-02-15,-4149.939999999885
2017-02-16,11654.299999999916
2017-02-17,7300.960000000109
2017-02-20,4224.504999999938
2017-02-21,10556.004999999986
2017-02-22,-7291.7949999999
2017-02-23,3909.58500000001
2017-02-24,10188.444999999892
2017-02-27,8497.18999999997
2017-02-28,-173.80999999988694
2017-03-01,136.90499999996254
2017-03-02,-10547.355000000016
2017-03-03,-6079.265000000001
2017-03-06,-15106.699999999988
2017-03-07,-3186.5650000000733
2017-03-08,18120.350000000042
2017-03-09,-4492.794999999983
2017-03-10,14601.945000000007
2017-03-13,8551.045000000051
2017-03-14,-893.9549999999871
2017-03-15,4821.244999999951
2017-03-16,9585.005000000021
2017-03-17,-3858.439999999927
2017-03-20,-6675.450000000011
2017-03-21,5922.730000000047
2017-03-22,3130.344999999991
2017-03-23,6209.170000000004
2017-03-24,-14833.93499999999
2017-03-27,8628.144999999979
2017-03-28,-11557.199999999973
2017-03-29,-10882.104999999916
2017-03-30,-4328.055000000087
2017-03-31,3025.5000000000327
2017-04-03,7016.200000000023
2017-04-04,-24355.69499999999
2017-04-05,6518.234999999989
2017-04-06,-2196.0000000001073
2017-04-07,-6597.86499999993
2017-04-10,-1874.6650000000054
2017-04-11,15962.889999999983
2017-04-12,7372.20500000001
2017-04-13,3535.6150000000607
2017-04-17,5410.759999999935
2017-04-18,-4193.640000000022
2017-04-19,6972.145000000068
2017-04-20,877.5550000000053
2017-04-21,1330.1500000000115
2017-04-24,8808.445000000002
2017-04-25,8034.700000000022
2017-04-26,-2256.960000000036
2017-04-27,16487.229999999952
2017-04-28,5665.920000000035
2017-05-01,-21057.910000000014
2017-05-02,20594.520000000037
2017-05-03,5390.400000000031
2017-05-04,5778.28999999999
2017-05-05,-7114.964999999963
2017-05-08,14704.544999999975
2017-05-09,-15188.199999999983
2017-05-10,4998.900000000025
2017-05-11,-1738.9550000000568
2017-05-12,5944.800000000037
2017-05-15,-1895.2949999999942
2017-05-16,12767.945000000047
2017-05-17,-2211.5800000000127
2017-05-18,-3498.5250000000487
2017-05-19,-3698.2599999999784
2017-05-22,312.3499999999515
2017-05-23,13121.2
2017-05-24,4331.245000000013
2017-05-25,-13227.259999999962
2017-05-26,9687.189999999991
2017-05-29,5668.435000000018
2017-05-30,14254.230000000025
2017-05-31,5726.074999999963
2017-06-01,-1167.4199999999528
2017-06-02,4948.364999999983
2017-06-05,-3557.949999999999
2017-06-06,2145.9449999999515
2017-06-07,-8256.950000000024
2017-06-08,-8212.79499999994
2017-06-09,-6056.200000000079
2017-06-12,2439.7450000000463
2017-06-13,1551.499999999984
2017-06-14,1369.8100000000143
2017-06-15,-25819.43500000002
2017-06-16,-4529.849999999985
2017-06-19,13738.269999999962
2017-06-20,-4692.449999999929
2017-06-21,7306.704999999947
2017-06-22,7925.965000000094
2017-06-23,-1847.6049999999975
2017-06-26,-9546.695000000112
2017-06-27,8356.595000000045
2017-06-28,10313.795000000044
2017-06-29,-8447.300000000088
2017-06-30,-7504.754999999917
2017-07-03,-5780.745000000058
2017-07-04,91.00000000006958
2017-07-05,-1804.5700000000716
2017-07-06,-7449.459999999969
2017-07-07,-7840.095000000084
2017-07-10,-16781.89499999998
2017-07-11,2105.6450000000104
2017-07-12,-1211.2549999999528
2017-07-13,26107.54500000002
2017-07-14,1161.6049999998995
2017-07-17,9389.154999999993
2017-07-18,6261.645
2017-07-19,14135.690000000024
2017-07-20,-6376.080000000059
2017-07-21,-10508.639999999985
2017-07-24,14044.68500000005
2017-07-25,20938.444999999934
2017-07-26,8721.984999999955
2017-07-27,445.7600000000525
2017-07-28,10378.224999999993
2017-07-31,9375.004999999963
2017-08-01,4982.045000000017
2017-08-02,-1042.9000000000287
2017-08-03,3421.5050000000233
2017-08-04,9093.445000000029
2017-08-07,-275.1399999999976
2017-08-08,2551.204999999989
2017-08-09,16182.344999999947
2017-08-10,22539.500000000022
2017-08-11,2689.5950000000357
2017-08-14,-5700.110000000015
2017-08-15,6648.299999999984
2017-08-16,-6061.800000000041
2017-08-17,6610.820000000038
2017-08-18,3049.3000000000443
2017-08-21,-4013.855000000007
2017-08-22,-4451.755000000018
2017-08-23,13814.240000000005
2017-08-24,5822.4449999999815
2017-08-25,-12368.409999999998
2017-08-28,4592.88500000001
2017-08-29,14339.845000000008
2017-08-30,6988.299999999988
2017-08-31,20059.035000000014
2017-09-01,-3428.0750000000094
2017-09-04,-10384.800000000007
2017-09-05,1089.5850000000175
2017-09-06,-11525.825000000017
2017-09-07,-3159.8999999999896
2017-09-08,-6163.754999999986
2017-09-11,-606.3999999999887
2017-09-12,4916.424999999993
2017-09-13,-8559.300000000012
2017-09-14,-3416.4299999999757
2017-09-15,250.1999999999789
2017-09-18,1207.6900000000257
2017-09-19,1185.1999999999257
2017-09-20,-18113.699999999953
2017-09-21,-11636.230000000025
2017-09-22,-14486.254999999956
2017-09-25,16069.29999999996
2017-09-26,3102.5150000000226
2017-09-27,-5339.880000000012
2017-09-28,3468.0199999999895
2017-09-29,-15012.529999999988
2017-10-02,8696.270000000006
2017-10-03,-4570.465000000006
2017-10-04,5264.949999999976
2017-10-05,-12914.359999999984
2017-10-06,-200.25499999992996
2017-10-09,5352.044999999942
2017-10-10,7775.189999999982
2017-10-11,5957.944999999983
2017-10-12,-1734.8899999999815
2017-10-13,1365.8449999999689
2017-10-16,-1432.0850000000094
2017-10-17,-3499.8049999999525
2017-10-18,527.9400000000119
2017-10-19,6475.43999999997
2017-10-20,3500.2450000000044
2017-10-23,-9754.51
2017-10-24,-12805.444999999969
2017-10-25,5276.014999999989
2017-10-26,-11265.985000000006
2017-10-27,-450.1700000000199
2017-10-30,-1284.8549999999732
2017-10-31,-9085.80999999998
2017-11-01,3779.5899999999265
2017-11-02,-4097.305000000005
2017-11-03,-8202.029999999979
2017-11-06,26901.315000000028
2017-11-07,-7946.765000000014
2017-11-08,8004.999999999997
2017-11-09,14735.000000000015
2017-11-10,-4172.50000000004
2017-11-13,10285.24500000006
2017-11-14,7727.990000000014
2017-11-15,-9659.070000000034
2017-11-16,8520.585000000017
2017-11-17,5399.34499999998
2017-11-20,-19930.52500000001
2017-11-21,2527.849999999962
2017-11-22,-6135.824999999948
2017-11-23,-3399.440000000009
2017-11-24,-3963.6399999999453
2017-11-27,12583.73
2017-11-28,5365.805000000028
2017-11-29,-14215.219999999963
2017-11-30,-10091.910000000018
2017-12-01,7229.790000000034
2017-12-04,6164.1000000000495
2017-12-05,-10970.20000000003
2017-12-06,3172.3000000000343
2017-12-07,-15340.504999999954
2017-12-08,8567.989999999963
2017-12-11,9120.489999999947
2017-12-12,-5604.754999999969
2017-12-13,4999.949999999992
2017-12-14,-4617.255000000001
2017-12-15,-1341.2300000000755
2017-12-18,11972.180000000086
2017-12-19,1095.4899999999686
2017-12-20,-8790.09999999994
2017-12-21,-7521.76500000002
2017-12-22,13442.744999999937
2017-12-25,260.68500000011835
2017-12-26,-4520.480000000102
2017-12-27,6599.465000000086
2017-12-28,18475.734999999964
2017-12-29,7617.744999999951
2018-01-01,7860.635000000065
2018-01-02,1786.3999999999246
2018-01-03,-19643.424999999956
2018-01-04,2925.3799999999837
2018-01-05,4226.3999999999905
2018-01-08,739.4450000000326
2018-01-09,-10897.410000000003
2018-01-10,2474.2449999999985
2018-01-11,12802.790000000017
2018-01-12,18414.129999999957
2018-01-15,1988.6500000000572
2018-01-16,-4723.115000000085
2018-01-17,-12308.149999999907
2018-01-18,-6050.810000000001
2018-01-19,4961.944999999996
2018-01-22,7501.09499999998
2018-01-23,19692.940000000046
2018-01-24,-9420.910000000022
2018-01-25,-2679.009999999993
2018-01-26,-8664.884999999993
2018-01-29,-5600.8549999999805
2018-01-30,-1259.6600000000967
2018-01-31,-6948.314999999961
2018-02-01,-6286.640000000027
2018-02-02,-592.1549999999647
2018-02-05,7648.389999999948
2018-02-06,5203.219999999964
2018-02-07,2140.875000000036
2018-02-08,4959.649999999943
2018-02-09,11598.544999999955
2018-02-12,3719.9200000000383
2018-02-13,13254.280000000022
2018-02-14,-6757.535000000057
2018-02-15,1448.4800000000118
2018-02-16,-1611.2649999999635
2018-02-19,-11760.07000000008
2018-02-20,-6701.019999999931
2018-02-21,-8027.514999999952
2018-02-22,-12966.6250000001
2018-02-23,-7852.030000000011
2018-02-26,-1041.234999999946
2018-02-27,-4626.025000000029
2018-02-28,8978.03500000004
2018-03-01,9604.190000000006
2018-03-02,-16408.349999999988
2018-03-05,-2795.870000000018
2018-03-06,7154.000000000065
2018-03-07,-9837.740000000013
2018-03-08,2860.579999999961
2018-03-09,-22088.319999999985
2018-03-12,5184.0900000000165
2018-03-13,2633.7099999999705
2018-03-14,-9174.89499999998
2018-03-15,-6306.095000000008
2018-03-16,-9227.054999999998
2018-03-19,6558.849999999948
2018-03-20,-14005.210000000021
2018-03-21,-9702.155000000017
2018-03-22,12817.2550000001
2018-03-23,-7684.810000000025
2018-03-26,3224.884999999987
2018-03-27,2416.4449999999897
2018-03-28,-19455.559999999987
2018-03-29,61.15000000004076
2018-04-02,17505.84500000005
2018-04-03,-7457.270000000065
2018-04-04,-4138.514999999939
2018-04-05,7629.789999999954
2018-04-06,780.9299999999777
2018-04-09,-15019.609999999951
2018-04-10,-23078.31000000001
2018-04-11,-11761.055000000011
2018-04-12,3642.944999999963
2018-04-13,-1588.6549999999786
2018-04-16,9384.200000000132
2018-04-17,4326.799999999934
2018-04-18,-19161.355000000014
2018-04-19,-16867.270000000004
2018-04-20,3626.90999999994
2018-04-23,-15201.299999999967
2018-04-24,20241.400000000023
2018-04-25,-3641.08000000006
2018-04-26,-4846.494999999864
2018-04-27,15076.219999999885
2018-04-30,-6991.254999999941
2018-05-01,15449.244999999968
2018-05-02,-3894.0000000000346
2018-05-03,2432.9000000000237
2018-05-04,-17803.90000000002
2018-05-07,-8672.899999999954
2018-05-08,-7482.1999999999825
2018-05-09,-17782.755000000063
2018-05-10,6779.445000000035
2018-05-11,11057.04500000001
2018-05-14,-17733.65500000003
2018-05-15,-13027.154999999993
2018-05-16,-8616.954999999964
2018-05-17,4618.990000000019
2018-05-18,7701.999999999992
2018-05-21,-728.755000000071
2018-05-22,11368.445000000023
2018-05-23,3125.74500000002
2018-05-24,10290.590000000006
2018-05-25,21968.774999999983
2018-05-28,2207.5450000000483
2018-05-29,-3676.8200000000184
2018-05-30,-6059.850000000004
2018-05-31,11666.050000000005
2018-06-01,-293.7099999999907
2018-06-04,7320.799999999947
2018-06-05,-3671.854999999971
2018-06-06,3792.344999999922
2018-06-07,15370.599999999995
2018-06-08,-1290.8549999999727
2018-06-11,10326.200000000072
2018-06-12,-10074.85500000002
2018-06-13,-110.86500000003356
2018-06-14,688.4450000000285
2018-06-15,16682.68500000003
2018-06-18,-4169.115000000009
2018-06-19,5846.204999999964
2018-06-20,8069.654999999982
2018-06-21,-926.7650000000662
2018-06-22,-20135.59499999999
2018-06-25,4692.84000000006
2018-06-26,-10409.610000000024
2018-06-27,-5074.094999999987
2018-06-28,575.3900000001097
2018-06-29,4103.80999999994
2018-07-02,6003.939999999957
2018-07-03,-4302.914999999999
2018-07-04,-2481.1999999999516
2018-07-05,3018.0599999999713
2018-07-06,-8544.605000000014
2018-07-09,15672.32499999998
2018-07-10,490.1600000000124
2018-07-11,-18085.700000000008
2018-07-12,1932.9449999999679
2018-07-13,14586.299999999952
2018-07-16,-7105.259999999904
2018-07-17,-3959.9100000000517
2018-07-18,8422.199999999997
2018-07-19,-7114.385000000056
2018-07-20,10001.315000000102
2018-07-23,-7902.060000000086
2018-07-24,-357.0100000000127
2018-07-25,5007.6450000000605
2018-07-26,-5854.2649999999085
2018-07-27,-2461.1950000000566
2018-07-30,-3738.755000000041
2018-07-31,-12945.310000000001
2018-08-01,12374.220000000038
2018-08-02,9450.845000000021
2018-08-03,-5735.300000000005
2018-08-06,9708.939999999999
2018-08-07,156.40000000003602
2018-08-08,-1230.4550000000618
2018-08-09,-14612.654999999957
2018-08-10,20358.73500000003
2018-08-13,-2784.410000000081
2018-08-14,-3224.3549999999377
2018-08-15,9518.435000000027
2018-08-16,-21776.395000000008
2018-08-17,-477.7400000000473
2018-08-20,5957.635000000003
2018-08-21,4545.545000000006
2018-08-22,16015.545000000018
2018-08-23,17858.51500000001
2018-08-24,-19700.00000000002
2018-08-27,-6320.885000000003
2018-08-28,12082.080000000004
2018-08-29,9202.804999999991
2018-08-30,15202.399999999943
2018-08-31,-12447.55500000002
2018-09-03,-906.2399999999927
2018-09-04,-5573.694999999981
2018-09-05,-10317.940000000039
2018-09-06,-10656.909999999969
2018-09-07,993.9999999999823
2018-09-10,1101.5999999999751
2018-09-11,22688.145000000073
2018-09-12,9201.644999999922
2018-09-13,-7275.064999999983
2018-09-14,3192.7450000000513
2018-09-17,4391.0499999999965
2018-09-18,19883.585000000003
2018-09-19,1105.8899999999705
2018-09-20,-12355.659999999985
2018-09-21,745.2899999999602
2018-09-24,17728.865000000016
2018-09-25,-10366.654999999993
2018-09-26,-1253.254999999972
2018-09-27,8922.764999999965
2018-09-28,3652.9900000000125
2018-10-01,12697.39999999999
2018-10-02,-1972.304999999938
2018-10-03,12344.704999999898
2018-10-04,-4152.254999999951
2018-10-05,-10602.499999999993
2018-10-08,10904.999999999935
2018-10-09,6087.500000000058
2018-10-10,-6009.755000000006
2018-10-11,-14945.000000000011
2018-10-12,-9587.405000000008
2018-10-15,-2868.1050000000173
2018-10-16,2685.8799999999737
2018-10-17,-5272.254999999949
2018-10-18,-5639.235000000046
2018-10-19,6904.1449999999595
2018-10-22,-6597.52999999997
2018-10-23,-22203.55500000001
2018-10-24,13815.00000000002
2018-10-25,8984.99999999997
2018-10-26,-2605.999999999989
2018-10-29,665.4299999999844
2018-10-30,10312.70000000001
2018-10-31,-13396.464999999975
2018-11-01,-32186.454999999998
2018-11-02,-7667.110000000004
2018-11-05,8704.530000000012
2018-11-06,-6738.155000000014
2018-11-07,3558.53000000001
2018-11-08,-13665.544999999995
2018-11-09,14445.399999999976
2018-11-12,8812.194999999996
2018-11-13,-10036.005000000001
2018-11-14,17564.8
2018-11-15,-27514.25499999999
2018-11-16,17209.444999999967
2018-11-19,10369.915000000039
2018-11-20,-24910.160000000044
2018-11-21,-4578.794999999976
2018-11-22,-6229.799999999979
2018-11-23,-24628.570000000025
2018-11-26,18415.47000000005
2018-11-27,-2644.0199999999472
2018-11-28,-12083.800000000028
2018-11-29,258.53500000002043
2018-11-30,-8628.27000000003
2018-12-03,-2532.775000000007
2018-12-04,-4792.85499999999
2018-12-05,-5029.300000000014
2018-12-06,-1488.699999999993
2018-12-07,3390.2000000000007
2018-12-10,-2455.955000000009
2018-12-11,591.3350000000049
2018-12-12,-10895.864999999993
2018-12-13,16779.789999999975
2018-12-14,-8081.774999999972
2018-12-17,-11897.004999999988
2018-12-18,-5523.185000000025
2018-12-19,2073.644999999987
2018-12-20,2323.70500000002
2018-12-21,-699.0000000000168
2018-12-24,-13777.620000000012
2018-12-25,1415.890000000027
2018-12-26,16141.455000000022
2018-12-27,-9865.970000000032
2018-12-28,-9869.440000000033
2018-12-31,-12124.955000000005
2019-01-01,1033.0499999999995
2019-01-02,-8942.725000000044
2019-01-03,-12404.349999999953
2019-01-04,11922.424999999932
2019-01-07,1246.3799999999878
2019-01-08,7670.949999999991
2019-01-09,-207.20499999994962
2019-01-10,7810.149999999908
2019-01-11,3301.1650000000113
2019-01-14,4955.515000000003
2019-01-15,8634.825000000008
2019-01-16,4658.240000000016
2019-01-17,-10581.704999999994
2019-01-18,9911.995000000014
2019-01-21,-1779.4599999999991
2019-01-22,-17768.24000000003
2019-01-23,3951.075000000036
2019-01-24,6869.904999999985
2019-01-25,-9254.924999999956
2019-01-28,-12217.854999999989
2019-01-29,-3652.7100000000087
2019-01-30,3603.8950000000027
2019-01-31,5655.295000000027
2019-02-01,3846.49999999997
2019-02-04,-10302.454999999985
2019-02-05,3433.7399999999993
2019-02-06,4496.77500000001
2019-02-07,-6422.570000000025
2019-02-08,6379.589999999996
2019-02-11,-2581.059999999984
2019-02-12,-7460.84000000005
2019-02-13,1735.270000000035
2019-02-14,3161.0049999999765
2019-02-15,2243.5599999999604
2019-02-18,1452.139999999995
2019-02-19,246.9250000000244
2019-02-20,4388.590000000036
2019-02-21,-12267.5
2019-02-22,1017.4850000000306
2019-02-25,-8745.484999999997
2019-02-26,1406.3549999999934
2019-02-27,4873.4500000000235
2019-02-28,894.0000000000103
2019-03-01,1722.3650000000039
2019-03-04,6101.945000000035
2019-03-05,2044.4649999999892
2019-03-06,-6263.604999999975
2019-03-07,3121.0499999999765
2019-03-08,-2192.7400000000416
2019-03-11,5471.8199999999215
2019-03-12,4881.735000000041
2019-03-13,-3968.2599999999793
2019-03-14,-13122.370000000003
2019-03-15,-5736.860000000023
2019-03-18,4884.449999999964
2019-03-19,-3324.62499999991
2019-03-20,-903.6800000000148
2019-03-21,-8773.884999999973
2019-03-22,-8543.575000000072
2019-03-25,6303.3200000000725
2019-03-26,6199.164999999937
2019-03-27,-1399.554999999954
2019-03-28,2076.320000000001
2019-03-29,15787.799999999972
2019-04-01,1573.3849999999704
2019-04-02,-325.699999999978
2019-04-03,3354.6999999999816
2019-04-04,-12497.749999999965
2019-04-05,8062.690000000055
2019-04-08,93.94499999993207
2019-04-09,-1985.2549999999765
2019-04-10,1304.4999999999868
2019-04-11,-192.9999999999768
2019-04-12,650.7449999999698
2019-04-15,-2298.0149999999744
2019-04-16,-9947.51000000002
2019-04-17,1029.679999999964
2019-04-18,1160.3550000000296
2019-04-22,8992.235000000004
2019-04-23,2983.319999999945
2019-04-24,3316.5900000000547
2019-04-25,12524.959999999917
2019-04-26,1100.8900000000165
2019-04-29,-2049.549999999945
2019-04-30,15.09000000001219
2019-05-01,-12042.75000000003
2019-05-02,-4914.0249999999905
2019-05-03,384.3999999999869
2019-05-06,3219.7450000000435
2019-05-07,-9920.895000000035
2019-05-08,-2400.5800000000286
2019-05-09,-6373.284999999938
2019-05-10,-528.4750000000404
2019-05-13,-5338.335000000014
2019-05-14,-6778.9200000000255
2019-05-15,11161.505000000006
2019-05-16,-351.80499999994834
2019-05-17,-14963.95999999996
2019-05-20,6796.164999999984
2019-05-21,3071.1099999999637
2019-05-22,-9951.35499999998
2019-05-23,-21733.399999999983
2019-05-24,-3980.9099999999708
2019-05-27,3460.074999999963
2019-05-28,-18545.469999999965
2019-05-29,1297.830000000019
2019-05-30,-3480.8499999999785
2019-05-31,3109.374999999935
2019-06-03,9660.244999999994
2019-06-04,-10112.799999999961
2019-06-05,1055.4799999999368
2019-06-06,-3222.854999999956
2019-06-07,10097.37500000001
2019-06-10,-4763.300000000044
2019-06-11,-12029.464999999976
2019-06-12,-8802.210000000063
2019-06-13,-7359.149999999925
2019-06-14,-5987.355000000062
2019-06-17,-2477.799999999964
2019-06-18,5157.845000000034
2019-06-19,9126.999999999947
2019-06-20,-9806.879999999948
2019-06-21,3158.7399999999648
2019-06-24,123.92000000002002
2019-06-25,2821.8899999999694
2019-06-26,-5183.055000000007
2019-06-27,10582.920000000011
2019-06-28,11335.715000000013
2019-07-01,7666.269999999995
2019-07-02,-5317.74999999998
2019-07-03,-1141.1650000000088
2019-07-04,-2179.5099999999798
2019-07-05,13022.12499999998
2019-07-08,-685.6750000000194
2019-07-09,4557.380000000051
2019-07-10,15221.329999999964
2019-07-11,-14794.269999999964
2019-07-12,-9027.30500000006
2019-07-15,-612.8149999999596
2019-07-16,-1136.7000000000066
2019-07-17,-361.5700000000287
2019-07-18,103.64500000000514
2019-07-19,5746.925000000052
2019-07-22,500.67500000002633
2019-07-23,-8284.599999999999
2019-07-24,-3753.40000000002
2019-07-25,4486.770000000023
2019-07-26,-5189.800000000039
2019-07-29,6638.070000000026
2019-07-30,2663.4950000000313
2019-07-31,16058.154999999968
2019-08-01,-6779.629999999986
2019-08-02,6554.400000000012
2019-08-05,-23940.59000000006
2019-08-06,-9238.294999999964
2019-08-07,-15874.849999999944
2019-08-08,3364.8999999999296
2019-08-09,3849.860000000035
2019-08-12,4623.6900000000405
2019-08-13,31130.429999999957
2019-08-14,-10974.819999999982
2019-08-15,-5492.76000000001
2019-08-16,-569.8049999999923
2019-08-19,16199.759999999973
2019-08-20,-4051.1950000000115
2019-08-21,-7006.949999999977
2019-08-22,-4318.690000000063
2019-08-23,-10129.109999999984
2019-08-26,1837.0350000000242
2019-08-27,-2761.365000000041
2019-08-28,2536.1450000000236
2019-08-29,4210.344999999996
2019-08-30,-8453.03000000005
2019-09-02,704.1249999999787
2019-09-03,-12743.399999999934
2019-09-04,4961.724999999988
2019-09-05,6318.115000000003
2019-09-06,19479.649999999976
2019-09-09,16947.980000000014
2019-09-10,-9570.630000000014
2019-09-11,-18874.789999999968
2019-09-12,-7953.354999999997
2019-09-13,-8414.265000000007
2019-09-16,57896.800000000025
2019-09-17,-13594.469999999992
2019-09-18,4092.649999999966
2019-09-19,-8175.874999999995
2019-09-20,3812.320000000049
2019-09-23,-3092.065000000045
2019-09-24,-7539.605000000005
2019-09-25,-1488.110000000024
2019-09-26,2069.1000000000495
2019-09-27,-1202.1050000000414
2019-09-30,-10768.099999999946
2019-10-01,1921.0399999999927
2019-10-02,-1374.200000000004
2019-10-03,10270.234999999993
2019-10-04,5571.44500000004
2019-10-07,65.34499999997581
2019-10-08,-12746.190000000004
2019-10-09,-4893.799999999984
2019-10-10,12697.800000000003
2019-10-11,-6825.8749999999845
2019-10-14,5768.5199999999995
2019-10-15,2658.244999999989
2019-10-16,1428.7799999999945
2019-10-17,4250.675000000006
2019-10-18,3803.6999999999725
2019-10-21,-5549.439999999996
2019-10-22,1799.499999999986
2019-10-23,-105.60999999997352
2019-10-24,2045.999999999987
2019-10-25,-690.8000000000038
2019-10-28,9624.539999999979
2019-10-29,4297.389999999996
2019-10-30,2936.09000000002
2019-10-31,-4753.900000000001
2019-11-01,8379.900000000012
2019-11-04,7450.334999999982
2019-11-05,-2717.1549999999993
2019-11-06,8236.185000000001
2019-11-07,-491.70000000002034
2019-11-08,-1970.2999999999474
2019-11-11,-3136.3000000000447
2019-11-12,1825.4999999999914
2019-11-13,-6819.369999999946
2019-11-14,4995.610000000008
2019-11-15,-2323.579999999988
2019-11-18,-55.32999999998049
2019-11-19,7238.490000000012
2019-11-20,-643.7150000000044
2019-11-21,-20418.110000000004
2019-11-22,5346.494999999994
2019-11-25,2577.544999999989
2019-11-26,-3926.8549999999877
2019-11-27,4213.950000000016
2019-11-28,-2709.6550000000075
2019-11-29,5481.380000000006
2019-12-02,482.7149999999687
2019-12-03,-659.110000000002
2019-12-04,-18528.210000000003
2019-12-05,3266.244999999972
2019-12-06,-4982.4099999999535
2019-12-09,33.34499999998263
2019-12-10,-657.6550000000292
2019-12-11,869.4050000000198
2019-12-12,-730.63999999995
2019-12-13,7576.399999999968
2019-12-16,6371.144999999986
2019-12-17,-213.26500000000544
2019-12-18,-7765.599999999932
2019-12-19,-9551.415000000032
2019-12-20,5659.405000000032
2019-12-23,-7970.995000000015
2019-12-24,-3712.6000000000017
2019-12-25,1056.540000000022
2019-12-26,4863.674999999937
2019-12-27,4153.225000000004
2019-12-30,283.0999999999858
2019-12-31,11532.089999999946
2020-01-01,-1745.7999999999333
2020-01-02,-11531.684999999987
2020-01-03,3800.7149999999883
2020-01-06,10807.990000000005
2020-01-07,-7666.0100000000075
2020-01-08,13243.644999999975
2020-01-09,13623.050000000016
2020-01-10,5008.404999999995
2020-01-13,-14991.594999999987
2020-01-14,927.1000000000149
2020-01-15,-4864.054999999945
2020-01-16,-5688.255000000052
2020-01-17,-12543.03499999999
2020-01-20,-4495.66000000001
2020-01-21,697.4050000000195
2020-01-22,11339.830000000009
2020-01-23,-11673.425000000036
2020-01-24,10444.109999999931
2020-01-27,12583.520000000031
2020-01-28,-17797.37999999999
2020-01-29,-732.6550000000333
2020-01-30,-3390.769999999941
2020-01-31,26475.149999999936
2020-02-03,11135.775000000016
2020-02-04,9296.904999999999
2020-02-05,-24812.899999999972
2020-02-06,-12070.865
2020-02-07,3989.575000000039
2020-02-10,-11078.544999999975
2020-02-11,-10339.755000000061
2020-02-12,8208.23500000004
2020-02-13,916.1200000000209
2020-02-14,3994.669999999981
2020-02-17,7026.144999999988
2020-02-18,16796.560000000027
2020-02-19,-5093.494999999983
2020-02-20,-7733.525000000018
2020-02-21,-10722.955000000004
2020-02-24,-2435.435000000016
2020-02-25,-2692.7100000000146
2020-02-26,-1528.054999999959
2020-02-27,-1600.5650000000549
2020-02-28,-10660.660000000003
2020-03-02,-9778.83999999998
2020-03-03,2279.5799999999663
2020-03-04,1543.7150000000543
2020-03-05,-9867.385000000026
2020-03-06,-1656.7999999999479
2020-03-09,38731.389999999934
2020-03-10,1647.8349999999948
2020-03-11,-13205.110000000019
2020-03-12,-2243.914999999964
2020-03-13,9380.234999999995
2020-03-16,10963.585000000006
2020-03-17,4341.414999999992
2020-03-18,6641.280000000002
2020-03-19,11170.199999999988
2020-03-20,5923.119999999992
2020-03-23,8156.6900000000505
2020-03-24,-7068.574999999994
2020-03-25,-4052.735000000017
2020-03-26,-9969.259999999978
2020-03-27,-11779.775000000018
2020-03-30,5648.810000000012
2020-03-31,13565.400000000005
2020-04-01,-23415.77999999999
2020-04-02,-42110.079999999994
2020-04-03,-27305.07500000002
2020-04-06,10642.444999999996
2020-04-07,25066.355000000007
2020-04-08,-5076.819999999989
2020-04-09,-2136.5899999999906
2020-04-13,-14947.885000000013
2020-04-14,-5504.574999999997
2020-04-15,-18.919999999984498
2020-04-16,-18015.28000000001
2020-04-17,6412.205000000008
2020-04-20,9248.759999999995
2020-04-21,30476.68000000001
2020-04-22,-5947.204999999993
2020-04-23,12799.91500000001
2020-04-24,-597.125000000009
2020-04-27,15528.024999999994
2020-04-28,-2362.2599999999957
2020-04-29,-19855.135000000006
2020-04-30,-1645.7099999999916
2020-05-01,5005.990000000001
2020-05-04,-3897.0550000000003
2020-05-05,-11862.910000000003
2020-05-06,13656.345000000001
2020-05-07,2202.1349999999943
2020-05-08,-2387.5800000000036
2020-05-11,-1053.9550000000074
2020-05-12,4135.320000000004
2020-05-13,-11575.330000000004
2020-05-14,-7171.1299999999865
2020-05-15,-1666.2949999999978
2020-05-18,-7949.800000000015
2020-05-19,222.14500000000692
2020-05-20,5258.0299999999925
2020-05-21,6563.34499999998
2020-05-22,-7595.64
2020-05-25,1524.1450000000195
2020-05-26,7050.914999999982
2020-05-27,222.82500000000218
2020-05-28,-3238.674999999987
2020-05-29,-326.9099999999828
2020-06-01,-4916.600000000019
2020-06-02,-5845.000000000003
2020-06-03,3796.020000000023
2020-06-04,2105.299999999982
2020-06-05,2116.8000000000134
2020-06-08,-3811.025000000006
2020-06-09,-1483.6000000000124
2020-06-10,-6309.400000000001
2020-06-11,-3202.73499999999
2020-06-12,966.5999999999995
2020-06-15,6461.3600000000015
2020-06-16,-5053.454999999996
2020-06-17,2900.800000000011
2020-06-18,-244.5500000000124
2020-06-19,-7237.135000000012
2020-06-22,-5777.580000000007
2020-06-23,1075.0449999999994
2020-06-24,-3206.314999999971
2020-06-25,-4278.910000000013
2020-06-26,-9133.79999999999
2020-06-29,-3885.3999999999905
2020-06-30,802.5150000000012
2020-07-01,5129.59000000001
2020-07-02,-5012.4550000000145
2020-07-03,-675.7999999999804
2020-07-06,-619.2400000000151
2020-07-07,1499.9150000000216
2020-07-08,-1489.730000000023
2020-07-09,12798.550000000007
2020-07-10,-3225.6299999999687
2020-07-13,-2201.4300000000353
2020-07-14,-5057.13000000002
2020-07-15,-2195.6300000000138
2020-07-16,12244.445000000056
2020-07-17,-4695.0100000000075
2020-07-20,-13810.810000000005
2020-07-21,-35332.0
2020-07-22,-3561.7499999999836
2020-07-23,2704.524999999998
2020-07-24,-3362.1300000000188
2020-07-27,-13009.40000000002
2020-07-28,-6441.454999999998
2020-07-29,-9830.709999999994
2020-07-30,-1115.7850000000074
2020-07-31,-4786.184999999987
2020-08-03,-15721.519999999997
2020-08-04,-20592.40000000002
2020-08-05,-2164.554999999967
2020-08-06,-1496.4999999999989
2020-08-07,8852.145000000006
2020-08-10,3438.7999999999784
2020-08-11,4153.600000000022
2020-08-12,266.9499999999919
2020-08-13,7526.43500000003
2020-08-14,5475.954999999979
2020-08-17,11196.685000000005
2020-08-18,1768.1900000000207
2020-08-19,13886.599999999997
2020-08-20,-2133.874999999975
2020-08-21,-1158.8450000000266
2020-08-24,-1307.8999999999837
2020-08-25,2848.6499999999714
2020-08-26,-3222.084999999992
2020-08-27,11437.600000000002
2020-08-28,-4186.900000000002
2020-08-31,274.8050000000017
2020-09-01,3412.124999999977
2020-09-02,15339.85000000002
2020-09-03,9594.929999999991
2020-09-04,2525.144999999988
2020-09-07,3520.2000000000444
2020-09-08,16814.739999999947
2020-09-09,4740.665000000044
2020-09-10,8793.010000000011
2020-09-11,16705.389999999974
2020-09-14,-5116.449999999976
2020-09-15,-10122.904999999997
2020-09-16,18394.500000000015
2020-09-17,26558.315
2020-09-18,3619.3449999999857
2020-09-21,-1656.6650000000059
2020-09-22,9898.039999999997
2020-09-23,-15096.840000000018
2020-09-24,-7856.1950000000115
2020-09-25,8375.435000000001
2020-09-28,-3231.5749999999716
2020-09-29,-14138.590000000002
2020-09-30,16440.594999999987
2020-10-01,3603.734999999995
2020-10-02,-4603.599999999993
2020-10-05,3271.214999999996
2020-10-06,16214.544999999986
2020-10-07,-7781.799999999992
2020-10-08,13042.815000000002
2020-10-09,-12591.49500000003
2020-10-12,-14279.87499999996
2020-10-13,13893.389999999954
2020-10-14,8545.795000000038
2020-10-15,652.7000000000089
2020-10-16,463.3499999999825
2020-10-19,7087.450000000006
2020-10-20,-2514.62000000006
2020-10-21,-17505.494999999923
2020-10-22,9017.600000000015
2020-10-23,-3303.6650000000354
2020-10-26,-4595.820000000006
2020-10-27,-14.155000000003614
2020-10-28,-9204.800000000005
2020-10-29,-12728.654999999957
2020-10-30,-4957.199999999995
2020-11-02,5568.244999999956
2020-11-03,6883.90000000001
2020-11-04,12540.930000000026
2020-11-05,-7921.700000000021
2020-11-06,-16210.73999999999
2020-11-09,30783.22499999998
2020-11-10,19538.245000000046
2020-11-11,-6300.304999999995
2020-11-12,-2420.0999999999867
2020-11-13,-6227.600000000004
2020-11-16,7160.039999999971
2020-11-17,3886.4000000000588
2020-11-18,7245.829999999961
2020-11-19,4172.279999999975
2020-11-20,-514.4100000000087
2020-11-23,8029.369999999993
2020-11-24,1342.480000000027
2020-11-25,3325.2999999999683
2020-11-26,-6207.754999999969
2020-11-27,2542.360000000016
2020-11-30,-6524.740000000012
2020-12-01,-4792.254999999998
2020-12-02,-1518.1549999999966
2020-12-03,18308.500000000022
2020-12-04,-3698.2850000000244
2020-12-07,-216.69999999997708
2020-12-08,-587.0000000000355
2020-12-09,10263.460000000017
2020-12-10,-13975.285000000038
2020-12-11,-5589.399999999978
2020-12-14,11955.000000000005
2020-12-15,2284.0650000000005
2020-12-16,-2491.2799999999534
2020-12-17,1909.8649999999511
2020-12-18,1564.8900000000367
2020-12-21,1447.2799999999727
2020-12-22,5197.125000000001
2020-12-23,12477.099999999964
2020-12-24,-1911.3549999999238
2020-12-28,5104.284999999937
2020-12-29,12018.245000000026
2020-12-30,697.5899999999833
2020-12-31,9743.659999999987
2021-01-04,-6453.039999999975
2021-01-05,-3083.184999999983
2021-01-06,3437.924999999961
2021-01-07,1122.0000000000493
2021-01-08,24636.739999999983
2021-01-11,4040.86999999998
2021-01-12,-2359.9100000000076
2021-01-13,-4929.810000000016
2021-01-14,2550.565000000018
2021-01-15,-11094.75499999997
2021-01-18,4135.76000000002
2021-01-19,593.6799999999764
2021-01-20,3808.549999999994
2021-01-21,1991.0350000000178
2021-01-22,1425.8899999999978
2021-01-25,-1829.185000000046
2021-01-26,-3244.3999999999955
2021-01-27,4751.5000000000055
2021-01-28,-442.42999999999756
2021-01-29,-2693.0799999999936
2021-02-01,2205.9450000000174
2021-02-02,13744.899999999996
2021-02-03,6569.890000000028
2021-02-04,-3327.555000000033
2021-02-05,-2613.8549999999673
2021-02-08,4954.989999999963
2021-02-09,-3374.0999999999835
2021-02-10,-8308.47499999997
2021-02-11,10667.215000000007
2021-02-12,2341.325000000008
2021-02-15,6015.1149999999825
2021-02-16,-7635.165000000025
2021-02-17,10569.44500000002
2021-02-18,-6668.345000000016
2021-02-19,-18992.340000000022
2021-02-22,12412.485000000008
2021-02-23,4747.069999999987
2021-02-24,5381.2850000000635
2021-02-25,7791.199999999959
2021-02-26,1670.1249999999995
2021-03-01,-4344.399999999989
2021-03-02,-14186.700000000028
2021-03-03,14580.8800000001
2021-03-04,18642.934999999972
2021-03-05,14830.534999999982
2021-03-08,-3371.5200000000023
2021-03-09,87.28000000002142
2021-03-10,1825.8449999999455
2021-03-11,13559.700000000013
2021-03-12,3559.3800000000206
2021-03-15,-886.0300000000542
2021-03-16,2359.3000000000575
2021-03-17,316.3299999999622
2021-03-18,2940.275000000065
2021-03-19,6365.9799999999905
2021-03-22,-5083.700000000006
2021-03-23,-5626.399999999984
2021-03-24,11073.800000000034
2021-03-25,4426.759999999946
2021-03-26,3670.935000000014
2021-03-29,2971.8000000000025
2021-03-30,10311.300000000021
2021-03-31,-15654.39999999999
2021-04-01,13388.079999999985
2021-04-02,0.0
2021-04-05,-27265.50000000002
2021-04-06,-4253.954999999992
2021-04-07,10532.300000000008
2021-04-08,3369.044999999982
2021-04-09,7832.690000000002
2021-04-12,3122.089999999982
2021-04-13,9780.900000000001
2021-04-14,1848.7899999999916
2021-04-15,-9907.464999999956
2021-04-16,-5393.880000000011
2021-04-19,7902.269999999996
2021-04-20,-478.40000000005057
2021-04-21,-6359.25499999999
2021-04-22,-3705.4199999999755
2021-04-23,2160.584999999983
2021-04-26,-10830.650000000021
2021-04-27,5145.215000000001
2021-04-28,8671.310000000049
2021-04-29,2703.7299999999655
2021-04-30,10416.020000000015
2021-05-03,8328.475000000046
2021-05-04,14955.42499999998
2021-05-05,-12352.73000000003
2021-05-06,-9797.974999999953
2021-05-07,-733.2300000000489
2021-05-10,-3824.499999999999
2021-05-11,-7355.01500000003
2021-05-12,11984.400000000052
2021-05-13,-569.3400000000634
2021-05-14,-9446.599999999986
2021-05-17,-4583.239999999974
2021-05-18,-1907.1399999999785
2021-05-19,629.6349999999281
2021-05-20,-6813.885000000012
2021-05-21,-10135.864999999982
2021-05-24,8507.56500000002
2021-05-25,-19235.705000000053
2021-05-26,15452.189999999986
2021-05-27,10644.015000000043
2021-05-28,4721.775000000004
2021-05-31,-293.87500000002257
2021-06-01,9277.76000000003
2021-06-02,-8475.890000000043
2021-06-03,3630.9600000000005
2021-06-04,-1696.3299999999472
2021-06-07,1803.6999999999643
2021-06-08,4560.970000000015
2021-06-09,1789.1699999999926
2021-06-10,7230.545000000012
2021-06-11,1829.6150000000187
2021-06-14,6339.814999999995
2021-06-15,-4061.4849999999956
2021-06-16,142.99000000000638
2021-06-17,23006.794999999966
2021-06-18,-14407.895000000011
2021-06-21,-10562.880000000012
2021-06-22,2790.930000000027
2021-06-23,-4516.735000000015
2021-06-24,7452.004999999988
2021-06-25,6107.925000000033
2021-06-28,-853.6299999999745
2021-06-29,-4020.344999999987
2021-06-30,-2471.520000000004
2021-07-01,5565.244999999948
2021-07-02,11247.500000000051
2021-07-05,8414.999999999996
2021-07-06,-7415.885000000038
2021-07-07,5023.459999999949
2021-07-08,5236.059999999971
2021-07-09,644.5049999999922
2021-07-12,-8866.439999999986
2021-07-13,-9866.454999999938
2021-07-14,1102.8999999999824
2021-07-15,527.644999999943
2021-07-16,-5463.514999999953
2021-07-19,11605.684999999974
2021-07-20,14222.990000000023
2021-07-21,-12951.864999999985
2021-07-22,9047.450000000043
2021-07-23,4421.4199999999455
2021-07-26,4234.409999999986
2021-07-27,-3769.999999999982
2021-07-28,-6622.794999999913
2021-07-29,-220.00000000002956
2021-07-30,-7245.000000000007
2021-08-02,4510.000000000018
2021-08-03,9289.704999999965
2021-08-04,-3758.284999999942
2021-08-05,-2497.255000000009
2021-08-06,-587.4199999999272
2021-08-09,-6189.685000000041
2021-08-10,-7267.59999999995
2021-08-11,11114.100000000006
2021-08-12,-7278.775000000004
2021-08-13,1419.4599999999368
2021-08-16,-1132.4999999999955
2021-08-17,3231.060000000069
2021-08-18,-1623.5550000000508
2021-08-19,-370.4449999999665
2021-08-20,14855.099999999997
2021-08-23,-15797.155000000084
2021-08-24,-8143.854999999953
2021-08-25,4535.315000000007
2021-08-26,10674.439999999971
2021-08-27,16983.105000000007
2021-08-30,1255.9450000000575
2021-08-31,3137.069999999972
2021-09-01,-2259.9299999999353
2021-09-02,2828.0999999999035
2021-09-03,3011.9000000000233
2021-09-06,-432.40000000002783
2021-09-07,-3644.019999999944
2021-09-08,8685.635000000018
2021-09-09,3960.9899999999902
2021-09-10,-9618.579999999987
2021-09-13,7324.3999999999705
2021-09-14,-7939.260000000019
2021-09-15,1134.8000000000015
2021-09-16,5504.129999999997
2021-09-17,-939.8699999999864
2021-09-20,2770.124999999986
2021-09-21,-6829.075000000041
2021-09-22,-7604.254999999998
2021-09-23,13946.725000000024
2021-09-24,6430.144999999995
2021-09-27,39119.09999999996
2021-09-28,11638.185000000032
2021-09-29,-11941.850000000011
2021-09-30,19127.339999999935
2021-10-01,-5134.659999999966
2021-10-04,490.64000000002767
2021-10-05,2818.194999999956
2021-10-06,-651.8499999999856
2021-10-07,-4706.699999999992
2021-10-08,-1631.5550000000062
2021-10-11,6583.890000000005
2021-10-12,3052.930000000036
2021-10-13,12242.500000000025
2021-10-14,6400.89999999999
2021-10-15,-2377.6999999999825
2021-10-18,-7660.625000000021
2021-10-19,-5442.489999999918
2021-10-20,3595.429999999998
2021-10-21,-1204.4149999999804
2021-10-22,-16714.40000000007
2021-10-25,-10901.059999999943
2021-10-26,10900.34000000004
2021-10-27,-11551.42500000003
2021-10-28,-18797.665000000034
2021-10-29,5563.240000000088
2021-11-01,-8141.355000000031
2021-11-02,6969.195000000018
2021-11-03,6532.894999999934
2021-11-04,7015.4249999999565
2021-11-05,-9252.219999999958
2021-11-08,6048.780000000015
2021-11-09,-16458.95499999995
2021-11-10,-4641.604999999996
2021-11-11,1662.6800000000326
2021-11-12,-19223.96500000004
2021-11-15,-5887.670000000007
2021-11-16,606.9799999999289
2021-11-17,-11242.109999999873
2021-11-18,3440.6299999999796
2021-11-19,-9976.190000000044
2021-11-22,-4699.5449999999155
2021-11-23,5931.199999999986
2021-11-24,7552.755
2021-11-25,-293.59999999996217
2021-11-26,4114.179999999977
2021-11-29,-14746.630000000023
2021-11-30,8885.140000000041
2021-12-01,1257.2349999999221
2021-12-02,-16915.399999999958
2021-12-03,1540.3450000000198
2021-12-06,3734.259999999942
2021-12-07,7958.860000000043
2021-12-08,4251.389999999951
2021-12-09,-1603.1299999999387
2021-12-10,-7852.340000000016
2021-12-13,667.599999999979
2021-12-14,-21.41000000001646
2021-12-15,3774.5450000000637
2021-12-16,-6779.355000000055
2021-12-17,-6416.6099999999515
2021-12-20,-1540.425000000093
2021-12-21,-4695.384999999904
2021-12-22,-3090.4999999999736
2021-12-23,3081.34499999995
2021-12-27,-1864.479999999925
2021-12-28,7664.099999999993
2021-12-29,-3108.9050000000548
2021-12-30,7898.149999999959
2021-12-31,7248.645000000032
2022-01-03,-7528.799999999976
2022-01-04,-21976.599999999995
2022-01-05,-7726.810000000024
2022-01-06,-11422.030000000008
2022-01-07,7525.60000000003
2022-01-10,10877.644999999935
2022-01-11,13263.08999999995
2022-01-12,7160.645000000018
2022-01-13,6552.125000000111
2022-01-14,974.9600000000338
2022-01-17,4201.870000000044
2022-01-18,2874.3749999999573
2022-01-19,-17097.109999999986
2022-01-20,-27469.730000000058
2022-01-21,803.4850000000345
2022-01-24,-10902.894999999988
2022-01-25,-3904.570000000018
2022-01-26,18779.239999999983
2022-01-27,20560.440000000122
2022-01-28,13793.939999999924
2022-01-31,12285.199999999959
2022-02-01,-18141.154999999995
2022-02-02,5933.244999999949
2022-02-03,7915.545000000101
2022-02-04,-9172.855000000098
2022-02-07,-14039.75499999993
2022-02-08,-9160.654999999962
2022-02-09,-15999.585000000008
2022-02-10,701.1549999999692
2022-02-11,15307.500000000025
2022-02-14,5530.695
2022-02-15,482.2999999999679
2022-02-16,-14401.955000000038
2022-02-17,-7317.074999999975
2022-02-18,-9171.255000000008
2022-02-21,3789.76
2022-02-22,-10418.754999999917
2022-02-23,5056.314999999957
2022-02-24,-7163.429999999989
2022-02-25,-1808.054999999939
2022-02-28,4903.225000000026
2022-03-01,2350.749999999968
2022-03-02,1533.5199999999872
2022-03-03,-7023.004999999933
2022-03-04,6382.599999999956
2022-03-07,12170.915000000068
2022-03-08,-416.6950000000014
2022-03-09,-17840.835000000086
2022-03-10,5279.760000000052
2022-03-11,748.0400000000259
2022-03-14,9221.709999999935
2022-03-15,45.32499999999901
2022-03-16,-6891.110000000007
2022-03-17,2267.234999999966
2022-03-18,2695.960000000021
2022-03-21,-1069.899999999962
2022-03-22,4580.440000000014
2022-03-23,-6762.800000000007
2022-03-24,14570.600000000013
2022-03-25,-3141.3049999999885
2022-03-28,-3608.9199999999723
2022-03-29,-2037.8049999999891
2022-03-30,1943.2950000000612
2022-03-31,313.99999999996453
2022-04-01,-653.6849999999496
2022-04-04,6269.244999999985
2022-04-05,7009.700000000025
2022-04-06,-1155.9200000000353
2022-04-07,12755.28000000002
2022-04-08,-1583.309999999983
2022-04-11,6747.890000000017
2022-04-12,-4440.310000000007
2022-04-13,10616.445000000009
2022-04-14,3565.0799999999886
2022-04-18,-4584.86000000001
2022-04-19,-3324.709999999981
2022-04-20,2974.7899999999845
2022-04-21,4394.614999999998
2022-04-22,-16447.199999999986
2022-04-25,8313.48999999997
2022-04-26,2075.7000000000303
2022-04-27,5593.099999999981
2022-04-28,-7396.100000000003
2022-04-29,10727.579999999996
2022-05-02,4814.379999999979
2022-05-03,694.3450000000429
2022-05-04,-1758.4550000000036
2022-05-05,-14131.499999999985
2022-05-06,-13829.800000000014
2022-05-09,-7346.3000000000075
2022-05-10,4104.10000000002
2022-05-11,-148.25500000003046
2022-05-12,-13724.91999999997
2022-05-13,-3797.2199999999953
2022-05-16,-14248.36499999997
2022-05-17,647.6899999999689
2022-05-18,3147.3400000000224
2022-05-19,12565.19
2022-05-20,1824.1250000000084
2022-05-23,169.3450000000022
2022-05-24,11441.544999999995
2022-05-25,3884.1800000000108
2022-05-26,8409.100000000008
2022-05-27,-7786.90999999999
2022-05-30,3993.199999999983
2022-05-31,7269.179999999987
2022-06-01,3733.7800000000148
2022-06-02,3616.325000000031
2022-06-03,10515.99
2022-06-06,3988.945000000006
2022-06-07,-734.9100000000151
2022-06-08,-5635.399999999989
2022-06-09,21131.78000000001
2022-06-10,-7686.119999999951
2022-06-13,-5501.655000000027
2022-06-14,-7323.565000000008
2022-06-15,4441.299999999997
2022-06-16,-8705.560000000038
2022-06-17,-10836.649999999996
2022-06-20,3003.779999999996
2022-06-21,6906.240000000013
2022-06-22,-511.07500000001426
2022-06-23,8381.869999999995
2022-06-24,-2075.9400000000132
2022-06-27,11246.160000000013
2022-06-28,-6186.555000000004
2022-06-29,4554.004999999989
2022-06-30,-1076.654999999977
2022-07-01,-11478.325000000019
2022-07-04,-28.799999999987037
2022-07-05,-35761.124999999985
2022-07-06,-7027.399999999996
2022-07-07,5553.414999999999
2022-07-08,7553.714999999978
2022-07-11,5718.045000000012
2022-07-12,-18473.510000000006
2022-07-13,-2642.3150000000237
2022-07-14,6894.575000000036
2022-07-15,867.4949999999083
2022-07-18,1381.5549999999957
2022-07-19,4514.119999999999
2022-07-20,-5969.78999999999
2022-07-21,7435.219999999989
2022-07-22,804.240000000003
2022-07-25,-13694.519999999997
2022-07-26,-7313.094999999953
2022-07-27,18901.1
2022-07-28,-702.2999999999806
2022-07-29,-882.5000000000209
2022-08-01,-7401.299999999987
2022-08-02,7589.699999999988
2022-08-03,-7847.699999999981
2022-08-04,-1810.1000000000085
2022-08-05,117.89999999998736
2022-08-08,5945.575000000001
2022-08-09,15421.900000000034
2022-08-10,-4909.800000000062
2022-08-11,-3442.799999999927
2022-08-12,2472.6999999999684
2022-08-15,-5550.010000000042
2022-08-16,-19425.799999999996
2022-08-17,15785.46000000002
2022-08-18,-264.9000000000251
2022-08-19,-6444.21999999997
2022-08-22,-94.71999999995616
2022-08-23,4473.8999999999905
2022-08-24,-5162.975000000052
2022-08-25,6227.47999999999
2022-08-26,6682.889999999994
2022-08-29,-15142.379999999952
2022-08-30,8671.170000000027
2022-08-31,-13334.384999999984
2022-09-01,718.7999999999797
2022-09-02,-1031.8550000000123
2022-09-05,6156.680000000023
2022-09-06,-3349.5199999999754
2022-09-07,4546.824999999961
2022-09-08,-32.55000000004185
2022-09-09,-10155.954999999905
2022-09-12,8674.139999999907
2022-09-13,-1376.105000000006
2022-09-14,-23708.300000000083
2022-09-15,7941.400000000063
2022-09-16,5694.75999999999
2022-09-19,11992.004999999968
2022-09-20,-14460.949999999988
2022-09-21,-12282.039999999995
2022-09-22,2435.809999999961
2022-09-23,57.45999999998345
2022-09-26,-6910.884999999958
2022-09-27,-2126.574999999973
2022-09-28,-7148.34000000007
2022-09-29,-4398.544999999978
2022-09-30,-9228.254999999932
2022-10-03,8031.900000000025
2022-10-04,-13798.170000000011
2022-10-05,6368.63499999997
2022-10-06,14784.970000000025
2022-10-07,6817.815000000015
2022-10-10,59.81499999997126
2022-10-11,16059.790000000028
2022-10-12,17815.890000000007
2022-10-13,1677.1899999999948
2022-10-14,17877.044999999995
2022-10-17,16227.224999999991
2022-10-18,5183.500000000032
2022-10-19,2227.914999999988
2022-10-20,881.8399999999882
2022-10-21,3592.7000000000435
2022-10-24,-6380.975000000018
2022-10-25,-3208.9750000000117
2022-10-26,-7279.019999999959
2022-10-27,-2979.825000000012
2022-10-28,9885.485000000057
2022-10-31,-17280.27500000005
2022-11-01,2456.4150000000477
2022-11-02,18462.889999999992
2022-11-03,9488.269999999986
2022-11-04,-24918.90999999992
2022-11-07,-1294.3100000000302
2022-11-08,288.12500000002285
2022-11-09,10141.580000000013
2022-11-10,-21944.929999999993
2022-11-11,2094.579999999979
2022-11-14,-6821.220000000021
2022-11-15,-1165.7999999999865
2022-11-16,503.3449999999738
2022-11-17,-2117.694999999969
2022-11-18,11.919999999995554
2022-11-21,1909.2850000000099
2022-11-22,124.74500000001728
2022-11-23,-14074.174999999956
2022-11-24,-73.91000000006238
2022-11-25,-715.4649999999539
2022-11-28,-11187.310000000007
2022-11-29,3099.2999999999556
2022-11-30,9478.300000000036
2022-12-01,-9829.719999999983
2022-12-02,12232.76999999994
2022-12-05,13613.190000000064
2022-12-06,-1247.1000000000022
2022-12-07,-23269.299999999996
2022-12-08,-4120.310000000013
2022-12-09,-8062.855000000009
2022-12-12,-7763.655000000007
2022-12-13,11363.044999999986
2022-12-14,9950.845000000058
2022-12-15,-5390.409999999979
2022-12-16,7728.199999999937
2022-12-19,6633.715000000014
2022-12-20,-5618.999999999999
2022-12-21,12291.024999999958
2022-12-22,3632.3299999999863
2022-12-23,4074.529999999994
2022-12-26,3903.725000000011
2022-12-27,8860.534999999987
2022-12-28,240.54500000005066
2022-12-29,6256.39999999997
2022-12-30,8114.944999999972
2023-01-02,5015.7999999999965
2023-01-03,-16622.96499999997
2023-01-04,13267.335000000006
2023-01-05,-1352.8099999999902
2023-01-06,169.34499999998127
2023-01-09,2583.999999999998
2023-01-10,9115.899999999994
2023-01-11,1942.1449999999859
2023-01-12,-5670.6549999999925
2023-01-13,8818.345000000058
2023-01-16,-4763.655000000017
2023-01-17,-2061.5550000000376
2023-01-18,6578.990000000005
2023-01-19,11790.47500000005
2023-01-20,6714.2250000001
2023-01-23,5612.735000000001
2023-01-24,129.09999999991214
2023-01-25,-593.2299999999394
2023-01-26,-5482.700000000006
2023-01-27,-2809.3549999999805
2023-01-30,17780.499999999956
2023-01-31,-1239.9550000000802
2023-02-01,-5990.399999999892
2023-02-02,8680.09000000001
2023-02-03,-4146.509999999991
2023-02-06,6933.344999999951
2023-02-07,-7443.4099999999635
2023-02-08,-1832.7550000000797
2023-02-09,1284.4000000000378
2023-02-10,-1234.7750000000124
2023-02-13,3731.6450000000505
2023-02-14,-9920.255000000068
2023-02-15,8559.189999999995
2023-02-16,-5309.284999999892
2023-02-17,11711.744999999848
2023-02-20,2557.470000000031
2023-02-21,5646.890000000042
2023-02-22,-3909.409999999989
2023-02-23,2364.140000000002
2023-02-24,3264.1449999999663
2023-02-27,1143.885000000027
2023-02-28,5309.499999999893
2023-03-01,5317.290000000062
2023-03-02,3886.5550000001003
2023-03-03,5570.3449999999275
2023-03-06,27937.74499999991
2023-03-07,-20478.600000000017
2023-03-08,-904.2049999999779
2023-03-09,-5201.594999999921
2023-03-10,-9416.584999999986
2023-03-13,-8909.164999999977
2023-03-14,1974.4900000000284
2023-03-15,-16005.500000000007
2023-03-16,27187.025000000074
2023-03-17,1500.3449999998593
2023-03-20,17661.805000000015
2023-03-21,-6761.250000000126
2023-03-22,13864.100000000075
2023-03-23,-9198.035000000024
2023-03-24,-1014.9000000001333
2023-03-27,18239.050000000065
2023-03-28,12282.535000000134
2023-03-29,-1017.2000000001558
2023-03-30,9172.644999999997
2023-03-31,16352.400000000101
2023-04-03,-1064.4000000000813
2023-04-04,2004.3450000000194
2023-04-05,12414.245000000037
2023-04-06,10541.89999999997
2023-04-07,0.0
2023-04-10,-6867.2649999999785
2023-04-11,7070.019999999917
2023-04-12,9457.545000000036
2023-04-13,8915.869999999984
2023-04-14,-10670.674999999912
2023-04-17,-1496.4299999999803
2023-04-18,1647.3349999999748
2023-04-19,-3238.8799999999715
2023-04-20,596.4599999999558
2023-04-21,-15506.285000000014
2023-04-24,-7959.61499999997
2023-04-25,1258.195000000027
2023-04-26,2059.389999999903
2023-04-27,-12444.655000000002
2023-04-28,-3885.754999999982
2023-05-01,4774.400000000051
2023-05-02,7411.544999999958
2023-05-03,37016.08999999996
2023-05-04,-1004.8999999999305
2023-05-05,4997.499999999986
2023-05-08,-13685.355000000074
2023-05-09,-14006.2299999999
2023-05-10,-1562.120000000048
2023-05-11,-1824.6099999999533
2023-05-12,1045.799999999956
2023-05-15,-11308.874999999967
2023-05-16,-26591.310000000045
2023-05-17,-26925.07499999995
2023-05-18,-16193.354999999945
2023-05-19,11490.879999999894
2023-05-22,17479.13000000004
2023-05-23,-2294.805000000061
2023-05-24,11331.860000000092
2023-05-25,21986.044999999955
2023-05-26,12525.299999999974
2023-05-29,1698.0000000000437
2023-05-30,1361.3249999999402
2023-05-31,3392.469999999978
2023-06-01,23972.725000000086
2023-06-02,-2212.7150000000393
2023-06-05,-10876.954999999949
2023-06-06,5118.504999999948
2023-06-07,-12130.799999999963
2023-06-08,3204.0799999999767
2023-06-09,221.79500000004367
2023-06-12,12860.759999999904
2023-06-13,-5510.469999999946
2023-06-14,-15225.35500000006
2023-06-15,-12380.004999999954
2023-06-16,1561.9350000000268
2023-06-19,1066.8699999999853
2023-06-20,-11764.164999999988
2023-06-21,-12034.74000000003
2023-06-22,-427.9499999999607
2023-06-23,-24983.179999999986
2023-06-26,5533.984999999953
2023-06-27,352.42500000001274
2023-06-28,-3064.4750000000354
2023-06-29,-5321.199999999924
2023-06-30,11764.245000000023
2023-07-03,5797.490000000016
2023-07-04,-4724.074999999992
2023-07-05,-21065.490000000023
2023-07-06,83.3599999999754
2023-07-07,-10416.629999999994
2023-07-10,380.97000000001213
2023-07-11,2687.7999999999893
2023-07-12,-16925.800000000025
2023-07-13,14284.679999999993
2023-07-14,14197.099999999979
2023-07-17,-973.8549999999617
2023-07-18,1684.5049999999842
2023-07-19,-10846.384999999993
2023-07-20,-11607.405000000072
2023-07-21,-8609.554999999958
2023-07-24,-17131.385000000053
2023-07-25,1528.1050000000255
2023-07-26,-7282.555000000044
2023-07-27,-7370.674999999883
2023-07-28,-10042.700000000077
2023-07-31,-15032.110000000039
2023-08-01,15150.700000000092
2023-08-02,13122.199999999948
2023-08-03,-13716.899999999983
2023-08-04,10051.244999999975
2023-08-07,-13298.309999999994
2023-08-08,4225.3000000000575
2023-08-09,-15131.000000000106
2023-08-10,9730.645000000011
2023-08-11,-6221.519999999955
2023-08-14,2108.8800000000124
2023-08-15,5654.900000000017
2023-08-16,11065.695000000018
2023-08-17,1850.0500000000627
2023-08-18,10186.515000000025
2023-08-21,3281.219999999886
2023-08-22,-12029.895000000006
2023-08-23,1485.5000000000778
2023-08-24,17336.644999999964
2023-08-25,-5730.704999999947
2023-08-28,7035.8899999999685
2023-08-29,-5892.395000000078
2023-08-30,-5491.769999999962
2023-08-31,935.8199999999831
2023-09-01,-11041.199999999923
2023-09-04,4116.01499999999
2023-09-05,-10354.925000000048
2023-09-06,-149.9050000000462
2023-09-07,5208.605000000017
2023-09-08,-3173.400000000019
2023-09-11,-4695.275000000047
2023-09-12,-8663.639999999956
2023-09-13,-9671.12500000001
2023-09-14,1630.400000000015
2023-09-15,389.29000000001525
2023-09-18,9153.26499999994
2023-09-19,6280.5449999999655
2023-09-20,14165.21999999999
2023-09-21,-22935.00000000001
2023-09-22,3812.5950000000853
2023-09-25,8001.599999999971
2023-09-26,-9830.609999999986
2023-09-27,-775.9550000000712
2023-09-28,18157.000000000065
2023-09-29,-6003.955000000004
2023-10-02,-5246.660000000024
2023-10-03,3687.2899999999927
2023-10-04,21196.98500000007
2023-10-05,24372.739999999965
2023-10-06,8332.629999999963
2023-10-09,-14891.04999999999
2023-10-10,6866.044999999983
2023-10-11,2743.945000000035
2023-10-12,4804.2000000000235
2023-10-13,-18030.01999999997
2023-10-16,-4963.409999999996
2023-10-17,-2739.5550000000685
2023-10-18,-982.8999999999162
2023-10-19,-21708.4000000001
2023-10-20,-1107.4999999999536
2023-10-23,-18454.554999999975
2023-10-24,11008.344999999947
2023-10-25,14177.220000000014
2023-10-26,6019.215000000026
2023-10-27,6333.300000000039
2023-10-30,7291.494999999925
2023-10-31,15786.100000000028
2023-11-01,-4522.98500000002
2023-11-02,8804.04500000004
2023-11-03,-1200.7550000000565
2023-11-06,-13772.29999999997
2023-11-07,10194.700000000003
2023-11-08,-5868.855000000028
2023-11-09,-16633.809999999958
2023-11-10,-383.45499999997844
2023-11-13,8863.139999999932
2023-11-14,-551.0099999999945
2023-11-15,15695.225000000002
2023-11-16,-137.99999999996407
2023-11-17,-14477.499999999973
2023-11-20,-659.6900000000151
2023-11-21,-12203.60000000004
2023-11-22,-1359.664999999961
2023-11-23,3035.2000000000016
2023-11-24,-14769.585000000014
2023-11-27,-3730.0850000000373
2023-11-28,2838.499999999988
2023-11-29,-4592.775000000005
2023-11-30,2276.7450000000285
2023-12-01,-12772.00999999999
2023-12-04,-14397.865000000038
2023-12-05,-2118.3549999999673
2023-12-06,-5313.254999999975
2023-12-07,-7179.000000000064
2023-12-08,2769.3000000000447
2023-12-11,13493.199999999986
2023-12-12,-2653.910000000028
2023-12-13,-4176.599999999965
2023-12-14,1395.044999999981
2023-12-15,2011.469999999981
2023-12-18,4491.879999999986
2023-12-19,-10646.774999999969
2023-12-20,2224.599999999996
2023-12-21,1054.1000000000026
2023-12-22,5870.984999999989
2023-12-25,-1518.8400000000513
2023-12-26,-16141.86499999996
2023-12-27,14406.59
2023-12-28,6666.099999999973
2023-12-29,-2275.9999999999563
2024-01-01,5526.400000000036
2024-01-02,5870.13499999994
2024-01-03,-9382.365000000016
2024-01-04,13920.099999999942
2024-01-05,49.745000000016375
2024-01-08,25247.445000000043
2024-01-09,1371.7449999999685
2024-01-10,-6765.054999999972
2024-01-11,-1846.3000000000138
2024-01-12,12366.799999999977
2024-01-15,-8179.599999999986
2024-01-16,4977.679999999989
2024-01-17,-12573.619999999983
2024-01-18,-9061.47500000005
2024-01-19,-10454.324999999932
2024-01-22,-8240.365000000049
2024-01-23,15638.59000000002
2024-01-24,-2246.0550000000067
2024-01-25,-14064.255000000028
2024-01-26,-4220.239999999942
2024-01-29,12425.389999999992
2024-01-30,-4584.749999999958
2024-01-31,9860.369999999939
2024-02-01,16053.990000000029
2024-02-02,14358.035000000025
2024-02-05,-23482.4
2024-02-06,3587.3450000000557
2024-02-07,-12442.80000000007
2024-02-08,-21725.665
2024-02-09,-3592.0049999999815
2024-02-12,-8990.900000000009
2024-02-13,-8037.399999999987
2024-02-14,23788.10000000002
2024-02-15,-3973.074999999995
2024-02-16,2818.1000000000013
2024-02-19,-2398.040000000013
2024-02-20,24527.045000000056
2024-02-21,13083.059999999949
2024-02-22,-1522.0000000000682
2024-02-23,9521.25000000003
2024-02-26,-16087.779999999966
2024-02-27,1233.0350000000133
2024-02-28,1709.8600000000274
2024-02-29,-4928.355000000033
2024-03-01,-2731.355000000009
2024-03-04,-960.0999999999885
2024-03-05,9433.34500000003
2024-03-06,-16581.100000000093
2024-03-07,-20271.604999999967
2024-03-08,-2286.409999999976
2024-03-11,-10788.049999999977
2024-03-12,478.20999999998014
2024-03-13,-5609.650000000039
2024-03-14,-9465.720000000061
2024-03-15,-1102.4199999999485
2024-03-18,191.1099999999634
2024-03-19,-6659.770000000045
2024-03-20,11970.009999999944
2024-03-21,-2974.654999999898
2024-03-22,-8410.550000000043
2024-03-25,-3197.1300000000524
2024-03-26,8262.580000000034
2024-03-27,1893.600000000013
2024-03-28,-12243.81999999997
2024-04-01,96.93499999987522
2024-04-02,-1160.8699999999665
2024-04-03,5245.110000000006
2024-04-04,-15109.700000000046
2024-04-05,9609.40000000006
2024-04-08,8149.999999999911
2024-04-09,14493.505000000097
2024-04-10,-16091.994999999994
2024-04-11,3903.294999999918
2024-04-12,-20460.785
2024-04-15,8335.635000000066
2024-04-16,6269.140000000026
2024-04-17,16841.52499999997
2024-04-18,20926.90000000002
2024-04-19,165.84499999995853
2024-04-22,-1617.9449999999767
2024-04-23,2867.44499999996
2024-04-24,-12285.845000000041
2024-04-25,-1689.9899999999745
2024-04-26,-152.46499999998673
2024-04-29,-7035.220000000012
2024-04-30,-10976.984999999984
2024-05-01,5181.319999999981
2024-05-02,-5103.2000000000135
2024-05-03,-89.745000000066
2024-05-06,-1522.6749999999001
2024-05-07,4940.849999999962
2024-05-08,-3505.5500000000125
2024-05-09,12287.965000000035
2024-05-10,4639.300000000032
2024-05-13,7533.364999999989
2024-05-14,17216.785000000054
2024-05-15,3154.725000000002
2024-05-16,2402.210000000026
2024-05-17,19813.385000000013
2024-05-20,6137.054999999883
2024-05-21,-1569.494999999933
2024-05-22,-2204.399999999977
2024-05-23,-11092.670000000004
2024-05-24,535.9650000000063
2024-05-27,-3913.7100000000146
2024-05-28,-9761.604999999941
2024-05-29,2648.134999999899
2024-05-30,-2030.4199999999505
2024-05-31,-11591.189999999984
2024-06-03,9915.545000000073
2024-06-04,-332.71000000008183
2024-06-05,1135.2449999999903
2024-06-06,253.14500000007058
2024-06-07,-22295.53500000006
2024-06-10,8384.924999999981
2024-06-11,-12467.50999999997
2024-06-12,1354.744999999974
2024-06-13,-1635.2849999999478
2024-06-14,5947.584999999934
2024-06-17,-9096.004999999952
2024-06-18,1384.9899999999727
2024-06-19,-1856.1999999999887
2024-06-20,16686.66499999998
2024-06-21,-3970.964999999957
2024-06-24,10015.519999999977
2024-06-25,-6157.655000000012
2024-06-26,-3961.219999999957
2024-06-27,2736.1999999999625
2024-06-28,-641.9999999999609
2024-07-01,3213.144999999957
2024-07-02,-2466.1999999999484
2024-07-03,11351.484999999962
2024-07-04,4987.3999999999905
2024-07-05,4845.78000000004
2024-07-08,-10399.819999999958
2024-07-09,-9069.199999999983
2024-07-10,4445.1449999999095
2024-07-11,-4362.7999999999065
2024-07-12,7713.289999999986
2024-07-15,1938.0299999999238
2024-07-16,10339.305000000064
2024-07-17,5241.670000000022
2024-07-18,-5523.3400000001
2024-07-19,519.9000000000241
2024-07-22,155.78999999992823
2024-07-23,17513.550000000032
2024-07-24,-10952.855
2024-07-25,14050.80000000007
2024-07-26,-1119.4050000000602
2024-07-29,-3470.0499999999797
2024-07-30,-2340.845000000064
2024-07-31,8656.540000000057
2024-08-01,-10797.554999999995
2024-08-02,-9241.36499999999
2024-08-05,-18375.500000000065
2024-08-06,-2157.3999999999314
2024-08-07,-7796.499999999996
2024-08-08,592.1000000000363
2024-08-09,9207.159999999976
2024-08-12,4276.574999999977
2024-08-13,1185.3900000000247
2024-08-14,1867.399999999996
2024-08-15,11838.664999999988
2024-08-16,-4504.239999999964
2024-08-19,-2211.6850000000018
2024-08-20,-9440.510000000007
2024-08-21,2244.3800000000306
2024-08-22,12818.789999999952
2024-08-23,11842.999999999967
2024-08-26,15848.265000000036
2024-08-27,3753.9800000000664
2024-08-28,-3435.0550000000353
2024-08-29,-9643.20000000004
2024-08-30,-9111.599999999924
2024-09-02,-1104.8000000000113
2024-09-03,-13886.865000000076
2024-09-04,-7399.919999999942
2024-09-05,-7907.910000000005
2024-09-06,-5002.204999999946
2024-09-09,4049.2899999999104
2024-09-10,3267.8500000000413
2024-09-11,356.8950000000102
2024-09-12,4377.400000000016
2024-09-13,1336.6899999998834
2024-09-16,1627.5450000001047
2024-09-17,7117.689999999965
2024-09-18,-5735.300000000052
2024-09-19,2203.7900000000764
2024-09-20,2119.724999999994
2024-09-23,-17794.26500000003
2024-09-24,15818.629999999917
2024-09-25,-3564.4699999999384
2024-09-26,12727.649999999976
2024-09-27,-5890.439999999963
2024-09-30,-6109.015000000033
2024-10-01,-3796.375000000025
2024-10-02,9122.995000000012
2024-10-03,-15608.435000000032
2024-10-04,11237.645000000084
2024-10-07,2376.8399999999288
2024-10-08,2863.100000000051
2024-10-09,-9559.640000000063
2024-10-10,1517.8450000000475
2024-10-11,1550.0249999999303
2024-10-14,10559.300000000061
2024-10-15,27.50000000003365
2024-10-16,4100.599999999971
2024-10-17,-158.43000000000353
2024-10-18,11191.150000000018
2024-10-21,-7168.1749999999865
2024-10-22,1402.3299999999506
2024-10-23,3356.485000000029
2024-10-24,-6896.654999999959
2024-10-25,34.09999999998763
2024-10-28,13587.995000000044
2024-10-29,-10793.800000000118
2024-10-30,6689.390000000074
2024-10-31,3168.235000000019
2024-11-01,1285.18999999998
2024-11-04,-12440.054999999966
2024-11-05,-5787.370000000076
2024-11-06,-4495.754999999915
2024-11-07,-8283.009999999982
2024-11-08,-4058.5100000000994
2024-11-11,-6512.45499999999
2024-11-12,7239.9699999999475
2024-11-13,150.0800000001105
2024-11-14,-163.0849999999807
2024-11-15,-5991.4900000000525
2024-11-18,-3993.579999999937
2024-11-19,-1125.0600000000659
2024-11-20,-3173.4399999999628
2024-11-21,-4586.030000000011
2024-11-22,18859.480000000036
2024-11-25,-9311.185000000038
2024-11-26,5500.749999999919
2024-11-27,19018.46000000007
2024-11-28,-2555.1649999999872
2024-11-29,-9910.414999999997
2024-12-02,7070.870000000025
2024-12-03,10925.1999999999
2024-12-04,-8391.794999999885
2024-12-05,-13149.500000000031
2024-12-06,-6027.309999999964
2024-12-09,-2000.780000000062
2024-12-10,4038.69999999998
2024-12-11,10923.039999999957
2024-12-12,780.5750000001304
2024-12-13,151.129999999957
2024-12-16,-7023.145000000056
2024-12-17,8449.555000000124
2024-12-18,4121.229999999977
2024-12-19,149.49500000000802
2024-12-20,7865.925000000036
2024-12-23,-3250.5150000001054
2024-12-24,12362.665000000066
2024-12-25,-3364.575000000014
2024-12-26,-4950.605000000029
2024-12-27,5988.925000000047
2024-12-30,13817.36999999995
2024-12-31,-1595.010000000035
2025-01-01,147.33500000003562
2025-01-02,12832.549999999947
2025-01-03,16396.679999999986
2025-01-06,-12655.899999999981
2025-01-07,11439.060000000025
2025-01-08,-12258.574999999979
2025-01-09,6155.7350000000015
2025-01-10,-5955.28500000004
2025-01-13,-9118.304999999942
2025-01-14,-1480.559999999953
2025-01-15,12453.569999999987
2025-01-16,-8839.760000000017
2025-01-17,-4965.160000000053
2025-01-20,-5518.365000000033
2025-01-21,-13081.22499999996
2025-01-22,-5114.945000000033
2025-01-23,-6054.39999999997
2025-01-24,9723.369999999968
2025-01-27,-2241.2000000000035
2025-01-28,1141.2650000000222
2025-01-29,-22658.624999999996
2025-01-30,-34500.94999999998
2025-01-31,18015.734999999993
2025-02-03,11168.875
2025-02-04,-20495.044999999955
2025-02-05,-8830.955000000014
2025-02-06,-4665.155000000073
2025-02-07,-13262.394999999979
2025-02-10,-4690.300000000057
2025-02-11,10524.395000000066
2025-02-12,-20088.604999999996
2025-02-13,2011.4499999998793
2025-02-14,11170.200000000073
2025-02-17,-920.9299999999855
2025-02-18,830.9599999999656
2025-02-19,33470.209999999934
2025-02-20,-141.52999999991314
2025-02-21,10081.349999999957
2025-02-24,-2293.415
2025-02-25,913.2899999999747
2025-02-26,-9461.48500000005
2025-02-27,8576.450000000093
2025-02-28,-10175.965000000091
2025-03-03,-5894.224999999943
2025-03-04,-6066.57999999997
2025-03-05,-17122.840000000015
2025-03-06,-9581.649999999909
2025-03-07,5170.634999999992
2025-03-10,-9841.105000000061
2025-03-11,11315.945000000005
2025-03-12,6211.164999999944
2025-03-13,2710.970000000089
2025-03-14,20.7000000000603
2025-03-17,-887.5300000000634
2025-03-18,2404.3999999999787
2025-03-19,5890.260000000007
2025-03-20,16232.684999999927
2025-03-21,-10164.014999999996
2025-03-24,3193.7000000000494
2025-03-25,-3153.2850000000344
2025-03-26,4716.54999999998
2025-03-27,21134.26000000003
2025-03-28,-3038.255000000027
2025-03-31,-5545.654999999965
2025-04-01,13251.199999999919
2025-04-02,-3821.354999999926
2025-04-03,-18352.65499999998
2025-04-04,-10996.740000000034
2025-04-07,-3489.3550000000014
2025-04-08,-4475.439999999963
2025-04-09,3127.9499999999675
2025-04-10,-6100.149999999945
2025-04-11,-12503.40000000004
2025-04-14,1976.3049999999876
2025-04-15,1796.3900000000062
2025-04-16,-9065.085000000021
2025-04-17,6428.479999999993
2025-04-21,-6823.570000000031
2025-04-22,7222.920000000015
2025-04-23,6812.655000000042
2025-04-24,-1921.8100000000602
2025-04-25,2915.7500000000514
2025-04-28,4733.044999999958
2025-04-29,664.850000000057
2025-04-30,-12499.280000000064
2025-05-01,7995.394999999993
2025-05-02,-2841.3099999999827
2025-05-05,19356.815000000017
2025-05-06,-3850.540000000036
2025-05-07,-3300.064999999949
2025-05-08,19678.95999999996
2025-05-09,5759.590000000056
2025-05-12,22750.82500000002
2025-05-13,3341.7499999999422
2025-05-14,-12214.919999999958
2025-05-15,-22157.599999999995
2025-05-16,7131.565000000047
2025-05-19,4364.859999999969
2025-05-20,-11134.45500000003
2025-05-21,2906.879999999938
2025-05-22,3621.845000000044
2025-05-23,5057.579999999974
2025-05-26,-1182.4300000000437
2025-05-27,-2298.429999999947
2025-05-28,448.22500000000775
2025-05-29,2287.889999999972
2025-05-30,-8331.519999999931
2025-06-02,23274.14499999999
2025-06-03,1857.590000000005
2025-06-04,-3823.9100000000126
2025-06-05,19222.070000000007
2025-06-06,-16090.365000000002
2025-06-09,27407.17999999997
2025-06-10,-5265.599999999969
2025-06-11,9747.799999999996
2025-06-12,2839.0000000000073
2025-06-13,-9327.200000000028
2025-06-16,9919.10000000002
2025-06-17,-7761.61
2025-06-18,-16959.97999999996
2025-06-19,-2129.8000000000047
2025-06-20,4357.244999999999
2025-06-23,23265.74500000002
2025-06-24,17771.189999999973
2025-06-25,20851.27000000002
2025-06-26,7655.245000000033
2025-06-27,-15926.160000000069
2025-06-30,17754.690000000006
2025-07-01,-1675.0
2025-07-02,-17860.55999999998
2025-07-03,3066.6249999999986
2025-07-04,3775.124999999975
2025-07-07,19922.45000000002
2025-07-08,12501.534999999996
2025-07-09,3417.579999999987
2025-07-10,251.07499999995963
2025-07-11,14992.76000000005
2025-07-14,-19195.240000000013
2025-07-15,2463.5599999999927
2025-07-16,-7627.749999999971
2025-07-17,11694.180000000018
2025-07-18,-15969.065000000059
2025-07-21,27014.720000000016
2025-07-22,487.8899999999933
2025-07-23,14543.859999999986
2025-07-24,-8445.55500000004
2025-07-25,-2302.4849999999356
2025-07-28,14410.169999999973
2025-07-29,3046.135000000049
2025-07-30,-9928.910000000044
2025-07-31,-12551.960000000003
2025-08-01,823.0999999999658
2025-08-04,11335.69999999999
2025-08-05,17398.845000000078
2025-08-06,-578.4600000000714
2025-08-07,-2575.1950000000043
2025-08-08,-4388.955000000051
2025-08-11,-8294.609999999951
2025-08-12,13652.590000000015
2025-08-13,-6187.620000000045
2025-08-14,-10844.199999999968
2025-08-15,-4961.375000000005
2025-08-18,8315.79000000001
2025-08-19,11715.445000000012
2025-08-20,4455.824999999999
2025-08-21,-8382.200000000004
2025-08-22,13033.189999999982
2025-08-25,4730.705000000006
2025-08-26,-295.9549999999771
2025-08-27,6996.6449999999795
2025-08-28,-8203.399999999987
2025-08-29,-9672.700000000015
2025-09-01,7925.635000000011
2025-09-02,14462.695000000027
2025-09-03,-5851.000000000043
2025-09-04,-763.0000000000232
2025-09-05,5192.500000000031
2025-09-08,-10277.910000000027
2025-09-09,207.20000000001255
2025-09-10,9404.545000000047
2025-09-11,-577.8000000000347
2025-09-12,-14803.899999999981
2025-09-15,13613.340000000004
2025-09-16,-7651.699999999964
2025-09-17,-2007.7400000000368
2025-09-18,9428.365000000002
2025-09-19,705.959999999985
2025-09-22,22512.999999999993
2025-09-23,4037.990000000036
2025-09-24,-8802.910000000044
2025-09-25,-1723.7949999999773
2025-09-26,12692.899999999992
2025-09-29,-10906.999999999989
2025-09-30,-168.20000000001164
