date,net_pnl
2010-06-07,0.0
2010-06-08,0.0
2010-06-09,0.0
2010-06-10,0.0
2010-06-11,0.0
2010-06-14,0.0
2010-06-15,0.0
2010-06-16,0.0
2010-06-17,0.0
2010-06-18,0.0
2010-06-21,0.0
2010-06-22,0.0
2010-06-23,0.0
2010-06-24,0.0
2010-06-25,0.0
2010-06-28,0.0
2010-06-29,0.0
2010-06-30,0.0
2010-07-01,0.0
2010-07-02,0.0
2010-07-05,0.0
2010-07-06,0.0
2010-07-07,0.0
2010-07-08,0.0
2010-07-09,0.0
2010-07-12,0.0
2010-07-13,0.0
2010-07-14,0.0
2010-07-15,0.0
2010-07-16,0.0
2010-07-19,0.0
2010-07-20,0.0
2010-07-21,0.0
2010-07-22,0.0
2010-07-23,0.0
2010-07-26,0.0
2010-07-27,0.0
2010-07-28,0.0
2010-07-29,0.0
2010-07-30,0.0
2010-08-02,0.0
2010-08-03,0.0
2010-08-04,0.0
2010-08-05,0.0
2010-08-06,0.0
2010-08-09,0.0
2010-08-10,0.0
2010-08-11,0.0
2010-08-12,0.0
2010-08-13,0.0
2010-08-16,0.0
2010-08-17,0.0
2010-08-18,0.0
2010-08-19,0.0
2010-08-20,0.0
2010-08-23,0.0
2010-08-24,0.0
2010-08-25,0.0
2010-08-26,0.0
2010-08-27,0.0
2010-08-30,0.0
2010-08-31,0.0
2010-09-01,0.0
2010-09-02,0.0
2010-09-03,0.0
2010-09-06,0.0
2010-09-07,0.0
2010-09-08,0.0
2010-09-09,0.0
2010-09-10,0.0
2010-09-13,0.0
2010-09-14,0.0
2010-09-15,0.0
2010-09-16,0.0
2010-09-17,0.0
2010-09-20,0.0
2010-09-21,0.0
2010-09-22,0.0
2010-09-23,0.0
2010-09-24,0.0
2010-09-27,0.0
2010-09-28,0.0
2010-09-29,0.0
2010-09-30,0.0
2010-10-01,0.0
2010-10-04,0.0
2010-10-05,0.0
2010-10-06,0.0
2010-10-07,0.0
2010-10-08,0.0
2010-10-11,0.0
2010-10-12,0.0
2010-10-13,0.0
2010-10-14,0.0
2010-10-15,0.0
2010-10-18,0.0
2010-10-19,0.0
2010-10-20,0.0
2010-10-21,0.0
2010-10-22,0.0
2010-10-25,0.0
2010-10-26,0.0
2010-10-27,0.0
2010-10-28,0.0
2010-10-29,0.0
2010-11-01,0.0
2010-11-02,0.0
2010-11-03,0.0
2010-11-04,0.0
2010-11-05,0.0
2010-11-08,0.0
2010-11-09,0.0
2010-11-10,0.0
2010-11-11,0.0
2010-11-12,0.0
2010-11-15,0.0
2010-11-16,0.0
2010-11-17,0.0
2010-11-18,0.0
2010-11-19,0.0
2010-11-22,0.0
2010-11-23,0.0
2010-11-24,0.0
2010-11-25,0.0
2010-11-26,0.0
2010-11-29,0.0
2010-11-30,0.0
2010-12-01,0.0
2010-12-02,0.0
2010-12-03,0.0
2010-12-06,0.0
2010-12-07,0.0
2010-12-08,0.0
2010-12-09,0.0
2010-12-10,0.0
2010-12-13,0.0
2010-12-14,0.0
2010-12-15,0.0
2010-12-16,0.0
2010-12-17,0.0
2010-12-20,0.0
2010-12-21,0.0
2010-12-22,0.0
2010-12-23,0.0
2010-12-27,0.0
2010-12-28,0.0
2010-12-29,0.0
2010-12-30,0.0
2010-12-31,0.0
2011-01-03,0.0
2011-01-04,0.0
2011-01-05,0.0
2011-01-06,0.0
2011-01-07,0.0
2011-01-10,0.0
2011-01-11,0.0
2011-01-12,0.0
2011-01-13,0.0
2011-01-14,0.0
2011-01-17,0.0
2011-01-18,0.0
2011-01-19,0.0
2011-01-20,0.0
2011-01-21,0.0
2011-01-24,0.0
2011-01-25,0.0
2011-01-26,0.0
2011-01-27,0.0
2011-01-28,0.0
2011-01-31,0.0
2011-02-01,0.0
2011-02-02,0.0
2011-02-03,0.0
2011-02-04,0.0
2011-02-07,0.0
2011-02-08,0.0
2011-02-09,0.0
2011-02-10,0.0
2011-02-11,0.0
2011-02-14,0.0
2011-02-15,0.0
2011-02-16,0.0
2011-02-17,0.0
2011-02-18,0.0
2011-02-21,0.0
2011-02-22,0.0
2011-02-23,0.0
2011-02-24,0.0
2011-02-25,0.0
2011-02-28,0.0
2011-03-01,0.0
2011-03-02,0.0
2011-03-03,0.0
2011-03-04,0.0
2011-03-07,0.0
2011-03-08,0.0
2011-03-09,0.0
2011-03-10,0.0
2011-03-11,0.0
2011-03-14,0.0
2011-03-15,0.0
2011-03-16,0.0
2011-03-17,0.0
2011-03-18,0.0
2011-03-21,0.0
2011-03-22,0.0
2011-03-23,0.0
2011-03-24,0.0
2011-03-25,0.0
2011-03-28,0.0
2011-03-29,0.0
2011-03-30,0.0
2011-03-31,-68.775
2011-04-01,4632.500000000016
2011-04-04,194.99999999998516
2011-04-05,-1104.9999999999595
2011-04-06,-6597.5000000000055
2011-04-07,-1067.5000000000396
2011-04-08,-813.03999999999
2011-04-11,-8127.499999999998
2011-04-12,4167.49999999999
2011-04-13,2751.795
2011-04-14,9024.944999999983
2011-04-15,-5043.600000000014
2011-04-18,-6667.51999999994
2011-04-19,8171.499999999975
2011-04-20,-11202.490000000027
2011-04-21,1089.5449999999646
2011-04-25,-8495.19999999998
2011-04-26,-7570.364999999973
2011-04-27,21420.099999999988
2011-04-28,8966.400000000003
2011-04-29,41.584999999988725
2011-05-02,-8880.254999999974
2011-05-03,7067.199999999995
2011-05-04,3967.5999999999995
2011-05-05,-17337.855000000014
2011-05-06,2888.445000000009
2011-05-09,-742.1000000000436
2011-05-10,967.3450000000131
2011-05-11,-11802.799999999967
2011-05-12,-4382.00000000004
2011-05-13,-1249.0299999999531
2011-05-16,-25895.495000000075
2011-05-17,-1586.654999999936
2011-05-18,-5202.630000000093
2011-05-19,-13633.029999999935
2011-05-20,705.4950000000063
2011-05-23,1653.1599999999803
2011-05-24,-474.89499999999526
2011-05-25,4443.514999999983
2011-05-26,-6170.009999999988
2011-05-27,-1768.0649999999625
2011-05-30,4778.41499999999
2011-05-31,746.1050000000382
2011-06-01,-10071.51000000002
2011-06-02,6799.34499999999
2011-06-03,-522.5299999999506
2011-06-06,3588.044999999968
2011-06-07,-7080.899999999983
2011-06-08,-6251.455000000099
2011-06-09,1649.7450000000435
2011-06-10,-20956.40000000001
2011-06-13,687.6599999999858
2011-06-14,689.7600000000821
2011-06-15,-7890.65500000004
2011-06-16,26277.045000000024
2011-06-17,-1708.109999999993
2011-06-20,5803.259999999966
2011-06-21,-383.154999999956
2011-06-22,22404.56999999997
2011-06-23,-10293.040000000014
2011-06-24,7265.1000000000095
2011-06-27,2008.3500000000033
2011-06-28,3134.6100000000642
2011-06-29,7681.744999999968
2011-06-30,42609.649999999936
2011-07-01,1129.6400000000235
2011-07-04,-3807.5499999999683
2011-07-05,-2683.810000000084
2011-07-06,-1782.7549999999749
2011-07-07,391.1150000000191
2011-07-08,-16307.679999999911
2011-07-11,-26460.905000000133
2011-07-12,-1168.569999999965
2011-07-13,-1370.8349999999705
2011-07-14,-12402.105000000025
2011-07-15,-13761.199999999968
2011-07-18,-7016.655000000018
2011-07-19,8776.849999999995
2011-07-20,-6187.870000000071
2011-07-21,6210.1800000000785
2011-07-22,-6213.514999999997
2011-07-25,-7042.1350000000375
2011-07-26,7302.09000000004
2011-07-27,-7290.110000000068
2011-07-28,1328.8999999999573
2011-07-29,6006.755000000122
2011-08-01,-8776.815000000082
2011-08-02,-46769.49999999997
2011-08-03,-1795.9350000000434
2011-08-04,-18907.794999999987
2011-08-05,200.54000000004766
2011-08-08,-32755.060000000038
2011-08-09,-29266.794999999933
2011-08-10,-21728.805000000015
2011-08-11,13419.104999999947
2011-08-12,4388.255000000007
2011-08-15,-2923.20999999993
2011-08-16,957.3749999999397
2011-08-17,-14068.55000000003
2011-08-18,-25901.75499999996
2011-08-19,-901.999999999986
2011-08-22,-14170.439999999971
2011-08-23,17947.899999999965
2011-08-24,7228.680000000064
2011-08-25,-5424.055000000045
2011-08-26,-17158.35999999997
2011-08-29,6907.174999999986
2011-08-30,-1707.609999999918
2011-08-31,1843.4399999999684
2011-09-01,10374.955000000009
2011-09-02,-23452.200000000055
2011-09-05,571.0000000000455
2011-09-06,16624.08499999994
2011-09-07,16992.010000000064
2011-09-08,-1243.634999999944
2011-09-09,-5906.255000000018
2011-09-12,8327.57
2011-09-13,11157.34499999999
2011-09-14,18645.705
2011-09-15,19989.899999999907
2011-09-16,-15376.69999999999
2011-09-19,-7771.639999999989
2011-09-20,18016.404999999915
2011-09-21,4234.280000000043
2011-09-22,5558.985000000029
2011-09-23,44278.95999999993
2011-09-26,17212.91000000005
2011-09-27,8997.249999999995
2011-09-28,29708.430000000008
2011-09-29,-11441.295000000066
2011-09-30,20207.300000000003
2011-10-03,-13511.839999999944
2011-10-04,6409.079999999969
2011-10-05,-7066.085000000026
2011-10-06,1303.2350000000401
2011-10-07,3250.1000000000104
2011-10-10,-19176.69999999997
2011-10-11,-13239.305000000064
2011-10-12,-18277.399999999965
2011-10-13,4785.410000000009
2011-10-14,14343.319999999994
2011-10-17,-671.0249999999915
2011-10-18,-5890.599999999959
2011-10-19,396.0849999999792
2011-10-20,-944.6449999999943
2011-10-21,-6142.404999999946
2011-10-24,-9816.600000000033
2011-10-25,-20991.225000000024
2011-10-26,-24850.655
2011-10-27,-18781.884999999977
2011-10-28,-8992.944999999965
2011-10-31,5905.3999999999405
2011-11-01,7181.78000000003
2011-11-02,-4215.364999999938
2011-11-03,603.644999999946
2011-11-04,1393.5949999999912
2011-11-07,-22519.169999999947
2011-11-08,-1226.6550000000366
2011-11-09,-4646.685000000067
2011-11-10,-4253.609999999946
2011-11-11,-18986.220000000005
2011-11-14,-4336.439999999967
2011-11-15,-5515.615000000061
2011-11-16,9389.915000000008
2011-11-17,36721.214999999924
2011-11-18,-6231.684999999928
2011-11-21,29129.00499999996
2011-11-22,-6070.295000000001
2011-11-23,15352.319999999976
2011-11-24,-4936.199999999968
2011-11-25,15815.390000000034
2011-11-28,-31827.115000000038
2011-11-29,7259.97499999996
2011-11-30,274.5999999999881
2011-12-01,5466.499999999969
2011-12-02,-1997.900000000005
2011-12-05,-13390.354999999967
2011-12-06,-5771.31999999998
2011-12-07,-2936.720000000006
2011-12-08,-7033.999999999997
2011-12-09,2722.5450000000264
2011-12-12,807.7599999999727
2011-12-13,7985.704999999949
2011-12-14,10791.560000000038
2011-12-15,-7355.600000000026
2011-12-16,-14049.999999999976
2011-12-19,22936.714999999967
2011-12-20,-10994.554999999998
2011-12-21,-7010.82000000003
2011-12-22,19941.39500000003
2011-12-23,3882.204999999967
2011-12-26,-210.20000000001636
2011-12-27,-8722.644999999964
2011-12-28,2747.9499999999694
2011-12-29,-8576.45500000002
2011-12-30,-6087.374999999989
2012-01-02,-1171.999999999979
2012-01-03,-13146.749999999958
2012-01-04,-6231.494999999904
2012-01-05,181.54499999993607
2012-01-06,700.4000000000226
2012-01-09,-9835.300000000003
2012-01-10,-1662.155000000023
2012-01-11,6644.145000000018
2012-01-12,8680.134999999958
2012-01-13,25617.080000000064
2012-01-16,-1257.9299999999896
2012-01-17,2951.8299999999767
2012-01-18,4036.95999999996
2012-01-19,16072.64499999997
2012-01-20,-17113.185
2012-01-23,-13957.019999999939
2012-01-24,5129.889999999943
2012-01-25,-8485.279999999935
2012-01-26,4200.434999999947
2012-01-27,-4036.3400000000343
2012-01-30,5274.245000000022
2012-01-31,27870.600000000028
2012-02-01,5126.390000000004
2012-02-02,-17448.499999999978
2012-02-03,-5562.520000000073
2012-02-06,-8531.154999999926
2012-02-07,3384.36999999994
2012-02-08,8212.500000000016
2012-02-09,1657.5000000000146
2012-02-10,-5342.500000000057
2012-02-13,8452.500000000047
2012-02-14,6256.570000000016
2012-02-15,7179.945000000017
2012-02-16,-7112.400000000029
2012-02-17,5315.169999999994
2012-02-20,-2610.0199999999254
2012-02-21,-8751.885000000062
2012-02-22,-3267.33999999994
2012-02-23,-10136.019999999971
2012-02-24,2350.1399999999708
2012-02-27,-5701.290000000043
2012-02-28,-9966.49999999993
2012-02-29,22407.880000000045
2012-03-01,2195.8899999998703
2012-03-02,6491.600000000005
2012-03-05,-11490.85499999994
2012-03-06,-3589.019999999971
2012-03-07,-2778.855000000067
2012-03-08,-3351.0199999999545
2012-03-09,-3061.0750000000467
2012-03-12,1761.7800000000025
2012-03-13,10062.62499999998
2012-03-14,5807.900000000038
2012-03-15,-9315.720000000054
2012-03-16,-7458.194999999951
2012-03-19,-4641.320000000059
2012-03-20,5661.390000000034
2012-03-21,2388.570000000032
2012-03-22,10049.924999999972
2012-03-23,-8751.619999999999
2012-03-26,-268.1999999999789
2012-03-27,6543.599999999997
2012-03-28,-6579.4000000000015
2012-03-29,-9383.255000000036
2012-03-30,-14363.200000000048
2012-04-02,-2867.539999999967
2012-04-03,3325.8449999999852
2012-04-04,7712.8450000000275
2012-04-05,3547.7999999999565
2012-04-06,0.0
2012-04-09,-158.5099999999785
2012-04-10,-11977.699999999979
2012-04-11,12048.069999999992
2012-04-12,-2684.0749999999703
2012-04-13,-7544.400000000042
2012-04-16,-2337.500000000032
2012-04-17,-2562.1549999999343
2012-04-18,-6594.8750000001055
2012-04-19,1413.5500000000518
2012-04-20,-12061.44999999998
2012-04-23,10951.025000000016
2012-04-24,-12398.400000000018
2012-04-25,6320.199999999937
2012-04-26,-12393.834999999992
2012-04-27,-124.24500000000552
2012-04-30,9850.510000000058
2012-05-01,-5824.430000000041
2012-05-02,-9840.530000000033
2012-05-03,27601.559999999987
2012-05-04,485.05000000005043
2012-05-07,13250.335
2012-05-08,17532.399999999947
2012-05-09,-714.1999999999725
2012-05-10,-15427.900000000016
2012-05-11,14148.549999999957
2012-05-14,17885.80000000004
2012-05-15,4729.400000000065
2012-05-16,12235.004999999923
2012-05-17,9886.975000000044
2012-05-18,14655.465000000015
2012-05-21,-17593.870000000028
2012-05-22,-2427.740000000028
2012-05-23,2830.4050000000093
2012-05-24,878.7650000000284
2012-05-25,-6383.594999999992
2012-05-28,-2649.550000000044
2012-05-29,9088.050000000052
2012-05-30,-2287.829999999999
2012-05-31,19148.870000000043
2012-06-01,-4818.4549999999945
2012-06-04,3780.699999999977
2012-06-05,-7904.385000000046
2012-06-06,-16432.799999999974
2012-06-07,-3887.1999999999816
2012-06-08,-419.93999999999727
2012-06-11,4507.014999999995
2012-06-12,-6532.959999999936
2012-06-13,-4964.600000000061
2012-06-14,-1873.4349999999854
2012-06-15,-11414.499999999987
2012-06-18,20702.499999999964
2012-06-19,-802.9999999999834
2012-06-20,10684.840000000024
2012-06-21,14328.599999999951
2012-06-22,4699.660000000046
2012-06-25,-6819.82999999999
2012-06-26,424.79000000003566
2012-06-27,9825.474999999977
2012-06-28,16231.790000000019
2012-06-29,678.7999999999629
2012-07-02,-6397.12000000003
2012-07-03,-2804.355000000003
2012-07-04,129.7999999999853
2012-07-05,-7540.164999999942
2012-07-06,-192.66500000001918
2012-07-09,-9414.200000000023
2012-07-10,-3682.655000000018
2012-07-11,-1228.099999999999
2012-07-12,-3783.8299999999967
2012-07-13,-8383.95499999997
2012-07-16,-22834.699999999964
2012-07-17,1921.0149999999655
2012-07-18,13544.719999999983
2012-07-19,-94.4700000000318
2012-07-20,-6710.819999999969
2012-07-23,15758.264999999965
2012-07-24,-6044.864999999974
2012-07-25,-1172.7299999999898
2012-07-26,5286.645000000014
2012-07-27,3752.5699999999883
2012-07-30,407.414999999988
2012-07-31,-9189.754999999985
2012-08-01,6551.044999999986
2012-08-02,6142.200000000024
2012-08-03,-19212.000000000044
2012-08-06,1995.5150000000374
2012-08-07,2930.8149999999805
2012-08-08,-4788.7699999999695
2012-08-09,-4556.424999999998
2012-08-10,-490.6099999999967
2012-08-13,13530.459999999945
2012-08-14,-3037.7099999999255
2012-08-15,-7070.055000000084
2012-08-16,-7191.729999999962
2012-08-17,2711.044999999964
2012-08-20,-11496.799999999963
2012-08-21,-14354.699999999993
2012-08-22,-11906.154999999982
2012-08-23,-6896.454999999995
2012-08-24,-5347.394999999999
2012-08-27,4768.344999999976
2012-08-28,1408.745000000021
2012-08-29,6861.960000000006
2012-08-30,758.9999999999859
2012-08-31,-15124.500000000084
2012-09-03,-95.76499999994452
2012-09-04,-3258.619999999966
2012-09-05,2115.524999999953
2012-09-06,-1921.4549999999472
2012-09-07,2722.4450000000124
2012-09-10,-5348.955000000065
2012-09-11,1564.9900000000373
2012-09-12,-7149.655000000047
2012-09-13,-6588.999999999992
2012-09-14,9795.399999999996
2012-09-17,-1692.2999999999843
2012-09-18,2545.200000000019
2012-09-19,6179.599999999988
2012-09-20,2204.0099999999675
2012-09-21,3481.99000000002
2012-09-24,4057.734999999987
2012-09-25,-13519.199999999919
2012-09-26,-6051.0950000000175
2012-09-27,-14205.60000000002
2012-09-28,6828.344999999986
2012-10-01,5233.845000000033
2012-10-02,6785.634999999987
2012-10-03,-5207.154999999983
2012-10-04,-478.5000000000382
2012-10-05,6314.590000000009
2012-10-08,281.24499999997
2012-10-09,3166.9000000000415
2012-10-10,2486.1000000000013
2012-10-11,-14875.809999999996
2012-10-12,6770.499999999924
2012-10-15,15503.100000000055
2012-10-16,1002.4000000000151
2012-10-17,-1944.5550000000076
2012-10-18,-5684.519999999962
2012-10-19,10269.324999999943
2012-10-22,-8648.574999999952
2012-10-23,-6044.120000000039
2012-10-24,7056.400000000011
2012-10-25,-4598.810000000096
2012-10-26,2045.3000000001214
2012-10-29,1231.8599999999215
2012-10-30,5215.845000000064
2012-10-31,-4593.104999999984
2012-11-01,-4601.375000000033
2012-11-02,25498.924999999912
2012-11-05,-61.554999999985625
2012-11-06,-3916.9499999999744
2012-11-07,25088.35999999997
2012-11-08,5057.205000000051
2012-11-09,8605.414999999972
2012-11-12,-6571.700000000053
2012-11-13,-8697.110000000002
2012-11-14,-6790.855000000004
2012-11-15,10802.300000000007
2012-11-16,5895.315000000093
2012-11-19,-15082.330000000173
2012-11-20,2295.505000000058
2012-11-21,7068.160000000101
2012-11-22,-2261.455000000103
2012-11-23,1412.8150000000076
2012-11-26,-4591.105000000008
2012-11-27,3743.4900000000107
2012-11-28,764.6949999999753
2012-11-29,-5087.3049999999475
2012-11-30,2517.2400000000266
2012-12-03,-11870.269999999999
2012-12-04,1571.6950000000481
2012-12-05,1467.694999999871
2012-12-06,-5154.299999999958
2012-12-07,-1371.885000000066
2012-12-10,-231.87999999988875
2012-12-11,4361.339999999947
2012-12-12,6743.584999999949
2012-12-13,-2268.974999999978
2012-12-14,-1388.5500000000636
2012-12-17,5564.934999999961
2012-12-18,10986.700000000046
2012-12-19,20294.545000000027
2012-12-20,12452.240000000007
2012-12-21,-3347.9449999999592
2012-12-24,-2596.8399999999674
2012-12-25,410.01500000001226
2012-12-26,9585.399999999896
2012-12-27,-7674.904999999918
2012-12-28,3772.370000000024
2012-12-31,-19237.359999999946
2013-01-01,739.7249999999327
2013-01-02,-3693.9250000000634
2013-01-03,22331.364999999958
2013-01-04,2824.7150000000793
2013-01-07,-6845.929999999989
2013-01-08,-12199.375000000056
2013-01-09,-20555.88499999997
2013-01-10,1634.7450000001163
2013-01-11,-1527.0000000001087
2013-01-14,-20426.5399999999
2013-01-15,151.00499999999565
2013-01-16,-9294.599999999975
2013-01-17,28.76999999996326
2013-01-18,-5414.424999999908
2013-01-21,-1587.9300000000185
2013-01-22,1195.8000000000607
2013-01-23,7953.569999999923
2013-01-24,-2815.644999999984
2013-01-25,5527.599999999957
2013-01-28,4481.750000000012
2013-01-29,-3041.655000000077
2013-01-30,-6550.1399999998675
2013-01-31,-978.4400000000617
2013-02-01,-11427.795000000038
2013-02-04,-6643.339999999992
2013-02-05,2465.2599999999193
2013-02-06,-3280.454999999899
2013-02-07,-3825.0100000000157
2013-02-08,-5136.194999999985
2013-02-11,16263.444999999934
2013-02-12,158.84999999993008
2013-02-13,-9279.764999999858
2013-02-14,4139.14499999989
2013-02-15,-1572.9549999999358
2013-02-18,2343.0699999999656
2013-02-19,-7289.23000000002
2013-02-20,-9350.819999999912
2013-02-21,2990.6600000000412
2013-02-22,18830.614999999994
2013-02-25,5492.174999999922
2013-02-26,-8575.680000000022
2013-02-27,-4136.6099999999515
2013-02-28,17868.939999999933
2013-03-01,1453.0400000000407
2013-03-04,3868.000000000062
2013-03-05,-24160.00000000006
2013-03-06,11355.20500000004
2013-03-07,4111.444999999933
2013-03-08,7794.960000000031
2013-03-11,-7046.800000000095
2013-03-12,2641.800000000063
2013-03-13,5142.684999999983
2013-03-14,-3924.8249999999775
2013-03-15,-9381.019999999935
2013-03-18,14285.079999999913
2013-03-19,-17802.830000000016
2013-03-20,472.1599999999285
2013-03-21,-8621.764999999921
2013-03-22,11448.750000000036
2013-03-25,2007.9400000000167
2013-03-26,1574.4449999999933
2013-03-27,6369.109999999963
2013-03-28,43629.70000000013
2013-04-01,3658.7799999999315
2013-04-02,-2951.7100000000064
2013-04-03,13337.000000000016
2013-04-04,-1558.1499999999785
2013-04-05,-13125.654999999984
2013-04-08,-676.1550000000196
2013-04-09,-7542.695000000011
2013-04-10,-373.9100000000128
2013-04-11,-4006.1949999999842
2013-04-12,-20141.794999999995
2013-04-15,20618.09999999994
2013-04-16,2307.7900000000755
2013-04-17,6442.149999999975
2013-04-18,-2875.035000000029
2013-04-19,2414.8300000000504
2013-04-22,-4364.205000000088
2013-04-23,2638.4400000000564
2013-04-24,11171.60999999997
2013-04-25,-10003.40499999996
2013-04-26,3993.544999999962
2013-04-29,-11839.995000000044
2013-04-30,-3454.8649999999525
2013-05-01,12405.75999999997
2013-05-02,-4061.5649999999805
2013-05-03,-1906.7099999999953
2013-05-06,7102.235000000007
2013-05-07,-7798.7650000000585
2013-05-08,2690.290000000061
2013-05-09,-13599.339999999993
2013-05-10,4026.1800000000103
2013-05-13,354.30500000003633
2013-05-14,15859.169999999964
2013-05-15,-244.43000000000654
2013-05-16,15124.160000000002
2013-05-17,1248.61500000002
2013-05-20,-516.5050000000184
2013-05-21,11468.799999999954
2013-05-22,8986.300000000034
2013-05-23,-9810.440000000006
2013-05-24,1227.299999999978
2013-05-27,-4083.0999999999976
2013-05-28,8072.325000000078
2013-05-29,-19003.240000000023
2013-05-30,-1858.4150000000127
2013-05-31,13126.665000000008
2013-06-03,-14076.115000000038
2013-06-04,-1338.479999999994
2013-06-05,-4330.29000000003
2013-06-06,14242.165000000015
2013-06-07,18066.169999999995
2013-06-10,4682.43999999993
2013-06-11,21213.000000000007
2013-06-12,-7216.905000000009
2013-06-13,-18713.844999999958
2013-06-14,1998.3600000000308
2013-06-17,-6407.745000000103
2013-06-18,11273.459999999994
2013-06-19,6466.1599999999535
2013-06-20,17890.305000000095
2013-06-21,1804.2499999999875
2013-06-24,15005.269999999968
2013-06-25,-637.400000000031
2013-06-26,6177.630000000037
2013-06-27,190.29499999997856
2013-06-28,-4730.999999999976
2013-07-01,-18281.565
2013-07-02,-12168.265000000061
2013-07-03,-6845.499999999996
2013-07-04,2973.9000000000506
2013-07-05,-1461.2500000000014
2013-07-08,-8245.959999999941
2013-07-09,18123.034999999956
2013-07-10,-7469.225000000006
2013-07-11,2146.300000000015
2013-07-12,-14173.425000000017
2013-07-15,7193.730000000066
2013-07-16,10386.699999999988
2013-07-17,-4828.055000000005
2013-07-18,-13894.899999999943
2013-07-19,4104.234999999935
2013-07-22,5758.490000000003
2013-07-23,-7776.979999999989
2013-07-24,2587.2500000000073
2013-07-25,-1340.5650000000896
2013-07-26,7921.690000000013
2013-07-29,-2201.6149999999143
2013-07-30,-3340.9949999999953
2013-07-31,-16482.980000000072
2013-08-01,-5815.17499999999
2013-08-02,-7192.25499999999
2013-08-05,18539.900000000034
2013-08-06,4895.089999999984
2013-08-07,-2777.0550000000203
2013-08-08,-9303.400000000005
2013-08-09,-3874.9999999999895
2013-08-12,12795.044999999986
2013-08-13,2113.28999999999
2013-08-14,7241.200000000061
2013-08-15,1448.1000000000276
2013-08-16,-14665.01000000001
2013-08-19,16407.599999999908
2013-08-20,-1164.95499999992
2013-08-21,2341.899999999968
2013-08-22,-13512.974999999997
2013-08-23,3699.969999999999
2013-08-26,15590.14499999997
2013-08-27,-8101.020000000002
2013-08-28,320.24500000003167
2013-08-29,19056.71499999995
2013-08-30,2135.660000000003
2013-09-02,-8244.040000000023
2013-09-03,1942.0049999999978
2013-09-04,3817.205000000101
2013-09-05,6283.299999999945
2013-09-06,-3533.7999999999793
2013-09-09,-2299.250000000051
2013-09-10,9017.989999999982
2013-09-11,-6525.454999999954
2013-09-12,16360.69999999996
2013-09-13,1653.8450000000475
2013-09-16,14851.190000000008
2013-09-17,4084.370000000038
2013-09-18,-28084.35500000008
2013-09-19,-1056.0649999999541
2013-09-20,-5128.820000000059
2013-09-23,856.6750000000019
2013-09-24,-1125.6100000000267
2013-09-25,-2804.6650000000045
2013-09-26,-14048.515000000032
2013-09-27,2030.4000000000303
2013-09-30,-20861.05499999994
2013-10-01,6115.044999999918
2013-10-02,-12474.974999999966
2013-10-03,5033.054999999985
2013-10-04,1035.9700000000428
2013-10-07,-3483.6600000000217
2013-10-08,-3121.600000000033
2013-10-09,9048.300000000063
2013-10-10,-1735.300000000039
2013-10-11,-11323.874999999862
2013-10-14,-556.8000000001553
2013-10-15,14092.00000000015
2013-10-16,-2875.2000000001512
2013-10-17,18031.600000000075
2013-10-18,-20277.855000000014
2013-10-21,837.7150000000111
2013-10-22,-6091.899999999983
2013-10-23,19893.54500000003
2013-10-24,6198.594999999907
2013-10-25,10760.634999999973
2013-10-28,-15971.499999999842
2013-10-29,-533.0550000000435
2013-10-30,-4635.5400000000345
2013-10-31,-3350.4949999999335
2013-11-01,4129.390000000034
2013-11-04,-1518.2550000000474
2013-11-05,5780.790000000128
2013-11-06,-5268.310000000022
2013-11-07,14805.699999999913
2013-11-08,6277.7450000000945
2013-11-11,-2181.855000000191
2013-11-12,11771.045000000066
2013-11-13,-20915.454999999933
2013-11-14,-5158.785000000039
2013-11-15,-9834.75499999995
2013-11-18,9226.059999999905
2013-11-19,-2974.2649999999894
2013-11-20,10560.389999999945
2013-11-21,-1720.0199999999772
2013-11-22,13500.534999999927
2013-11-25,7404.265000000143
2013-11-26,-2230.2100000001583
2013-11-27,-7726.829999999989
2013-11-28,2922.8000000000075
2013-11-29,137.77500000001783
2013-12-02,-7490.320000000125
2013-12-03,-23691.58999999989
2013-12-04,5024.390000000017
2013-12-05,21656.469999999932
2013-12-06,352.07999999998856
2013-12-09,21394.14499999994
2013-12-10,-2386.699999999936
2013-12-11,7915.765000000043
2013-12-12,5226.199999999902
2013-12-13,-1107.4999999999845
2013-12-16,-7451.954999999993
2013-12-17,8163.644999999951
2013-12-18,-16440.15499999985
2013-12-19,1232.559999999955
2013-12-20,-6988.854999999959
2013-12-23,4628.649999999906
2013-12-24,-9140.154999999968
2013-12-25,817.3250000000581
2013-12-26,-14452.370000000064
2013-12-27,-6448.770000000053
2013-12-30,10890.090000000073
2013-12-31,-12235.300000000057
2014-01-01,-1203.454999999979
2014-01-02,30105.490000000074
2014-01-03,4784.779999999889
2014-01-06,4554.845000000009
2014-01-07,-2028.8549999999304
2014-01-08,474.9449999998762
2014-01-09,-6075.2649999999285
2014-01-10,19472.489999999994
2014-01-13,18975.024999999987
2014-01-14,7951.490000000047
2014-01-15,426.4350000000106
2014-01-16,4948.444999999983
2014-01-17,-8355.699999999986
2014-01-20,-1620.6250000000407
2014-01-21,-2843.3349999999623
2014-01-22,129.4549999999095
2014-01-23,-9089.065000000057
2014-01-24,14966.344999999963
2014-01-27,7463.830000000077
2014-01-28,841.5199999999438
2014-01-29,19194.24500000008
2014-01-30,-7387.055000000021
2014-01-31,3679.000000000067
2014-02-03,4896.099999999931
2014-02-04,-4487.154999999996
2014-02-05,-9701.065000000006
2014-02-06,-1894.0149999999926
2014-02-07,-11403.299999999987
2014-02-10,-14485.775000000003
2014-02-11,13577.744999999946
2014-02-12,-9933.55999999997
2014-02-13,9324.145000000002
2014-02-14,-12875.114999999976
2014-02-17,244.74500000004412
2014-02-18,-6349.410000000088
2014-02-19,14332.66500000005
2014-02-20,3154.5700000000106
2014-02-21,-6810.380000000025
2014-02-24,-11932.340000000035
2014-02-25,4623.300000000078
2014-02-26,13078.42999999992
2014-02-27,14075.500000000004
2014-02-28,17979.579999999987
2014-03-03,-9685.585000000034
2014-03-04,24942.280000000006
2014-03-05,-2127.264999999974
2014-03-06,1119.7949999999807
2014-03-07,6846.19500000003
2014-03-10,-1528.4999999999327
2014-03-11,-1847.515000000018
2014-03-12,-14347.355000000067
2014-03-13,6709.344999999977
2014-03-14,-10653.854999999994
2014-03-17,7818.845000000002
2014-03-18,7237.135000000031
2014-03-19,-5040.550000000011
2014-03-20,9695.599999999971
2014-03-21,-4937.284999999961
2014-03-24,8755.244999999997
2014-03-25,-1288.070000000076
2014-03-26,1111.6300000000808
2014-03-27,13808.92999999996
2014-03-28,-2184.710000000042
2014-03-31,10551.244999999994
2014-04-01,15897.374999999993
2014-04-02,-23675.314999999944
2014-04-03,3127.244999999954
2014-04-04,4192.700000000079
2014-04-07,-4948.02500000007
2014-04-08,-1683.499999999991
2014-04-09,8674.285000000005
2014-04-10,-5196.4999999999545
2014-04-11,-5847.1000000000395
2014-04-14,10054.699999999913
2014-04-15,4697.24500000008
2014-04-16,8056.2450000000335
2014-04-17,1215.5549999999664
2014-04-21,-1413.5649999999598
2014-04-22,10560.999999999924
2014-04-23,4028.760000000023
2014-04-24,-11567.184999999994
2014-04-25,30.644999999945068
2014-04-28,-1920.600000000019
2014-04-29,9660.300000000056
2014-04-30,-4042.600000000031
2014-05-01,-21709.084999999974
2014-05-02,-8491.699999999984
2014-05-05,2153.2999999999365
2014-05-06,-2698.499999999938
2014-05-07,-2102.3549999999937
2014-05-08,7784.000000000003
2014-05-09,-382.7100000000812
2014-05-12,-11169.500000000018
2014-05-13,9081.03000000013
2014-05-14,2792.599999999975
2014-05-15,3995.199999999972
2014-05-16,-1900.85500000006
2014-05-19,-3418.2549999999674
2014-05-20,3485.475000000048
2014-05-21,9905.054999999964
2014-05-22,-3351.0000000000455
2014-05-23,11508.890000000063
2014-05-26,3629.369999999956
2014-05-27,7183.6999999999425
2014-05-28,3286.8150000000633
2014-05-29,-12397.900000000038
2014-05-30,1580.1999999999898
2014-06-02,2488.7000000000744
2014-06-03,-10657.810000000058
2014-06-04,-1532.8999999999123
2014-06-05,-5128.955000000037
2014-06-06,-7505.755000000125
2014-06-09,-9807.055000000002
2014-06-10,-3880.654999999873
2014-06-11,4125.6700000000565
2014-06-12,5273.709999999995
2014-06-13,3227.45
2014-06-16,-22866.38000000014
2014-06-17,2380.505000000163
2014-06-18,4556.2199999999075
2014-06-19,-21945.11499999997
2014-06-20,-271.89499999991983
2014-06-23,-5877.910000000035
2014-06-24,-2383.500000000011
2014-06-25,-14725.390000000049
2014-06-26,-9396.810000000025
2014-06-27,11795.500000000035
2014-06-30,9706.579999999985
2014-07-01,-7906.20999999991
2014-07-02,-2166.900000000016
2014-07-03,3253.1199999999403
2014-07-04,-1969.1999999999396
2014-07-07,5047.904999999917
2014-07-08,-5920.795000000024
2014-07-09,5933.445000000072
2014-07-10,-6224.710000000025
2014-07-11,22491.14499999999
2014-07-14,-425.2550000000723
2014-07-15,1153.0450000000503
2014-07-16,-13687.755000000017
2014-07-17,-25836.75500000002
2014-07-18,5489.64500000006
2014-07-21,-6069.30000000001
2014-07-22,2709.979999999956
2014-07-23,-13527.609999999919
2014-07-24,12455.05999999995
2014-07-25,-1503.4549999999601
2014-07-28,-16589.590000000007
2014-07-29,12291.290000000005
2014-07-30,-4334.355000000037
2014-07-31,7649.745000000015
2014-08-01,-667.7550000000159
2014-08-04,-1639.454999999933
2014-08-05,-2594.1600000000467
2014-08-06,-3980.5550000001294
2014-08-07,-10249.999999999889
2014-08-08,-888.8449999999345
2014-08-11,1326.699999999933
2014-08-12,-2745.0550000000353
2014-08-13,6631.60000000001
2014-08-14,-4431.054999999987
2014-08-15,-10547.315
2014-08-18,-3365.6399999999953
2014-08-19,16955.499999999956
2014-08-20,14562.559999999925
2014-08-21,-7315.90999999999
2014-08-22,8373.81500000006
2014-08-25,9647.439999999962
2014-08-26,-11302.690000000026
2014-08-27,2236.840000000069
2014-08-28,-1421.454999999998
2014-08-29,-4115.700000000072
2014-09-01,-2936.239999999955
2014-09-02,-15638.77499999999
2014-09-03,7437.670000000037
2014-09-04,-525.8700000000266
2014-09-05,-8526.60500000005
2014-09-08,-3100.41499999999
2014-09-09,15724.199999999968
2014-09-10,-6348.200000000001
2014-09-11,-3439.19999999994
2014-09-12,562.6449999999414
2014-09-15,-2236.1499999999482
2014-09-16,4990.134999999964
2014-09-17,-8316.870000000048
2014-09-18,4451.490000000048
2014-09-19,37432.459999999985
2014-09-22,1064.84000000005
2014-09-23,4172.745
2014-09-24,-3945.935
2014-09-25,2900.0
2014-09-26,7419.734999999998
2014-09-29,9358.910000000027
2014-09-30,7470.399999999939
2014-10-01,-237.49999999992588
2014-10-02,-6174.070000000145
2014-10-03,-13214.399999999883
2014-10-06,-10520.990000000025
2014-10-07,-29236.010000000075
2014-10-08,-3645.9799999999304
2014-10-09,-28462.654999999944
2014-10-10,16195.844999999897
2014-10-13,-21023.754999999954
2014-10-14,-24800.455000000067
2014-10-15,-12047.909999999916
2014-10-16,10219.499999999973
2014-10-17,16575.644999999957
2014-10-20,1728.100000000033
2014-10-21,-10741.199999999992
2014-10-22,4566.62500000005
2014-10-23,-4302.740000000136
2014-10-24,5044.390000000044
2014-10-27,-13560.254999999932
2014-10-28,-35.565000000052706
2014-10-29,-12426.659999999976
2014-10-30,5340.9600000000055
2014-10-31,452.1999999999416
2014-11-03,-8175.054999999988
2014-11-04,-9666.855000000014
2014-11-05,4334.400000000036
2014-11-06,-2349.600000000053
2014-11-07,2900.0000000000828
2014-11-10,1806.8449999999598
2014-11-11,-7390.199999999989
2014-11-12,4976.900000000056
2014-11-13,-12396.900000000045
2014-11-14,11123.829999999993
2014-11-17,-18656.065000000046
2014-11-18,1365.689999999977
2014-11-19,-1548.399999999896
2014-11-20,-5443.630000000058
2014-11-21,2921.0899999999942
2014-11-24,-2542.400000000004
2014-11-25,-10814.099999999975
2014-11-26,-5067.400000000014
2014-11-27,-7179.599999999991
2014-11-28,-3022.1799999999607
2014-12-01,21335.644999999946
2014-12-02,2752.779999999983
2014-12-03,-10473.914999999985
2014-12-04,-2128.855000000027
2014-12-05,-10782.009999999967
2014-12-08,-1827.9549999999892
2014-12-09,-10965.865000000016
2014-12-10,-3185.5000000000437
2014-12-11,7620.390000000026
2014-12-12,-5184.054999999967
2014-12-15,12545.644999999926
2014-12-16,-610.454999999988
2014-12-17,8126.990000000027
2014-12-18,1650.9450000000002
2014-12-19,2594.799999999992
2014-12-22,-2733.589999999951
2014-12-23,12496.200000000043
2014-12-24,-13132.2
2014-12-25,-3342.400000000036
2014-12-26,-370.30999999998835
2014-12-29,-13701.589999999978
2014-12-30,-6103.055000000047
2014-12-31,10391.745000000023
2015-01-01,8489.470000000005
2015-01-02,-25721.07999999995
2015-01-05,-22055.345000000023
2015-01-06,-8908.925000000028
2015-01-07,-4448.79999999999
2015-01-08,206.60000000004584
2015-01-09,-9194.600000000046
2015-01-12,-17.05499999996289
2015-01-13,-20915.455000000027
2015-01-14,-5881.265000000018
2015-01-15,-2115.754999999993
2015-01-16,-6152.30000000002
2015-01-19,4653.105000000024
2015-01-20,-5028.564999999967
2015-01-21,-2635.665000000011
2015-01-22,-468.3300000000222
2015-01-23,-8352.599999999959
2015-01-26,6463.069999999992
2015-01-27,-1684.9099999999896
2015-01-28,7729.499999999995
2015-01-29,10878.589999999976
2015-01-30,3047.9050000000534
2015-02-02,-11908.350000000031
2015-02-03,243.14500000001897
2015-02-04,-6520.310000000008
2015-02-05,3531.7299999999773
2015-02-06,15504.37500000003
2015-02-09,-9328.854999999969
2015-02-10,-4097.555000000006
2015-02-11,-8270.400000000014
2015-02-12,8656.559999999985
2015-02-13,2883.6050000000646
2015-02-16,226.54500000000638
2015-02-17,-6915.220000000019
2015-02-18,3130.490000000005
2015-02-19,12594.045
2015-02-20,8931.284999999983
2015-02-23,2586.8349999999973
2015-02-24,-8213.770000000011
2015-02-25,17244.135000000024
2015-02-26,1315.7300000000118
2015-02-27,9703.884999999971
2015-03-02,-7185.519999999948
2015-03-03,-1449.0999999999967
2015-03-04,704.2900000000081
2015-03-05,-11714.65499999997
2015-03-06,1223.2999999999433
2015-03-09,4711.600000000033
2015-03-10,-1836.4600000000132
2015-03-11,3746.050000000055
2015-03-12,-5657.99500000003
2015-03-13,-6995.255
2015-03-16,5609.209999999974
2015-03-17,8361.400000000014
2015-03-18,6887.999999999986
2015-03-19,-4146.549999999999
2015-03-20,-15203.485000000046
2015-03-23,-1245.5049999999364
2015-03-24,-9304.60000000001
2015-03-25,-786.1550000000558
2015-03-26,-3215.9099999999776
2015-03-27,1013.8900000000529
2015-03-30,7084.299999999981
2015-03-31,-6012.610000000004
2015-04-01,-2499.154999999984
2015-04-02,-4775.235000000027
2015-04-03,0.0
2015-04-06,8812.279999999968
2015-04-07,4388.400000000008
2015-04-08,-1791.6300000000083
2015-04-09,16633.699999999968
2015-04-10,-2252.200000000005
2015-04-13,-3843.399999999991
2015-04-14,5003.099999999986
2015-04-15,12116.20000000004
2015-04-16,59.02999999995944
2015-04-17,-7735.800000000036
2015-04-20,1602.1000000000167
2015-04-21,-9290.809999999967
2015-04-22,11437.334999999994
2015-04-23,9913.100000000006
2015-04-24,4935.400000000032
2015-04-27,-17675.30500000002
2015-04-28,-6118.2999999999965
2015-04-29,-5640.5000000000655
2015-04-30,2345.9450000000506
2015-05-01,1650.7149999999895
2015-05-04,-10738.499999999965
2015-05-05,-2869.7000000000444
2015-05-06,-40.35499999995079
2015-05-07,491.10000000001446
2015-05-08,-5528.900000000033
2015-05-11,1777.7449999999699
2015-05-12,9420.999999999998
2015-05-13,-9447.554999999937
2015-05-14,13986.145000000019
2015-05-15,-4311.420000000016
2015-05-18,-864.600000000019
2015-05-19,690.4000000000135
2015-05-20,9489.39999999998
2015-05-21,4201.699999999984
2015-05-22,3837.5400000000027
2015-05-25,1160.1949999999802
2015-05-26,-8258.52499999997
2015-05-27,-10337.464999999993
2015-05-28,12896.430000000022
2015-05-29,7451.829999999992
2015-06-01,5462.974999999999
2015-06-02,-1888.874999999977
2015-06-03,1665.589999999955
2015-06-04,-5045.754999999957
2015-06-05,9185.545000000055
2015-06-08,-6619.200000000054
2015-06-09,7098.499999999989
2015-06-10,4767.444999999981
2015-06-11,-1185.2999999999624
2015-06-12,-1189.5550000000471
2015-06-15,-11718.954999999933
2015-06-16,-691.8400000000298
2015-06-17,-7868.6549999999725
2015-06-18,-6159.8549999999605
2015-06-19,-1684.9550000000263
2015-06-22,9469.389999999883
2015-06-23,19344.345000000052
2015-06-24,-13595.910000000022
2015-06-25,-13918.300000000028
2015-06-26,8386.595000000043
2015-06-29,2510.404999999987
2015-06-30,-6225.06499999993
2015-07-01,-4346.5950000001285
2015-07-02,-6530.394999999923
2015-07-03,-2306.799999999981
2015-07-06,-7993.365000000017
2015-07-07,21429.020000000004
2015-07-08,-1149.2000000000312
2015-07-09,-5171.675000000007
2015-07-10,-14272.610000000019
2015-07-13,-18578.60000000001
2015-07-14,11593.190000000102
2015-07-15,-8526.515000000074
2015-07-16,227.7000000000105
2015-07-17,14495.929999999911
2015-07-20,23141.67500000002
2015-07-21,-7812.61000000003
2015-07-22,-4680.959999999993
2015-07-23,5613.839999999968
2015-07-24,-7567.080000000031
2015-07-27,2107.540000000013
2015-07-28,4584.844999999983
2015-07-29,-5307.455000000023
2015-07-30,9888.644999999982
2015-07-31,-1991.154999999978
2015-08-03,-1405.9949999999817
2015-08-04,-5949.00000000008
2015-08-05,-1500.3250000000655
2015-08-06,8225.090000000095
2015-08-07,-10556.010000000007
2015-08-10,4954.100000000024
2015-08-11,-4319.120000000062
2015-08-12,-7318.284999999936
2015-08-13,7070.119999999901
2015-08-14,-5139.184999999986
2015-08-17,-7890.814999999925
2015-08-18,2254.2999999999156
2015-08-19,-23495.234999999935
2015-08-20,-15956.795000000044
2015-08-21,-4803.225000000052
2015-08-24,-8365.339999999962
2015-08-25,-3460.8600000000415
2015-08-26,17470.8900000001
2015-08-27,11537.04499999991
2015-08-28,12837.260000000013
2015-08-31,27330.65999999999
2015-09-01,-15067.600000000017
2015-09-02,15789.04500000003
2015-09-03,-3897.0000000000123
2015-09-04,1474.190000000029
2015-09-07,-2382.8550000000273
2015-09-08,-5636.084999999954
2015-09-09,69.51499999992993
2015-09-10,-1431.1999999999668
2015-09-11,-7958.770000000031
2015-09-14,-6495.954999999916
2015-09-15,2366.444999999947
2015-09-16,-8698.524999999994
2015-09-17,-4866.095000000079
2015-09-18,-751.3549999998953
2015-09-21,9050.999999999938
2015-09-22,7328.54500000005
2015-09-23,-7830.534999999987
2015-09-24,-16107.570000000078
2015-09-25,9001.629999999994
2015-09-28,6062.120000000032
2015-09-29,6202.494999999954
2015-09-30,20030.2
2015-10-01,4424.399999999941
2015-10-02,-26843.899999999925
2015-10-05,10724.68499999994
2015-10-06,2489.6000000000768
2015-10-07,-16076.755000000052
2015-10-08,3202.3750000000587
2015-10-09,-12343.095000000012
2015-10-12,234.01999999997045
2015-10-13,1823.6450000000284
2015-10-14,-23200.355000000043
2015-10-15,12347.335000000046
2015-10-16,-2247.2400000000316
2015-10-19,-7489.425000000009
2015-10-20,-8763.09000000004
2015-10-21,17000.959999999945
2015-10-22,-5437.135000000017
2015-10-23,-7472.49999999998
2015-10-26,18915.510000000068
2015-10-27,-6704.590000000027
2015-10-28,13733.73000000004
2015-10-29,11834.01999999993
2015-10-30,4646.800000000027
2015-11-02,2732.0000000000127
2015-11-03,15403.044999999987
2015-11-04,706.000000000053
2015-11-05,-9649.900000000034
2015-11-06,3651.8899999999976
2015-11-09,-8979.455000000007
2015-11-10,4831.845000000016
2015-11-11,8067.000000000015
2015-11-12,-6540.509999999992
2015-11-13,-14948.800000000032
2015-11-16,-6383.310000000003
2015-11-17,5488.189999999998
2015-11-18,366.4900000000292
2015-11-19,2022.2099999999928
2015-11-20,11841.704999999993
2015-11-23,5672.570000000034
2015-11-24,-14387.154999999992
2015-11-25,6170.599999999999
2015-11-26,324.3249999999657
2015-11-27,5713.004999999941
2015-11-30,-8742.25499999998
2015-12-01,1509.8549999999493
2015-12-02,6151.034999999938
2015-12-03,10615.430000000013
2015-12-04,-11179.27999999998
2015-12-07,-6106.425000000013
2015-12-08,-4472.599999999991
2015-12-09,12720.544999999998
2015-12-10,3450.14
2015-12-11,-15155.000000000025
2015-12-14,23887.600000000057
2015-12-15,4603.600000000033
2015-12-16,-24228.670000000067
2015-12-17,20513.144999999993
2015-12-18,-5606.16499999996
2015-12-21,-33564.73500000009
2015-12-22,-8954.349999999902
2015-12-23,-7856.585000000054
2015-12-24,-13967.874999999964
2015-12-28,-19235.61500000001
2015-12-29,10172.959999999995
2015-12-30,-7964.719999999897
2015-12-31,5817.234999999968
2016-01-04,-13044.610000000015
2016-01-05,-8486.955000000018
2016-01-06,-22155.71499999993
2016-01-07,141.759999999956
2016-01-08,11987.940000000039
2016-01-11,-12131.750000000065
2016-01-12,-4955.23999999995
2016-01-13,-1041.9550000000154
2016-01-14,8360.144999999924
2016-01-15,-13407.999999999918
2016-01-18,-5857.370000000021
2016-01-19,-11008.479999999996
2016-01-20,-21599.955000000034
2016-01-21,2019.7199999999787
2016-01-22,-1300.9399999999903
2016-01-25,1181.1299999999792
2016-01-26,-8060.104999999983
2016-01-27,-6805.705000000027
2016-01-28,-12281.094999999981
2016-01-29,16288.37
2016-02-01,-12127.835000000037
2016-02-02,-3076.8000000000193
2016-02-03,-21078.039999999903
2016-02-04,-3931.155000000075
2016-02-05,322.73000000008625
2016-02-08,-813.3100000000613
2016-02-09,10664.000000000065
2016-02-10,-9957.50000000002
2016-02-11,-9135.355000000069
2016-02-12,-9397.029999999942
2016-02-15,-14692.25500000002
2016-02-16,16194.515000000001
2016-02-17,-1802.929999999976
2016-02-18,-5690.200000000019
2016-02-19,-2186.6349999999993
2016-02-22,-2839.904999999972
2016-02-23,-1652.3700000000063
2016-02-24,-13487.840000000071
2016-02-25,-15405.29999999994
2016-02-26,-5991.255000000047
2016-02-29,-13406.329999999989
2016-03-01,873.5600000000236
2016-03-02,143.29000000000428
2016-03-03,7853.999999999999
2016-03-04,2530.61999999995
2016-03-07,-15487.484999999977
2016-03-08,-5662.4500000000035
2016-03-09,-4364.80000000001
2016-03-10,8104.0449999999855
2016-03-11,89.00000000001728
2016-03-14,6543.999999999995
2016-03-15,-3482.9549999999945
2016-03-16,-4217.954999999992
2016-03-17,2722.90499999994
2016-03-18,2818.4499999999907
2016-03-21,-6167.874999999935
2016-03-22,11767.15999999999
2016-03-23,6593.740000000009
2016-03-24,-5524.140000000021
2016-03-28,10217.139999999998
2016-03-29,13286.400000000025
2016-03-30,-4635.554999999985
2016-03-31,-27455.955000000013
2016-04-01,18054.714999999967
2016-04-04,10293.245000000023
2016-04-05,-2636.1000000000213
2016-04-06,-9080.799999999981
2016-04-07,8316.999999999956
2016-04-08,-15505.10999999993
2016-04-11,-7387.26500000005
2016-04-12,2928.2450000000104
2016-04-13,21124.09
2016-04-14,-10379.26499999999
2016-04-15,10516.079999999978
2016-04-18,13203.745000000054
2016-04-19,25455.634999999947
2016-04-20,3443.4800000000787
2016-04-21,-4184.950000000046
2016-04-22,-17920.409999999993
2016-04-25,7949.844999999977
2016-04-26,-8585.754999999992
2016-04-27,2724.000000000002
2016-04-28,17444.19999999999
2016-04-29,8184.3150000000105
2016-05-02,8756.775000000052
2016-05-03,-3492.2250000000054
2016-05-04,-9373.604999999978
2016-05-05,-7260.330000000052
2016-05-06,2281.6049999999655
2016-05-09,-4949.029999999987
2016-05-10,19475.314999999995
2016-05-11,-8900.695000000016
2016-05-12,5411.235000000026
2016-05-13,-9759.954999999989
2016-05-16,-4713.070000000018
2016-05-17,-3027.3999999999687
2016-05-18,-4876.0700000000215
2016-05-19,-2641.6749999999915
2016-05-20,6237.279999999965
2016-05-23,-1692.83000000003
2016-05-24,-1785.149999999937
2016-05-25,9574.479999999981
2016-05-26,1409.4099999999992
2016-05-27,-3840.854999999992
2016-05-30,-2821.199999999969
2016-05-31,-11821.840000000046
2016-06-01,13067.015000000029
2016-06-02,10973.99999999996
2016-06-03,14551.24500000004
2016-06-06,9921.689999999964
2016-06-07,-5554.799999999995
2016-06-08,9487.725000000033
2016-06-09,-9294.55500000002
2016-06-10,7832.2449999999635
2016-06-13,14640.220000000056
2016-06-14,10536.769999999951
2016-06-15,-4006.5099999999366
2016-06-16,-1043.0000000000146
2016-06-17,1654.7800000000007
2016-06-20,-18946.200000000008
2016-06-21,-24910.974999999973
2016-06-22,957.7800000000152
2016-06-23,-7145.349999999962
2016-06-24,22050.914999999968
2016-06-27,12983.549999999987
2016-06-28,-13976.469999999958
2016-06-29,-3129.380000000023
2016-06-30,8858.044999999984
2016-07-01,2592.850000000042
2016-07-04,2439.1999999999844
2016-07-05,-7040.855000000033
2016-07-06,-4235.049999999993
2016-07-07,3905.3050000000335
2016-07-08,10310.110000000004
2016-07-11,-2385.7800000000116
2016-07-12,-9183.110000000032
2016-07-13,14966.229999999989
2016-07-14,-15614.524999999983
2016-07-15,-4104.799999999996
2016-07-18,10927.490000000043
2016-07-19,-3947.700000000008
2016-07-20,-9780.030000000042
2016-07-21,6452.719999999998
2016-07-22,-6956.759999999956
2016-07-25,45.490000000000464
2016-07-26,6138.599999999997
2016-07-27,14232.389999999956
2016-07-28,23175.089999999975
2016-07-29,5075.590000000014
2016-08-01,-16007.000000000004
2016-08-02,2565.6150000000093
2016-08-03,-7426.5799999999535
2016-08-04,1611.6900000000185
2016-08-05,-14716.270000000051
2016-08-08,1562.0200000000036
2016-08-09,-4858.02499999998
2016-08-10,4184.87499999997
2016-08-11,-13947.934999999969
2016-08-12,-16031.045000000002
2016-08-15,2920.020000000003
2016-08-16,65.894999999969
2016-08-17,-4079.39499999999
2016-08-18,-647.7000000000146
2016-08-19,-13069.57499999999
2016-08-22,17046.369999999988
2016-08-23,530.3900000000252
2016-08-24,3163.8800000000047
2016-08-25,-2263.3100000000322
2016-08-26,9049.370000000006
2016-08-29,2235.0650000000173
2016-08-30,-6384.615000000038
2016-08-31,9889.520000000059
2016-09-01,17298.914999999983
2016-09-02,3612.1150000000116
2016-09-05,-5720.895000000002
2016-09-06,13931.47000000005
2016-09-07,-19409.24499999998
2016-09-08,-5409.314999999929
2016-09-09,-880.0550000000457
2016-09-12,-5324.6549999999925
2016-09-13,3236.250000000019
2016-09-14,3186.7049999999817
2016-09-15,-2185.174999999941
2016-09-16,-2070.6950000000356
2016-09-19,1044.6549999999409
2016-09-20,6340.48999999998
2016-09-21,883.2650000000691
2016-09-22,-1652.7350000000322
2016-09-23,-5212.565000000008
2016-09-26,1411.909999999967
2016-09-27,-3430.7500000000064
2016-09-28,797.4850000000309
2016-09-29,-1116.2100000000053
2016-09-30,-1241.9049999999913
2016-10-03,1463.340000000016
2016-10-04,6943.44500000003
2016-10-05,2205.2449999999535
2016-10-06,-112.3549999999849
2016-10-07,13340.844999999994
2016-10-10,-10904.955000000005
2016-10-11,-7803.454999999988
2016-10-12,1065.394999999971
2016-10-13,-14144.400000000038
2016-10-14,152.39000000004148
2016-10-17,3763.000000000024
2016-10-18,-1051.1550000000107
2016-10-19,-4088.0950000000007
2016-10-20,948.7700000000195
2016-10-21,-11980.615000000058
2016-10-24,1723.3450000000148
2016-10-25,1391.1500000000074
2016-10-26,1134.500000000004
2016-10-27,258.5099999999708
2016-10-28,4511.855000000006
2016-10-31,-20819.28999999999
2016-11-01,8936.519999999986
2016-11-02,-12478.600000000035
2016-11-03,14056.405000000026
2016-11-04,4347.545000000028
2016-11-07,7376.994999999989
2016-11-08,-465.70499999996105
2016-11-09,14709.405000000006
2016-11-10,13750.214999999993
2016-11-11,-8614.83000000003
2016-11-14,9321.100000000015
2016-11-15,-7291.354999999994
2016-11-16,-7683.45499999997
2016-11-17,-392.80500000001086
2016-11-18,5846.850000000016
2016-11-21,8253.41999999999
2016-11-22,6994.4950000000335
2016-11-23,2520.225000000009
2016-11-24,5542.004999999996
2016-11-25,10494.314999999999
2016-11-28,11757.569999999996
2016-11-29,1398.9449999999952
2016-11-30,-10560.229999999983
2016-12-01,6903.005000000017
2016-12-02,-13303.794999999978
2016-12-05,8201.804999999971
2016-12-06,6142.289999999999
2016-12-07,4588.6899999999905
2016-12-08,-6055.400000000018
2016-12-09,-56.35499999995807
2016-12-12,-7054.84000000002
2016-12-13,-2364.8549999999977
2016-12-14,4407.590000000006
2016-12-15,5633.244999999996
2016-12-16,3873.0450000000064
2016-12-19,4527.669999999988
2016-12-20,-13290.355000000005
2016-12-21,18889.545000000016
2016-12-22,-2401.2200000000093
2016-12-23,-4058.7999999999856
2016-12-26,2044.4699999999882
2016-12-27,-8816.580000000002
2016-12-28,14763.415000000023
2016-12-29,-12116.385000000035
2016-12-30,-455.43500000001626
2017-01-02,-8138.400000000022
2017-01-03,-12960.854999999992
2017-01-04,-7816.254999999977
2017-01-05,-5076.384999999996
2017-01-06,-3265.1400000000353
2017-01-09,1611.1900000000628
2017-01-10,15948.744999999963
2017-01-11,2131.9900000000157
2017-01-12,-5358.055000000001
2017-01-13,1466.4999999999595
2017-01-16,1675.2000000000153
2017-01-17,-8114.609999999944
2017-01-18,8675.844999999958
2017-01-19,3431.185000000012
2017-01-20,-13766.050000000017
2017-01-23,-1126.1999999999798
2017-01-24,7389.260000000021
2017-01-25,8777.76000000001
2017-01-26,-10305.78
2017-01-27,10834.38999999999
2017-01-30,-7622.599999999967
2017-01-31,-9524.85500000002
2017-02-01,-15397.099999999973
2017-02-02,9609.534999999967
2017-02-03,-2768.755000000004
2017-02-06,18016.22500000001
2017-02-07,13506.999999999978
2017-02-08,-19117.454999999973
2017-02-09,-14357.54999999999
2017-02-10,-14737.795000000022
2017-02-13,-7519.610000000008
2017-02-14,7411.050000000002
2017-02-15,-9617.394999999993
2017-02-16,245.8049999999846
2017-02-17,13819.525000000067
2017-02-20,-3071.2049999999967
2017-02-21,-6022.39500000004
2017-02-22,-9283.019999999948
2017-02-23,68.6049999999637
2017-02-24,9033.199999999975
2017-02-27,1942.1700000000046
2017-02-28,9424.290000000006
2017-03-01,-3142.454999999979
2017-03-02,5087.090000000023
2017-03-03,-8773.610000000053
2017-03-06,-1885.3000000000084
2017-03-07,-283.2000000000244
2017-03-08,26376.344999999998
2017-03-09,9865.00000000003
2017-03-10,17162.799999999992
2017-03-13,13387.200000000048
2017-03-14,-10599.254999999983
2017-03-15,-2649.000000000039
2017-03-16,1387.799999999991
2017-03-17,-3140.399999999988
2017-03-20,8996.804999999958
2017-03-21,9597.29000000005
2017-03-22,9690.100000000004
2017-03-23,5727.844999999967
2017-03-24,-17389.18000000002
2017-03-27,-10214.355000000009
2017-03-28,-6286.954999999965
2017-03-29,-9519.604999999978
2017-03-30,-3490.800000000043
2017-03-31,-21946.754999999994
2017-04-03,-8048.210000000001
2017-04-04,-2980.1549999999793
2017-04-05,2647.9899999999734
2017-04-06,7213.999999999965
2017-04-07,-1713.35499999992
2017-04-10,-13465.400000000023
2017-04-11,1505.144999999994
2017-04-12,2726.7999999999993
2017-04-13,9417.74500000002
2017-04-17,5708.589999999993
2017-04-18,5418.489999999977
2017-04-19,12502.390000000045
2017-04-20,8632.164999999997
2017-04-21,5596.280000000013
2017-04-24,3364.310000000004
2017-04-25,-2006.6099999999913
2017-04-26,16663.64
2017-04-27,12379.744999999999
2017-04-28,15540.244999999994
2017-05-01,-16372.610000000039
2017-05-02,12646.115000000016
2017-05-03,17319.600000000057
2017-05-04,34527.44499999994
2017-05-05,-18448.899999999918
2017-05-08,-2812.1650000000254
2017-05-09,8921.39999999999
2017-05-10,-17454.700000000023
2017-05-11,-1784.155000000003
2017-05-12,4112.690000000035
2017-05-15,-9781.455000000038
2017-05-16,6845.04500000004
2017-05-17,-10694.255000000014
2017-05-18,-8962.60500000003
2017-05-19,-8132.734999999988
2017-05-22,451.1849999999872
2017-05-23,-4405.455000000018
2017-05-24,-5257.255000000005
2017-05-25,18179.445000000032
2017-05-26,-17408.80000000003
2017-05-29,-5562.254999999993
2017-05-30,1023.920000000036
2017-05-31,11243.404999999917
2017-06-01,5754.870000000051
2017-06-02,6596.724999999998
2017-06-05,-2821.5950000000275
2017-06-06,-2677.400000000048
2017-06-07,-1239.7549999999783
2017-06-08,3157.750000000015
2017-06-09,-4438.855000000024
2017-06-12,5236.000000000077
2017-06-13,-7302.315000000013
2017-06-14,12824.664999999934
2017-06-15,-7103.934999999918
2017-06-16,-11568.410000000025
2017-06-19,1502.3349999999389
2017-06-20,5459.790000000064
2017-06-21,7414.789999999976
2017-06-22,-10575.655000000037
2017-06-23,2498.8599999999956
2017-06-26,420.70999999997315
2017-06-27,-663.2499999999285
2017-06-28,675.699999999988
2017-06-29,-12643.750000000018
2017-06-30,-20282.65999999992
2017-07-03,-18191.190000000024
2017-07-04,1868.8000000000034
2017-07-05,-6045.515000000051
2017-07-06,-8697.709999999943
2017-07-07,-11219.555000000015
2017-07-10,-18960.300000000065
2017-07-11,7339.885000000059
2017-07-12,6941.090000000032
2017-07-13,9365.299999999983
2017-07-14,-307.7100000000362
2017-07-17,7848.444999999972
2017-07-18,9152.100000000055
2017-07-19,-1614.6100000000376
2017-07-20,-3189.584999999993
2017-07-21,15669.009999999982
2017-07-24,6480.14000000004
2017-07-25,10205.199999999963
2017-07-26,8472.599999999919
2017-07-27,-4078.399999999925
2017-07-28,4820.045000000024
2017-07-31,2097.4049999999506
2017-08-01,-2142.2500000000164
2017-08-02,3453.605000000003
2017-08-03,756.6500000000467
2017-08-04,-9140.600000000082
2017-08-07,6017.400000000087
2017-08-08,11902.94499999997
2017-08-09,20356.54499999992
2017-08-10,24750.36500000003
2017-08-11,717.6200000000217
2017-08-14,-4096.280000000002
2017-08-15,-3501.495000000062
2017-08-16,10506.265000000087
2017-08-17,2419.8650000000025
2017-08-18,-13320.850000000031
2017-08-21,2532.4000000000187
2017-08-22,-6127.655
2017-08-23,9867.584999999997
2017-08-24,-11589.700000000092
2017-08-25,5336.600000000013
2017-08-28,10491.30000000004
2017-08-29,-6277.755000000026
2017-08-30,405.25000000005883
2017-08-31,-4107.245000000001
2017-09-01,3394.555000000053
2017-09-04,147.7399999999498
2017-09-05,10962.905000000013
2017-09-06,-7008.450000000042
2017-09-07,6934.100000000075
2017-09-08,-2611.1549999999957
2017-09-11,-9124.600000000033
2017-09-12,-3297.154999999976
2017-09-13,-8543.95500000003
2017-09-14,3502.8450000000835
2017-09-15,-6142.855000000061
2017-09-18,-11441.654999999988
2017-09-19,2159.1999999999416
2017-09-20,-18765.554999999957
2017-09-21,-5541.649999999992
2017-09-22,-10449.709999999972
2017-09-25,16443.124999999967
2017-09-26,-2112.354999999984
2017-09-27,-3875.7000000000244
2017-09-28,810.0849999999995
2017-09-29,2131.800000000029
2017-10-02,10385.900000000007
2017-10-03,-2856.055000000064
2017-10-04,-22.299999999986312
2017-10-05,-438.4099999999919
2017-10-06,1380.3400000000215
2017-10-09,9154.39999999998
2017-10-10,5430.744999999964
2017-10-11,5800.54499999999
2017-10-12,-5532.469999999978
2017-10-13,876.0349999999465
2017-10-16,-973.1549999999773
2017-10-17,-10043.25499999996
2017-10-18,-3456.254999999998
2017-10-19,11415.474999999997
2017-10-20,-1596.3750000000014
2017-10-23,-14612.395000000004
2017-10-24,-12026.519999999973
2017-10-25,5461.059999999986
2017-10-26,-5239.210000000045
2017-10-27,-2968.159999999963
2017-10-30,-1474.9050000000216
2017-10-31,3333.7000000000253
2017-11-01,-131.0300000000433
2017-11-02,-1617.0100000000396
2017-11-03,-1990.5549999999917
2017-11-06,15110.990000000016
2017-11-07,-2276.2550000000147
2017-11-08,5011.900000000032
2017-11-09,8295.094999999943
2017-11-10,-6286.855000000024
2017-11-13,8545.800000000047
2017-11-14,-3148.8550000000114
2017-11-15,1954.8499999999865
2017-11-16,487.8000000000211
2017-11-17,-2986.9000000000083
2017-11-20,-2360.4400000000182
2017-11-21,-6215.395000000033
2017-11-22,5377.930000000053
2017-11-23,1241.3999999999983
2017-11-24,12200.445000000007
2017-11-27,2998.575
2017-11-28,1149.0449999999705
2017-11-29,-25996.854999999967
2017-11-30,-2252.765000000028
2017-12-01,1332.0800000000493
2017-12-04,3672.9900000000457
2017-12-05,-16809.510000000053
2017-12-06,2592.7450000000513
2017-12-07,-10982.499999999984
2017-12-08,6944.3599999999615
2017-12-11,5874.904999999964
2017-12-12,-6607.549999999953
2017-12-13,5472.205000000005
2017-12-14,3379.950000000048
2017-12-15,4667.499999999946
2017-12-18,3214.4600000000087
2017-12-19,3860.490000000029
2017-12-20,8454.999999999989
2017-12-21,-4144.999999999996
2017-12-22,14920.244999999966
2017-12-25,-759.9999999999143
2017-12-26,8270.829999999876
2017-12-27,-9162.844999999921
2017-12-28,10314.84999999999
2017-12-29,5425.599999999957
2018-01-01,4781.4000000000415
2018-01-02,-8074.59000000004
2018-01-03,3519.0100000000425
2018-01-04,4595.840000000016
2018-01-05,3133.844999999947
2018-01-08,21197.760000000075
2018-01-09,-5032.395000000044
2018-01-10,5010.504999999968
2018-01-11,8422.500000000075
2018-01-12,17172.434999999936
2018-01-15,328.8000000000636
2018-01-16,770.4249999998999
2018-01-17,-17205.659999999934
2018-01-18,-4176.009999999991
2018-01-19,-2463.455000000048
2018-01-22,-4455.854999999957
2018-01-23,12405.044999999995
2018-01-24,-8985.799999999961
2018-01-25,-6331.865000000063
2018-01-26,-99.68499999990686
2018-01-29,-17621.55500000005
2018-01-30,-21128.5
2018-01-31,8011.3450000000175
2018-02-01,-1174.5400000000673
2018-02-02,-2670.9650000000065
2018-02-05,5771.395000000065
2018-02-06,-25890.55000000007
2018-02-07,-26137.415000000026
2018-02-08,3562.790000000042
2018-02-09,-7129.310000000052
2018-02-12,-21134.154999999962
2018-02-13,2448.030000000017
2018-02-14,15563.869999999913
2018-02-15,-12795.115000000003
2018-02-16,-2081.6849999999076
2018-02-19,4391.369999999936
2018-02-20,-3224.024999999919
2018-02-21,-559.6250000000067
2018-02-22,3512.4999999999195
2018-02-23,-4926.669999999975
2018-02-26,-5527.109999999965
2018-02-27,-16109.80500000011
2018-02-28,-18306.769999999942
2018-03-01,-23463.989999999987
2018-03-02,14664.51
2018-03-05,-9461.435000000085
2018-03-06,16609.000000000127
2018-03-07,-7503.465000000033
2018-03-08,-2051.304999999995
2018-03-09,-176.03500000004368
2018-03-12,6753.145000000007
2018-03-13,-3920.309999999955
2018-03-14,-1761.91000000008
2018-03-15,-11319.495000000024
2018-03-16,4850.390000000029
2018-03-19,15482.244999999955
2018-03-20,-9639.809999999943
2018-03-21,18007.344999999856
2018-03-22,-7598.0549999999475
2018-03-23,9606.144999999984
2018-03-26,14444.230000000014
2018-03-27,-694.0050000000329
2018-03-28,-16109.754999999965
2018-03-29,-5298.039999999996
2018-04-02,20269.21500000007
2018-04-03,2424.9999999999404
2018-04-04,-11284.999999999956
2018-04-05,-16892.255000000016
2018-04-06,6370.489999999965
2018-04-09,-10004.754999999946
2018-04-10,9500.735000000011
2018-04-11,7612.989999999936
2018-04-12,-20459.754999999986
2018-04-13,12812.499999999993
2018-04-16,11780.490000000076
2018-04-17,-1627.010000000046
2018-04-18,6235.340000000047
2018-04-19,-2669.8850000000984
2018-04-20,2586.4449999999683
2018-04-23,-11077.894999999946
2018-04-24,14591.945000000089
2018-04-25,-13048.095000000121
2018-04-26,4855.880000000088
2018-04-27,-11609.510000000091
2018-04-30,2189.310000000048
2018-05-01,643.9499999999649
2018-05-02,1221.2449999999585
2018-05-03,-397.2499999999394
2018-05-04,-3738.9100000000235
2018-05-07,1619.0050000000144
2018-05-08,-12802.010000000048
2018-05-09,464.8500000000812
2018-05-10,6983.299999999999
2018-05-11,11964.795000000046
2018-05-14,-19457.55000000005
2018-05-15,-14960.399999999914
2018-05-16,34.24499999996226
2018-05-17,6714.250000000007
2018-05-18,5063.800000000009
2018-05-21,-6736.465000000004
2018-05-22,3461.8449999999266
2018-05-23,-4037.0000000000127
2018-05-24,11270.89500000005
2018-05-25,7294.229999999975
2018-05-28,1325.6500000000028
2018-05-29,-3738.925000000061
2018-05-30,2963.1900000000273
2018-05-31,10539.99999999996
2018-06-01,1441.96000000005
2018-06-04,9135.24499999988
2018-06-05,1380.245000000002
2018-06-06,7290.245000000002
2018-06-07,11587.990000000022
2018-06-08,-947.0600000000372
2018-06-11,14047.940000000039
2018-06-12,-15286.080000000054
2018-06-13,2258.2349999999806
2018-06-14,13450.000000000091
2018-06-15,-6660.69000000004
2018-06-18,-11245.940000000037
2018-06-19,5015.245000000027
2018-06-20,6859.064999999981
2018-06-21,895.4149999999571
2018-06-22,-14520.06
2018-06-25,5788.200000000043
2018-06-26,-9670.150000000023
2018-06-27,-9830.569999999932
2018-06-28,-3648.3499999999844
2018-06-29,3236.02999999996
2018-07-02,5834.004999999917
2018-07-03,1136.3750000000646
2018-07-04,-1289.5100000000298
2018-07-05,-1732.0399999999554
2018-07-06,-14164.250000000004
2018-07-09,10102.434999999954
2018-07-10,-974.6550000000117
2018-07-11,7354.535000000025
2018-07-12,-2101.8550000000087
2018-07-13,3286.4449999999556
2018-07-16,9155.320000000067
2018-07-17,-8989.36500000007
2018-07-18,-474.9999999999318
2018-07-19,372.59999999988463
2018-07-20,6020.880000000112
2018-07-23,-15911.22500000004
2018-07-24,-1351.5550000000526
2018-07-25,8046.555000000059
2018-07-26,-7214.554999999942
2018-07-27,4938.3999999999705
2018-07-30,-5858.900000000049
2018-07-31,-2905.0999999999767
2018-08-01,8383.984999999986
2018-08-02,624.099999999974
2018-08-03,1806.790000000031
2018-08-06,5866.689999999948
2018-08-07,-4155.855000000028
2018-08-08,16465.100000000042
2018-08-09,-13570.555000000046
2018-08-10,9754.89000000004
2018-08-13,-18824.15500000005
2018-08-14,318.9449999999848
2018-08-15,-7344.189999999936
2018-08-16,-15787.110000000048
2018-08-17,8078.960000000007
2018-08-20,2631.3350000000537
2018-08-21,4804.159999999963
2018-08-22,8954.700000000012
2018-08-23,14293.09999999997
2018-08-24,-14037.739999999993
2018-08-27,-6194.89999999996
2018-08-28,9074.144999999955
2018-08-29,3564.200000000001
2018-08-30,3852.599999999907
2018-08-31,-6320.979999999908
2018-09-03,-7819.929999999935
2018-09-04,-5511.7500000001055
2018-09-05,1007.6049999999696
2018-09-06,-7072.455000000038
2018-09-07,-4155.054999999968
2018-09-10,1927.9999999999925
2018-09-11,9822.650000000023
2018-09-12,10193.349999999971
2018-09-13,-2536.4650000000024
2018-09-14,2655.2150000000324
2018-09-17,8115.120000000018
2018-09-18,13127.844999999945
2018-09-19,-2771.909999999987
2018-09-20,-7260.919999999981
2018-09-21,-1903.7100000000767
2018-09-24,-1169.9349999999538
2018-09-25,-4568.455000000023
2018-09-26,-5222.999999999878
2018-09-27,-1023.0550000001266
2018-09-28,4699.545000000035
2018-10-01,-9294.109999999968
2018-10-02,6697.135000000024
2018-10-03,6401.889999999938
2018-10-04,-2646.7999999999647
2018-10-05,-7173.3999999999805
2018-10-08,3359.1999999999252
2018-10-09,1603.945000000132
2018-10-10,878.2699999999631
2018-10-11,9776.199999999924
2018-10-12,-15619.055
2018-10-15,2423.20000000002
2018-10-16,-3643.5100000000302
2018-10-17,8822.49000000005
2018-10-18,11505.215000000066
2018-10-19,3360.399999999945
2018-10-22,-9770.76999999998
2018-10-23,1938.3449999999507
2018-10-24,-802.7399999999743
2018-10-25,3087.5449999999482
2018-10-26,173.7650000000816
2018-10-29,-6682.6100000000715
2018-10-30,1581.9900000000414
2018-10-31,-151.61500000002098
2018-11-01,-4363.659999999992
2018-11-02,445.134999999952
2018-11-05,6645.799999999988
2018-11-06,7220.035000000063
2018-11-07,-8960.705000000022
2018-11-08,9658.700000000063
2018-11-09,-629.9950000000314
2018-11-12,17504.540000000023
2018-11-13,5350.744999999987
2018-11-14,14739.394999999999
2018-11-15,-19630.509999999977
2018-11-16,8044.399999999919
2018-11-19,5404.64500000007
2018-11-20,5727.399999999987
2018-11-21,4357.309999999994
2018-11-22,-4469.799999999967
2018-11-23,-7338.274999999995
2018-11-26,17090.804999999953
2018-11-27,-3859.8099999999545
2018-11-28,-5710.485000000041
2018-11-29,-3802.644999999958
2018-11-30,-3409.9399999999864
2018-12-03,-5879.540000000014
2018-12-04,6275.535000000047
2018-12-05,-3739.8550000000464
2018-12-06,802.0000000000266
2018-12-07,4922.645000000003
2018-12-10,-279.5100000000293
2018-12-11,3184.999999999989
2018-12-12,-6515.609999999948
2018-12-13,12222.47999999997
2018-12-14,-6593.810000000007
2018-12-17,-4977.354999999961
2018-12-18,9190.98999999996
2018-12-19,-4245.054999999999
2018-12-20,8847.480000000003
2018-12-21,5294.560000000006
2018-12-24,1020.3099999999977
2018-12-25,500.1999999999928
2018-12-26,6979.770000000038
2018-12-27,171.41499999998194
2018-12-28,-4416.554999999999
2018-12-31,-13252.109999999973
2019-01-01,893.5999999999922
2019-01-02,-8163.115000000034
2019-01-03,-11807.084999999954
2019-01-04,-7506.509999999987
2019-01-07,4999.879999999966
2019-01-08,10932.970000000028
2019-01-09,-5326.485000000004
2019-01-10,13273.514999999963
2019-01-11,2126.0250000000024
2019-01-14,-16424.35500000001
2019-01-15,22886.280000000006
2019-01-16,6084.354999999966
2019-01-17,-11671.055000000017
2019-01-18,-276.01000000001204
2019-01-21,-371.22499999998024
2019-01-22,-9267.210000000025
2019-01-23,4137.575000000033
2019-01-24,856.9149999999562
2019-01-25,-10647.619999999974
2019-01-28,-7240.564999999979
2019-01-29,3094.624999999986
2019-01-30,-358.19999999999357
2019-01-31,-656.0650000000231
2019-02-01,6955.790000000018
2019-02-04,-10005.154999999997
2019-02-05,9178.034999999998
2019-02-06,3195.945000000024
2019-02-07,-4285.100000000019
2019-02-08,12240.270000000015
2019-02-11,4657.545000000006
2019-02-12,-9714.000000000027
2019-02-13,7305.415000000012
2019-02-14,10585.815
2019-02-15,21.634999999994456
2019-02-18,-1356.9499999999998
2019-02-19,10510.414999999994
2019-02-20,5861.08000000001
2019-02-21,-10655.95500000001
2019-02-22,-725.3749999999834
2019-02-25,-7350.154999999977
2019-02-26,8444.70499999996
2019-02-27,9191.260000000082
2019-02-28,3777.0000000000155
2019-03-01,2958.494999999959
2019-03-04,-9412.50000000002
2019-03-05,7160.029999999965
2019-03-06,5460.530000000006
2019-03-07,2595.490000000011
2019-03-08,-6375.524999999894
2019-03-11,-2920.9550000000245
2019-03-12,2604.6900000000155
2019-03-13,2622.040000000002
2019-03-14,-5798.6950000000015
2019-03-15,-18036.894999999964
2019-03-18,4122.440000000005
2019-03-19,920.5200000000115
2019-03-20,-1510.525000000053
2019-03-21,-16856.02
2019-03-22,-7793.010000000022
2019-03-25,12298.295000000082
2019-03-26,12512.244999999935
2019-03-27,8912.745000000046
2019-03-28,1502.4900000000082
2019-03-29,32802.04499999996
2019-04-01,-5058.94000000002
2019-04-02,-1535.2999999999593
2019-04-03,2288.349999999979
2019-04-04,-24237.009999999984
2019-04-05,17448.740000000056
2019-04-08,4809.450000000015
2019-04-09,1436.600000000008
2019-04-10,-2710.5550000000235
2019-04-11,-1202.3249999999432
2019-04-12,-2581.2550000000747
2019-04-15,-12009.154999999924
2019-04-16,6254.099999999961
2019-04-17,4643.474999999972
2019-04-18,-1394.740000000035
2019-04-22,24508.22000000002
2019-04-23,13014.845
2019-04-24,15366.080000000033
2019-04-25,15738.89999999991
2019-04-26,-9871.974999999946
2019-04-29,3022.8449999999893
2019-04-30,4245.344999999997
2019-05-01,-2638.5000000000273
2019-05-02,-7386.699999999984
2019-05-03,7127.0449999999755
2019-05-06,17430.07500000005
2019-05-07,-9508.62500000003
2019-05-08,19008.165000000034
2019-05-09,8763.8
2019-05-10,2906.9099999999976
2019-05-13,-625.8900000000256
2019-05-14,-21668.759999999987
2019-05-15,-4660.919999999971
2019-05-16,-8384.164999999988
2019-05-17,4555.3350000000255
2019-05-20,-8041.830000000002
2019-05-21,-3835.310000000026
2019-05-22,-15021.040000000014
2019-05-23,-993.1000000000467
2019-05-24,1854.590000000046
2019-05-27,-1875.4800000000205
2019-05-28,-18853.54500000007
2019-05-29,-9811.69999999996
2019-05-30,-13348.509999999938
2019-05-31,-4564.120000000038
2019-06-03,5226.199999999979
2019-06-04,-16092.79999999996
2019-06-05,-4905.40000000002
2019-06-06,7536.9450000000015
2019-06-07,13088.14500000005
2019-06-10,-12160.455000000054
2019-06-11,-1750.0199999999804
2019-06-12,-12740.350000000064
2019-06-13,1936.0050000000524
2019-06-14,-2409.3600000000747
2019-06-17,-13246.754999999972
2019-06-18,6629.990000000041
2019-06-19,-826.0550000000698
2019-06-20,2384.9100000000817
2019-06-21,15907.864999999925
2019-06-24,23318.54500000004
2019-06-25,-3833.5100000000143
2019-06-26,1703.7449999999797
2019-06-27,3779.3900000000135
2019-06-28,4976.74500000003
2019-07-01,-6026.410000000034
2019-07-02,-13730.209999999954
2019-07-03,3182.0999999999426
2019-07-04,-2989.65499999998
2019-07-05,12853.184999999996
2019-07-08,-9.015000000007461
2019-07-09,-7153.499999999988
2019-07-10,2682.8999999999824
2019-07-11,223.99999999998454
2019-07-12,-7326.799999999953
2019-07-15,-5748.4999999999845
2019-07-16,-3180.7000000000335
2019-07-17,-9758.134999999984
2019-07-18,-3540.0000000000155
2019-07-19,-8921.354999999954
2019-07-22,334.76000000001426
2019-07-23,-8578.655
2019-07-24,-1449.2000000000248
2019-07-25,9993.165000000035
2019-07-26,-6224.565000000049
2019-07-29,7897.845000000027
2019-07-30,13386.400000000038
2019-07-31,17507.989999999958
2019-08-01,-11404.05499999998
2019-08-02,7018.790000000001
2019-08-05,-15200.655000000048
2019-08-06,7280.09000000003
2019-08-07,-7076.410000000003
2019-08-08,-972.9100000000092
2019-08-09,11769.400000000054
2019-08-12,13563.54499999999
2019-08-13,43149.08999999993
2019-08-14,-8824.119999999955
2019-08-15,6658.789999999983
2019-08-16,4021.000000000019
2019-08-19,-3379.010000000047
2019-08-20,-5175.399999999981
2019-08-21,-1010.3299999999881
2019-08-22,-1896.7850000000146
2019-08-23,10339.199999999997
2019-08-26,-8282.999999999975
2019-08-27,11178.179999999975
2019-08-28,1814.589999999987
2019-08-29,-692.9549999999934
2019-08-30,-4636.300000000015
2019-09-02,637.5049999999801
2019-09-03,-3918.6099999999988
2019-09-04,-100.51499999998174
2019-09-05,18970.089999999953
2019-09-06,16199.64000000002
2019-09-09,16652.455000000024
2019-09-10,-13595.240000000023
2019-09-11,-17442.834999999945
2019-09-12,-9210.455000000029
2019-09-13,-19.70999999997344
2019-09-16,49409.87500000001
2019-09-17,-18018.075000000026
2019-09-18,-4376.959999999993
2019-09-19,-3408.185000000016
2019-09-20,2318.5250000000365
2019-09-23,-15719.040000000043
2019-09-24,-7435.499999999955
2019-09-25,-6436.97000000001
2019-09-26,-406.5749999999783
2019-09-27,-2833.900000000052
2019-09-30,-16191.32499999996
2019-10-01,1049.3899999999624
2019-10-02,-6369.055000000016
2019-10-03,7915.100000000014
2019-10-04,5884.205000000069
2019-10-07,-3221.7400000000293
2019-10-08,-3568.4300000000326
2019-10-09,-7713.5099999999875
2019-10-10,4824.80499999998
2019-10-11,2986.345000000014
2019-10-14,756.5950000000049
2019-10-15,4523.604999999965
2019-10-16,285.070000000011
2019-10-17,11604.059999999978
2019-10-18,-723.924999999974
2019-10-21,-1904.6099999999624
2019-10-22,3199.0100000000125
2019-10-23,9077.77499999997
2019-10-24,1756.4999999999573
2019-10-25,-69.73999999997116
2019-10-28,14731.830000000013
2019-10-29,8195.844999999947
2019-10-30,2324.105000000036
2019-10-31,113.89999999997144
2019-11-01,13162.384999999987
2019-11-04,8932.689999999991
2019-11-05,4192.105000000008
2019-11-06,7733.305000000032
2019-11-07,8147.094999999955
2019-11-08,860.5950000000721
2019-11-11,-4663.600000000055
2019-11-12,2481.5899999999897
2019-11-13,6191.444999999997
2019-11-14,-4927.239999999991
2019-11-15,3895.9950000000435
2019-11-18,2796.45000000001
2019-11-19,-8107.900000000025
2019-11-20,23092.754999999994
2019-11-21,-17.679999999989946
2019-11-22,-7231.565000000041
2019-11-25,9749.130000000032
2019-11-26,-3861.254999999992
2019-11-27,-503.250000000034
2019-11-28,1552.1450000000277
2019-11-29,-14983.635000000017
2019-12-02,62.115000000041746
2019-12-03,1669.1899999999337
2019-12-04,2571.3450000000635
2019-12-05,1647.6449999999777
2019-12-06,-13847.865000000029
2019-12-09,-3053.209999999941
2019-12-10,-4621.269999999997
2019-12-11,1254.3999999999683
2019-12-12,-4517.954999999924
2019-12-13,9671.944999999914
2019-12-16,-4275.309999999955
2019-12-17,-3519.3100000000086
2019-12-18,-2348.2000000000353
2019-12-19,-4683.529999999968
2019-12-20,4241.915000000013
2019-12-23,-8988.500000000065
2019-12-24,-4023.409999999995
2019-12-25,-771.2599999999911
2019-12-26,9817.890000000001
2019-12-27,3873.6349999999916
2019-12-30,-8233.400000000063
2019-12-31,4169.944999999988
2020-01-01,-1277.054999999954
2020-01-02,-8963.564999999971
2020-01-03,12113.099999999995
2020-01-06,11459.000000000011
2020-01-07,-7506.445000000006
2020-01-08,-3415.745000000051
2020-01-09,17817.800000000047
2020-01-10,1742.5449999999646
2020-01-13,-8806.009999999955
2020-01-14,-1150.0950000000075
2020-01-15,1156.3450000000353
2020-01-16,2575.189999999962
2020-01-17,-16923.354999999978
2020-01-20,-6385.660000000026
2020-01-21,5564.770000000008
2020-01-22,-2921.554999999983
2020-01-23,-11612.055000000035
2020-01-24,7535.94999999999
2020-01-27,16577.669999999966
2020-01-28,-9120.154999999986
2020-01-29,4561.54999999997
2020-01-30,9750.904999999984
2020-01-31,11509.204999999984
2020-02-03,2652.5049999999937
2020-02-04,532.899999999981
2020-02-05,-9199.13999999995
2020-02-06,-9628.21000000007
2020-02-07,5881.845000000055
2020-02-10,-10509.399999999992
2020-02-11,-11196.55500000005
2020-02-12,12927.290000000037
2020-02-13,-2166.0099999999943
2020-02-14,8241.715000000007
2020-02-17,5602.3449999999775
2020-02-18,10598.625000000013
2020-02-19,-3161.6299999999824
2020-02-20,-10075.495000000012
2020-02-21,-8443.70000000001
2020-02-24,-8759.435000000016
2020-02-25,-7999.110000000021
2020-02-26,-9698.434999999958
2020-02-27,1016.6349999999478
2020-02-28,-9344.859999999999
2020-03-02,-5323.839999999997
2020-03-03,-7216.1650000000145
2020-03-04,-763.1549999999573
2020-03-05,-16574.500000000004
2020-03-06,-5583.399999999952
2020-03-09,25951.38999999995
2020-03-10,608.9549999999992
2020-03-11,-8192.635000000038
2020-03-12,-1743.079999999964
2020-03-13,-2021.7750000000037
2020-03-16,2068.665000000012
2020-03-17,12264.524999999983
2020-03-18,-62.345000000004205
2020-03-19,6881.144999999989
2020-03-20,2988.130000000007
2020-03-23,-2307.8549999999696
2020-03-24,2118.705000000005
2020-03-25,6301.009999999979
2020-03-26,-1638.424999999975
2020-03-27,7405.699999999986
2020-03-30,17807.80000000001
2020-03-31,4619.880000000001
2020-04-01,-19178.309999999994
2020-04-02,-23203.654999999995
2020-04-03,-11140.045000000022
2020-04-06,16806.944999999996
2020-04-07,11302.445000000002
2020-04-08,-622.2300000000101
2020-04-09,8587.370000000017
2020-04-13,-3005.7650000000126
2020-04-14,7242.689999999981
2020-04-15,1690.920000000022
2020-04-16,3550.8999999999924
2020-04-17,3656.6549999999997
2020-04-20,16582.895000000008
2020-04-21,27857.390000000018
2020-04-22,-4082.1550000000034
2020-04-23,-13265.689999999986
2020-04-24,-6926.150000000012
2020-04-27,15906.244999999995
2020-04-28,-3911.0200000000127
2020-04-29,-23446.409999999985
2020-04-30,-7683.50999999999
2020-05-01,-6684.36500000001
2020-05-04,-1524.5000000000027
2020-05-05,-11964.470000000001
2020-05-06,10442.01499999998
2020-05-07,-8354.265
2020-05-08,-8998.33
2020-05-11,-2134.2600000000107
2020-05-12,2194.899999999999
2020-05-13,-16702.09
2020-05-14,-11270.739999999983
2020-05-15,-3333.4200000000033
2020-05-18,-847.96
2020-05-19,3708.6300000000074
2020-05-20,1966.7049999999854
2020-05-21,2463.3449999999802
2020-05-22,-4120.869999999988
2020-05-25,-1531.1999999999753
2020-05-26,11926.92499999997
2020-05-27,-262.57499999998055
2020-05-28,-12311.85499999999
2020-05-29,-1204.1549999999802
2020-06-01,-12474.745000000039
2020-06-02,-12293.344999999988
2020-06-03,10368.970000000038
2020-06-04,4859.02499999997
2020-06-05,-6886.649999999977
2020-06-08,-3375.5499999999956
2020-06-09,-5097.865000000032
2020-06-10,-4114.399999999972
2020-06-11,5024.829999999969
2020-06-12,-3691.9099999999953
2020-06-15,-5166.9500000000035
2020-06-16,-6522.300000000008
2020-06-17,-1788.409999999974
2020-06-18,-4700.550000000004
2020-06-19,-31.170000000014
2020-06-22,45.45999999999759
2020-06-23,427.1450000000663
2020-06-24,1962.8849999999713
2020-06-25,-12929.575000000012
2020-06-26,800.6000000000149
2020-06-29,12041.44499999998
2020-06-30,3063.435000000021
2020-07-01,4814.990000000006
2020-07-02,-3070.5550000000267
2020-07-03,1096.6700000000158
2020-07-06,1198.349999999968
2020-07-07,2662.949999999991
2020-07-08,7259.444999999999
2020-07-09,3436.9899999999816
2020-07-10,937.9000000000115
2020-07-13,-16325.155000000022
2020-07-14,2761.7450000000035
2020-07-15,14018.014999999998
2020-07-16,-6001.954999999961
2020-07-17,2477.5600000000045
2020-07-20,-2831.80000000001
2020-07-21,-13942.384999999991
2020-07-22,-3567.290000000008
2020-07-23,1588.879999999999
2020-07-24,2813.61499999998
2020-07-27,-37309.23999999997
2020-07-28,4878.944999999973
2020-07-29,-401.99999999998954
2020-07-30,10162.500000000007
2020-07-31,-7555.400000000007
2020-08-03,675.9300000000055
2020-08-04,-29502.105000000018
2020-08-05,-1969.309999999937
2020-08-06,-5320.8150000000105
2020-08-07,-4180.354999999975
2020-08-10,-3848.850000000028
2020-08-11,5022.814999999983
2020-08-12,4310.575000000025
2020-08-13,7311.044999999962
2020-08-14,1812.229999999993
2020-08-17,3303.290000000009
2020-08-18,3753.990000000017
2020-08-19,13342.47999999997
2020-08-20,-10619.019999999951
2020-08-21,5128.409999999964
2020-08-24,-6747.55999999998
2020-08-25,-2458.855000000033
2020-08-26,-6281.639999999995
2020-08-27,11223.10000000001
2020-08-28,-3774.3150000000223
2020-08-31,1006.5199999999954
2020-09-01,-1999.5700000000068
2020-09-02,13048.330000000024
2020-09-03,4105.200000000004
2020-09-04,648.9199999999805
2020-09-07,4203.745000000048
2020-09-08,12818.549999999928
2020-09-09,3468.505000000045
2020-09-10,13152.200000000008
2020-09-11,13455.044999999975
2020-09-14,-3378.90499999997
2020-09-15,-11376.699999999995
2020-09-16,12218.400000000009
2020-09-17,26771.044999999976
2020-09-18,13506.845000000005
2020-09-21,-7751.075000000018
2020-09-22,10379.575000000006
2020-09-23,-13832.29999999998
2020-09-24,-10437.74000000002
2020-09-25,5525.34500000001
2020-09-28,-2346.5000000000036
2020-09-29,-826.2999999999765
2020-09-30,20121.689999999995
2020-10-01,1687.0899999999872
2020-10-02,6676.300000000003
2020-10-05,-5705.499999999992
2020-10-06,14853.434999999985
2020-10-07,7392.289999999989
2020-10-08,-4790.064999999975
2020-10-09,-6443.065000000032
2020-10-12,-6938.819999999993
2020-10-13,5245.399999999977
2020-10-14,3874.490000000025
2020-10-15,8971.935000000014
2020-10-16,3428.2899999999536
2020-10-19,3347.6850000000422
2020-10-20,-3830.655000000011
2020-10-21,-186.72999999998046
2020-10-22,-6453.6099999999715
2020-10-23,14350.399999999958
2020-10-26,-2791.129999999986
2020-10-27,-6621.510000000017
2020-10-28,-3518.359999999987
2020-10-29,-1151.1000000000236
2020-10-30,-1697.8549999999577
2020-11-02,-3618.355000000051
2020-11-03,-5104.009999999948
2020-11-04,7231.644999999996
2020-11-05,7828.199999999983
2020-11-06,-6020.800000000026
2020-11-09,12229.700000000055
2020-11-10,4383.889999999965
2020-11-11,-4423.510000000011
2020-11-12,-768.0649999999824
2020-11-13,-2262.6000000000204
2020-11-16,9692.544999999998
2020-11-17,4555.399999999989
2020-11-18,1382.500000000048
2020-11-19,-4011.930000000019
2020-11-20,2352.0699999999933
2020-11-23,14038.134999999993
2020-11-24,2960.000000000004
2020-11-25,-13408.400000000012
2020-11-26,2240.779999999983
2020-11-27,15480.015000000014
2020-11-30,-15247.24999999999
2020-12-01,-4707.400000000034
2020-12-02,-5462.099999999993
2020-12-03,6019.700000000043
2020-12-04,-9853.855000000018
2020-12-07,-5819.199999999992
2020-12-08,-4783.255000000022
2020-12-09,19242.90000000003
2020-12-10,-15936.900000000029
2020-12-11,-2630.4099999999926
2020-12-14,7636.399999999983
2020-12-15,16.80000000007749
2020-12-16,-3360.000000000047
2020-12-17,5883.000000000022
2020-12-18,5301.345000000002
2020-12-21,14014.339999999964
2020-12-22,7006.11499999999
2020-12-23,13434.650000000018
2020-12-24,922.88000000005
2020-12-28,6244.429999999937
2020-12-29,21528.845000000005
2020-12-30,2451.4250000000056
2020-12-31,16984.445000000007
2021-01-04,-14891.874999999995
2021-01-05,135.02499999997508
2021-01-06,11165.42500000002
2021-01-07,-1120.0099999999825
2021-01-08,26538.114999999965
2021-01-11,-9069.269999999971
2021-01-12,28400.044999999962
2021-01-13,-371.06500000001563
2021-01-14,10317.85500000002
2021-01-15,-511.2549999999636
2021-01-18,2557.670000000035
2021-01-19,-14020.330000000064
2021-01-20,2417.415000000021
2021-01-21,-587.5699999999854
2021-01-22,-17099.854999999956
2021-01-25,6660.994999999947
2021-01-26,14126.845000000018
2021-01-27,618.2999999999747
2021-01-28,-1969.199999999962
2021-01-29,12460.599999999982
2021-02-01,-11381.32000000001
2021-02-02,5240.889999999999
2021-02-03,10818.69000000001
2021-02-04,-3377.555000000021
2021-02-05,-1570.2999999999647
2021-02-08,5927.044999999941
2021-02-09,-3256.799999999975
2021-02-10,-18611.299999999985
2021-02-11,16517.645
2021-02-12,-2852.829999999966
2021-02-15,2537.3249999999784
2021-02-16,11716.414999999974
2021-02-17,-4255.684999999982
2021-02-18,16119.080000000002
2021-02-19,-9083.229999999987
2021-02-22,3647.2699999999863
2021-02-23,16358.300000000012
2021-02-24,8229.499999999995
2021-02-25,5553.699999999992
2021-02-26,9172.245
2021-03-01,186.99999999999454
2021-03-02,-2813.9500000000253
2021-03-03,12385.505000000085
2021-03-04,891.1999999999739
2021-03-05,9536.144999999951
2021-03-08,3792.6900000000105
2021-03-09,-2802.7999999999583
2021-03-10,-9615.04000000005
2021-03-11,19042.600000000028
2021-03-12,3760.7800000000216
2021-03-15,940.9899999999612
2021-03-16,5104.200000000058
2021-03-17,-1845.420000000043
2021-03-18,-4095.0199999999386
2021-03-19,10942.449999999912
2021-03-22,-5046.199999999958
2021-03-23,-11686.40000000002
2021-03-24,18876.300000000017
2021-03-25,-6828.240000000014
2021-03-26,7415.690000000026
2021-03-29,3413.5149999999694
2021-03-30,5445.515000000018
2021-03-31,-6028.419999999992
2021-04-01,4750.334999999983
2021-04-02,0.0
2021-04-05,-14917.755000000012
2021-04-06,-1799.2000000000198
2021-04-07,5279.800000000036
2021-04-08,2371.2999999999483
2021-04-09,6012.445000000057
2021-04-12,-1568.400000000025
2021-04-13,3668.6449999999986
2021-04-14,17328.54499999998
2021-04-15,-13158.19999999997
2021-04-16,-13184.584999999995
2021-04-19,9811.969999999952
2021-04-20,-7717.700000000012
2021-04-21,-10808.019999999951
2021-04-22,-7710.915000000031
2021-04-23,7438.4299999999785
2021-04-26,-10643.105000000032
2021-04-27,2591.735
2021-04-28,9834.89000000005
2021-04-29,-748.8000000000529
2021-04-30,5341.595000000038
2021-05-03,13260.815000000086
2021-05-04,20164.199999999997
2021-05-05,-10416.130000000048
2021-05-06,-6796.799999999994
2021-05-07,-12786.200000000006
2021-05-10,36.525000000002464
2021-05-11,-2802.8299999999886
2021-05-12,4837.700000000022
2021-05-13,-4268.800000000005
2021-05-14,-4587.809999999999
2021-05-17,-6098.7749999999805
2021-05-18,9246.470000000012
2021-05-19,6156.519999999951
2021-05-20,-1118.495000000038
2021-05-21,8583.10000000001
2021-05-24,13033.445000000025
2021-05-25,-5509.500000000024
2021-05-26,6291.944999999971
2021-05-27,0.9000000000612545
2021-05-28,3404.244999999996
2021-05-31,-1914.2000000000153
2021-06-01,11012.735000000042
2021-06-02,-7614.8650000000725
2021-06-03,12000.59000000004
2021-06-04,4128.945000000005
2021-06-07,1393.100000000024
2021-06-08,1896.0899999999822
2021-06-09,-4462.999999999953
2021-06-10,2249.399999999889
2021-06-11,-22498.374999999927
2021-06-14,-10114.60000000003
2021-06-15,6209.600000000044
2021-06-16,-16358.339999999991
2021-06-17,15999.495
2021-06-18,-7573.9600000000355
2021-06-21,7186.684999999987
2021-06-22,1484.6000000000734
2021-06-23,-4212.850000000083
2021-06-24,-2368.5499999999324
2021-06-25,-3891.6600000000926
2021-06-28,-1783.7849999999214
2021-06-29,2230.0099999999243
2021-06-30,-19948.6
2021-07-01,3537.4350000000063
2021-07-02,11999.700000000028
2021-07-05,-317.20000000000573
2021-07-06,-2802.420000000028
2021-07-07,-3590.164999999952
2021-07-08,8538.099999999922
2021-07-09,7808.645000000001
2021-07-12,-5190.15499999993
2021-07-13,9632.989999999987
2021-07-14,-9242.300000000028
2021-07-15,-14101.200000000035
2021-07-16,-6681.29999999997
2021-07-19,-34060.485
2021-07-20,-4093.7549999999137
2021-07-21,20701.43499999992
2021-07-22,7130.2400000000525
2021-07-23,1839.14499999999
2021-07-26,-3901.9400000000014
2021-07-27,7880.645000000009
2021-07-28,-13197.254999999952
2021-07-29,-2418.2550000000183
2021-07-30,7168.289999999977
2021-08-02,-9692.200000000048
2021-08-03,1769.600000000004
2021-08-04,-15881.154999999948
2021-08-05,5150.199999999933
2021-08-06,-7323.554999999939
2021-08-09,-3079.855000000043
2021-08-10,-5311.599999999961
2021-08-11,17079.09999999998
2021-08-12,-2776.199999999962
2021-08-13,-7987.900000000028
2021-08-16,-6373.399999999955
2021-08-17,3868.1999999999907
2021-08-18,-4626.299999999996
2021-08-19,-11454.224999999995
2021-08-20,-9457.284999999994
2021-08-23,8849.444999999878
2021-08-24,15215.380000000097
2021-08-25,23534.90000000001
2021-08-26,-22438.59500000009
2021-08-27,9226.290000000046
2021-08-30,10551.145000000033
2021-08-31,-4363.15500000003
2021-09-01,-7519.499999999963
2021-09-02,10813.299999999941
2021-09-03,-5145.954999999979
2021-09-06,-577.200000000003
2021-09-07,-1066.4649999999467
2021-09-08,-3548.365000000069
2021-09-09,-6392.609999999977
2021-09-10,366.45999999997457
2021-09-13,11794.745000000048
2021-09-14,-3407.4000000001033
2021-09-15,4154.400000000072
2021-09-16,10254.584999999972
2021-09-17,1509.9250000000186
2021-09-20,-568.1999999999816
2021-09-21,-6221.855000000056
2021-09-22,-11115.654999999997
2021-09-23,18341.54500000006
2021-09-24,2978.889999999943
2021-09-27,42522.59500000005
2021-09-28,6096.269999999997
2021-09-29,-4287.80000000003
2021-09-30,19073.399999999954
2021-10-01,-9927.729999999943
2021-10-04,-6290.774999999956
2021-10-05,9120.069999999942
2021-10-06,-5883.775000000016
2021-10-07,-607.574999999989
2021-10-08,-1954.255000000021
2021-10-11,-2007.9299999999682
2021-10-12,1786.090000000104
2021-10-13,-1912.97500000011
2021-10-14,-10081.499999999913
2021-10-15,-2378.6649999999718
2021-10-18,1337.4050000000022
2021-10-19,-2295.600000000055
2021-10-20,-5638.914999999983
2021-10-21,-1191.6750000000925
2021-10-22,-1281.639999999924
2021-10-25,-4929.624999999969
2021-10-26,-4582.705000000049
2021-10-27,465.7999999999465
2021-10-28,-3093.9499999998816
2021-10-29,5998.994999999966
2021-11-01,-3125.399999999998
2021-11-02,-1566.8950000000043
2021-11-03,-5106.154999999925
2021-11-04,7459.815
2021-11-05,-6218.964999999993
2021-11-08,-439.454999999988
2021-11-09,-20136.700000000048
2021-11-10,2401.699999999973
2021-11-11,-865.864999999964
2021-11-12,-4109.80000000005
2021-11-15,-2400.514999999987
2021-11-16,5852.9450000000115
2021-11-17,-17878.980000000018
2021-11-18,688.2199999999525
2021-11-19,-20023.524999999903
2021-11-22,-11965.725000000013
2021-11-23,8525.17000000002
2021-11-24,-2296.655000000046
2021-11-25,-3300.364999999992
2021-11-26,-26719.595000000005
2021-11-29,-5029.540000000022
2021-11-30,3945.700000000006
2021-12-01,-5714.854999999965
2021-12-02,-20553.419999999987
2021-12-03,1957.8349999999898
2021-12-06,363.44499999999965
2021-12-07,15564.170000000035
2021-12-08,7205.024999999979
2021-12-09,-2175.40000000002
2021-12-10,-8276.829999999993
2021-12-13,-2124.7299999999595
2021-12-14,-77.98499999995752
2021-12-15,18908.399999999892
2021-12-16,-4032.299999999928
2021-12-17,-4404.800000000074
2021-12-20,713.4150000001212
2021-12-21,-10191.475000000082
2021-12-22,-3578.770000000016
2021-12-23,-10824.189999999999
2021-12-27,6539.719999999969
2021-12-28,1977.8249999999925
2021-12-29,-10872.499999999978
2021-12-30,3136.4700000000203
2021-12-31,15611.469999999988
2022-01-03,-2598.5299999999984
2022-01-04,7067.82499999998
2022-01-05,-2363.259999999871
2022-01-06,-3686.1950000000147
2022-01-07,4014.5900000000165
2022-01-10,17016.115000000053
2022-01-11,6643.169999999957
2022-01-12,17688.125000000022
2022-01-13,-8649.760000000053
2022-01-14,-2212.4950000000463
2022-01-17,3458.7800000000457
2022-01-18,3638.0700000000197
2022-01-19,-22775.684999999983
2022-01-20,-15039.710000000014
2022-01-21,13078.04499999992
2022-01-24,6704.280000000072
2022-01-25,-4545.099999999994
2022-01-26,-2210.954999999956
2022-01-27,9687.744999999912
2022-01-28,-4931.255000000039
2022-01-31,-2425.0949999998993
2022-02-01,-10913.574999999959
2022-02-02,-4155.300000000018
2022-02-03,4976.099999999966
2022-02-04,-8262.599999999966
2022-02-07,-3159.2749999999924
2022-02-08,-6828.155000000042
2022-02-09,-5737.165000000078
2022-02-10,8420.925000000083
2022-02-11,18985.244999999923
2022-02-14,12551.725000000079
2022-02-15,-11480.200000000023
2022-02-16,-10364.97499999997
2022-02-17,-8256.985000000002
2022-02-18,2098.9949999999917
2022-02-21,10239.634999999991
2022-02-22,-26617.885000000013
2022-02-23,731.8300000000544
2022-02-24,4757.725000000058
2022-02-25,7209.48999999994
2022-02-28,8121.915000000001
2022-03-01,32631.594999999972
2022-03-02,1840.6950000001032
2022-03-03,1442.079999999931
2022-03-04,28312.84499999997
2022-03-07,2829.690000000115
2022-03-08,11106.099999999928
2022-03-09,-37344.069999999956
2022-03-10,17736.27999999999
2022-03-11,-5039.409999999985
2022-03-14,-14454.220000000021
2022-03-15,-481.43999999999414
2022-03-16,1079.624999999988
2022-03-17,3482.2349999999597
2022-03-18,3301.9400000000164
2022-03-21,-9104.605000000003
2022-03-22,-257.00999999998453
2022-03-23,-7472.065000000022
2022-03-24,9081.089999999993
2022-03-25,-5871.255000000002
2022-03-28,11385.590000000002
2022-03-29,1779.7450000000135
2022-03-30,2223.834999999986
2022-03-31,22114.0
2022-04-01,4659.845000000012
2022-04-04,1266.4999999999845
2022-04-05,1342.4450000000434
2022-04-06,5706.824999999949
2022-04-07,4293.500000000018
2022-04-08,-8933.12999999998
2022-04-11,9192.269999999977
2022-04-12,-11021.700000000017
2022-04-13,3984.7000000000185
2022-04-14,405.88999999999197
2022-04-18,-1467.8500000000092
2022-04-19,-8202.699999999975
2022-04-20,-798.2000000000153
2022-04-21,-5281.430000000001
2022-04-22,-8511.299999999985
2022-04-25,14149.58999999997
2022-04-26,-2875.6949999999742
2022-04-27,-1275.2849999999758
2022-04-28,-9701.595000000032
2022-04-29,9341.98000000001
2022-05-02,1554.4199999999962
2022-05-03,12677.744999999972
2022-05-04,-162.49999999997362
2022-05-05,-11670.230000000018
2022-05-06,-11842.439999999988
2022-05-09,9653.389999999985
2022-05-10,2324.4600000000114
2022-05-11,319.45999999998367
2022-05-12,-14529.999999999976
2022-05-13,-5332.500000000048
2022-05-16,-8291.000000000007
2022-05-17,-13448.754999999956
2022-05-18,-13616.76000000002
2022-05-19,9981.635000000064
2022-05-20,-6723.365000000069
2022-05-23,3241.380000000054
2022-05-24,17887.700000000023
2022-05-25,4876.689999999957
2022-05-26,-5433.300000000014
2022-05-27,-5775.4999999999945
2022-05-30,860.9999999999791
2022-05-31,12508.970000000056
2022-06-01,16672.569999999945
2022-06-02,5797.325000000059
2022-06-03,11444.945000000058
2022-06-06,-2365.700000000028
2022-06-07,-9483.740000000027
2022-06-08,2436.570000000013
2022-06-09,16343.725000000022
2022-06-10,-5331.76999999998
2022-06-13,-12899.155000000026
2022-06-14,-2946.065000000008
2022-06-15,13427.785000000025
2022-06-16,-4508.205000000106
2022-06-17,-5758.999999999978
2022-06-20,191.00000000001853
2022-06-21,6167.835000000007
2022-06-22,5159.21499999999
2022-06-23,5111.379999999974
2022-06-24,-8655.140000000009
2022-06-27,7276.540000000066
2022-06-28,-5644.840000000018
2022-06-29,-624.7200000000562
2022-06-30,4238.10000000004
2022-07-01,4485.4999999999545
2022-07-04,4091.1999999999953
2022-07-05,-12134.554999999971
2022-07-06,-3374.654999999956
2022-07-07,5721.699999999959
2022-07-08,-7097.999999999971
2022-07-11,27269.760000000002
2022-07-12,6783.844999999982
2022-07-13,231.99999999999227
2022-07-14,43.89000000000382
2022-07-15,5879.799999999972
2022-07-18,-5135.109999999985
2022-07-19,-2080.585000000031
2022-07-20,-2648.2699999999736
2022-07-21,-3583.9949999999903
2022-07-22,15661.544999999967
2022-07-25,-650.8100000000029
2022-07-26,-5099.979999999938
2022-07-27,7132.700000000007
2022-07-28,-12846.294999999966
2022-07-29,-5931.630000000078
2022-08-01,-5163.784999999915
2022-08-02,2612.104999999919
2022-08-03,3801.2699999999454
2022-08-04,-11021.114999999963
2022-08-05,-10014.405000000024
2022-08-08,-8329.609999999982
2022-08-09,9463.385000000006
2022-08-10,222.37000000000674
2022-08-11,2512.199999999958
2022-08-12,721.489999999998
2022-08-15,4018.805000000075
2022-08-16,6963.905000000021
2022-08-17,13460.719999999981
2022-08-18,14100.634999999995
2022-08-19,2773.980000000012
2022-08-22,10832.304999999986
2022-08-23,-7790.820000000005
2022-08-24,2853.25
2022-08-25,427.0300000000222
2022-08-26,5695.835000000007
2022-08-29,-14859.525000000001
2022-08-30,10666.799999999932
2022-08-31,-1887.9999999999827
2022-09-01,1698.5000000000375
2022-09-02,8823.729999999943
2022-09-05,-1122.9999999999727
2022-09-06,-11668.080000000033
2022-09-07,3592.1450000000677
2022-09-08,-1570.779999999957
2022-09-09,-7394.495000000008
2022-09-12,11302.989999999947
2022-09-13,1770.645000000024
2022-09-14,-7019.585000000007
2022-09-15,-1759.0750000000003
2022-09-16,-9673.660000000034
2022-09-19,10806.570000000012
2022-09-20,1153.3799999999917
2022-09-21,-1587.1249999999766
2022-09-22,-10628.255000000063
2022-09-23,11407.800000000092
2022-09-26,10622.514999999978
2022-09-27,5031.94500000007
2022-09-28,-13711.31000000008
2022-09-29,-2051.875000000025
2022-09-30,-11425.59999999996
2022-10-03,-22180.899999999983
2022-10-04,-16345.020000000024
2022-10-05,7852.319999999935
2022-10-06,24016.73500000002
2022-10-07,9850.495000000023
2022-10-10,-6292.405000000064
2022-10-11,10887.835000000003
2022-10-12,8433.000000000011
2022-10-13,6218.124999999978
2022-10-14,13085.280000000002
2022-10-17,4167.714999999983
2022-10-18,2322.2250000000504
2022-10-19,1159.8899999999933
2022-10-20,4751.480000000081
2022-10-21,8088.620000000027
2022-10-24,-1092.8800000000158
2022-10-25,-11526.324999999966
2022-10-26,-1247.9649999999617
2022-10-27,-2385.4200000000133
2022-10-28,6677.005000000041
2022-10-31,-10139.00000000004
2022-11-01,-428.35499999996307
2022-11-02,10518.345000000005
2022-11-03,10711.799999999941
2022-11-04,-19139.39999999993
2022-11-07,-1052.0550000000248
2022-11-08,-2872.8549999999696
2022-11-09,3218.344999999982
2022-11-10,-21843.40999999999
2022-11-11,283.53499999997933
2022-11-14,-1420.4550000000122
2022-11-15,-1165.7999999999865
2022-11-16,509.7999999999738
2022-11-17,-141.67499999997546
2022-11-18,2378.029999999991
2022-11-21,437.975000000017
2022-11-22,-1509.2549999999976
2022-11-23,-10586.85499999998
2022-11-24,544.269999999954
2022-11-25,2541.235000000039
2022-11-28,-11642.310000000007
2022-11-29,2432.7799999999843
2022-11-30,8861.780000000035
2022-12-01,-7271.470000000041
2022-12-02,18638.444999999956
2022-12-05,6663.190000000057
2022-12-06,-1684.3549999999877
2022-12-07,-16926.309999999998
2022-12-08,102.189999999983
2022-12-09,-5248.100000000009
2022-12-12,-14361.400000000009
2022-12-13,13540.299999999997
2022-12-14,12653.10000000005
2022-12-15,-15663.399999999998
2022-12-16,7575.69999999995
2022-12-19,8416.215000000013
2022-12-20,3668.744999999982
2022-12-21,2061.0249999999733
2022-12-22,3984.3899999999826
2022-12-23,3978.599999999994
2022-12-26,4624.035000000001
2022-12-27,5184.4499999999825
2022-12-28,-424.4549999999532
2022-12-29,4431.644999999969
2022-12-30,7679.6999999999725
2023-01-02,5009.344999999997
2023-01-03,-10744.35499999998
2023-01-04,9925.145000000006
2023-01-05,401.5000000000125
2023-01-06,1043.889999999984
2023-01-09,2274.2449999999994
2023-01-10,9005.064999999995
2023-01-11,4289.055000000025
2023-01-12,-4892.109999999992
2023-01-13,5652.190000000047
2023-01-16,-3159.6000000000154
2023-01-17,-4569.7550000000265
2023-01-18,2592.145000000004
2023-01-19,9879.07999999999
2023-01-20,4128.710000000028
2023-01-23,2497.845000000005
2023-01-24,-2613.754999999994
2023-01-25,-657.8200000000425
2023-01-26,2188.6450000000223
2023-01-27,-5999.999999999989
2023-01-30,3839.4000000000196
2023-01-31,1329.0000000000014
2023-02-01,-8497.800000000007
2023-02-02,10483.945000000002
2023-02-03,-2239.710000000002
2023-02-06,-14794.510000000017
2023-02-07,5677.389999999972
2023-02-08,-978.9549999999662
2023-02-09,925.4449999999948
2023-02-10,-12097.119999999994
2023-02-13,11993.54499999999
2023-02-14,601.4450000000119
2023-02-15,5511.734999999969
2023-02-16,-5797.0299999999725
2023-02-17,1608.574999999967
2023-02-20,1574.815000000022
2023-02-21,26225.844999999976
2023-02-22,-9598.45499999997
2023-02-23,-1382.8850000000439
2023-02-24,9441.344999999996
2023-02-27,1821.7449999999926
2023-02-28,352.8900000000706
2023-03-01,697.9999999999804
2023-03-02,4270.600000000013
2023-03-03,-4448.200000000038
2023-03-06,18932.999999999993
2023-03-07,-3658.5000000000105
2023-03-08,14059.90000000001
2023-03-09,8692.819999999994
2023-03-10,-322.6550000000098
2023-03-13,-23476.809999999994
2023-03-14,256.8750000000562
2023-03-15,-12475.555000000026
2023-03-16,-10569.489999999976
2023-03-17,-5315.200000000058
2023-03-20,7381.39000000002
2023-03-21,-6052.265000000001
2023-03-22,-1593.1550000000052
2023-03-23,-5285.48500000003
2023-03-24,-6037.399999999986
2023-03-27,13161.844999999988
2023-03-28,5955.5250000000815
2023-03-29,-12081.22000000007
2023-03-30,1247.4000000000328
2023-03-31,8577.645000000035
2023-04-03,10260.844999999945
2023-04-04,-14188.39999999994
2023-04-05,8024.000000000024
2023-04-06,-7152.855000000036
2023-04-07,0.0
2023-04-10,-47.50999999998226
2023-04-11,-3410.255000000009
2023-04-12,-395.19999999999686
2023-04-13,-5368.32000000002
2023-04-14,-5163.329999999979
2023-04-17,-4264.180000000032
2023-04-18,-15157.799999999952
2023-04-19,1882.3649999999889
2023-04-20,827.635000000025
2023-04-21,-7846.055000000049
2023-04-24,-588.094999999951
2023-04-25,-706.4000000000144
2023-04-26,14160.545000000004
2023-04-27,-16326.175000000008
2023-04-28,3688.444999999995
2023-05-01,10060.399999999994
2023-05-02,-6251.76500000005
2023-05-03,-1312.0100000000346
2023-05-04,-11171.489999999905
2023-05-05,2003.0449999999973
2023-05-08,-4375.010000000009
2023-05-09,-7378.810000000016
2023-05-10,8737.425000000003
2023-05-11,222.87000000001944
2023-05-12,-12191.354999999992
2023-05-15,3462.645000000003
2023-05-16,-7284.855000000035
2023-05-17,-20974.954999999976
2023-05-18,-5891.155000000003
2023-05-19,-16510.819999999978
2023-05-22,25921.65499999998
2023-05-23,-10334.93000000001
2023-05-24,12773.285000000009
2023-05-25,34.4450000000171
2023-05-26,-5726.329999999991
2023-05-29,3822.979999999979
2023-05-30,5780.715000000005
2023-05-31,11271.859999999962
2023-06-01,-2006.2550000000301
2023-06-02,15975.734999999988
2023-06-05,-11523.110000000006
2023-06-06,13247.570000000054
2023-06-07,6063.689999999975
2023-06-08,-7368.710000000003
2023-06-09,9434.77000000002
2023-06-12,6749.279999999955
2023-06-13,1940.1449999999975
2023-06-14,4097.645000000023
2023-06-15,-6215.050000000027
2023-06-16,2724.820000000005
2023-06-19,-4386.0399999999845
2023-06-20,8623.904999999944
2023-06-21,7642.335000000013
2023-06-22,-12722.119999999933
2023-06-23,-31058.895000000022
2023-06-26,10575.360000000024
2023-06-27,8960.04499999996
2023-06-28,12996.460000000001
2023-06-29,3709.4000000000356
2023-06-30,16577.599999999973
2023-07-03,660.2450000000096
2023-07-04,2018.800000000029
2023-07-05,5477.479999999979
2023-07-06,4604.180000000012
2023-07-07,-2622.115000000005
2023-07-10,1559.245000000055
2023-07-11,3647.199999999996
2023-07-12,-6056.2600000000475
2023-07-13,-2613.3799999999424
2023-07-14,8838.389999999952
2023-07-17,9814.344999999992
2023-07-18,1272.9450000000238
2023-07-19,-3003.659999999991
2023-07-20,-6045.605000000104
2023-07-21,6992.990000000056
2023-07-24,-21101.84000000001
2023-07-25,-9647.609999999993
2023-07-26,15362.20499999994
2023-07-27,9091.000000000084
2023-07-28,-7216.710000000037
2023-07-31,-9065.99500000006
2023-08-01,26828.925000000105
2023-08-02,7073.774999999985
2023-08-03,-2778.4549999999977
2023-08-04,3461.744999999971
2023-08-07,-21104.454999999965
2023-08-08,6427.645000000004
2023-08-09,12682.799999999941
2023-08-10,10625.54999999998
2023-08-11,-7783.61499999997
2023-08-14,-1524.9200000000249
2023-08-15,3619.3000000000175
2023-08-16,10215.304999999982
2023-08-17,-1833.8799999999903
2023-08-18,1448.8250000000123
2023-08-21,1869.3149999999139
2023-08-22,-7205.610000000059
2023-08-23,1725.3000000001266
2023-08-24,15693.54499999991
2023-08-25,18291.89500000009
2023-08-28,-9305.299999999987
2023-08-29,-5500.800000000079
2023-08-30,-19595.540000000034
2023-08-31,-226.93999999996544
2023-09-01,-8959.299999999908
2023-09-04,9642.400000000001
2023-09-05,4942.314999999937
2023-09-06,6561.714999999938
2023-09-07,8935.245000000074
2023-09-08,4856.999999999977
2023-09-11,7310.84499999994
2023-09-12,-12778.694999999925
2023-09-13,8564.359999999944
2023-09-14,3245.1499999999855
2023-09-15,-6571.304999999937
2023-09-18,-12245.265000000105
2023-09-19,15737.499999999962
2023-09-20,3908.9750000000117
2023-09-21,-8770.91
2023-09-22,-8166.604999999887
2023-09-25,-2459.5300000001025
2023-09-26,-8983.299999999988
2023-09-27,3439.2449999999153
2023-09-28,17152.090000000084
2023-09-29,-3550.845000000029
2023-10-02,5170.340000000045
2023-10-03,-6633.8149999999705
2023-10-04,7658.450000000018
2023-10-05,-1677.660000000055
2023-10-06,-8563.660000000013
2023-10-09,-18885.94999999995
2023-10-10,8990.399999999985
2023-10-11,7437.190000000003
2023-10-12,21370.44000000001
2023-10-13,7310.769999999988
2023-10-16,-1076.2649999999533
2023-10-17,8327.48
2023-10-18,4602.604999999998
2023-10-19,8175.544999999944
2023-10-20,-4877.709999999996
2023-10-23,-22498.799999999977
2023-10-24,3551.489999999977
2023-10-25,1916.5849999999941
2023-10-26,-13912.40999999997
2023-10-27,23248.23499999997
2023-10-30,12126.250000000005
2023-10-31,6013.059999999984
2023-11-01,-1402.7849999999742
2023-11-02,2.900000000032378
2023-11-03,17461.959999999955
2023-11-06,-1724.8649999999661
2023-11-07,11639.999999999984
2023-11-08,8007.689999999944
2023-11-09,-14391.514999999954
2023-11-10,-11874.509999999978
2023-11-13,-3150.450000000052
2023-11-14,8860.960000000006
2023-11-15,-1257.14500000001
2023-11-16,15584.785000000087
2023-11-17,-19495.199999999983
2023-11-20,-4410.955000000055
2023-11-21,-12755.884999999975
2023-11-22,3232.7700000000414
2023-11-23,3988.9449999999997
2023-11-24,-17426.09500000003
2023-11-27,-6213.03000000007
2023-11-28,-4619.329999999991
2023-11-29,-6465.094999999986
2023-11-30,13397.43500000003
2023-12-01,-656.980000000041
2023-12-04,-22519.599999999933
2023-12-05,1130.6199999999953
2023-12-06,-2284.53999999999
2023-12-07,-377.475000000038
2023-12-08,5827.550000000038
2023-12-11,8070.944999999995
2023-12-12,4043.844999999971
2023-12-13,-10305.19999999995
2023-12-14,720.9999999999782
2023-12-15,603.2899999999905
2023-12-18,-7256.505000000015
2023-12-19,-17954.354999999967
2023-12-20,4762.879999999987
2023-12-21,1834.144999999995
2023-12-22,10549.039999999977
2023-12-25,-1837.3500000000374
2023-12-26,-11483.339999999955
2023-12-27,13165.004999999963
2023-12-28,9956.244999999983
2023-12-29,-6626.554999999956
2024-01-01,5056.000000000013
2024-01-02,2642.7499999999527
2024-01-03,-11794.98500000004
2024-01-04,21072.38999999992
2024-01-05,-6936.709999999966
2024-01-08,22996.545000000042
2024-01-09,-163.70000000002028
2024-01-10,-2141.309999999965
2024-01-11,-13949.410000000054
2024-01-12,11050.84499999998
2024-01-15,-6925.199999999979
2024-01-16,4268.170000000018
2024-01-17,-13266.039999999983
2024-01-18,-11771.395000000066
2024-01-19,-8804.48999999992
2024-01-22,-11964.910000000045
2024-01-23,19923.345000000012
2024-01-24,-916.0550000000075
2024-01-25,-18751.430000000022
2024-01-26,-2470.1999999999357
2024-01-29,-1762.599999999954
2024-01-30,2161.69000000001
2024-01-31,18968.044999999984
2024-02-01,2680.1449999999168
2024-02-02,11651.545000000084
2024-02-05,-3199.8000000000666
2024-02-06,-1943.4549999999927
2024-02-07,-11068.800000000023
2024-02-08,-8469.654999999968
2024-02-09,-1449.7999999999997
2024-02-12,-11946.210000000021
2024-02-13,-12479.555000000026
2024-02-14,14718.690000000035
2024-02-15,-2547.9749999999494
2024-02-16,-264.0100000000473
2024-02-19,-1303.1299999999767
2024-02-20,5042.0800000000145
2024-02-21,-3911.6500000000565
2024-02-22,-9798.700000000008
2024-02-23,5287.439999999979
2024-02-26,-2850.3099999999354
2024-02-27,-7061.75500000002
2024-02-28,8356.145000000011
2024-02-29,-7650.099999999993
2024-03-01,12198.224999999995
2024-03-04,1787.8899999999842
2024-03-05,12645.795000000067
2024-03-06,-13323.160000000134
2024-03-07,-8571.554999999953
2024-03-08,14736.580000000033
2024-03-11,-23957.75499999998
2024-03-12,9758.259999999991
2024-03-13,-11644.355000000049
2024-03-14,-6793.120000000064
2024-03-15,648.070000000076
2024-03-18,-16158.154999999995
2024-03-19,-7333.055000000029
2024-03-20,12196.529999999988
2024-03-21,-2849.6549999999575
2024-03-22,-14889.815000000013
2024-03-25,5786.644999999974
2024-03-26,5892.090000000044
2024-03-27,-1308.654999999971
2024-03-28,-18629.554999999993
2024-04-01,-1393.0650000001212
2024-04-02,916.1900000000653
2024-04-03,-3899.0549999999876
2024-04-04,-13657.20000000005
2024-04-05,2952.145000000077
2024-04-08,9085.489999999909
2024-04-09,15558.800000000096
2024-04-10,-24919.199999999993
2024-04-11,4288.099999999904
2024-04-12,-16884.020000000004
2024-04-15,1942.4000000000701
2024-04-16,-511.0549999999715
2024-04-17,22230.93499999996
2024-04-18,4364.400000000009
2024-04-19,533.5899999999567
2024-04-22,-3018.679999999935
2024-04-23,-3382.310000000063
2024-04-24,-13617.365000000029
2024-04-25,-8528.254999999981
2024-04-26,-7465.654999999984
2024-04-29,12852.500000000011
2024-04-30,-4386.254999999987
2024-05-01,7345.899999999981
2024-05-02,8454.545000000015
2024-05-03,8149.079999999976
2024-05-06,-9840.664999999972
2024-05-07,9251.634999999947
2024-05-08,-1471.2199999999787
2024-05-09,-4442.555000000003
2024-05-10,-4690.2099999999955
2024-05-13,-11825.56499999997
2024-05-14,17766.545
2024-05-15,2909.1399999999726
2024-05-16,4039.1600000000417
2024-05-17,8155.200000000001
2024-05-20,-1377.3900000000372
2024-05-21,592.6449999999419
2024-05-22,14154.130000000065
2024-05-23,-13591.099999999968
2024-05-24,-5120.195000000038
2024-05-27,-3349.8000000000357
2024-05-28,-11813.87499999992
2024-05-29,1115.4249999999197
2024-05-30,19795.145000000004
2024-05-31,-5129.855000000033
2024-06-03,26923.535000000054
2024-06-04,-9641.255000000017
2024-06-05,-5377.754999999962
2024-06-06,-5472.454999999994
2024-06-07,7125.134999999998
2024-06-10,5772.5899999999
2024-06-11,-11243.654999999964
2024-06-12,3672.000000000028
2024-06-13,-9784.399999999985
2024-06-14,20042.979999999967
2024-06-17,-307.4749999999423
2024-06-18,-4745.255000000035
2024-06-19,-1233.4550000000352
2024-06-20,-9410.06999999997
2024-06-21,8954.269999999955
2024-06-24,4771.745000000026
2024-06-25,2198.389999999995
2024-06-26,5919.849999999999
2024-06-27,-14540.209999999997
2024-06-28,12939.595000000007
2024-07-01,-31959.550000000003
2024-07-02,6303.280000000009
2024-07-03,7908.544999999919
2024-07-04,-1977.5999999999938
2024-07-05,-7772.274999999923
2024-07-08,15987.179999999944
2024-07-09,-12799.15499999992
2024-07-10,-9079.055000000075
2024-07-11,-3178.764999999965
2024-07-12,13321.500000000015
2024-07-15,-1296.9550000000625
2024-07-16,16727.100000000082
2024-07-17,-17930.82999999999
2024-07-18,7207.444999999894
2024-07-19,10693.675000000028
2024-07-22,10561.769999999931
2024-07-23,9559.580000000002
2024-07-24,-7352.609999999992
2024-07-25,866.1950000000633
2024-07-26,11536.289999999975
2024-07-29,-10395.440000000028
2024-07-30,13868.64499999989
2024-07-31,-14938.299999999881
2024-08-01,-4155.350000000023
2024-08-02,-2798.7000000000116
2024-08-05,-20223.540000000095
2024-08-06,9637.845000000072
2024-08-07,-163.7550000000091
2024-08-08,569.8449999999867
2024-08-09,13245.690000000022
2024-08-12,-4661.740000000019
2024-08-13,5509.590000000022
2024-08-14,9480.050000000017
2024-08-15,3320.124999999968
2024-08-16,-8374.219999999972
2024-08-19,15818.114999999967
2024-08-20,-12864.610000000011
2024-08-21,1648.9700000000444
2024-08-22,12218.199999999957
2024-08-23,-81.05500000000836
2024-08-26,7451.34000000002
2024-08-27,1880.9900000000573
2024-08-28,2302.134999999976
2024-08-29,-12168.200000000008
2024-08-30,-5912.654999999971
2024-09-02,4815.144999999975
2024-09-03,1174.5449999999673
2024-09-04,-8992.619999999972
2024-09-05,3830.9449999999983
2024-09-06,5132.990000000069
2024-09-09,-12900.955000000098
2024-09-10,9977.655000000075
2024-09-11,-487.9000000000024
2024-09-12,2537.3999999999796
2024-09-13,-14924.60000000006
2024-09-16,15142.245000000077
2024-09-17,1792.4449999999374
2024-09-18,-3493.0449999999987
2024-09-19,13593.055000000139
2024-09-20,7172.389999999995
2024-09-23,1139.3599999999483
2024-09-24,7644.105000000003
2024-09-25,-7729.909999999945
2024-09-26,470.93499999999966
2024-09-27,2512.8450000000043
2024-09-30,-7302.199999999982
2024-10-01,-5604.65500000003
2024-10-02,2621.7950000000183
2024-10-03,-7534.74000000007
2024-10-04,3628.8450000000867
2024-10-07,-8983.700000000063
2024-10-08,12182.5
2024-10-09,-9259.80000000001
2024-10-10,2226.315000000028
2024-10-11,4538.424999999913
2024-10-14,12178.840000000075
2024-10-15,-2190.4999999999686
2024-10-16,12553.379999999986
2024-10-17,-3945.155000000018
2024-10-18,16238.205000000018
2024-10-21,-7271.459999999987
2024-10-22,-228.60000000004038
2024-10-23,-5332.239999999967
2024-10-24,-6896.654999999959
2024-10-25,34.09999999998763
2024-10-28,13792.720000000045
2024-10-29,-2045.600000000135
2024-10-30,-1314.9549999999244
2024-10-31,-248.6550000000035
2024-11-01,1711.5500000000088
2024-11-04,-16074.20999999996
2024-11-05,-6145.700000000066
2024-11-06,992.7000000000471
2024-11-07,5075.8900000000485
2024-11-08,-7187.75500000012
2024-11-11,-5361.709999999968
2024-11-12,1963.1449999999431
2024-11-13,-4610.664999999909
2024-11-14,-1252.875000000003
2024-11-15,-3804.0200000000073
2024-11-18,-6098.599999999986
2024-11-19,3062.814999999953
2024-11-20,-6894.285000000001
2024-11-21,-11227.109999999977
2024-11-22,20970.800000000043
2024-11-25,529.2599999999561
2024-11-26,3768.899999999946
2024-11-27,20274.43500000003
2024-11-28,-2818.79999999998
2024-11-29,6620.349999999939
2024-12-02,-3138.0949999999466
2024-12-03,8997.64499999993
2024-12-04,-2653.489999999947
2024-12-05,-5639.200000000055
2024-12-06,-3374.7549999999173
2024-12-09,-429.1100000000745
2024-12-10,18888.68499999999
2024-12-11,8208.889999999958
2024-12-12,-9801.084999999914
2024-12-13,-1484.5200000000264
2024-12-16,-2309.3950000000536
2024-12-17,-3792.1999999998925
2024-12-18,-22034.880000000034
2024-12-19,5985.445000000013
2024-12-20,4423.000000000018
2024-12-23,-7530.8000000000675
2024-12-24,10266.025000000036
2024-12-25,514.435
2024-12-26,10568.914999999994
2024-12-27,-7552.230000000003
2024-12-30,-14932.274999999978
2024-12-31,18102.21500000001
2025-01-01,1510.2999999999831
2025-01-02,10543.54499999996
2025-01-03,16955.94500000006
2025-01-06,-962.9099999999853
2025-01-07,10595.44499999991
2025-01-08,-4994.854999999899
2025-01-09,7926.029999999924
2025-01-10,-7652.954999999978
2025-01-13,5951.920000000013
2025-01-14,-7995.069999999985
2025-01-15,-1252.3500000001372
2025-01-16,-5284.199999999897
2025-01-17,8470.005000000001
2025-01-20,372.60000000002196
2025-01-21,8087.784999999901
2025-01-22,316.63499999996736
2025-01-23,4913.945000000033
2025-01-24,846.8799999999878
2025-01-27,-1228.899999999967
2025-01-28,5487.444999999903
2025-01-29,-13156.199999999957
2025-01-30,-14557.874999999925
2025-01-31,7425.980000000003
2025-02-03,-245.20000000000255
2025-02-04,-7242.309999999967
2025-02-05,-3998.065000000052
2025-02-06,-22216.854999999945
2025-02-07,-827.5100000000468
2025-02-10,11232.19999999996
2025-02-11,-13560.799999999963
2025-02-12,-10231.479999999992
2025-02-13,4497.499999999984
2025-02-14,-24243.84500000003
2025-02-17,6648.650000000083
2025-02-18,-5578.519999999976
2025-02-19,-876.7649999999884
2025-02-20,9871.100000000015
2025-02-21,-4688.999999999973
2025-02-24,11850.644999999977
2025-02-25,134.61999999997016
2025-02-26,-1722.2249999999935
2025-02-27,14021.945000000022
2025-02-28,-7638.524999999987
2025-03-03,-549.5099999999886
2025-03-04,10532.989999999938
2025-03-05,-11129.510000000007
2025-03-06,-5912.254999999982
2025-03-07,2360.0949999999575
2025-03-10,-15491.094999999945
2025-03-11,14172.105000000029
2025-03-12,15634.094999999968
2025-03-13,4702.840000000031
2025-03-14,5421.799999999957
2025-03-17,890.9550000000952
2025-03-18,-1563.3900000000724
2025-03-19,8501.960000000032
2025-03-20,16868.18499999997
2025-03-21,-8057.059999999951
2025-03-24,5193.674999999927
2025-03-25,5513.235000000043
2025-03-26,10903.72499999995
2025-03-27,8726.175000000016
2025-03-28,-5610.294999999958
2025-03-31,908.2349999999618
2025-04-01,10429.950000000039
2025-04-02,4441.420000000027
2025-04-03,-14202.500000000035
2025-04-04,-27172.015000000003
2025-04-07,-6841.309999999998
2025-04-08,-10943.914999999928
2025-04-09,17517.24999999997
2025-04-10,4016.9050000000434
2025-04-11,-9293.155000000044
2025-04-14,19521.759999999984
2025-04-15,3284.815000000005
2025-04-16,6060.49999999996
2025-04-17,2523.6400000000313
2025-04-21,7034.410000000042
2025-04-22,17910.479999999938
2025-04-23,5089.605000000003
2025-04-24,3297.4999999999886
2025-04-25,993.9700000000341
2025-04-28,2678.069999999966
2025-04-29,1662.7900000000511
2025-04-30,-12382.300000000001
2025-05-01,3526.544999999952
2025-05-02,-4695.899999999919
2025-05-05,15643.544999999958
2025-05-06,-7308.610000000013
2025-05-07,-470.8999999999837
2025-05-08,15519.350000000026
2025-05-09,2025.4449999999747
2025-05-12,18656.650000000016
2025-05-13,11215.74999999995
2025-05-14,-6078.394999999966
2025-05-15,-10786.735000000006
2025-05-16,11111.285000000003
2025-05-19,-301.555000000002
2025-05-20,-17126.054999999993
2025-05-21,-9833.750000000031
2025-05-22,1565.5050000000447
2025-05-23,3759.15999999998
2025-05-26,692.1700000000052
2025-05-27,3993.634999999971
2025-05-28,15572.38999999998
2025-05-29,-4390.154999999963
2025-05-30,3975.9749999999813
2025-06-02,1390.375000000004
2025-06-03,3816.6950000000043
2025-06-04,-8775.334999999974
2025-06-05,17774.235000000048
2025-06-06,-6852.655000000063
2025-06-09,22218.039999999997
2025-06-10,19.5950000000351
2025-06-11,7395.544999999999
2025-06-12,196.44999999998706
2025-06-13,-819.6999999999696
2025-06-16,9707.580000000005
2025-06-17,-5839.355000000012
2025-06-18,-13928.654999999977
2025-06-19,835.6900000000194
2025-06-20,1632.099999999993
2025-06-23,-22142.99
2025-06-24,15929.179999999995
2025-06-25,20836.515000000018
2025-06-26,7228.725000000033
2025-06-27,-11566.160000000067
2025-06-30,13587.925000000005
2025-07-01,-1675.0
2025-07-02,-17860.55999999998
2025-07-03,2877.554999999999
2025-07-04,3841.399999999975
2025-07-07,18478.480000000014
2025-07-08,-8518.219999999992
2025-07-09,5571.599999999972
2025-07-10,419.8999999999537
2025-07-11,27678.300000000097
2025-07-14,-15647.200000000066
2025-07-15,531.6000000000138
2025-07-16,-9660.364999999983
2025-07-17,1898.179999999988
2025-07-18,-11446.66500000007
2025-07-21,18574.675000000043
2025-07-22,5126.679999999962
2025-07-23,4316.440000000023
2025-07-24,-9774.435000000034
2025-07-25,-2657.984999999993
2025-07-28,9887.080000000033
2025-07-29,12568.390000000036
2025-07-30,2950.3549999999686
2025-07-31,-14669.704999999996
2025-08-01,6074.844999999965
2025-08-04,5230.910000000033
2025-08-05,9454.490000000018
2025-08-06,2350.244999999967
2025-08-07,-4219.255000000006
2025-08-08,-3272.209999999992
2025-08-11,-10410.709999999975
2025-08-12,13764.290000000014
2025-08-13,-3262.685000000032
2025-08-14,-799.6000000000192
2025-08-15,-15104.129999999946
2025-08-18,6550.545000000015
2025-08-19,3992.7000000000344
2025-08-20,7388.764999999961
2025-08-21,-7419.800000000039
2025-08-22,6072.944999999997
2025-08-25,2902.960000000061
2025-08-26,-12238.700000000037
2025-08-27,351.6450000000183
2025-08-28,-5965.410000000042
2025-08-29,-7855.494999999975
2025-09-01,9126.615000000025
2025-09-02,11241.225000000011
2025-09-03,5712.479999999938
2025-09-04,-12385.254999999968
2025-09-05,-5417.255000000002
2025-09-08,-1425.8999999999946
2025-09-09,-6655.055000000034
2025-09-10,9340.230000000049
2025-09-11,-3760.300000000012
2025-09-12,-9983.899999999994
2025-09-15,16172.995000000003
2025-09-16,-8778.709999999975
2025-09-17,-4446.415000000038
2025-09-18,8798.120000000044
2025-09-19,7866.989999999989
2025-09-22,30232.99999999998
2025-09-23,-6389.559999999992
2025-09-24,-5928.20500000003
2025-09-25,-1399.3349999999746
2025-09-26,16470.399999999972
2025-09-29,-17039.499999999978
2025-09-30,4204.544999999984
