date,net_pnl
2010-06-07,0.0
2010-06-08,0.0
2010-06-09,0.0
2010-06-10,0.0
2010-06-11,0.0
2010-06-14,0.0
2010-06-15,0.0
2010-06-16,0.0
2010-06-17,0.0
2010-06-18,0.0
2010-06-21,0.0
2010-06-22,0.0
2010-06-23,0.0
2010-06-24,0.0
2010-06-25,0.0
2010-06-28,0.0
2010-06-29,0.0
2010-06-30,0.0
2010-07-01,0.0
2010-07-02,0.0
2010-07-05,0.0
2010-07-06,0.0
2010-07-07,0.0
2010-07-08,0.0
2010-07-09,0.0
2010-07-12,0.0
2010-07-13,0.0
2010-07-14,0.0
2010-07-15,0.0
2010-07-16,0.0
2010-07-19,0.0
2010-07-20,0.0
2010-07-21,0.0
2010-07-22,0.0
2010-07-23,0.0
2010-07-26,0.0
2010-07-27,0.0
2010-07-28,0.0
2010-07-29,0.0
2010-07-30,0.0
2010-08-02,0.0
2010-08-03,-1022.8874999999999
2010-08-04,-14749.39
2010-08-05,-12506.192499999966
2010-08-06,12152.350000000075
2010-08-09,5324.937499999984
2010-08-10,9576.265000000007
2010-08-11,-14817.167500000105
2010-08-12,-8303.45499999994
2010-08-13,1488.6775000000341
2010-08-16,11011.275000000036
2010-08-17,-786.5675000000201
2010-08-18,-879.2700000000416
2010-08-19,-6367.8349999999855
2010-08-20,-2876.707499999934
2010-08-23,3477.3199999999806
2010-08-24,-1623.3699999999376
2010-08-25,-10516.332500000015
2010-08-26,-8137.809999999977
2010-08-27,-7453.734999999999
2010-08-30,2710.1674999999586
2010-08-31,24.137500000077992
2010-09-01,-1052.6975000000045
2010-09-02,-4788.1924999999965
2010-09-03,2957.907499999934
2010-09-06,4960.279999999973
2010-09-07,-110.14999999998707
2010-09-08,2478.5149999999503
2010-09-09,-5244.009999999937
2010-09-10,-5523.8325000000395
2010-09-13,2112.437500000062
2010-09-14,4008.530000000013
2010-09-15,7868.967499999946
2010-09-16,-993.617500000004
2010-09-17,-9340.829999999934
2010-09-20,17302.309999999965
2010-09-21,22554.515000000018
2010-09-22,-7483.577500000034
2010-09-23,307.79000000002117
2010-09-24,1927.4699999999975
2010-09-27,12159.459999999975
2010-09-28,7503.6849999998885
2010-09-29,-7816.487499999955
2010-09-30,118.00750000007504
2010-10-01,14569.349999999946
2010-10-04,2668.942500000036
2010-10-05,-9023.41000000007
2010-10-06,4741.017499999978
2010-10-07,16412.322499999977
2010-10-08,-28255.699999999906
2010-10-11,-10967.6125
2010-10-12,-14960.24249999998
2010-10-13,7875.70499999994
2010-10-14,-9673.967499999906
2010-10-15,5039.115000000041
2010-10-18,8.894999999959907
2010-10-19,-7881.984999999926
2010-10-20,-3959.0224999999396
2010-10-21,15864.28500000003
2010-10-22,1014.2099999999402
2010-10-25,-1260.8024999999843
2010-10-26,-17174.122499999983
2010-10-27,-1316.1899999999878
2010-10-28,12290.995000000008
2010-10-29,4632.127500000027
2010-11-01,10545.025000000027
2010-11-02,7115.865000000003
2010-11-03,9696.357500000013
2010-11-04,-14323.72250000007
2010-11-05,-14715.427499999965
2010-11-08,-17929.007500000047
2010-11-09,-15835.854999999976
2010-11-10,-3884.6450000000673
2010-11-11,-10078.255000000023
2010-11-12,17084.840000000095
2010-11-15,-21636.11250000007
2010-11-16,23010.502499999955
2010-11-17,-744.0649999999713
2010-11-18,-9248.174999999967
2010-11-19,441.057500000048
2010-11-22,1380.2725000000912
2010-11-23,-9975.052500000036
2010-11-24,-20161.004999999954
2010-11-25,4009.0725000000457
2010-11-26,-6663.050000000055
2010-11-29,3665.2650000000076
2010-11-30,1692.92000000002
2010-12-01,-19900.012500000103
2010-12-02,-3147.385000000081
2010-12-03,-18448.204999999845
2010-12-06,4106.1049999999395
2010-12-07,-5037.702500000053
2010-12-08,-3466.0975000000476
2010-12-09,2200.4125000000613
2010-12-10,1887.5100000000295
2010-12-13,7452.934999999966
2010-12-14,-18202.535000000044
2010-12-15,8449.509999999966
2010-12-16,14880.129999999985
2010-12-17,1129.64499999997
2010-12-20,-11386.762500000012
2010-12-21,2922.330000000053
2010-12-22,-14962.582500000039
2010-12-23,-7094.189999999913
2010-12-27,3164.0949999999543
2010-12-28,-26368.85999999991
2010-12-29,15579.55999999995
2010-12-30,5110.24499999999
2010-12-31,2037.7424999999944
2011-01-03,13684.709999999935
2011-01-04,10604.550000000025
2011-01-05,-9953.18500000007
2011-01-06,11457.464999999916
2011-01-07,18191.080000000034
2011-01-10,-9739.699999999963
2011-01-11,-7568.474999999959
2011-01-12,-346.03750000009336
2011-01-13,17290.81249999995
2011-01-14,-2477.045000000071
2011-01-17,-1836.764999999951
2011-01-18,-2907.405000000009
2011-01-19,-6705.404999999879
2011-01-20,-3314.509999999947
2011-01-21,8902.220000000065
2011-01-24,21043.065000000042
2011-01-25,16148.044999999946
2011-01-26,-23219.83500000001
2011-01-27,26248.64499999999
2011-01-28,-39819.31500000008
2011-01-31,-7876.779999999991
2011-02-01,1248.6499999999983
2011-02-02,-865.1300000000504
2011-02-03,-11220.942499999974
2011-02-04,-7731.86499999984
2011-02-07,10429.489999999869
2011-02-08,-24477.182500000017
2011-02-09,-506.657500000098
2011-02-10,-6945.524999999915
2011-02-11,15448.649999999967
2011-02-14,-12865.724999999995
2011-02-15,12238.224999999995
2011-02-16,2958.175000000035
2011-02-17,-4257.154999999915
2011-02-18,11821.3249999999
2011-02-21,-37018.584999999934
2011-02-22,22338.102499999994
2011-02-23,-18172.89500000012
2011-02-24,12437.77000000007
2011-02-25,-6933.655000000071
2011-02-28,16011.110000000026
2011-03-01,-17798.819999999938
2011-03-02,-8620.240000000007
2011-03-03,1854.2249999999772
2011-03-04,-2151.9849999999733
2011-03-07,7309.685000000016
2011-03-08,5687.619999999996
2011-03-09,393.49500000007913
2011-03-10,7744.949999999912
2011-03-11,7107.0174999999945
2011-03-14,8636.789999999948
2011-03-15,15960.167500000052
2011-03-16,-15971.62499999991
2011-03-17,-39059.072500000024
2011-03-18,-3585.6025000001073
2011-03-21,3324.1375000000376
2011-03-22,-10662.40749999995
2011-03-23,-2533.9150000000145
2011-03-24,-3307.0649999999637
2011-03-25,-4963.122500000086
2011-03-28,10920.800000000092
2011-03-29,8241.564999999924
2011-03-30,11072.495000000037
2011-03-31,-28020.999999999985
2011-04-01,17543.397499999977
2011-04-04,-5538.864999999955
2011-04-05,1210.0124999999653
2011-04-06,2293.360000000127
2011-04-07,3036.1974999998697
2011-04-08,-9915.854999999925
2011-04-11,-3039.342499999948
2011-04-12,22361.972499999956
2011-04-13,2909.060000000149
2011-04-14,-5420.527500000083
2011-04-15,12720.69
2011-04-18,-18355.19750000001
2011-04-19,12155.057500000074
2011-04-20,7517.279999999944
2011-04-21,-3532.714999999915
2011-04-25,3493.4049999999893
2011-04-26,10986.92999999995
2011-04-27,12215.759999999873
2011-04-28,16638.529999999988
2011-04-29,-1943.9249999999756
2011-05-02,1116.9550000000859
2011-05-03,5307.1824999999835
2011-05-04,12608.83500000006
2011-05-05,6602.309999999992
2011-05-06,4192.064999999982
2011-05-09,-2361.7249999999226
2011-05-10,826.3799999999129
2011-05-11,-2227.8099999998963
2011-05-12,-6689.065000000048
2011-05-13,-5226.599999999958
2011-05-16,-6773.072499999993
2011-05-17,5735.520000000022
2011-05-18,-6338.814999999986
2011-05-19,14055.74000000006
2011-05-20,-10779.070000000022
2011-05-23,64.414999999972
2011-05-24,244.7800000000105
2011-05-25,-7018.010000000034
2011-05-26,24206.11000000002
2011-05-27,650.3975000000032
2011-05-30,2104.507500000031
2011-05-31,5357.237499999964
2011-06-01,-6493.567499999922
2011-06-02,-9199.677500000074
2011-06-03,-5288.004999999898
2011-06-06,-9047.155000000035
2011-06-07,1909.6599999999846
2011-06-08,-4553.104999999995
2011-06-09,-1297.5975000000444
2011-06-10,-1456.147499999989
2011-06-13,2206.240000000003
2011-06-14,-8267.112499999974
2011-06-15,15741.122499999929
2011-06-16,-981.9199999999685
2011-06-17,2469.424999999974
2011-06-20,6384.399999999982
2011-06-21,1803.5200000000427
2011-06-22,-2987.0725000000907
2011-06-23,13117.644999999971
2011-06-24,3762.829999999984
2011-06-27,2012.9849999999653
2011-06-28,-9653.607499999996
2011-06-29,7861.925000000004
2011-06-30,-886.0024999999814
2011-07-01,14274.992499999986
2011-07-04,1120.9300000000621
2011-07-05,-7921.4650000000465
2011-07-06,3566.4150000000054
2011-07-07,3245.09749999998
2011-07-08,8275.15499999996
2011-07-11,-11468.185000000049
2011-07-12,-8100.407500000006
2011-07-13,-9434.787500000033
2011-07-14,5392.524999999965
2011-07-15,4030.649999999942
2011-07-18,-7004.039999999998
2011-07-19,17687.690000000042
2011-07-20,-5912.0175000000445
2011-07-21,7703.5025000001115
2011-07-22,2111.6249999999354
2011-07-25,-7649.837499999991
2011-07-26,2689.8050000000476
2011-07-27,-7352.37499999997
2011-07-28,-2437.847500000059
2011-07-29,15411.170000000004
2011-08-01,-5532.969999999931
2011-08-02,-19874.62250000002
2011-08-03,-1046.3375000000417
2011-08-04,890.1375000000112
2011-08-05,-10314.799999999988
2011-08-08,-2248.1899999999155
2011-08-09,3697.480000000019
2011-08-10,-13491.400000000001
2011-08-11,-809.700000000019
2011-08-12,11890.170000000066
2011-08-15,3559.3999999999687
2011-08-16,3138.0324999999475
2011-08-17,740.725000000026
2011-08-18,2017.4800000000282
2011-08-19,-4752.029999999984
2011-08-22,-9270.269999999966
2011-08-23,3362.734999999984
2011-08-24,5102.507500000089
2011-08-25,-1648.8725000000447
2011-08-26,-1751.342499999959
2011-08-29,2919.1750000000525
2011-08-30,2884.987500000035
2011-08-31,-3963.27999999998
2011-09-01,7505.724999999974
2011-09-02,-3856.1050000000014
2011-09-05,-1427.0924999999609
2011-09-06,761.0924999999626
2011-09-07,4107.854999999996
2011-09-08,3531.7949999999373
2011-09-09,3274.1949999999906
2011-09-12,-9165.280000000006
2011-09-13,3304.447500000032
2011-09-14,8725.009999999964
2011-09-15,7589.972499999998
2011-09-16,9983.914999999963
2011-09-19,4815.060000000035
2011-09-20,3809.157499999967
2011-09-21,-1819.3799999999937
2011-09-22,-1318.1949999999672
2011-09-23,3755.39000000003
2011-09-26,-3432.7474999999745
2011-09-27,-2410.387500000011
2011-09-28,6940.630000000037
2011-09-29,-6596.017499999957
2011-09-30,28695.02000000004
2011-10-03,-7586.284999999983
2011-10-04,-577.2049999999581
2011-10-05,-2160.2550000000215
2011-10-06,5328.775000000024
2011-10-07,-4809.855000000015
2011-10-10,397.27499999999236
2011-10-11,-9030.195000000056
2011-10-12,220.47499999996754
2011-10-13,-1119.8474999999848
2011-10-14,790.6175000000828
2011-10-17,2365.5250000000374
2011-10-18,3321.619999999924
2011-10-19,3012.4549999999745
2011-10-20,5945.29999999996
2011-10-21,757.6500000000217
2011-10-24,-7845.354999999978
2011-10-25,1416.6375000000266
2011-10-26,-6244.307500000025
2011-10-27,-23929.76500000007
2011-10-28,8065.095000000087
2011-10-31,20933.384999999937
2011-11-01,7116.467500000015
2011-11-02,1277.2150000000104
2011-11-03,-10971.932500000037
2011-11-04,5495.442500000029
2011-11-07,6874.832499999959
2011-11-08,-5538.717500000011
2011-11-09,1372.8724999999765
2011-11-10,3885.949999999988
2011-11-11,-3900.6999999999784
2011-11-14,-3814.8199999999847
2011-11-15,-6789.794999999965
2011-11-16,119.59749999999508
2011-11-17,22083.02000000004
2011-11-18,-1604.4850000000488
2011-11-21,15629.220000000081
2011-11-22,-9523.710000000005
2011-11-23,16633.36499999997
2011-11-24,-4339.192499999994
2011-11-25,9117.13499999998
2011-11-28,10137.142500000064
2011-11-29,-12232.170000000018
2011-11-30,-3646.5774999998857
2011-12-01,6773.087500000011
2011-12-02,2090.1324999999883
2011-12-05,16006.375000000007
2011-12-06,-10858.042500000021
2011-12-07,13702.602499999957
2011-12-08,5184.3824999999515
2011-12-09,5648.100000000008
2011-12-12,11140.772500000052
2011-12-13,-5684.884999999954
2011-12-14,29871.90499999996
2011-12-15,1978.555000000034
2011-12-16,-3651.0725
2011-12-19,-10032.677499999989
2011-12-20,-13718.602499999986
2011-12-21,-6019.497500000059
2011-12-22,-1771.0699999999579
2011-12-23,1195.8874999999525
2011-12-26,1590.389999999995
2011-12-27,-7663.2999999999965
2011-12-28,18688.244999999974
2011-12-29,7565.415000000007
2011-12-30,-5281.354999999971
2012-01-02,374.0800000000061
2012-01-03,628.5699999999116
2012-01-04,-2591.11999999996
2012-01-05,7061.547499999989
2012-01-06,3411.827499999993
2012-01-09,-6962.779999999932
2012-01-10,-1828.604999999958
2012-01-11,3327.98499999996
2012-01-12,9037.980000000014
2012-01-13,2082.5524999999634
2012-01-16,2345.7574999999442
2012-01-17,-7478.949999999992
2012-01-18,-2667.42999999997
2012-01-19,-6062.49
2012-01-20,1456.1750000000345
2012-01-23,-16311.692500000056
2012-01-24,664.337500000027
2012-01-25,8680.86749999993
2012-01-26,5831.78999999998
2012-01-27,-5716.634999999944
2012-01-30,11467.36749999999
2012-01-31,2029.3799999999453
2012-02-01,-1958.6249999999075
2012-02-02,3387.3249999999007
2012-02-03,2886.750000000048
2012-02-06,2103.3124999999227
2012-02-07,1388.6050000000346
2012-02-08,-3913.35000000001
2012-02-09,-403.40500000009075
2012-02-10,770.9875000000656
2012-02-13,-5866.137499999992
2012-02-14,4499.630000000112
2012-02-15,5560.614999999934
2012-02-16,-1074.8125000000389
2012-02-17,-2454.5599999999667
2012-02-20,-4337.287500000103
2012-02-21,-10757.764999999952
2012-02-22,-2800.2824999999852
2012-02-23,-7519.912500000045
2012-02-24,9371.07999999999
2012-02-27,12417.217500000042
2012-02-28,-4909.907500000019
2012-02-29,14192.767500000124
2012-03-01,3188.249999999845
2012-03-02,10568.495000000079
2012-03-05,-11646.242500000018
2012-03-06,8483.430000000055
2012-03-07,3494.1200000000335
2012-03-08,-7548.897500000049
2012-03-09,-1932.8100000000845
2012-03-12,-3862.760000000011
2012-03-13,3984.9325000000754
2012-03-14,-17150.872500000016
2012-03-15,1019.1675000000743
2012-03-16,-5027.03250000007
2012-03-19,-6746.882500000063
2012-03-20,7600.265000000071
2012-03-21,3072.7500000000427
2012-03-22,2606.7074999999054
2012-03-23,3580.652500000012
2012-03-26,11344.237499999968
2012-03-27,4742.19750000006
2012-03-28,-1262.2074999999907
2012-03-29,11654.449999999975
2012-03-30,-11356.674999999956
2012-04-02,-6262.062500000049
2012-04-03,-7318.834999999979
2012-04-04,-6728.182500000073
2012-04-05,4413.442500000043
2012-04-06,2091.419999999931
2012-04-09,-5086.500000000041
2012-04-10,-13718.670000000002
2012-04-11,11021.487500000032
2012-04-12,7110.410000000092
2012-04-13,11578.679999999998
2012-04-16,-2454.854999999973
2012-04-17,-7263.520000000052
2012-04-18,13181.45249999999
2012-04-19,-8177.2725000000255
2012-04-20,-3127.292499999995
2012-04-23,8220.33000000005
2012-04-24,461.49999999998244
2012-04-25,1287.30499999996
2012-04-26,6303.627500000114
2012-04-27,82.43500000002774
2012-04-30,-10899.199999999997
2012-05-01,-3953.722499999961
2012-05-02,15503.572500000031
2012-05-03,-6085.989999999966
2012-05-04,-2213.7175000000198
2012-05-07,5579.949999999933
2012-05-08,-2349.8775000000583
2012-05-09,-6161.040000000066
2012-05-10,1834.4249999999197
2012-05-11,-2954.827500000012
2012-05-14,16515.12250000007
2012-05-15,5189.149999999985
2012-05-16,-4824.345000000094
2012-05-17,-23327.51249999997
2012-05-18,-28105.4499999999
2012-05-21,14487.222499999969
2012-05-22,-2154.135000000053
2012-05-23,3229.1649999999445
2012-05-24,-5867.695000000099
2012-05-25,-479.92749999996573
2012-05-28,3327.4449999999324
2012-05-29,13393.902499999938
2012-05-30,10751.80250000002
2012-05-31,2582.207500000038
2012-06-01,-6063.125000000036
2012-06-04,-9400.502500000022
2012-06-05,7917.410000000063
2012-06-06,2178.6425000000713
2012-06-07,24680.210000000065
2012-06-08,7226.409999999939
2012-06-11,8251.09250000007
2012-06-12,-15852.03000000003
2012-06-13,2863.689999999988
2012-06-14,-9515.50250000003
2012-06-15,3338.8174999999997
2012-06-18,12155.162499999942
2012-06-19,-15197.342499999999
2012-06-20,-5073.385000000084
2012-06-21,-8308.482499999944
2012-06-22,3765.242500000063
2012-06-25,-1883.242499999972
2012-06-26,9360.212499999961
2012-06-27,5703.634999999992
2012-06-28,3809.9249999999543
2012-06-29,20191.382500000134
2012-07-02,-893.4475000000516
2012-07-03,3700.4300000001112
2012-07-04,5055.964999999942
2012-07-05,3249.2900000000027
2012-07-06,12498.170000000004
2012-07-09,-783.239999999945
2012-07-10,3776.9674999999984
2012-07-11,4413.687499999932
2012-07-12,563.359999999989
2012-07-13,11555.21500000009
2012-07-16,-5996.695000000058
2012-07-17,9100.010000000037
2012-07-18,11624.145000000037
2012-07-19,-3167.675000000093
2012-07-20,6332.467499999932
2012-07-23,-15093.865000000069
2012-07-24,-1205.8474999999646
2012-07-25,1426.6325000000952
2012-07-26,-4656.435000000081
2012-07-27,11168.745000000099
2012-07-30,7969.162499999929
2012-07-31,-13.367499999941742
2012-08-01,5131.502499999989
2012-08-02,7331.4425000001065
2012-08-03,-13886.792500000109
2012-08-06,-4528.889999999992
2012-08-07,-8424.02999999997
2012-08-08,-3183.7674999999977
2012-08-09,7788.695000000019
2012-08-10,13055.252499999906
2012-08-13,5457.065000000013
2012-08-14,-564.4849999998685
2012-08-15,-4138.502500000199
2012-08-16,-3595.375000000017
2012-08-17,1336.549999999942
2012-08-20,535.8674999998781
2012-08-21,-20424.705000000034
2012-08-22,107.23999999985286
2012-08-23,-14173.914999999946
2012-08-24,5885.8674999999885
2012-08-27,11109.745000000044
2012-08-28,-3504.255000000043
2012-08-29,-1028.5525000000707
2012-08-30,-7103.3450000000785
2012-08-31,-7842.357499999883
2012-09-03,-7281.817499999969
2012-09-04,-7204.290000000022
2012-09-05,-7593.012499999815
2012-09-06,17527.310000000005
2012-09-07,-7865.607500000046
2012-09-10,-695.3425000000258
2012-09-11,-1267.9425000000413
2012-09-12,-10219.42749999998
2012-09-13,9281.579999999889
2012-09-14,-8132.977500000111
2012-09-17,24008.3625000001
2012-09-18,4258.8400000000065
2012-09-19,-1091.735000000016
2012-09-20,-523.9850000001007
2012-09-21,-346.5949999999341
2012-09-24,4042.257499999914
2012-09-25,-3011.497500000036
2012-09-26,6702.417500000041
2012-09-27,835.2374999999615
2012-09-28,-14290.854999999967
2012-10-01,-6539.937500000063
2012-10-02,1127.1249999999056
2012-10-03,7639.702499999953
2012-10-04,-5053.609999999979
2012-10-05,-1843.687499999986
2012-10-08,1115.7599999999652
2012-10-09,-8661.707499999979
2012-10-10,-2426.935000000032
2012-10-11,-6248.819999999974
2012-10-12,6879.062499999936
2012-10-15,11757.862500000001
2012-10-16,-21928.39749999994
2012-10-17,-12885.887500000043
2012-10-18,-806.3249999999857
2012-10-19,-10331.602500000132
2012-10-22,-1343.1600000000901
2012-10-23,8320.965000000011
2012-10-24,1813.9425000000167
2012-10-25,-1909.587500000084
2012-10-26,17201.38249999993
2012-10-29,10188.357500000006
2012-10-30,-6588.777499999924
2012-10-31,-8627.77500000005
2012-11-01,9069.564999999973
2012-11-02,16924.98249999996
2012-11-05,6394.4325000001645
2012-11-06,-19828.397499999955
2012-11-07,19114.56249999991
2012-11-08,-14158.249999999936
2012-11-09,2171.817499999915
2012-11-12,4859.85999999991
2012-11-13,-5352.91250000002
2012-11-14,-605.0925000000711
2012-11-15,-1222.4899999999238
2012-11-16,4861.4550000001445
2012-11-19,-5016.442500000007
2012-11-20,-7786.2625000000135
2012-11-21,-7334.609999999913
2012-11-22,-3972.2349999998883
2012-11-23,-2236.1024999999627
2012-11-26,7760.485000000018
2012-11-27,-176.95249999996494
2012-11-28,16214.184999999925
2012-11-29,-1951.6200000001263
2012-11-30,13291.410000000205
2012-12-03,-5387.567500000015
2012-12-04,14016.385000000088
2012-12-05,6540.080000000036
2012-12-06,23536.37499999986
2012-12-07,-11.059999999922496
2012-12-10,6778.647500000038
2012-12-11,-3323.3674999999157
2012-12-12,-14501.839999999986
2012-12-13,-6198.192500000105
2012-12-14,-5886.810000000035
2012-12-17,-9157.077499999825
2012-12-18,-4269.927500000067
2012-12-19,5472.449999999995
2012-12-20,8170.967499999842
2012-12-21,8959.287500000035
2012-12-24,-2277.4899999998693
2012-12-25,1869.4000000000246
2012-12-26,5571.602500000036
2012-12-27,6069.190000000035
2012-12-28,-3518.570000000144
2012-12-31,6517.112499999957
2013-01-01,2064.499999999956
2013-01-02,7927.5900000000665
2013-01-03,281.66000000007296
2013-01-04,4645.497499999922
2013-01-07,-3711.487499999996
2013-01-08,-945.5149999999695
2013-01-09,10311.949999999923
2013-01-10,-16493.762500000077
2013-01-11,6502.235000000099
2013-01-14,8562.944999999669
2013-01-15,-9052.644999999862
2013-01-16,708.8849999999583
2013-01-17,-23437.069999999967
2013-01-18,6211.654999999975
2013-01-21,-1865.7525000000005
2013-01-22,-450.76250000014625
2013-01-23,6035.412500000108
2013-01-24,-807.9824999999942
2013-01-25,-20880.907500000063
2013-01-28,-6421.147499999867
2013-01-29,4322.867500000113
2013-01-30,-16908.97750000015
2013-01-31,17173.775000000063
2013-02-01,5494.475000000046
2013-02-04,9644.097500000156
2013-02-05,6396.734999999947
2013-02-06,11068.497499999905
2013-02-07,17437.64249999999
2013-02-08,5063.932499999998
2013-02-11,1102.2175000000254
2013-02-12,-5193.237500000032
2013-02-13,-15239.512500000048
2013-02-14,18967.55999999993
2013-02-15,-9469.55249999988
2013-02-18,-1594.912499999999
2013-02-19,15254.729999999989
2013-02-20,12601.190000000111
2013-02-21,8887.207500000073
2013-02-22,8209.409999999994
2013-02-25,-206.39500000009315
2013-02-26,-735.7350000000674
2013-02-27,21314.179999999993
2013-02-28,5224.02999999994
2013-03-01,12655.135000000191
2013-03-04,9707.260000000075
2013-03-05,2051.965000000063
2013-03-06,-7910.510000000031
2013-03-07,-23096.692500000023
2013-03-08,1148.5899999999388
2013-03-11,2622.197500000023
2013-03-12,363.51750000002926
2013-03-13,1445.8325000000252
2013-03-14,-490.09000000004
2013-03-15,2924.78250000002
2013-03-18,2517.4125000000477
2013-03-19,17217.727499999826
2013-03-20,-855.532500000009
2013-03-21,8105.319999999966
2013-03-22,-4510.369999999842
2013-03-25,3665.9574999999263
2013-03-26,7955.407499999903
2013-03-27,9369.487500000047
2013-03-28,-2355.774999999999
2013-04-01,-23641.719999999877
2013-04-02,6750.122500000012
2013-04-03,-125.96249999998616
2013-04-04,4162.082500000012
2013-04-05,-22042.875000000076
2013-04-08,14566.264999999985
2013-04-09,-2225.817499999993
2013-04-10,12975.757500000036
2013-04-11,10158.382499999967
2013-04-12,45192.7525000001
2013-04-15,30016.932499999937
2013-04-16,-13345.777500000026
2013-04-17,-7151.382499999974
2013-04-18,-15694.722500000078
2013-04-19,3509.730000000011
2013-04-22,8899.652500000118
2013-04-23,6613.029999999986
2013-04-24,-457.82500000012146
2013-04-25,-4901.90749999995
2013-04-26,21914.082499999917
2013-04-29,9469.152499999926
2013-04-30,-6721.832499999969
2013-05-01,2300.225000000038
2013-05-02,20278.84749999994
2013-05-03,-8249.307499999897
2013-05-06,-696.072500000015
2013-05-07,525.9575000000322
2013-05-08,2407.4349999999354
2013-05-09,11626.490000000107
2013-05-10,-27612.314999999944
2013-05-13,-1092.5924999999875
2013-05-14,-16374.732500000046
2013-05-15,29244.997500000085
2013-05-16,9915.434999999976
2013-05-17,-11258.872500000032
2013-05-20,-2086.7874999999676
2013-05-21,4522.504999999925
2013-05-22,-33616.34500000003
2013-05-23,-5304.819999999976
2013-05-24,2433.1174999999575
2013-05-27,-6857.692500000048
2013-05-28,-16494.807499999843
2013-05-29,-439.11500000001234
2013-05-30,-1251.3724999999426
2013-05-31,-7955.347499999945
2013-06-03,868.7974999999342
2013-06-04,-6523.517499999982
2013-06-05,-13410.920000000006
2013-06-06,12037.014999999958
2013-06-07,5616.682500000001
2013-06-10,-6305.952499999995
2013-06-11,1869.5050000000115
2013-06-12,-22836.165000000023
2013-06-13,24081.477499999983
2013-06-14,-2372.5624999998936
2013-06-17,-684.1200000000209
2013-06-18,5618.669999999913
2013-06-19,-37433.402499999924
2013-06-20,-6101.207499999999
2013-06-21,-30866.747499999994
2013-06-24,10067.467499999988
2013-06-25,139.52999999995455
2013-06-26,24301.479999999952
2013-06-27,14684.599999999986
2013-06-28,-20017.574999999895
2013-07-01,4708.459999999956
2013-07-02,8667.272499999952
2013-07-03,-886.0899999999992
2013-07-04,8477.002500000022
2013-07-05,-9137.362500000028
2013-07-08,-3622.9424999999746
2013-07-09,12359.135000000024
2013-07-10,-11171.492500000026
2013-07-11,-2890.1799999999384
2013-07-12,-8832.604999999936
2013-07-15,6199.417500000026
2013-07-16,3562.3624999999583
2013-07-17,12557.079999999949
2013-07-18,2840.907500000055
2013-07-19,5111.404999999893
2013-07-22,-5955.104999999949
2013-07-23,-3953.0875000000547
2013-07-24,-1860.3875000000098
2013-07-25,-663.0450000000618
2013-07-26,4707.170000000086
2013-07-29,-5923.949999999874
2013-07-30,-7504.987500000047
2013-07-31,-2823.6200000000435
2013-08-01,6493.730000000076
2013-08-02,-1623.6024999999977
2013-08-05,6291.027500000015
2013-08-06,-4661.697499999941
2013-08-07,-2436.210000000001
2013-08-08,-4510.642500000036
2013-08-09,2398.5449999999983
2013-08-12,-13095.757499999978
2013-08-13,-7590.240000000046
2013-08-14,-1230.5900000000017
2013-08-15,-27133.31499999994
2013-08-16,-9853.50500000001
2013-08-19,-12144.715000000075
2013-08-20,4291.584999999979
2013-08-21,-17110.90000000008
2013-08-22,-756.0300000000018
2013-08-23,2032.4650000000343
2013-08-26,-7569.874999999979
2013-08-27,-4473.855000000024
2013-08-28,-5456.224999999944
2013-08-29,13483.249999999898
2013-08-30,-2518.5949999999402
2013-09-02,-3128.6399999999835
2013-09-03,1052.6699999999594
2013-09-04,8374.130000000097
2013-09-05,-3547.5525000001053
2013-09-06,8634.01500000003
2013-09-09,14481.555000000002
2013-09-10,-4041.0950000000375
2013-09-11,9280.94
2013-09-12,9854.179999999982
2013-09-13,2553.034999999973
2013-09-16,9614.815000000051
2013-09-17,5494.637499999998
2013-09-18,3494.269999999927
2013-09-19,-14658.230000000034
2013-09-20,-1555.997500000088
2013-09-23,-820.6425000000241
2013-09-24,5431.622500000024
2013-09-25,-12853.332499999995
2013-09-26,3024.1599999999166
2013-09-27,-8839.547500000013
2013-09-30,1131.9599999999741
2013-10-01,7021.610000000107
2013-10-02,-3394.6200000000467
2013-10-03,-1657.385000000095
2013-10-04,5012.930000000029
2013-10-07,-13798.744999999995
2013-10-08,-5158.347500000022
2013-10-09,-4349.349999999881
2013-10-10,17619.65000000007
2013-10-11,3096.0925000000834
2013-10-14,-6192.922500000123
2013-10-15,1552.0675000000865
2013-10-16,12419.479999999896
2013-10-17,5395.685000000066
2013-10-18,3064.3950000000136
2013-10-21,2016.7650000000144
2013-10-22,7282.452500000027
2013-10-23,-13708.630000000125
2013-10-24,-2802.039999999923
2013-10-25,-3576.9575000000486
2013-10-28,6166.247500000044
2013-10-29,8595.389999999941
2013-10-30,-1911.7374999999975
2013-10-31,16682.202499999905
2013-11-01,-5303.412499999973
2013-11-04,13910.04500000004
2013-11-05,-2986.9024999999906
2013-11-06,11460.587500000005
2013-11-07,2906.760000000075
2013-11-08,-9565.325000000079
2013-11-11,-4149.904999999954
2013-11-12,5437.657500000026
2013-11-13,28849.16000000008
2013-11-14,-1565.9050000000154
2013-11-15,-2761.935000000022
2013-11-18,17509.824999999986
2013-11-19,-7171.290000000047
2013-11-20,-14258.254999999994
2013-11-21,11586.277500000035
2013-11-22,3869.0650000000714
2013-11-25,-2955.1424999999103
2013-11-26,5180.7874999999
2013-11-27,-398.78500000001077
2013-11-28,1749.3899999999765
2013-11-29,-6438.732499999941
2013-12-02,-4564.575000000004
2013-12-03,-6469.64999999992
2013-12-04,-8123.017500000019
2013-12-05,2377.820000000013
2013-12-06,8790.76999999998
2013-12-09,16758.53500000004
2013-12-10,12902.18000000004
2013-12-11,-13522.937499999962
2013-12-12,-6652.944999999989
2013-12-13,10774.697500000011
2013-12-16,-959.0650000000273
2013-12-17,3344.5899999999815
2013-12-18,17819.260000000017
2013-12-19,-12235.48000000007
2013-12-20,5661.005000000032
2013-12-23,-3626.3799999999883
2013-12-24,665.6299999999958
2013-12-25,754.9250000000226
2013-12-26,-1331.2650000000717
2013-12-27,-3441.612500000028
2013-12-30,8092.882500000049
2013-12-31,-2644.2250000000763
2014-01-01,416.49000000001246
2014-01-02,-6845.974999999925
2014-01-03,-6577.702499999982
2014-01-06,26.44750000007977
2014-01-07,8301.002499999988
2014-01-08,2073.269999999968
2014-01-09,-5083.237499999981
2014-01-10,9705.104999999914
2014-01-13,2967.83499999997
2014-01-14,2108.517500000058
2014-01-15,-7190.180000000012
2014-01-16,-1649.7824999999475
2014-01-17,3358.8974999999764
2014-01-20,782.649999999915
2014-01-21,324.9375000001319
2014-01-22,-3768.959999999969
2014-01-23,-1640.4049999999143
2014-01-24,-8981.44750000011
2014-01-27,-12451.500000000022
2014-01-28,10844.597499999913
2014-01-29,12249.735000000055
2014-01-30,3391.7450000000363
2014-01-31,671.5650000000176
2014-02-03,-9103.562499999935
2014-02-04,2719.7925000000328
2014-02-05,-6700.565000000011
2014-02-06,8656.189999999948
2014-02-07,21652.827500000105
2014-02-10,-9561.185000000014
2014-02-11,12475.412500000048
2014-02-12,-3265.4675000000057
2014-02-13,16271.182500000052
2014-02-14,-5661.104999999948
2014-02-17,3978.014999999964
2014-02-18,14589.869999999893
2014-02-19,-2217.0274999999165
2014-02-20,-4800.875000000012
2014-02-21,-4542.345000000011
2014-02-24,-3561.4124999999367
2014-02-25,402.29999999994766
2014-02-26,7546.265000000034
2014-02-27,2232.5225000000332
2014-02-28,-5162.724999999925
2014-03-03,-17291.085000000014
2014-03-04,-11347.022499999994
2014-03-05,-5393.659999999986
2014-03-06,-2282.3099999999877
2014-03-07,-16024.870000000026
2014-03-10,-17938.92250000009
2014-03-11,-17905.19999999998
2014-03-12,-5857.200000000001
2014-03-13,793.3924999999718
2014-03-14,-3901.8774999999696
2014-03-17,-7374.409999999874
2014-03-18,10039.454999999958
2014-03-19,-27104.87499999992
2014-03-20,1965.8825000001157
2014-03-21,-836.8150000000072
2014-03-24,2223.872500000062
2014-03-25,15018.214999999906
2014-03-26,5545.2350000000215
2014-03-27,3677.759999999993
2014-03-28,-1853.2325000000778
2014-03-31,3479.5874999999537
2014-04-01,1861.4474999999113
2014-04-02,-3067.5174999999817
2014-04-03,4859.494999999971
2014-04-04,-916.7525000000053
2014-04-07,-8833.95249999995
2014-04-08,11787.249999999985
2014-04-09,26280.69250000002
2014-04-10,-15198.372500000007
2014-04-11,-5031.605000000086
2014-04-14,5787.4700000000175
2014-04-15,3037.152500000058
2014-04-16,13537.547499999964
2014-04-17,-5195.977500000088
2014-04-21,6249.592500000119
2014-04-22,-2250.677500000038
2014-04-23,-3566.464999999949
2014-04-24,6310.117500000019
2014-04-25,-5719.579999999949
2014-04-28,-3067.0824999999954
2014-04-29,2722.930000000007
2014-04-30,4028.9050000000566
2014-05-01,6733.455000000054
2014-05-02,-2227.83499999999
2014-05-05,-11755.462500000149
2014-05-06,2113.2949999999623
2014-05-07,3680.0499999999315
2014-05-08,8619.210000000034
2014-05-09,1808.8650000001178
2014-05-12,4446.439999999953
2014-05-13,17750.92999999994
2014-05-14,3574.37499999987
2014-05-15,-3646.5399999999345
2014-05-16,3152.570000000016
2014-05-19,-2272.0525000000284
2014-05-20,-7037.407499999958
2014-05-21,13896.924999999908
2014-05-22,7000.867499999865
2014-05-23,15761.775000000176
2014-05-26,1178.8299999999397
2014-05-27,-1387.4174999999054
2014-05-28,7456.367500000074
2014-05-29,2053.5574999999317
2014-05-30,-3866.0200000000523
2014-06-02,-7606.2474999999085
2014-06-03,-13737.610000000095
2014-06-04,683.4824999999009
2014-06-05,2275.7825000000935
2014-06-06,-5917.047499999884
2014-06-09,-1633.3675000001992
2014-06-10,-3326.0049999998514
2014-06-11,910.2249999999906
2014-06-12,1553.6974999999914
2014-06-13,1126.665
2014-06-16,10447.372500000134
2014-06-17,-27082.60749999995
2014-06-18,14765.872500000016
2014-06-19,-18207.362499999912
2014-06-20,11607.790000000014
2014-06-23,-1550.309999999963
2014-06-24,-9269.62000000005
2014-06-25,8053.022499999936
2014-06-26,9297.0450000001
2014-06-27,6295.815000000013
2014-06-30,-11070.41000000005
2014-07-01,538.7374999999721
2014-07-02,-25722.492500000084
2014-07-03,6398.034999999811
2014-07-04,-1578.6999999998316
2014-07-07,-2069.95000000017
2014-07-08,-6761.239999999962
2014-07-09,4326.244999999983
2014-07-10,-3420.457500000002
2014-07-11,-293.7200000000161
2014-07-14,9691.552499999809
2014-07-15,4308.662500000036
2014-07-16,3571.454999999919
2014-07-17,-17463.727500000077
2014-07-18,14502.58750000014
2014-07-21,-3228.270000000092
2014-07-22,5526.6050000001815
2014-07-23,1616.5249999997736
2014-07-24,-12664.59999999992
2014-07-25,-11434.270000000002
2014-07-28,977.8750000000233
2014-07-29,12383.952500000094
2014-07-30,-24382.530000000002
2014-07-31,-9345.144999999959
2014-08-01,2311.097500000109
2014-08-04,6914.14249999989
2014-08-05,-13690.827499999972
2014-08-06,-6809.672499999895
2014-08-07,-1186.160000000117
2014-08-08,-5816.139999999906
2014-08-11,9848.207499999977
2014-08-12,3313.057500000007
2014-08-13,15080.69750000015
2014-08-14,558.0199999999282
2014-08-15,5569.369999999978
2014-08-18,11143.270000000059
2014-08-19,-11834.952499999868
2014-08-20,-488.2249999997722
2014-08-21,10136.229999999978
2014-08-22,-6180.837500000059
2014-08-25,3736.015000000027
2014-08-26,13056.670000000007
2014-08-27,1449.6749999999215
2014-08-28,4430.270000000014
2014-08-29,12919.977500000043
2014-09-01,1410.009999999966
2014-09-02,-23843.482499999813
2014-09-03,16911.95499999994
2014-09-04,18018.25499999989
2014-09-05,-4151.929999999942
2014-09-08,-8726.935000000096
2014-09-09,-7707.204999999954
2014-09-10,10399.090000000018
2014-09-11,12260.67
2014-09-12,-10254.042500000116
2014-09-15,1150.3725000000893
2014-09-16,12694.194999999923
2014-09-17,-12637.542499999965
2014-09-18,6367.570000000094
2014-09-19,22405.654999999864
2014-09-22,-2558.9249999999643
2014-09-23,6225.0
2014-09-24,-5230.2925
2014-09-25,21833.6825
2014-09-26,1622.0775000000262
2014-09-29,791.0225000000039
2014-09-30,9330.159999999934
2014-10-01,3691.3575000000737
2014-10-02,-4564.9700000000275
2014-10-03,10155.69999999999
2014-10-06,-9717.20999999984
2014-10-07,-30193.86999999998
2014-10-08,20804.257500000025
2014-10-09,-18362.464999999997
2014-10-10,3192.2299999999996
2014-10-13,-15073.749999999834
2014-10-14,2010.7850000000417
2014-10-15,-3229.4399999999837
2014-10-16,-5041.917500000035
2014-10-17,13126.33749999994
2014-10-20,7756.3700000000545
2014-10-21,1578.8124999999104
2014-10-22,-7510.112500000008
2014-10-23,4048.550000000056
2014-10-24,8628.030000000017
2014-10-27,-5633.427499999814
2014-10-28,8563.477499999944
2014-10-29,-9949.967500000042
2014-10-30,14377.369999999988
2014-10-31,12467.807500000092
2014-11-03,-665.5025000000453
2014-11-04,-5847.962499999967
2014-11-05,12686.550000000041
2014-11-06,-6471.8650000001735
2014-11-07,3243.68250000008
2014-11-10,-517.2749999999529
2014-11-11,920.7899999999622
2014-11-12,-5185.715000000035
2014-11-13,-13276.684999999925
2014-11-14,18529.357500000082
2014-11-17,-2838.3375000000115
2014-11-18,6746.904999999943
2014-11-19,-1137.8449999999257
2014-11-20,-2248.8775000000014
2014-11-21,12740.190000000037
2014-11-24,10260.224999999979
2014-11-25,-9767.250000000035
2014-11-26,7097.790000000022
2014-11-27,2931.4125000000013
2014-11-28,1273.0275000000101
2014-12-01,-22541.777500000102
2014-12-02,-6051.164999999916
2014-12-03,4243.85749999995
2014-12-04,-2370.219999999933
2014-12-05,-20614.0875
2014-12-08,5273.809999999943
2014-12-09,-1842.6574999999311
2014-12-10,1943.9124999998803
2014-12-11,-3373.6150000000034
2014-12-12,5472.772500000089
2014-12-15,-19726.442500000067
2014-12-16,1212.3625000000122
2014-12-17,-10873.429999999928
2014-12-18,15878.820000000045
2014-12-19,8307.324999999977
2014-12-22,17103.20999999992
2014-12-23,-11365.469999999847
2014-12-24,11072.514999999894
2014-12-25,-978.9449999999467
2014-12-26,-1415.6974999999256
2014-12-29,823.0499999999768
2014-12-30,1722.8125000000769
2014-12-31,325.85500000000593
2015-01-01,-748.8925000000452
2015-01-02,-8761.48250000002
2015-01-05,-11009.324999999937
2015-01-06,673.9024999999461
2015-01-07,10859.825000000017
2015-01-08,11069.47999999996
2015-01-09,-6618.347499999969
2015-01-12,-1197.7949999999703
2015-01-13,-7407.777499999974
2015-01-14,-2751.3225000000784
2015-01-15,-63709.71999999998
2015-01-16,-2648.430000000027
2015-01-19,-2839.9250000000065
2015-01-20,-5118.262500000058
2015-01-21,-12913.867499999962
2015-01-22,9325.109999999951
2015-01-23,4351.370000000001
2015-01-26,-2593.2350000000256
2015-01-27,-3492.514999999955
2015-01-28,-563.949999999985
2015-01-29,9573.71249999998
2015-01-30,-9560.055000000051
2015-02-02,8581.072499999966
2015-02-03,-8315.862499999952
2015-02-04,13538.60250000006
2015-02-05,3674.0125000000025
2015-02-06,-7384.352499999999
2015-02-09,-1721.9075000000257
2015-02-10,6934.857499999976
2015-02-11,-615.1724999999759
2015-02-12,8407.937499999958
2015-02-13,3092.4674999999997
2015-02-16,-2117.3549999999886
2015-02-17,10789.797499999953
2015-02-18,8238.305000000011
2015-02-19,-9415.324999999973
2015-02-20,4223.072499999997
2015-02-23,288.8600000000534
2015-02-24,7000.32749999996
2015-02-25,905.900000000014
2015-02-26,-3195.097500000026
2015-02-27,1743.4550000000474
2015-03-02,3128.9200000000073
2015-03-03,-2954.7050000000245
2015-03-04,752.8324999999764
2015-03-05,7014.670000000036
2015-03-06,-8109.900000000024
2015-03-09,4990.2900000000545
2015-03-10,-5471.160000000046
2015-03-11,503.38750000003677
2015-03-12,12361.487499999968
2015-03-13,-131.39000000001158
2015-03-16,-735.2574999999883
2015-03-17,-201.11499999993572
2015-03-18,1964.794999999931
2015-03-19,-11721.872500000014
2015-03-20,2255.0099999999397
2015-03-23,2928.46000000001
2015-03-24,-3799.7225000000212
2015-03-25,-13417.04250000001
2015-03-26,373.55250000005316
2015-03-27,8213.052499999969
2015-03-30,4706.1574999999775
2015-03-31,6865.41999999994
2015-04-01,-7805.160000000049
2015-04-02,-4688.697499999981
2015-04-03,-421.23249999996835
2015-04-06,-2396.3525000000845
2015-04-07,92.09750000002651
2015-04-08,4993.640000000025
2015-04-09,788.6899999999983
2015-04-10,-2277.319999999943
2015-04-13,-3702.2350000000174
2015-04-14,-2852.825000000015
2015-04-15,12501.874999999998
2015-04-16,3495.5125000000144
2015-04-17,-10839.27
2015-04-20,1242.6750000000288
2015-04-21,4158.69999999998
2015-04-22,1449.2000000000544
2015-04-23,-8100.645000000005
2015-04-24,7737.220000000018
2015-04-27,-4084.959999999952
2015-04-28,-4105.887499999981
2015-04-29,-17848.024999999976
2015-04-30,-19699.030000000042
2015-05-01,-9625.300000000001
2015-05-04,5403.560000000013
2015-05-05,-10907.755000000006
2015-05-06,-16460.09500000002
2015-05-07,17670.16000000001
2015-05-08,12596.570000000012
2015-05-11,-7979.310000000025
2015-05-12,-649.8300000000083
2015-05-13,-4171.194999999991
2015-05-14,-23.924999999980912
2015-05-15,2207.1750000000857
2015-05-18,-8462.519999999979
2015-05-19,13866.899999999943
2015-05-20,7711.990000000072
2015-05-21,1097.624999999939
2015-05-22,-3930.0649999999746
2015-05-25,1315.0299999999538
2015-05-26,14531.782500000072
2015-05-27,16181.995000000015
2015-05-28,1009.1899999999727
2015-05-29,-1741.1524999999779
2015-06-01,-9517.105
2015-06-02,-16097.225000000002
2015-06-03,-4347.369999999983
2015-06-04,3051.8250000000335
2015-06-05,-11798.484999999957
2015-06-08,-4143.97000000006
2015-06-09,-8095.149999999958
2015-06-10,7236.2650000000485
2015-06-11,15844.664999999954
2015-06-12,-1666.8299999999722
2015-06-15,-2096.599999999997
2015-06-16,17513.965000000084
2015-06-17,-4304.8550000000705
2015-06-18,5663.0925000000525
2015-06-19,-3252.0675000000233
2015-06-22,-8118.7299999999605
2015-06-23,-6592.280000000028
2015-06-24,-1221.6249999999814
2015-06-25,-5172.744999999977
2015-06-26,-4361.254999999948
2015-06-29,-2204.360000000049
2015-06-30,-1569.5374999999083
2015-07-01,-6911.87499999997
2015-07-02,5793.004999999989
2015-07-03,-2259.060000000007
2015-07-06,5952.004999999991
2015-07-07,14297.570000000014
2015-07-08,-10442.92500000005
2015-07-09,-9045.68999999996
2015-07-10,2579.7499999999454
2015-07-13,1246.0549999999982
2015-07-14,13521.797500000064
2015-07-15,12571.852499999892
2015-07-16,8624.827499999992
2015-07-17,10741.529999999975
2015-07-20,13869.624999999976
2015-07-21,-3911.402500000042
2015-07-22,9793.997500000001
2015-07-23,3641.285000000088
2015-07-24,-1155.260000000048
2015-07-27,3731.7350000002284
2015-07-28,-6025.355000000017
2015-07-29,3603.8649999999925
2015-07-30,3778.609999999999
2015-07-31,6181.217499999977
2015-08-03,3839.51250000006
2015-08-04,-7339.82499999999
2015-08-05,310.57250000004683
2015-08-06,-5577.207499999951
2015-08-07,1637.5850000000132
2015-08-10,-15989.230000000045
2015-08-11,13606.274999999989
2015-08-12,-38.51500000003118
2015-08-13,-742.7450000000722
2015-08-14,4050.3950000000477
2015-08-17,10128.535000000036
2015-08-18,1996.3200000000547
2015-08-19,-8180.265000000011
2015-08-20,-31203.300000000003
2015-08-21,-19310.010000000053
2015-08-24,-28908.14999999996
2015-08-25,-4244.719999999948
2015-08-26,2331.3150000000473
2015-08-27,2022.559999999914
2015-08-28,-15103.439999999971
2015-08-31,-10364.579999999965
2015-09-01,2199.6199999999603
2015-09-02,11840.455000000095
2015-09-03,6637.839999999922
2015-09-04,-6853.700000000056
2015-09-07,1862.1175000000828
2015-09-08,-13310.730000000025
2015-09-09,-1939.8900000000085
2015-09-10,780.930000000022
2015-09-11,4209.479999999943
2015-09-14,-8253.02000000007
2015-09-15,-4533.0999999999
2015-09-16,-4421.847499999951
2015-09-17,18902.884999999977
2015-09-18,16652.70999999998
2015-09-21,-7672.625000000011
2015-09-22,14427.595000000054
2015-09-23,-5125.035000000058
2015-09-24,-4183.1999999999525
2015-09-25,-3765.870000000005
2015-09-28,1032.7799999999806
2015-09-29,7603.8975000000355
2015-09-30,6904.7274999999445
2015-10-01,10188.465000000033
2015-10-02,5671.289999999925
2015-10-05,835.5650000000094
2015-10-06,-12723.347499999907
2015-10-07,4279.227499999906
2015-10-08,717.2125000001262
2015-10-09,-7348.03250000006
2015-10-12,709.5100000000353
2015-10-13,-11123.489999999916
2015-10-14,-9203.054999999997
2015-10-15,8934.610000000048
2015-10-16,-582.4275000000305
2015-10-19,9192.599999999966
2015-10-20,-15551.347500000087
2015-10-21,5095.265000000013
2015-10-22,24954.097500000113
2015-10-23,14525.569999999923
2015-10-26,10956.412499999962
2015-10-27,382.7924999999787
2015-10-28,-4726.257499999929
2015-10-29,818.602500000076
2015-10-30,-2969.625000000013
2015-11-02,11075.577500000009
2015-11-03,-3622.584999999938
2015-11-04,-1629.5899999999788
2015-11-05,6165.544999999908
2015-11-06,2294.352500000042
2015-11-09,7721.82999999994
2015-11-10,11167.177500000018
2015-11-11,-3900.28249999999
2015-11-12,-2093.96000000002
2015-11-13,5282.325000000037
2015-11-16,15418.13000000002
2015-11-17,5501.462499999973
2015-11-18,6292.324999999941
2015-11-19,-984.2025000000598
2015-11-20,13053.515000000045
2015-11-23,495.64000000003784
2015-11-24,1747.9124999999692
2015-11-25,489.5224999999769
2015-11-26,3550.5999999999794
2015-11-27,10410.272500000088
2015-11-30,-704.3174999999521
2015-12-01,8161.897499999958
2015-12-02,7435.770000000056
2015-12-03,-58305.13999999999
2015-12-04,17128.169999999984
2015-12-07,31028.08499999994
2015-12-08,-6729.882500000012
2015-12-09,-8997.65
2015-12-10,2510.364999999966
2015-12-11,10194.380000000092
2015-12-14,766.7999999999779
2015-12-15,-3827.9300000000003
2015-12-16,-1805.5700000000056
2015-12-17,3172.07249999999
2015-12-18,-18811.302499999987
2015-12-21,-10076.635000000048
2015-12-22,-1967.2299999999586
2015-12-23,-3481.4750000000317
2015-12-24,-2100.640000000021
2015-12-28,1698.6450000000004
2015-12-29,-305.27500000002044
2015-12-30,3581.092500000031
2015-12-31,3635.2049999999854
2016-01-04,-5745.44249999997
2016-01-05,1732.0075000000138
2016-01-06,-806.5899999999559
2016-01-07,-18420.992500000088
2016-01-08,-37.285000000010626
2016-01-11,23967.08750000002
2016-01-12,7325.694999999958
2016-01-13,6642.562500000022
2016-01-14,15493.417499999845
2016-01-15,9188.352500000132
2016-01-18,3943.424999999905
2016-01-19,-3361.302499999879
2016-01-20,-732.7150000000445
2016-01-21,-3989.5700000000506
2016-01-22,-5140.804999999988
2016-01-25,10322.160000000078
2016-01-26,234.94249999999627
2016-01-27,-8810.957500000024
2016-01-28,7478.602499999994
2016-01-29,17024.607499999976
2016-02-01,169.56750000009427
2016-02-02,15637.46500000004
2016-02-03,-29403.42750000003
2016-02-04,-1020.0699999999189
2016-02-05,-4516.682500000044
2016-02-08,7691.3275000000085
2016-02-09,3746.4224999999487
2016-02-10,4209.30999999999
2016-02-11,-15670.640000000036
2016-02-12,-12924.817499999974
2016-02-15,12440.14749999996
2016-02-16,10259.187500000013
2016-02-17,-7261.834999999941
2016-02-18,12210.212499999941
2016-02-19,-1891.5399999999674
2016-02-22,11624.849999999955
2016-02-23,6547.572499999967
2016-02-24,1031.5375000000392
2016-02-25,9157.242500000064
2016-02-26,2661.369999999997
2016-02-29,-4332.519999999989
2016-03-01,1526.7200000000255
2016-03-02,-7058.8425000000025
2016-03-03,-7355.702500000047
2016-03-04,-21978.414999999946
2016-03-07,-14122.27749999998
2016-03-08,9938.732499999925
2016-03-09,-8972.559999999974
2016-03-10,-21402.855000000007
2016-03-11,1865.970000000042
2016-03-14,2974.189999999998
2016-03-15,4739.9550000000645
2016-03-16,8458.97499999993
2016-03-17,-10539.099999999937
2016-03-18,7436.835000000007
2016-03-21,-2284.4400000000614
2016-03-22,-9125.152499999976
2016-03-23,26858.795000000013
2016-03-24,1948.4700000000405
2016-03-28,-2537.43500000001
2016-03-29,9147.879999999986
2016-03-30,13419.017499999965
2016-03-31,9272.179999999911
2016-04-01,8944.525000000167
2016-04-04,3620.3949999999104
2016-04-05,-8527.365000000042
2016-04-06,1091.8400000000504
2016-04-07,-6186.9549999999945
2016-04-08,-6394.700000000001
2016-04-11,-4893.425000000044
2016-04-12,-8070.372500000023
2016-04-13,-1239.54999999994
2016-04-14,5330.954999999984
2016-04-15,5320.372499999957
2016-04-18,-8105.065000000021
2016-04-19,-28345.41000000005
2016-04-20,-18731.325000000026
2016-04-21,-930.2025000000327
2016-04-22,13727.28749999995
2016-04-25,-6209.219999999978
2016-04-26,-15522.425000000016
2016-04-27,5478.157499999993
2016-04-28,-20536.53999999995
2016-04-29,-22511.395000000037
2016-05-02,3834.2150000000256
2016-05-03,17148.180000000004
2016-05-04,7274.38000000001
2016-05-05,14658.470000000007
2016-05-06,3149.4049999999465
2016-05-09,20217.22750000001
2016-05-10,1896.0724999999877
2016-05-11,-20018.05999999997
2016-05-12,-2289.9625000000015
2016-05-13,3370.5200000000423
2016-05-16,-9455.987500000047
2016-05-17,-13189.470000000001
2016-05-18,-340.8599999999276
2016-05-19,5312.289999999982
2016-05-20,6606.56499999996
2016-05-23,-3809.0275000000074
2016-05-24,9250.035000000036
2016-05-25,-2988.964999999998
2016-05-26,5307.412500000069
2016-05-27,2052.9799999999673
2016-05-30,1401.1049999999696
2016-05-31,8672.517500000013
2016-06-01,-10108.322500000057
2016-06-02,11152.112499999981
2016-06-03,-5346.899999999922
2016-06-06,-3972.4425000000274
2016-06-07,501.4750000000194
2016-06-08,-4823.925000000065
2016-06-09,7120.01000000007
2016-06-10,11742.344999999983
2016-06-13,-9109.305000000013
2016-06-14,1953.030000000047
2016-06-15,2447.9149999998654
2016-06-16,4524.375000000024
2016-06-17,-21243.089999999997
2016-06-20,-1522.1549999999952
2016-06-21,2561.684999999991
2016-06-22,9266.96499999997
2016-06-23,-768.344999999988
2016-06-24,-15364.65749999997
2016-06-27,6265.21000000001
2016-06-28,-9559.88250000007
2016-06-29,-379.18000000003246
2016-06-30,13155.910000000044
2016-07-01,-2905.274999999982
2016-07-04,-3899.950000000014
2016-07-05,9426.650000000007
2016-07-06,1409.4050000000952
2016-07-07,11373.31499999993
2016-07-08,2645.270000000002
2016-07-11,1461.839999999934
2016-07-12,-1999.4849999999317
2016-07-13,-1086.9449999999974
2016-07-14,-2867.3900000000567
2016-07-15,-3449.6800000000226
2016-07-18,6716.710000000069
2016-07-19,1661.8849999998827
2016-07-20,2360.755000000048
2016-07-21,-7661.79999999995
2016-07-22,5669.1124999999265
2016-07-25,1213.9050000000336
2016-07-26,6534.849999999993
2016-07-27,-5114.892500000061
2016-07-28,2352.470000000001
2016-07-29,-3162.924999999994
2016-08-01,3194.7299999999886
2016-08-02,-9421.779999999933
2016-08-03,226.50999999999277
2016-08-04,5113.519999999989
2016-08-05,7145.110000000022
2016-08-08,-62.88249999998476
2016-08-09,1077.7250000000456
2016-08-10,-1377.017500000027
2016-08-11,-3202.5599999999586
2016-08-12,4812.372500000023
2016-08-15,1431.8599999999717
2016-08-16,-19421.92749999998
2016-08-17,3560.6449999999495
2016-08-18,-6196.0349999998925
2016-08-19,1732.5249999999558
2016-08-22,8492.919999999984
2016-08-23,2012.4949999999772
2016-08-24,4611.96500000003
2016-08-25,506.41750000003674
2016-08-26,14387.897500000006
2016-08-29,14122.274999999936
2016-08-30,6664.304999999996
2016-08-31,2632.4199999999664
2016-09-01,-435.58249999996207
2016-09-02,-6942.82750000001
2016-09-05,-4104.022499999967
2016-09-06,-856.4925000000371
2016-09-07,-3957.4550000000154
2016-09-08,-12529.315000000013
2016-09-09,-17525.804999999982
2016-09-12,7345.559999999972
2016-09-13,865.6125000000382
2016-09-14,-6391.525000000023
2016-09-15,9752.534999999993
2016-09-16,2189.785000000029
2016-09-19,-8838.529999999948
2016-09-20,-3692.5699999999556
2016-09-21,500.7524999999346
2016-09-22,2035.287499999972
2016-09-23,7297.849999999967
2016-09-26,882.2075000000202
2016-09-27,4504.800000000065
2016-09-28,-3434.8975000000114
2016-09-29,1626.1849999999265
2016-09-30,-6098.04499999989
2016-10-03,2030.7799999998797
2016-10-04,9336.915000000032
2016-10-05,-5707.034999999947
2016-10-06,15383.252499999979
2016-10-07,-4999.61500000001
2016-10-10,-1332.8975000000605
2016-10-11,501.73249999998444
2016-10-12,15604.579999999965
2016-10-13,-8254.1999999999
2016-10-14,6284.329999999939
2016-10-17,-1803.8050000000785
2016-10-18,4216.05000000001
2016-10-19,-182.58750000002928
2016-10-20,3920.3525000000654
2016-10-21,4759.217499999951
2016-10-24,589.529999999997
2016-10-25,-3992.8425000000543
2016-10-26,-7375.72500000005
2016-10-27,-16152.587499999881
2016-10-28,-7211.270000000051
2016-10-31,7998.630000000054
2016-11-01,-12594.252500000026
2016-11-02,-1462.9124999999876
2016-11-03,-3629.104999999997
2016-11-04,3509.495000000034
2016-11-07,12193.637500000004
2016-11-08,-4830.210000000026
2016-11-09,-16659.642500000005
2016-11-10,-11464.552500000022
2016-11-11,11495.732500000046
2016-11-14,-1100.942499999993
2016-11-15,-8065.450000000016
2016-11-16,-244.7974999999949
2016-11-17,-2954.4400000000364
2016-11-18,-6541.247499999977
2016-11-21,-19436.222500000003
2016-11-22,4701.610000000047
2016-11-23,-763.125000000047
2016-11-24,-2012.2500000000337
2016-11-25,4675.527500000016
2016-11-28,-7034.332500000037
2016-11-29,19755.40250000007
2016-11-30,-18454.245000000028
2016-12-01,-8439.132500000043
2016-12-02,-38.82500000000823
2016-12-05,-9119.62249999996
2016-12-06,2675.52249999994
2016-12-07,10961.617500000037
2016-12-08,6976.239999999979
2016-12-09,-987.4749999999686
2016-12-12,-8496.187499999965
2016-12-13,8771.017499999964
2016-12-14,832.2524999999947
2016-12-15,16513.674999999992
2016-12-16,-7802.095000000058
2016-12-19,15231.602500000072
2016-12-20,7412.237500000008
2016-12-21,3253.762500000078
2016-12-22,1302.7899999999884
2016-12-23,3413.169999999907
2016-12-26,-117.22249999991632
2016-12-27,-19260.034999999967
2016-12-28,2889.4649999999297
2016-12-29,-6658.349999999975
2016-12-30,-6402.774999999977
2017-01-02,4719.339999999992
2017-01-03,8029.599999999987
2017-01-04,-17999.459999999915
2017-01-05,-16959.24500000004
2017-01-06,12304.757499999982
2017-01-09,5741.627500000089
2017-01-10,-736.660000000124
2017-01-11,-5627.1999999999525
2017-01-12,-13904.315000000002
2017-01-13,-3522.697500000013
2017-01-16,5708.237499999991
2017-01-17,-17448.26499999998
2017-01-18,16489.452500000003
2017-01-19,-708.7850000000441
2017-01-20,-8519.529999999964
2017-01-23,-4865.084999999976
2017-01-24,1820.5699999999993
2017-01-25,-4456.864999999957
2017-01-26,13038.349999999911
2017-01-27,3817.525000000099
2017-01-30,-3563.684999999993
2017-01-31,-17990.07750000001
2017-02-01,-9419.550000000021
2017-02-02,6740.6749999999
2017-02-03,14401.34250000007
2017-02-06,8700.209999999985
2017-02-07,12414.732499999971
2017-02-08,-10407.405000000026
2017-02-09,4682.420000000012
2017-02-10,-15723.029999999979
2017-02-13,12086.180000000048
2017-02-14,1149.3474999999653
2017-02-15,-2326.0049999999737
2017-02-16,6823.444999999937
2017-02-17,18217.31250000003
2017-02-20,-1110.0999999999879
2017-02-21,14393.812499999907
2017-02-22,9173.954999999998
2017-02-23,832.5625000000417
2017-02-24,6583.752499999981
2017-02-27,2860.567500000059
2017-02-28,-9339.52999999999
2017-03-01,4413.190000000033
2017-03-02,14844.529999999992
2017-03-03,-8915.70250000011
2017-03-06,1616.0825000001355
2017-03-07,1552.7274999999652
2017-03-08,14408.707499999984
2017-03-09,6549.502500000032
2017-03-10,4581.062499999956
2017-03-13,-3839.3024999999366
2017-03-14,2339.73250000002
2017-03-15,-1939.23500000009
2017-03-16,-10135.607500000004
2017-03-17,2014.5350000000064
2017-03-20,6607.347499999985
2017-03-21,-9962.099999999995
2017-03-22,7887.017500000024
2017-03-23,-2099.6825000000513
2017-03-24,2073.6075000000055
2017-03-27,-559.0399999999947
2017-03-28,-3768.652499999938
2017-03-29,-3641.0375000000918
2017-03-30,3156.0175000000536
2017-03-31,-5110.6625000000695
2017-04-03,13450.417499999996
2017-04-04,-7300.637499999906
2017-04-05,-3930.597499999944
2017-04-06,5579.604999999935
2017-04-07,750.2850000000913
2017-04-10,-4602.597500000061
2017-04-11,-5043.887500000053
2017-04-12,-4215.91
2017-04-13,1046.35250000002
2017-04-17,10846.03
2017-04-18,1085.3049999999307
2017-04-19,13326.04000000003
2017-04-20,19562.15500000002
2017-04-21,5010.514999999945
2017-04-24,-5059.049999999969
2017-04-25,-4693.024999999955
2017-04-26,15331.710000000026
2017-04-27,5178.120000000037
2017-04-28,5963.214999999932
2017-05-01,-9982.390000000005
2017-05-02,8717.932500000064
2017-05-03,12969.019999999959
2017-05-04,12056.775000000089
2017-05-05,-13387.240000000167
2017-05-08,6529.5750000000835
2017-05-09,3192.6650000001055
2017-05-10,-12963.004999999957
2017-05-11,-7631.9325000000135
2017-05-12,-1614.2474999999968
2017-05-15,-8530.122499999994
2017-05-16,-10899.697499999982
2017-05-17,-12669.340000000055
2017-05-18,874.4075000001232
2017-05-19,-15758.772500000037
2017-05-22,-5791.472500000004
2017-05-23,5227.874999999936
2017-05-24,-2190.467500000072
2017-05-25,13171.557500000039
2017-05-26,-12624.129999999966
2017-05-29,5433.277500000082
2017-05-30,7140.969999999883
2017-05-31,-682.0325000000109
2017-06-01,16976.202500000098
2017-06-02,-5755.730000000147
2017-06-05,-1681.2049999998778
2017-06-06,-14204.500000000053
2017-06-07,3190.9450000001343
2017-06-08,9029.937499999909
2017-06-09,4929.664999999897
2017-06-12,860.345000000088
2017-06-13,-2496.584999999988
2017-06-14,19931.909999999956
2017-06-15,-4852.137500000082
2017-06-16,-227.59999999990305
2017-06-19,8722.794999999998
2017-06-20,11346.797499999873
2017-06-21,-2625.7749999999087
2017-06-22,-1796.780000000019
2017-06-23,-9322.4474999999
2017-06-26,12392.184999999961
2017-06-27,-35031.22749999997
2017-06-28,-1534.5699999999092
2017-06-29,-13127.349999999995
2017-06-30,-19590.72500000012
2017-07-03,-744.9874999999395
2017-07-04,-5486.942500000007
2017-07-05,8529.990000000065
2017-07-06,-7485.44500000003
2017-07-07,9423.47500000001
2017-07-10,-10986.814999999968
2017-07-11,631.6324999999089
2017-07-12,13390.774999999994
2017-07-13,15697.317500000023
2017-07-14,-13758.62250000002
2017-07-17,10146.757500000052
2017-07-18,-9880.377500000042
2017-07-19,-1542.502499999922
2017-07-20,-6719.585000000038
2017-07-21,-6419.660000000051
2017-07-24,-188.17749999993924
2017-07-25,-5048.63249999996
2017-07-26,-9498.890000000061
2017-07-27,11843.587499999972
2017-07-28,-13827.980000000012
2017-07-31,-5980.289999999965
2017-08-01,17870.26500000006
2017-08-02,2928.55000000006
2017-08-03,5552.149999999893
2017-08-04,10051.19000000013
2017-08-07,1202.3150000000494
2017-08-08,-7038.912500000039
2017-08-09,-15522.987499999985
2017-08-10,6214.175000000139
2017-08-11,-2084.355000000118
2017-08-14,14394.744999999999
2017-08-15,6028.557500000053
2017-08-16,-4091.110000000016
2017-08-17,-508.3225000000339
2017-08-18,-9501.994999999926
2017-08-21,-2047.3450000000234
2017-08-22,5077.169999999934
2017-08-23,-183.69000000003007
2017-08-24,-885.8249999999482
2017-08-25,-7741.409999999942
2017-08-28,-8635.79000000002
2017-08-29,9114.382499999978
2017-08-30,10483.819999999987
2017-08-31,-5417.522499999927
2017-09-01,-11256.705000000095
2017-09-04,-6634.679999999985
2017-09-05,5912.147500000095
2017-09-06,-12750.88499999999
2017-09-07,-3741.3600000000447
2017-09-08,7946.767500000051
2017-09-11,295.9400000000479
2017-09-12,-3625.7500000000846
2017-09-13,-1450.6224999999356
2017-09-14,-10249.417500000065
2017-09-15,4297.657500000086
2017-09-18,4506.724999999987
2017-09-19,-1243.4149999999706
2017-09-20,-1229.4750000000436
2017-09-21,547.9050000000328
2017-09-22,826.435000000047
2017-09-25,8525.700000000046
2017-09-26,5302.712500000003
2017-09-27,-13991.737500000001
2017-09-28,3581.207500000044
2017-09-29,-7456.494999999974
2017-10-02,19744.252500000028
2017-10-03,2516.502499999967
2017-10-04,4409.835000000016
2017-10-05,-9874.56500000007
2017-10-06,-8610.050000000056
2017-10-09,-1006.949999999889
2017-10-10,-11718.032500000018
2017-10-11,-313.04999999999075
2017-10-12,-4315.617500000064
2017-10-13,-4395.837499999954
2017-10-16,-3570.629999999991
2017-10-17,11326.575000000048
2017-10-18,1734.515000000012
2017-10-19,277.94999999999857
2017-10-20,-581.8525000000523
2017-10-23,-2153.097499999988
2017-10-24,-992.9949999999184
2017-10-25,-3485.9874999999265
2017-10-26,14733.292499999923
2017-10-27,14639.937500000058
2017-10-30,2140.6850000000136
2017-10-31,-4566.1450000000295
2017-11-01,-1803.8999999999933
2017-11-02,1330.1374999999634
2017-11-03,4955.402500000052
2017-11-06,-15938.15499999999
2017-11-07,10254.460000000014
2017-11-08,-3425.457499999964
2017-11-09,-5776.0150000000085
2017-11-10,-2437.214999999959
2017-11-13,-1110.6000000000197
2017-11-14,14972.279999999995
2017-11-15,8173.694999999944
2017-11-16,-483.90749999995023
2017-11-17,-18586.49999999999
2017-11-20,12304.09500000004
2017-11-21,-11217.175000000028
2017-11-22,-8514.112499999987
2017-11-23,562.1500000000555
2017-11-24,-1261.3025000000262
2017-11-27,2037.8949999999688
2017-11-28,546.9175000001289
2017-11-29,-788.2000000000157
2017-11-30,-6080.824999999985
2017-12-01,-12945.559999999938
2017-12-04,15424.474999999826
2017-12-05,19223.014999999985
2017-12-06,21260.49000000007
2017-12-07,5407.719999999952
2017-12-08,-4762.974999999884
2017-12-11,-3258.36749999989
2017-12-12,8779.552499999945
2017-12-13,-4724.242500000021
2017-12-14,4083.8974999999227
2017-12-15,-14621.67499999995
2017-12-18,-22715.099999999933
2017-12-19,-7118.265000000076
2017-12-20,-10858.884999999893
2017-12-21,-6480.017500000101
2017-12-22,-9430.61499999994
2017-12-25,425.5149999998602
2017-12-26,-21379.597499999956
2017-12-27,1665.6399999999642
2017-12-28,-17271.75999999991
2017-12-29,6353.682500000016
2018-01-01,-939.8225000000862
2018-01-02,-24700.09499999996
2018-01-03,-3786.540000000112
2018-01-04,-16764.35499999995
2018-01-05,-2494.3149999999528
2018-01-08,7993.584999999813
2018-01-09,3563.250000000062
2018-01-10,-6813.275000000017
2018-01-11,-6451.824999999992
2018-01-12,-27740.499999999924
2018-01-15,-13501.92500000004
2018-01-16,2361.424999999983
2018-01-17,-11806.135000000038
2018-01-18,-12031.034999999982
2018-01-19,-9205.349999999926
2018-01-22,-18506.01750000008
2018-01-23,12167.740000000094
2018-01-24,-48930.682500000206
2018-01-25,7730.49500000005
2018-01-26,-27773.22500000002
2018-01-29,4722.020000000005
2018-01-30,-7012.505000000058
2018-01-31,-14543.039999999944
2018-02-01,-6360.249999999875
2018-02-02,44881.66749999984
2018-02-05,59286.31500000004
2018-02-06,-36844.10999999999
2018-02-07,12843.122499999978
2018-02-08,-5787.444999999972
2018-02-09,353.502500000002
2018-02-12,-19328.80999999998
2018-02-13,-10281.777500000013
2018-02-14,-35596.999999999985
2018-02-15,-12718.952499999992
2018-02-16,18047.957499999924
2018-02-19,86.75500000003352
2018-02-20,8533.992499999926
2018-02-21,-2320.940000000025
2018-02-22,-10922.147499999968
2018-02-23,-1088.222500000038
2018-02-26,-7075.760000000013
2018-02-27,3833.4175000000623
2018-02-28,14665.904999999944
2018-03-01,1563.8850000000054
2018-03-02,-9234.245000000004
2018-03-05,-6701.1024999999245
2018-03-06,-816.1975000001187
2018-03-07,423.9350000000699
2018-03-08,6420.34999999996
2018-03-09,-6849.7674999999945
2018-03-12,-4998.7524999999805
2018-03-13,4862.477499999944
2018-03-14,9183.717500000024
2018-03-15,9532.515000000085
2018-03-16,1810.0999999999099
2018-03-19,17420.500000000044
2018-03-20,-6057.5250000000015
2018-03-21,-24537.719999999914
2018-03-22,36178.00999999991
2018-03-23,-491.01999999993603
2018-03-26,-22235.972500000105
2018-03-27,21590.147500000097
2018-03-28,6661.854999999951
2018-03-29,-16583.150000000023
2018-04-02,8656.267499999982
2018-04-03,-9662.277499999958
2018-04-04,-2806.2450000000294
2018-04-05,-3020.2399999999093
2018-04-06,2186.5249999999605
2018-04-09,-12358.614999999978
2018-04-10,-16943.78749999994
2018-04-11,1393.2874999999738
2018-04-12,-2702.319999999952
2018-04-13,406.38500000003626
2018-04-16,-8378.80750000009
2018-04-17,-6449.770000000022
2018-04-18,-8456.469999999985
2018-04-19,3612.060000000073
2018-04-20,7126.764999999999
2018-04-23,8903.999999999967
2018-04-24,985.2549999999484
2018-04-25,50.9549999999508
2018-04-26,3374.867500000071
2018-04-27,5997.450000000034
2018-04-30,3650.439999999942
2018-05-01,1542.575000000076
2018-05-02,8977.830000000049
2018-05-03,1170.90749999995
2018-05-04,-5161.682500000062
2018-05-07,-848.8874999999916
2018-05-08,-6905.970000000014
2018-05-09,-6205.929999999992
2018-05-10,-8089.3224999999975
2018-05-11,4258.9300000000385
2018-05-14,-2885.6000000000004
2018-05-15,1878.3699999999499
2018-05-16,-3187.8499999999704
2018-05-17,1676.6200000001086
2018-05-18,3139.0099999999743
2018-05-21,-7864.790000000061
2018-05-22,-4889.43749999992
2018-05-23,13421.169999999893
2018-05-24,-4778.134999999975
2018-05-25,6073.332500000022
2018-05-28,4190.602499999914
2018-05-29,37430.952500000014
2018-05-30,-25570.36999999988
2018-05-31,-5254.770000000036
2018-06-01,-12343.772499999983
2018-06-04,-4199.789999999986
2018-06-05,-12225.665000000017
2018-06-06,-11687.512500000004
2018-06-07,5031.387499999952
2018-06-08,-706.5174999999784
2018-06-11,5894.25500000002
2018-06-12,-2462.5424999999736
2018-06-13,1549.1499999999314
2018-06-14,26047.324999999986
2018-06-15,16077.320000000065
2018-06-18,6498.86749999996
2018-06-19,6479.394999999997
2018-06-20,-5683.785000000011
2018-06-21,3806.745000000029
2018-06-22,1815.6899999999682
2018-06-25,13256.335000000005
2018-06-26,8717.060000000027
2018-06-27,10566.899999999972
2018-06-28,1260.805000000042
2018-06-29,-12265.135000000018
2018-07-02,4127.500000000115
2018-07-03,-1868.4750000001243
2018-07-04,-785.4899999998968
2018-07-05,-1347.7300000000923
2018-07-06,-17242.927500000023
2018-07-09,-6250.682499999997
2018-07-10,12744.42249999997
2018-07-11,18347.11999999996
2018-07-12,-4397.704999999968
2018-07-13,2020.0825000000157
2018-07-16,-7228.232499999986
2018-07-17,3688.22249999995
2018-07-18,-3591.5849999999914
2018-07-19,6321.072500000006
2018-07-20,-17923.97499999999
2018-07-23,-7004.944999999971
2018-07-24,4725.600000000006
2018-07-25,-15656.007500000016
2018-07-26,9014.852499999917
2018-07-27,7095.337500000119
2018-07-30,-3004.667500000069
2018-07-31,-8324.68000000001
2018-08-01,2831.8200000000843
2018-08-02,134.60499999997143
2018-08-03,-1323.6350000000089
2018-08-06,660.6550000001065
2018-08-07,-9684.949999999959
2018-08-08,-7957.910000000044
2018-08-09,16625.662499999977
2018-08-10,27359.570000000065
2018-08-13,9943.654999999928
2018-08-14,-5243.874999999932
2018-08-15,18710.11249999993
2018-08-16,-4968.179999999907
2018-08-17,-12964.47250000007
2018-08-20,202.86999999996917
2018-08-21,-6250.93999999997
2018-08-22,-47.487500000012176
2018-08-23,11349.660000000022
2018-08-24,-14227.674999999965
2018-08-27,-14190.097499999998
2018-08-28,-4028.527499999994
2018-08-29,-10584.202499999989
2018-08-30,13755.474999999964
2018-08-31,-3631.800000000083
2018-09-03,4616.5700000000315
2018-09-04,2362.114999999978
2018-09-05,933.682500000039
2018-09-06,1700.1750000000338
2018-09-07,-5155.850000000004
2018-09-10,-6254.840000000051
2018-09-11,-2470.4749999999813
2018-09-12,-2299.4299999999807
2018-09-13,-4980.374999999958
2018-09-14,-1549.000000000063
2018-09-17,7554.355000000083
2018-09-18,-18049.050000000017
2018-09-19,-2855.0974999999294
2018-09-20,-16616.225000000042
2018-09-21,5986.314999999954
2018-09-24,5876.350000000045
2018-09-25,-2940.9674999999856
2018-09-26,599.0699999999892
2018-09-27,6978.599999999973
2018-09-28,-1815.5950000000198
2018-10-01,-2397.3950000000195
2018-10-02,-7554.709999999987
2018-10-03,-2541.149999999978
2018-10-04,6084.7950000000565
2018-10-05,-1747.4575000000914
2018-10-08,2521.36250000001
2018-10-09,-2418.4075000000535
2018-10-10,30939.197500000093
2018-10-11,-7467.849999999998
2018-10-12,-794.9325000000049
2018-10-15,-9827.222499999943
2018-10-16,-8941.742500000033
2018-10-17,4519.935000000006
2018-10-18,15548.19249999996
2018-10-19,1611.382500000092
2018-10-22,1826.0324999999716
2018-10-23,2815.3300000000136
2018-10-24,25578.617499999946
2018-10-25,4516.075000000064
2018-10-26,-3631.857500000032
2018-10-29,10990.037500000059
2018-10-30,4516.52749999993
2018-10-31,2217.9049999999866
2018-11-01,-15052.564999999988
2018-11-02,-12652.064999999979
2018-11-05,-3257.762500000018
2018-11-06,1497.6099999999437
2018-11-07,-10058.435000000032
2018-11-08,2540.2600000000957
2018-11-09,16082.937499999924
2018-11-12,14552.937500000024
2018-11-13,-8453.155000000002
2018-11-14,1547.0950000000096
2018-11-15,-1610.155000000059
2018-11-16,-13155.394999999933
2018-11-19,2979.905000000005
2018-11-20,12999.044999999953
2018-11-21,-8661.43999999996
2018-11-22,-2504.174999999995
2018-11-23,3473.5300000000007
2018-11-26,5501.91749999998
2018-11-27,2306.425000000028
2018-11-28,-20226.387499999968
2018-11-29,1519.4824999999366
2018-11-30,338.2025000000292
2018-12-03,-1662.7450000000415
2018-12-04,8215.952499999987
2018-12-05,5399.907500000099
2018-12-06,-1576.0000000001005
2018-12-07,-3.7749999999034003
2018-12-10,9702.817499999997
2018-12-11,782.407499999939
2018-12-12,-9951.007499999967
2018-12-13,4824.1975
2018-12-14,11998.46999999999
2018-12-17,61.38999999997026
2018-12-18,6306.519999999947
2018-12-19,12870.672500000068
2018-12-20,-6766.157500000027
2018-12-21,3361.732500000032
2018-12-24,-13149.312500000044
2018-12-25,619.8400000000119
2018-12-26,-6815.402499999996
2018-12-27,-9737.927499999987
2018-12-28,-11276.039999999966
2018-12-31,-4200.9599999999555
2019-01-01,4.894999999890331
2019-01-02,7327.820000000027
2019-01-03,-5937.674999999994
2019-01-04,-10657.150000000023
2019-01-07,-10977.667500000012
2019-01-08,-3003.0299999999893
2019-01-09,-12772.380000000003
2019-01-10,9780.832500000028
2019-01-11,-1255.6025000000552
2019-01-14,7325.412500000026
2019-01-15,-1210.9825000000105
2019-01-16,942.557499999977
2019-01-17,-5812.905000000017
2019-01-18,1018.42750000004
2019-01-21,1718.2874999999312
2019-01-22,-2825.6799999999275
2019-01-23,-3667.395000000026
2019-01-24,5079.842500000042
2019-01-25,-18888.74749999998
2019-01-28,635.2899999999722
2019-01-29,224.89499999999734
2019-01-30,-24107.475000000028
2019-01-31,-1451.552500000011
2019-02-01,552.6125000000732
2019-02-04,529.2224999998998
2019-02-05,-1444.2074999999963
2019-02-06,1418.9074999999918
2019-02-07,10152.68000000008
2019-02-08,-2516.3900000000367
2019-02-11,10233.739999999987
2019-02-12,-12333.539999999968
2019-02-13,5455.034999999938
2019-02-14,3628.920000000032
2019-02-15,-15821.805000000015
2019-02-18,-2540.124999999993
2019-02-19,-2757.654999999951
2019-02-20,-958.4200000001049
2019-02-21,4309.357500000082
2019-02-22,-9985.847500000069
2019-02-25,9477.857500000055
2019-02-26,1848.787499999992
2019-02-27,5371.952500000071
2019-02-28,11075.87249999998
2019-03-01,11323.835
2019-03-04,47.24999999996281
2019-03-05,3262.3924999999676
2019-03-06,10214.392499999944
2019-03-07,11501.612500000083
2019-03-08,-8245.529999999992
2019-03-11,-9647.694999999936
2019-03-12,-14256.465000000097
2019-03-13,-9889.754999999941
2019-03-14,5712.970000000029
2019-03-15,-11567.230000000009
2019-03-18,-2601.652500000038
2019-03-19,1775.0799999999892
2019-03-20,-21404.587500000067
2019-03-21,-3263.474999999974
2019-03-22,3998.2900000001173
2019-03-25,-15319.595000000083
2019-03-26,2678.8049999999716
2019-03-27,2676.450000000031
2019-03-28,6672.324999999956
2019-03-29,5408.130000000075
2019-04-01,-3276.9600000000237
2019-04-02,-4075.2200000000007
2019-04-03,-2129.569999999972
2019-04-04,5336.5200000000395
2019-04-05,-1909.5150000000262
2019-04-08,-6792.6500000000115
2019-04-09,3512.27000000001
2019-04-10,-5252.714999999977
2019-04-11,12261.839999999862
2019-04-12,3477.4050000001266
2019-04-15,1153.0349999999355
2019-04-16,10204.830000000014
2019-04-17,4717.344999999887
2019-04-18,5562.645000000047
2019-04-22,1252.4774999999622
2019-04-23,6103.862499999949
2019-04-24,3436.8375000000633
2019-04-25,-3893.0675000000006
2019-04-26,-10452.900000000029
2019-04-29,2442.86500000005
2019-04-30,-6693.060000000063
2019-05-01,14231.23250000002
2019-05-02,8174.859999999993
2019-05-03,-9726.190000000026
2019-05-06,4352.570000000013
2019-05-07,8155.380000000068
2019-05-08,5211.209999999935
2019-05-09,6986.05000000001
2019-05-10,-1762.0174999999895
2019-05-13,2841.457499999953
2019-05-14,-14803.172499999968
2019-05-15,-8262.624999999978
2019-05-16,2218.369999999862
2019-05-17,15514.090000000084
2019-05-20,-6196.43999999994
2019-05-21,6810.227499999998
2019-05-22,2940.947499999873
2019-05-23,-10981.74750000004
2019-05-24,-11558.632499999905
2019-05-27,2284.4574999998536
2019-05-28,-614.2324999999445
2019-05-29,6579.849999999969
2019-05-30,-3020.687499999904
2019-05-31,-9115.557500000046
2019-06-03,-18700.28999999993
2019-06-04,-9060.217500000068
2019-06-05,9894.982499999971
2019-06-06,-5816.99500000004
2019-06-07,-13533.29249999999
2019-06-10,7442.069999999939
2019-06-11,-1442.759999999897
2019-06-12,1422.4699999999518
2019-06-13,-13308.907500000003
2019-06-14,8610.250000000005
2019-06-17,-2443.624999999978
2019-06-18,-15585.332499999884
2019-06-19,-18740.967500000042
2019-06-20,-23693.36499999994
2019-06-21,8286.549999999954
2019-06-24,-1533.3050000000226
2019-06-25,2400.919999999973
2019-06-26,1919.5149999999337
2019-06-27,-3418.5099999999125
2019-06-28,3356.464999999997
2019-07-01,14810.812499999916
2019-07-02,-10472.489999999954
2019-07-03,-6192.254999999988
2019-07-04,189.65500000001077
2019-07-05,18830.45999999997
2019-07-08,4807.240000000014
2019-07-09,6085.8999999999705
2019-07-10,-19187.144999999993
2019-07-11,-84.88500000004214
2019-07-12,-9752.979999999947
2019-07-15,2245.9699999999407
2019-07-16,14467.960000000028
2019-07-17,-3319.3324999999345
2019-07-18,-15198.682500000028
2019-07-19,8652.317500000028
2019-07-22,3766.7399999999607
2019-07-23,1911.1499999999878
2019-07-24,-9898.865000000027
2019-07-25,9883.457500000059
2019-07-26,-2106.8050000001385
2019-07-29,-2668.3974999998413
2019-07-30,1936.9774999999765
2019-07-31,19705.155000000028
2019-08-01,605.5700000000278
2019-08-02,1085.830000000054
2019-08-05,6141.9399999999105
2019-08-06,3161.842500000055
2019-08-07,-3260.1450000000227
2019-08-08,-10354.724999999973
2019-08-09,7534.834999999959
2019-08-12,6580.2225000000335
2019-08-13,12462.915000000012
2019-08-14,-7830.677500000059
2019-08-15,-4932.227499999896
2019-08-16,-1297.020000000025
2019-08-19,17425.95249999993
2019-08-20,-7061.384999999987
2019-08-21,544.3250000000347
2019-08-22,521.56500000003
2019-08-23,-17486.12500000001
2019-08-26,-2172.7200000000093
2019-08-27,1304.875000000019
2019-08-28,654.0925000000053
2019-08-29,10387.77999999989
2019-08-30,7278.885000000072
2019-09-02,3886.462500000013
2019-09-03,-18212.394999999975
2019-09-04,-26037.912499999977
2019-09-05,8962.30499999987
2019-09-06,6506.68749999998
2019-09-09,2151.4600000000823
2019-09-10,-1844.085
2019-09-11,-3116.3674999999357
2019-09-12,-6210.150000000152
2019-09-13,878.2100000000974
2019-09-16,22351.979999999963
2019-09-17,-13179.867500000013
2019-09-18,9906.027499999858
2019-09-19,-52.004999999940104
2019-09-20,428.8950000000354
2019-09-23,-9775.720000000065
2019-09-24,-14630.419999999944
2019-09-25,12560.654999999979
2019-09-26,5596.889999999992
2019-09-27,1318.9799999998943
2019-09-30,-4139.079999999974
2019-10-01,-5658.255000000021
2019-10-02,4348.559999999981
2019-10-03,-3176.490000000102
2019-10-04,-5749.044999999854
2019-10-07,11269.409999999949
2019-10-08,-5175.660000000056
2019-10-09,575.3900000001313
2019-10-10,4640.7174999999515
2019-10-11,-7262.9574999999395
2019-10-14,-4342.8649999999725
2019-10-15,7377.449999999936
2019-10-16,-1611.652499999992
2019-10-17,-14331.72749999988
2019-10-18,-6486.205000000107
2019-10-21,2611.764999999995
2019-10-22,6295.412500000019
2019-10-23,-5003.810000000068
2019-10-24,5646.545000000087
2019-10-25,-4873.34250000007
2019-10-28,-5413.6024999999645
2019-10-29,1610.31749999996
2019-10-30,-16366.282499999996
2019-10-31,-4132.380000000041
2019-11-01,-5862.097500000121
2019-11-04,5425.26500000012
2019-11-05,4940.102499999969
2019-11-06,4395.160000000074
2019-11-07,9853.204999999885
2019-11-08,6728.907500000029
2019-11-11,4298.857500000002
2019-11-12,-4288.747499999906
2019-11-13,4455.719999999994
2019-11-14,-5467.6449999999895
2019-11-15,-1061.2699999998952
2019-11-18,1673.9500000000003
2019-11-19,-5512.402500000052
2019-11-20,8058.949999999907
2019-11-21,11340.007500000082
2019-11-22,5422.130000000107
2019-11-25,-6217.385000000106
2019-11-26,-1490.2750000000697
2019-11-27,6332.810000000054
2019-11-28,3577.9600000000273
2019-11-29,-17829.499999999967
2019-12-02,-1740.2600000000339
2019-12-03,-11930.047499999999
2019-12-04,-1676.0474999998885
2019-12-05,-2415.5525000001576
2019-12-06,1477.4350000000709
2019-12-09,-2953.7999999998738
2019-12-10,-1598.3200000001316
2019-12-11,-14393.465000000127
2019-12-12,-14564.669999999918
2019-12-13,1301.6500000000644
2019-12-16,-14700.315000000115
2019-12-17,-373.2975000000619
2019-12-18,-2107.75249999992
2019-12-19,-5042.339999999969
2019-12-20,1040.587499999887
2019-12-23,-6987.829999999818
2019-12-24,-8032.202500000139
2019-12-25,-1894.9075000000046
2019-12-26,-9163.155000000022
2019-12-27,495.9450000000739
2019-12-30,-6952.162500000039
2019-12-31,-5143.152499999932
2020-01-01,-1993.2625000000567
2020-01-02,-224.0399999999551
2020-01-03,11916.809999999952
2020-01-06,-11062.815000000095
2020-01-07,1145.1550000000302
2020-01-08,10499.55499999989
2020-01-09,6429.620000000101
2020-01-10,-6863.347500000006
2020-01-13,935.172499999966
2020-01-14,-5400.072500000081
2020-01-15,2386.5049999999933
2020-01-16,1722.372500000151
2020-01-17,-6524.915000000071
2020-01-20,-2719.6024999999318
2020-01-21,10494.562499999907
2020-01-22,8566.422499999993
2020-01-23,7109.720000000051
2020-01-24,18282.29499999985
2020-01-27,6651.6300000000665
2020-01-28,-4275.789999999968
2020-01-29,612.5499999999087
2020-01-30,3009.689999999915
2020-01-31,-134.92499999999052
2020-02-03,16465.437500000095
2020-02-04,-3555.4125000000217
2020-02-05,2228.7749999999187
2020-02-06,-3016.349999999914
2020-02-07,4658.972499999948
2020-02-10,-2044.9024999998448
2020-02-11,-5100.767500000099
2020-02-12,1679.627500000081
2020-02-13,1539.369999999834
2020-02-14,2119.4625
2020-02-17,-3971.234999999962
2020-02-18,-3398.614999999776
2020-02-19,-844.147500000142
2020-02-20,7695.687500000024
2020-02-21,-10726.292500000012
2020-02-24,11823.344999999941
2020-02-25,5281.915000000008
2020-02-26,-10099.074999999862
2020-02-27,-19837.43749999989
2020-02-28,5082.699999999799
2020-03-02,-2271.2999999999065
2020-03-03,-30222.849999999948
2020-03-04,16866.26749999985
2020-03-05,-26403.699999999913
2020-03-06,-17434.509999999962
2020-03-09,-40161.990000000136
2020-03-10,-990.1950000000668
2020-03-11,-9802.639999999978
2020-03-12,-22709.204999999973
2020-03-13,50494.73499999999
2020-03-16,24491.345000000023
2020-03-17,26991.639999999992
2020-03-18,14223.225000000015
2020-03-19,4998.305000000009
2020-03-20,-7229.627500000005
2020-03-23,-7781.057500000053
2020-03-24,-18349.137500000015
2020-03-25,6355.580000000008
2020-03-26,-3861.260000000051
2020-03-27,6715.432499999989
2020-03-30,10409.014999999996
2020-03-31,4221.460000000014
2020-04-01,8999.585
2020-04-02,-3043.0799999999917
2020-04-03,-2101.215000000013
2020-04-06,-4850.084999999971
2020-04-07,-7580.502500000011
2020-04-08,2104.7174999999734
2020-04-09,2701.144999999964
2020-04-13,2833.745000000008
2020-04-14,4638.302500000008
2020-04-15,13831.945000000036
2020-04-16,-3915.3524999999954
2020-04-17,1897.6374999999803
2020-04-20,4395.79
2020-04-21,21542.107500000002
2020-04-22,-10152.109999999973
2020-04-23,3018.9825000000214
2020-04-24,3002.61999999994
2020-04-27,5670.230000000029
2020-04-28,-754.8675000000442
2020-04-29,-9148.570000000005
2020-04-30,-13736.420000000016
2020-05-01,1443.0475000000079
2020-05-04,-1674.9374999999566
2020-05-05,-11217.920000000027
2020-05-06,8018.390000000013
2020-05-07,-4310.38000000001
2020-05-08,-6275.645000000011
2020-05-11,3388.42000000003
2020-05-12,2897.714999999965
2020-05-13,4843.425000000018
2020-05-14,-7147.4599999999555
2020-05-15,-5905.707499999991
2020-05-18,-11912.44250000002
2020-05-19,352.03249999999434
2020-05-20,-5368.692499999945
2020-05-21,7926.099999999958
2020-05-22,1856.3750000000114
2020-05-25,359.75500000002734
2020-05-26,-7067.740000000003
2020-05-27,-1313.6800000000096
2020-05-28,-11222.122499999974
2020-05-29,-3821.482500000006
2020-06-01,-575.1699999999521
2020-06-02,6167.242500000008
2020-06-03,-1932.8774999999948
2020-06-04,-13836.86500000001
2020-06-05,-405.9249999999794
2020-06-08,-8198.312500000025
2020-06-09,-1295.1675000000694
2020-06-10,-11726.065000000015
2020-06-11,15820.517499999998
2020-06-12,3310.7275000000272
2020-06-15,-2322.9750000000136
2020-06-16,5621.67999999994
2020-06-17,-2092.35750000002
2020-06-18,4906.7900000000345
2020-06-19,-3852.352499999985
2020-06-22,-2452.570000000091
2020-06-23,-6313.3849999999675
2020-06-24,14213.090000000042
2020-06-25,2554.8124999999504
2020-06-26,-924.5550000000112
2020-06-29,-8949.190000000042
2020-06-30,-1424.0299999999631
2020-07-01,-6114.970000000007
2020-07-02,-676.9274999999363
2020-07-03,-983.1049999999873
2020-07-06,-12154.795000000026
2020-07-07,1130.7550000000367
2020-07-08,-6811.747499999991
2020-07-09,2674.6175000000776
2020-07-10,2219.4124999999713
2020-07-13,5098.6549999999315
2020-07-14,-4693.049999999947
2020-07-15,-7369.320000000009
2020-07-16,8090.125000000043
2020-07-17,-5539.044999999988
2020-07-20,-2838.514999999962
2020-07-21,-15630.889999999981
2020-07-22,-2755.7449999999967
2020-07-23,-4565.057500000019
2020-07-24,-9783.535000000022
2020-07-27,-5492.8625000000475
2020-07-28,225.1874999999813
2020-07-29,-8064.462500000023
2020-07-30,-342.9450000000563
2020-07-31,-6177.800000000078
2020-08-03,-4067.1424999999467
2020-08-04,-7777.802500000031
2020-08-05,-2080.2350000000397
2020-08-06,2225.7624999999953
2020-08-07,14783.814999999982
2020-08-10,1061.1824999999924
2020-08-11,13845.145000000039
2020-08-12,-3859.3875000000094
2020-08-13,-9239.82750000003
2020-08-14,-9205.674999999961
2020-08-17,-4960.122499999923
2020-08-18,-12246.577499999972
2020-08-19,8604.937499999984
2020-08-20,-1830.2450000000256
2020-08-21,10724.340000000051
2020-08-24,6460.484999999983
2020-08-25,-14154.559999999965
2020-08-26,-555.9450000000592
2020-08-27,-6670.692499999978
2020-08-28,-9515.197500000068
2020-08-31,-3463.6599999999708
2020-09-01,7195.829999999976
2020-09-02,14480.795000000015
2020-09-03,-13708.745
2020-09-04,-8428.452499999952
2020-09-07,8442.427500000062
2020-09-08,1718.3274999999442
2020-09-09,524.674999999955
2020-09-10,-232.06749999998354
2020-09-11,-8295.030000000032
2020-09-14,-4224.3674999999475
2020-09-15,20.68750000002038
2020-09-16,-2000.0700000000247
2020-09-17,-3370.6324999999993
2020-09-18,-13506.412500000013
2020-09-21,18912.56499999994
2020-09-22,6349.280000000049
2020-09-23,-3104.190000000047
2020-09-24,465.5774999999695
2020-09-25,4475.409999999951
2020-09-28,-4467.34000000003
2020-09-29,-4028.669999999965
2020-09-30,-11722.615000000069
2020-10-01,3269.3824999999824
2020-10-02,3929.652500000014
2020-10-05,-5774.799999999884
2020-10-06,-6179.00000000009
2020-10-07,-4049.2849999999926
2020-10-08,-3088.344999999967
2020-10-09,-18043.844999999965
2020-10-12,6222.29999999999
2020-10-13,5555.260000000033
2020-10-14,-10902.029999999964
2020-10-15,-5854.110000000031
2020-10-16,1664.0700000000559
2020-10-19,-954.8500000000145
2020-10-20,-2199.932500000012
2020-10-21,-2964.817499999993
2020-10-22,7005.99750000002
2020-10-23,-4761.800000000019
2020-10-26,-7556.875000000084
2020-10-27,-9568.55750000005
2020-10-28,-593.2949999999275
2020-10-29,-897.255000000073
2020-10-30,94.5575000000332
2020-11-02,6714.555000000045
2020-11-03,6752.350000000079
2020-11-04,-4828.425000000065
2020-11-05,-3977.8700000000667
2020-11-06,2488.5299999999925
2020-11-09,17462.51500000002
2020-11-10,-4882.452499999991
2020-11-11,6201.544999999934
2020-11-12,90.57000000001216
2020-11-13,1569.0274999999967
2020-11-16,3035.642499999975
2020-11-17,-4654.302499999979
2020-11-18,-6501.769999999969
2020-11-19,5551.24249999999
2020-11-20,-5289.352500000025
2020-11-23,10115.229999999958
2020-11-24,-3756.3924999999153
2020-11-25,522.8850000000195
2020-11-26,-1853.4899999999675
2020-11-27,-917.7000000000043
2020-11-30,8790.22999999997
2020-12-01,-15229.555000000091
2020-12-02,-10894.21499999996
2020-12-03,-11958.852499999928
2020-12-04,7518.994999999929
2020-12-07,-1460.5599999999918
2020-12-08,3956.312500000024
2020-12-09,-4161.332499999999
2020-12-10,-15163.510000000038
2020-12-11,2155.165000000007
2020-12-14,-10882.167499999981
2020-12-15,-6486.61250000004
2020-12-16,-3433.76750000002
2020-12-17,-13163.524999999987
2020-12-18,-4243.892499999964
2020-12-21,-2886.7449999999762
2020-12-22,7955.012499999935
2020-12-23,-10834.657499999976
2020-12-24,-2835.329999999998
2020-12-28,-3375.94249999991
2020-12-29,-15347.102499999986
2020-12-30,-18852.57999999999
2020-12-31,2297.06250000003
2021-01-04,-3155.402499999992
2021-01-05,-7812.539999999994
2021-01-06,-163.59499999998607
2021-01-07,3959.2800000000984
2021-01-08,4969.484999999923
2021-01-11,8412.150000000034
2021-01-12,-14083.450000000083
2021-01-13,8069.825000000063
2021-01-14,-8298.385000000006
2021-01-15,-2227.324999999997
2021-01-18,-215.23500000002775
2021-01-19,-6688.23499999997
2021-01-20,-2766.3050000001235
2021-01-21,-9297.415000000028
2021-01-22,6711.9049999999825
2021-01-25,2275.0400000000222
2021-01-26,-6784.955000000064
2021-01-27,3915.69000000007
2021-01-28,-2836.824999999952
2021-01-29,-1480.5500000000811
2021-02-01,403.4975000000727
2021-02-02,6367.2775000000465
2021-02-03,-2384.155000000154
2021-02-04,23266.945000000083
2021-02-05,-2422.7450000000526
2021-02-08,1515.8225000000443
2021-02-09,-6000.067500000021
2021-02-10,-1672.1925000001072
2021-02-11,-3231.6449999999904
2021-02-12,-2534.3100000000222
2021-02-15,-1260.8925000000452
2021-02-16,-7445.954999999975
2021-02-17,17888.66249999992
2021-02-18,-17209.850000000035
2021-02-19,-12349.797499999926
2021-02-22,-20793.965000000127
2021-02-23,1256.7600000001205
2021-02-24,-1811.7600000000266
2021-02-25,-35343.18750000005
2021-02-26,35184.057499999995
2021-03-01,14464.357499999964
2021-03-02,-4422.530000000072
2021-03-03,-18029.06999999986
2021-03-04,6892.612499999953
2021-03-05,30654.62999999985
2021-03-08,649.327500000059
2021-03-09,-1014.9749999999613
2021-03-10,-7221.879999999972
2021-03-11,738.630000000049
2021-03-12,-412.8500000001003
2021-03-15,6445.712500000019
2021-03-16,-3041.1849999998904
2021-03-17,-7750.009999999982
2021-03-18,6778.392499999961
2021-03-19,-3160.0375000000395
2021-03-22,2339.040000000119
2021-03-23,21555.10999999995
2021-03-24,10098.239999999909
2021-03-25,6741.865000000029
2021-03-26,-1575.535000000031
2021-03-29,226.4500000000252
2021-03-30,3200.8249999998943
2021-03-31,3217.424999999969
2021-04-01,-6729.1299999999055
2021-04-02,255.36500000001024
2021-04-05,487.17999999991787
2021-04-06,-6124.195000000023
2021-04-07,6519.465000000031
2021-04-08,-1268.5899999999576
2021-04-09,12159.03499999995
2021-04-12,3464.2400000000107
2021-04-13,-9736.62500000005
2021-04-14,-12081.01000000015
2021-04-15,-3741.914999999894
2021-04-16,-298.74000000004145
2021-04-19,-13729.12500000003
2021-04-20,15015.050000000087
2021-04-21,6325.074999999957
2021-04-22,3195.200000000102
2021-04-23,-2827.9049999999493
2021-04-26,-4460.0699999999715
2021-04-27,-5943.26249999997
2021-04-28,-14222.119999999843
2021-04-29,2935.0424999998354
2021-04-30,19736.769999999982
2021-05-03,10120.76250000007
2021-05-04,16586.725000000173
2021-05-05,2503.094999999912
2021-05-06,-2750.844999999954
2021-05-07,68.60249999994076
2021-05-10,-3626.8449999999175
2021-05-11,-12918.840000000087
2021-05-12,-16094.534999999996
2021-05-13,4179.0974999999935
2021-05-14,2753.850000000006
2021-05-17,-15073.602499999926
2021-05-18,-16161.440000000113
2021-05-19,602.5099999999752
2021-05-20,-3236.5649999999755
2021-05-21,4995.722500000004
2021-05-24,7983.800000000074
2021-05-25,-7224.550000000065
2021-05-26,9156.274999999985
2021-05-27,-1538.4975000000209
2021-05-28,694.877500000157
2021-05-31,-6834.172500000043
2021-06-01,4829.622499999906
2021-06-02,1796.2849999999814
2021-06-03,14999.592499999913
2021-06-04,2431.7749999999733
2021-06-07,-7322.510000000023
2021-06-08,10147.12499999996
2021-06-09,2016.1075000000594
2021-06-10,-484.4999999999933
2021-06-11,3076.7800000000175
2021-06-14,-11981.91999999995
2021-06-15,6499.944999999972
2021-06-16,-17945.845000000038
2021-06-17,17524.334999999937
2021-06-18,9709.100000000013
2021-06-21,-13049.357500000067
2021-06-22,2135.6275000000496
2021-06-23,-15046.274999999961
2021-06-24,1597.7950000000321
2021-06-25,-3608.372500000162
2021-06-28,4015.402500000061
2021-06-29,4957.827499999971
2021-06-30,11665.655000000155
2021-07-01,747.7949999999447
2021-07-02,5256.4599999999355
2021-07-05,4128.295000000132
2021-07-06,1317.2999999999654
2021-07-07,3642.237499999989
2021-07-08,-3882.7099999999687
2021-07-09,1422.282500000013
2021-07-12,3828.0049999998582
2021-07-13,-157.30749999994802
2021-07-14,-56.179999999943334
2021-07-15,-9563.730000000001
2021-07-16,3055.1049999999505
2021-07-19,-6106.1250000000855
2021-07-20,25993.427500000093
2021-07-21,-5589.869999999933
2021-07-22,5803.329999999985
2021-07-23,10174.40000000011
2021-07-26,-1435.0050000000567
2021-07-27,-6199.742499999995
2021-07-28,-8548.410000000054
2021-07-29,-4874.417499999925
2021-07-30,9771.375
2021-08-02,-546.0325000000132
2021-08-03,-2238.6574999999684
2021-08-04,-1781.767500000015
2021-08-05,550.3574999999898
2021-08-06,9885.06749999994
2021-08-09,2994.7950000000856
2021-08-10,-6685.342499999949
2021-08-11,7597.717499999993
2021-08-12,300.02750000001237
2021-08-13,-5907.372499999955
2021-08-16,-5809.134999999936
2021-08-17,-1370.3000000000684
2021-08-18,-8612.007500000023
2021-08-19,-3505.512499999909
2021-08-20,6979.402499999998
2021-08-23,-4949.277499999946
2021-08-24,-3707.612499999981
2021-08-25,3754.3849999999575
2021-08-26,-8911.637499999975
2021-08-27,13795.172499999899
2021-08-30,18372.242500000008
2021-08-31,-9081.107499999976
2021-09-01,-2959.2449999999753
2021-09-02,4200.59500000007
2021-09-03,-15492.432500000106
2021-09-06,2678.3600000000656
2021-09-07,6319.230000000078
2021-09-08,4420.019999999847
2021-09-09,-7240.147499999902
2021-09-10,-1333.0850000001178
2021-09-13,5343.992500000002
2021-09-14,-7362.172499999992
2021-09-15,6997.687500000119
2021-09-16,3638.989999999996
2021-09-17,3109.22249999993
2021-09-20,-9688.857499999927
2021-09-21,-4017.0100000001585
2021-09-22,4459.724999999912
2021-09-23,-12971.747500000069
2021-09-24,-1334.14000000004
2021-09-27,-15045.235000000019
2021-09-28,869.4350000000729
2021-09-29,16126.777499999995
2021-09-30,-15380.802500000069
2021-10-01,11512.380000000088
2021-10-04,-19543.375000000015
2021-10-05,9428.320000000002
2021-10-06,-2961.125000000066
2021-10-07,1885.4349999999054
2021-10-08,-2319.9899999999643
2021-10-11,14155.025000000056
2021-10-12,9026.874999999915
2021-10-13,7745.925000000022
2021-10-14,3586.4749999998917
2021-10-15,8738.515000000061
2021-10-18,1728.682500000045
2021-10-19,-3417.367499999983
2021-10-20,-11969.65500000006
2021-10-21,-8597.800000000032
2021-10-22,-1221.4100000001545
2021-10-25,2919.0025000001087
2021-10-26,5379.084999999893
2021-10-27,-10339.412500000091
2021-10-28,-9372.61249999988
2021-10-29,6512.439999999886
2021-11-01,-6137.157499999999
2021-11-02,10361.977499999928
2021-11-03,-22697.547499999993
2021-11-04,8053.435000000101
2021-11-05,11890.694999999896
2021-11-08,-2240.6799999999957
2021-11-09,-1929.542499999889
2021-11-10,-25614.23499999999
2021-11-11,-10143.515000000023
2021-11-12,6208.732500000028
2021-11-15,-8254.33250000002
2021-11-16,3067.2049999999604
2021-11-17,-5081.287500000103
2021-11-18,-3487.8150000000487
2021-11-19,-6495.974999999914
2021-11-22,5483.812500000053
2021-11-23,10576.71500000002
2021-11-24,3869.227499999991
2021-11-25,441.50249999985647
2021-11-26,-28463.06749999986
2021-11-29,39779.27749999978
2021-11-30,-15744.79999999998
2021-12-01,-1927.129999999929
2021-12-02,-6216.590000000016
2021-12-03,-792.7700000000018
2021-12-06,11465.824999999952
2021-12-07,5961.8349999999655
2021-12-08,1468.1550000000943
2021-12-09,-2551.1050000001133
2021-12-10,-443.3350000000098
2021-12-13,4863.520000000035
2021-12-14,-3124.3999999999896
2021-12-15,16805.842499999962
2021-12-16,-2693.72
2021-12-17,-7659.98999999999
2021-12-20,-7710.974999999869
2021-12-21,1540.2624999998798
2021-12-22,-2549.782499999961
2021-12-23,-7678.509999999934
2021-12-27,10751.66249999998
2021-12-28,9033.597499999905
2021-12-29,-5509.344999999981
2021-12-30,5413.485000000042
2021-12-31,-8729.17750000003
2022-01-03,2264.9375000000477
2022-01-04,-10007.235000000028
2022-01-05,-8578.085000000036
2022-01-06,3731.150000000025
2022-01-07,-4319.1450000001705
2022-01-10,9649.319999999996
2022-01-11,874.7250000000886
2022-01-12,80.620000000061
2022-01-13,-4023.494999999985
2022-01-14,-7789.300000000066
2022-01-17,1918.9600000001444
2022-01-18,-15432.555000000075
2022-01-19,-31005.924999999803
2022-01-20,-8605.552500000034
2022-01-21,2627.8524999999163
2022-01-24,5697.280000000126
2022-01-25,-7917.21500000003
2022-01-26,7035.975000000012
2022-01-27,17596.91500000008
2022-01-28,12804.50750000012
2022-01-31,3446.2524999999914
2022-02-01,-1791.0149999999956
2022-02-02,3232.7374999999893
2022-02-03,-8365.19000000001
2022-02-04,-3238.0474999999683
2022-02-07,-11111.79500000011
2022-02-08,2649.452499999971
2022-02-09,-4908.795000000015
2022-02-10,-17730.4875
2022-02-11,-4575.047499999985
2022-02-14,-7621.420000000086
2022-02-15,10696.407500000014
2022-02-16,-606.8250000000207
2022-02-17,-15835.735000000002
2022-02-18,-4253.629999999993
2022-02-21,-6037.857500000053
2022-02-22,-11598.18999999997
2022-02-23,-19212.247499999943
2022-02-24,13276.584999999983
2022-02-25,2070.96750000005
2022-02-28,12184.69249999993
2022-03-01,6655.85000000005
2022-03-02,31902.454999999776
2022-03-03,-12163.424999999817
2022-03-04,-193.2675000000882
2022-03-07,-6025.657500000036
2022-03-08,-2326.9674999998933
2022-03-09,2058.8775
2022-03-10,-6196.037500000125
2022-03-11,1280.1950000001561
2022-03-14,-5739.135000000057
2022-03-15,15753.472500000029
2022-03-16,-3308.622499999983
2022-03-17,-1876.080000000035
2022-03-18,15238.10000000002
2022-03-21,-6964.045000000023
2022-03-22,-5359.002499999906
2022-03-23,-3177.5750000000503
2022-03-24,-12739.254999999843
2022-03-25,-2407.684999999909
2022-03-28,2983.4049999999843
2022-03-29,3720.7949999999396
2022-03-30,-2212.4650000001297
2022-03-31,-2534.670000000018
2022-04-01,-11334.56000000002
2022-04-04,5903.3550000000505
2022-04-05,4465.43999999998
2022-04-06,1921.9350000000131
2022-04-07,-2639.2550000000083
2022-04-08,-2486.914999999965
2022-04-11,-11604.719999999932
2022-04-12,590.5500000000563
2022-04-13,-6327.397500000035
2022-04-14,-3443.647499999961
2022-04-18,178.74250000002047
2022-04-19,10344.22499999995
2022-04-20,1342.6375000000019
2022-04-21,45.955000000003196
2022-04-22,21326.20000000006
2022-04-25,15028.45499999986
2022-04-26,21025.48250000016
2022-04-27,2163.159999999985
2022-04-28,13488.860000000022
2022-04-29,-4018.9850000000315
2022-05-02,-1507.2200000000087
2022-05-03,-6530.252500000022
2022-05-04,-6251.300000000011
2022-05-05,-8731.587500000076
2022-05-06,-2274.00250000001
2022-05-09,11502.737500000065
2022-05-10,12878.607499999973
2022-05-11,-4361.637500000007
2022-05-12,20196.360000000055
2022-05-13,-6695.717500000042
2022-05-16,-6046.662499999942
2022-05-17,-28181.300000000105
2022-05-18,13152.602500000105
2022-05-19,-10028.910000000065
2022-05-20,5701.040000000049
2022-05-23,-16327.592499999922
2022-05-24,5423.167499999993
2022-05-25,7012.382499999932
2022-05-26,2646.487499999991
2022-05-27,-1375.0924999999108
2022-05-30,-4211.492500000085
2022-05-31,4013.9024999999588
2022-06-01,-10364.247499999967
2022-06-02,-10637.617499999986
2022-06-03,13047.609999999988
2022-06-06,-1348.7500000000273
2022-06-07,3016.4275000000225
2022-06-08,-3585.202500000005
2022-06-09,5671.875000000064
2022-06-10,-8382.500000000047
2022-06-13,-3962.0074999999993
2022-06-14,1052.2724999998636
2022-06-15,10143.67500000005
2022-06-16,-14359.872499999934
2022-06-17,16632.42500000005
2022-06-20,-3980.185000000029
2022-06-21,353.83500000001095
2022-06-22,10864.054999999993
2022-06-23,4790.152500000007
2022-06-24,-7726.900000000037
2022-06-27,-5362.525000000012
2022-06-28,12840.170000000006
2022-06-29,9792.88999999996
2022-06-30,6101.1749999999165
2022-07-01,11310.120000000059
2022-07-04,-3516.3999999999396
2022-07-05,12276.995000000014
2022-07-06,1399.460000000005
2022-07-07,-10484.265000000014
2022-07-08,659.1899999999096
2022-07-11,21274.43500000004
2022-07-12,2466.909999999995
2022-07-13,4081.47
2022-07-14,9686.175000000077
2022-07-15,-10521.840000000022
2022-07-18,3882.3749999999773
2022-07-19,-17663.605000000007
2022-07-20,2569.925000000051
2022-07-21,-7119.449999999981
2022-07-22,1024.4175000000637
2022-07-25,-651.6450000001228
2022-07-26,-1305.7499999999632
2022-07-27,-15805.767499999993
2022-07-28,-15966.91500000004
2022-07-29,-10202.962499999967
2022-08-01,-1374.2474999999795
2022-08-02,21475.879999999965
2022-08-03,-9275.497500000018
2022-08-04,-10860.16000000004
2022-08-05,15840.2625
2022-08-08,-10090.784999999987
2022-08-09,10385.752499999984
2022-08-10,-26270.852500000034
2022-08-11,391.42750000004276
2022-08-12,-6696.3425000000125
2022-08-15,6280.169999999969
2022-08-16,-6748.977499999935
2022-08-17,13370.457500000051
2022-08-18,8282.187499999944
2022-08-19,12135.177500000005
2022-08-22,14173.21000000001
2022-08-23,-632.2549999999422
2022-08-24,464.28249999995455
2022-08-25,-7945.135000000049
2022-08-26,23804.240000000034
2022-08-29,9195.489999999996
2022-08-30,7207.922500000119
2022-08-31,4681.302499999989
2022-09-01,6646.2849999999235
2022-09-02,814.5949999999891
2022-09-05,-1373.707499999989
2022-09-06,8490.260000000022
2022-09-07,-17056.920000000086
2022-09-08,-4950.625000000002
2022-09-09,-19088.775
2022-09-12,-19279.02000000005
2022-09-13,32488.7675000001
2022-09-14,-2344.6100000000006
2022-09-15,10327.474999999982
2022-09-16,-1864.019999999975
2022-09-19,-784.330000000042
2022-09-20,1763.75000000004
2022-09-21,10280.642500000044
2022-09-22,-9830.92750000006
2022-09-23,7993.277499999945
2022-09-26,16653.277500000066
2022-09-27,2037.1599999999492
2022-09-28,-9656.627499999988
2022-09-29,4243.827500000041
2022-09-30,6613.5399999999545
2022-10-03,-14945.742500000026
2022-10-04,-15883.342499999995
2022-10-05,5462.105000000056
2022-10-06,6234.949999999939
2022-10-07,11944.434999999961
2022-10-10,3572.9400000000383
2022-10-11,1859.950000000011
2022-10-12,-1668.5549999999905
2022-10-13,3409.5024999999873
2022-10-14,20094.485000000008
2022-10-17,-26514.670000000024
2022-10-18,-4417.41499999996
2022-10-19,19706.86749999999
2022-10-20,3179.0549999999716
2022-10-21,-25421.722499999985
2022-10-24,-3495.2950000000046
2022-10-25,-22364.01999999995
2022-10-26,-9689.889999999941
2022-10-27,6545.62499999994
2022-10-28,1411.7824999999757
2022-10-31,4249.350000000018
2022-11-01,3426.4949999999935
2022-11-02,22859.35000000005
2022-11-03,5469.325000000008
2022-11-04,-19525.717499999962
2022-11-07,-10420.515000000027
2022-11-08,-10162.212499999961
2022-11-09,7303.79249999999
2022-11-10,-39950.06750000004
2022-11-11,-11276.342500000026
2022-11-14,-142.99750000001467
2022-11-15,-10869.264999999956
2022-11-16,773.9275000000191
2022-11-17,8869.552499999958
2022-11-18,704.595000000001
2022-11-21,7276.470000000006
2022-11-22,-8647.322499999971
2022-11-23,-13799.375000000053
2022-11-24,-1383.28500000001
2022-11-25,4007.42250000001
2022-11-28,13120.482500000004
2022-11-29,1625.6575000000141
2022-11-30,-34655.92500000005
2022-12-01,-11843.0399999999
2022-12-02,1317.3649999999463
2022-12-05,18590.422499999993
2022-12-06,13524.527499999962
2022-12-07,-8005.339999999982
2022-12-08,-429.112499999952
2022-12-09,3509.0599999999663
2022-12-12,-494.16000000001327
2022-12-13,-27678.317499999983
2022-12-14,-5625.507500000007
2022-12-15,29811.54250000005
2022-12-16,-1327.4150000000245
2022-12-19,4298.514999999996
2022-12-20,-10208.01499999999
2022-12-21,-13352.102500000017
2022-12-22,11243.692500000008
2022-12-23,491.0224999999577
2022-12-26,-2254.737499999988
2022-12-27,5193.7174999999825
2022-12-28,5700.727500000012
2022-12-29,-8572.10249999999
2022-12-30,-4417.482499999997
2023-01-02,-1859.2225000000228
2023-01-03,14935.102499999986
2023-01-04,1885.195000000015
2023-01-05,6851.3949999999995
2023-01-06,-18104.805000000044
2023-01-09,-8347.795000000011
2023-01-10,-979.5349999999765
2023-01-11,-8560.049999999977
2023-01-12,-15045.000000000005
2023-01-13,-5978.750000000013
2023-01-16,7302.499999999993
2023-01-17,-1579.7374999999886
2023-01-18,-1118.9524999999705
2023-01-19,-118.10750000003023
2023-01-20,-6156.655000000005
2023-01-23,2992.744999999998
2023-01-24,-5276.164999999961
2023-01-25,-9199.019999999988
2023-01-26,1784.569999999998
2023-01-27,3376.9174999999664
2023-01-30,6434.282500000048
2023-01-31,-11974.442500000048
2023-02-01,-14691.207499999931
2023-02-02,10872.922499999913
2023-02-03,37394.59499999999
2023-02-06,14424.932500000034
2023-02-07,-12762.5
2023-02-08,2138.0574999999762
2023-02-09,8987.187500000033
2023-02-10,-195.8950000000409
2023-02-13,-3331.8324999999427
2023-02-14,3359.6874999999836
2023-02-15,13898.750000000002
2023-02-16,9397.855000000025
2023-02-17,-1632.6175000000405
2023-02-20,2340.802500000038
2023-02-21,18800.397499999977
2023-02-22,8764.39250000002
2023-02-23,-7769.357500000022
2023-02-24,16812.85500000003
2023-02-27,-7987.389999999997
2023-02-28,-2017.8025000000046
2023-03-01,-3220.5900000000147
2023-03-02,3327.8974999999937
2023-03-03,-20708.259999999966
2023-03-06,11366.427499999922
2023-03-07,31368.370000000014
2023-03-08,-807.5000000000025
2023-03-09,-1120.404999999969
2023-03-10,-23967.482500000013
2023-03-13,-36252.489999999976
2023-03-14,10259.662500000002
2023-03-15,3252.940000000028
2023-03-16,9475.844999999963
2023-03-17,-14248.884999999993
2023-03-20,55.52500000000501
2023-03-21,5130.464999999907
2023-03-22,-247.83749999995473
2023-03-23,-5444.805000000006
2023-03-24,-1731.4524999999978
2023-03-27,-2655.0999999999726
2023-03-28,4931.512500000074
2023-03-29,2930.2449999999553
2023-03-30,-3470.5399999999827
2023-03-31,312.0700000000841
2023-04-03,-9950.919999999986
2023-04-04,728.0749999999681
2023-04-05,1153.725000000045
2023-04-06,4377.119999999934
2023-04-07,1026.1150000000493
2023-04-10,2568.4299999999953
2023-04-11,-1262.5750000000166
2023-04-12,-1232.7949999999964
2023-04-13,-11455.649999999992
2023-04-14,5112.230000000021
2023-04-17,2353.2350000000283
2023-04-18,-162.03500000007503
2023-04-19,5613.075000000011
2023-04-20,732.3149999999978
2023-04-21,-576.1650000000391
2023-04-24,-7891.520000000003
2023-04-25,8352.205000000064
2023-04-26,976.7399999999814
2023-04-27,-4098.354999999979
2023-04-28,-3660.275000000074
2023-05-01,12686.220000000016
2023-05-02,-11076.489999999994
2023-05-03,-10845.449999999979
2023-05-04,-2443.359999999985
2023-05-05,-1904.1950000000115
2023-05-08,3870.865000000018
2023-05-09,846.3599999999748
2023-05-10,-4660.625000000002
2023-05-11,20285.0
2023-05-12,10554.240000000033
2023-05-15,-7174.335000000016
2023-05-16,6078.984999999977
2023-05-17,-1616.7900000000004
2023-05-18,9812.365000000073
2023-05-19,-1067.8800000000674
2023-05-22,11411.71500000005
2023-05-23,5124.239999999951
2023-05-24,23217.99000000001
2023-05-25,15965.575000000059
2023-05-26,-8752.999999999998
2023-05-29,767.6449999999603
2023-05-30,-1321.0850000000173
2023-05-31,-1752.7350000000063
2023-06-01,-22209.059999999965
2023-06-02,6333.164999999889
2023-06-05,-3432.499999999929
2023-06-06,-4722.499999999996
2023-06-07,8998.750000000018
2023-06-08,-17923.75000000002
2023-06-09,6247.119999999993
2023-06-12,2504.1025000000295
2023-06-13,942.5075000000217
2023-06-14,-1644.9974999999433
2023-06-15,-24160.962500000016
2023-06-16,1766.2249999999196
2023-06-19,5999.470000000002
2023-06-20,10350.347500000002
2023-06-21,3559.949999999969
2023-06-22,8459.730000000036
2023-06-23,2351.1324999999783
2023-06-26,-1979.5599999999702
2023-06-27,-3299.0700000000074
2023-06-28,3428.4125000000645
2023-06-29,6340.709999999926
2023-06-30,-1608.5799999999278
2023-07-03,190.7100000000016
2023-07-04,-595.9450000000115
2023-07-05,8645.299999999937
2023-07-06,9680.447500000028
2023-07-07,-16247.009999999964
2023-07-10,-7522.685000000013
2023-07-11,-9011.65500000002
2023-07-12,-27449.154999999977
2023-07-13,-16521.832500000073
2023-07-14,2779.7725000000014
2023-07-17,-1635.297500000004
2023-07-18,-6377.899999999962
2023-07-19,-3607.0099999999775
2023-07-20,13455.110000000004
2023-07-21,9139.705
2023-07-24,-1660.2699999999681
2023-07-25,-6176.545000000034
2023-07-26,-1558.6650000000554
2023-07-27,24747.745000000003
2023-07-28,-5884.400000000006
2023-07-31,-5801.342499999907
2023-08-01,15890.262499999943
2023-08-02,14561.825000000033
2023-08-03,1977.610000000029
2023-08-04,-5856.029999999996
2023-08-07,2042.3650000000232
2023-08-08,9402.119999999952
2023-08-09,3065.00000000001
2023-08-10,7086.49500000002
2023-08-11,9094.999999999996
2023-08-14,2797.8125000000673
2023-08-15,13136.57999999989
2023-08-16,6897.805000000018
2023-08-17,3340.909999999988
2023-08-18,393.22500000004334
2023-08-21,-2268.610000000033
2023-08-22,504.0875000000433
2023-08-23,-26057.530000000064
2023-08-24,22755.14500000006
2023-08-25,1737.3649999999438
2023-08-28,-10467.252499999977
2023-08-29,-17414.900000000005
2023-08-30,-1229.9250000000088
2023-08-31,7351.470000000028
2023-09-01,14325.57250000004
2023-09-04,2901.3499999999462
2023-09-05,18525.855000000083
2023-09-06,12566.592499999975
2023-09-07,1159.7000000000012
2023-09-08,3189.2850000000126
2023-09-11,-6217.527500000012
2023-09-12,8540.31999999994
2023-09-13,1258.370000000039
2023-09-14,1162.334999999989
2023-09-15,5935.690000000046
2023-09-18,221.86000000000382
2023-09-19,3704.689999999958
2023-09-20,9276.165000000008
2023-09-21,10797.250000000013
2023-09-22,243.6099999999941
2023-09-25,6046.984999999983
2023-09-26,17568.26500000003
2023-09-27,17481.790000000026
2023-09-28,-11010.754999999936
2023-09-29,14437.220000000003
2023-10-02,18036.369999999988
2023-10-03,5811.525000000041
2023-10-04,-16336.100000000011
2023-10-05,-7162.990000000055
2023-10-06,-13301.01500000006
2023-10-09,-11199.509999999987
2023-10-10,-298.41499999999303
2023-10-11,-8610.067499999994
2023-10-12,23103.525000000038
2023-10-13,-904.9400000000037
2023-10-16,-2044.434999999983
2023-10-17,10019.562499999998
2023-10-18,6838.992499999965
2023-10-19,1304.6624999999913
2023-10-20,4783.114999999993
2023-10-23,365.2300000000547
2023-10-24,-1889.725000000023
2023-10-25,13333.409999999989
2023-10-26,-6735.1350000000375
2023-10-27,-421.4974999999314
2023-10-30,-11387.710000000046
2023-10-31,6351.937500000001
2023-11-01,-21007.650000000052
2023-11-02,-6382.1525
2023-11-03,-20391.560000000005
2023-11-06,15747.865
2023-11-07,1306.0375000000618
2023-11-08,1832.4900000000146
2023-11-09,9689.085000000026
2023-11-10,3837.002499999993
2023-11-13,-13202.02499999992
2023-11-14,-37600.23749999998
2023-11-15,72.77999999995762
2023-11-16,-6687.765000000026
2023-11-17,-1798.2174999999854
2023-11-20,-3576.6399999999703
2023-11-21,-1860.6574999999877
2023-11-22,5196.552499999987
2023-11-23,802.6199999999515
2023-11-24,-3199.7649999999167
2023-11-27,-1736.36500000001
2023-11-28,-21090.3775
2023-11-29,-5264.800000000046
2023-11-30,-3514.1775000000175
2023-12-01,-19810.85750000001
2023-12-04,20682.99749999999
2023-12-05,6658.934999999973
2023-12-06,5444.542500000058
2023-12-07,-8477.202499999983
2023-12-08,3557.92750000003
2023-12-11,4020.012499999952
2023-12-12,-5397.022500000008
2023-12-13,-36702.09999999996
2023-12-14,-27849.745000000035
2023-12-15,2495.069999999985
2023-12-18,125.76750000006945
2023-12-19,-7799.65750000006
2023-12-20,7507.052500000067
2023-12-21,-12967.595000000023
2023-12-22,-42.889999999955904
2023-12-25,-3302.570000000113
2023-12-26,-10978.697499999962
2023-12-27,-6011.400000000001
2023-12-28,13549.384999999967
2023-12-29,8390.007499999976
2024-01-01,-624.6874999999579
2024-01-02,19844.469999999954
2024-01-03,11794.912500000022
2024-01-04,8069.914999999994
2024-01-05,323.6525000000105
2024-01-08,3526.5649999999564
2024-01-09,1532.7775000000372
2024-01-10,-1881.9824999999641
2024-01-11,-6709.315000000012
2024-01-12,6647.589999999977
2024-01-15,2563.207500000048
2024-01-16,12155.012499999995
2024-01-17,14557.304999999962
2024-01-18,-10293.274999999965
2024-01-19,-10954.294999999973
2024-01-22,275.18749999998334
2024-01-23,-8331.24249999997
2024-01-24,-3576.597499999952
2024-01-25,-5289.422500000029
2024-01-26,6565.38250000008
2024-01-29,-8636.325000000006
2024-01-30,-5899.492500000033
2024-01-31,6784.070000000031
2024-02-01,-12160.792500000034
2024-02-02,19830.692500000037
2024-02-05,13733.284999999965
2024-02-06,-9750.624999999918
2024-02-07,-1552.1699999999882
2024-02-08,-4772.229999999991
2024-02-09,686.4324999999608
2024-02-12,-1613.2174999999577
2024-02-13,36276.715000000004
2024-02-14,-11424.60249999993
2024-02-15,-14683.640000000005
2024-02-16,982.4074999999416
2024-02-19,6290.152500000085
2024-02-20,-10028.585000000085
2024-02-21,1348.3275000000672
2024-02-22,-3858.487500000026
2024-02-23,-396.18999999998545
2024-02-26,5836.572500000039
2024-02-27,1040.8699999999103
2024-02-28,-1573.1249999999984
2024-02-29,-3896.3099999998863
2024-03-01,-9211.375000000053
2024-03-04,-7200.202500000026
2024-03-05,3663.860000000031
2024-03-06,-11966.347500000124
2024-03-07,-18233.257499999952
2024-03-08,-8794.189999999975
2024-03-11,4456.082500000027
2024-03-12,5118.177499999943
2024-03-13,-1872.484999999929
2024-03-14,24807.48
2024-03-15,3799.4174999999464
2024-03-18,537.6524999999909
2024-03-19,758.1550000000462
2024-03-20,-25786.04
2024-03-21,16636.975000000017
2024-03-22,10999.420000000016
2024-03-25,-1869.450000000078
2024-03-26,-2099.574999999944
2024-03-27,-2234.680000000014
2024-03-28,-6382.814999999913
2024-04-01,3068.1599999999326
2024-04-02,12981.805000000053
2024-04-03,-17853.730000000014
2024-04-04,11657.000000000004
2024-04-05,-13803.019999999979
2024-04-08,-4530.695000000009
2024-04-09,-7320.319999999993
2024-04-10,42440.580000000016
2024-04-11,-3191.9149999999286
2024-04-12,8180.449999999959
2024-04-15,15353.139999999994
2024-04-16,9119.547499999957
2024-04-17,-9897.192500000041
2024-04-18,5481.320000000026
2024-04-19,-9782.710000000012
2024-04-22,-11703.442500000008
2024-04-23,-12851.372500000052
2024-04-24,7040.812500000061
2024-04-25,2925.690000000028
2024-04-26,3670.1800000000067
2024-04-29,-11298.682499999994
2024-04-30,22066.999999999964
2024-05-01,-14861.880000000065
2024-05-02,-14749.812499999965
2024-05-03,-17491.037500000013
2024-05-06,-2869.1650000000304
2024-05-07,1336.020000000007
2024-05-08,4601.345000000019
2024-05-09,-10589.880000000003
2024-05-10,-2543.7425000000367
2024-05-13,-6737.745000000008
2024-05-14,-2369.659999999955
2024-05-15,-16310.16000000004
2024-05-16,7514.332500000018
2024-05-17,10698.274999999961
2024-05-20,485.9275000000202
2024-05-21,-1520.3249999999796
2024-05-22,7675.062500000007
2024-05-23,9358.414999999968
2024-05-24,-1321.6599999999878
2024-05-27,-2936.649999999984
2024-05-28,7340.282499999991
2024-05-29,18645.662500000002
2024-05-30,-9380.61750000002
2024-05-31,-10581.777499999987
2024-06-03,-16832.54999999996
2024-06-04,-3610.077500000043
2024-06-05,-3192.187500000016
2024-06-06,-2821.400000000012
2024-06-07,19484.795000000006
2024-06-10,807.7774999999926
2024-06-11,-3497.5249999999924
2024-06-12,-11839.299999999983
2024-06-13,9.874999999991246
2024-06-14,3224.132500000055
2024-06-17,6916.639999999893
2024-06-18,-4448.825000000032
2024-06-19,-342.93249999997346
2024-06-20,4925.867500000019
2024-06-21,5417.114999999987
2024-06-24,-7091.829999999984
2024-06-25,5075.767500000018
2024-06-26,13916.632500000007
2024-06-27,-7855.865000000068
2024-06-28,5353.057500000061
2024-07-01,3988.277499999982
2024-07-02,-5376.334999999994
2024-07-03,-6005.412500000055
2024-07-04,-210.68499999999676
2024-07-05,-12093.159999999958
2024-07-08,-1211.4350000000245
2024-07-09,4081.0449999998755
2024-07-10,-9436.419999999918
2024-07-11,-9320.964999999966
2024-07-12,-7723.977500000058
2024-07-15,532.3850000000058
2024-07-16,-9315.040000000048
2024-07-17,-3644.3299999999454
2024-07-18,22705.27749999994
2024-07-19,7655.122500000001
2024-07-22,-5777.002499999979
2024-07-23,3419.2549999999937
2024-07-24,7324.33750000008
2024-07-25,2942.9349999999736
2024-07-26,-4688.009999999995
2024-07-29,-990.605000000073
2024-07-30,-5568.287499999966
2024-07-31,-9453.492500000022
2024-08-01,6164.782499999941
2024-08-02,-22250.195000000003
2024-08-05,8615.890000000007
2024-08-06,3803.547500000022
2024-08-07,7800.520000000027
2024-08-08,-4863.225000000024
2024-08-09,3073.1674999999473
2024-08-12,-2532.932499999985
2024-08-13,-10886.972499999936
2024-08-14,524.2249999999588
2024-08-15,2791.515000000036
2024-08-16,-13587.232500000018
2024-08-19,-5776.244999999953
2024-08-20,-10991.575000000068
2024-08-21,-7808.344999999968
2024-08-22,18523.350000000028
2024-08-23,-17789.84250000008
2024-08-26,4845.245000000145
2024-08-27,-3741.447499999978
2024-08-28,4387.094999999948
2024-08-29,-458.5424999999391
2024-08-30,1091.3624999999677
2024-09-02,558.7075000000286
2024-09-03,805.6674999999427
2024-09-04,-14261.587499999961
2024-09-05,-6365.0474999999815
2024-09-06,7537.874999999982
2024-09-09,1422.6450000000161
2024-09-10,-4077.442500000013
2024-09-11,1183.9599999999534
2024-09-12,-11230.73749999993
2024-09-13,-3754.367500000002
2024-09-16,-3738.347500000022
2024-09-17,2565.179999999978
2024-09-18,4289.10500000002
2024-09-19,-7108.605000000013
2024-09-20,-443.885000000002
2024-09-23,-8516.119999999983
2024-09-24,-9406.55999999997
2024-09-25,5734.664999999962
2024-09-26,-7218.059999999911
2024-09-27,-5873.125000000022
2024-09-30,4888.60499999997
2024-10-01,-385.0249999999675
2024-10-02,3191.0749999999707
2024-10-03,12454.174999999994
2024-10-04,9448.784999999965
2024-10-07,9811.182500000012
2024-10-08,401.66999999999405
2024-10-09,5618.299999999974
2024-10-10,2716.462500000013
2024-10-11,-1437.007499999992
2024-10-14,5618.3624999999365
2024-10-15,2385.7525000000282
2024-10-16,-5502.020000000024
2024-10-17,3132.462500000061
2024-10-18,-2789.1200000000476
2024-10-21,13791.600000000013
2024-10-22,333.49999999996805
2024-10-23,7160.790000000029
2024-10-24,-6574.360000000106
2024-10-25,11991.460000000021
2024-10-28,-9137.205000000084
2024-10-29,-2701.1599999999867
2024-10-30,7654.6349999999975
2024-10-31,5966.56999999999
2024-11-01,5402.420000000011
2024-11-04,-5260.24000000003
2024-11-05,-7924.270000000038
2024-11-06,12190.55500000003
2024-11-07,-11210.395000000011
2024-11-08,3519.449999999999
2024-11-11,-3685.249999999982
2024-11-12,13516.730000000001
2024-11-13,5124.104999999948
2024-11-14,16664.520000000033
2024-11-15,-4468.314999999999
2024-11-18,-6888.8499999999985
2024-11-19,-1935.6749999999588
2024-11-20,-1386.1500000000515
2024-11-21,2308.6550000000043
2024-11-22,-1235.90999999998
2024-11-25,-10214.47249999999
2024-11-26,-4298.44000000001
2024-11-27,-5116.340000000016
2024-11-28,-2543.8549999999277
2024-11-29,-4251.43249999998
2024-12-02,3617.8649999999393
2024-12-03,942.157500000006
2024-12-04,-1158.0925000000093
2024-12-05,-3082.1000000000327
2024-12-06,2514.575000000044
2024-12-09,2777.7649999999553
2024-12-10,7077.892500000054
2024-12-11,1237.1749999999179
2024-12-12,12167.332500000033
2024-12-13,1935.5449999999946
2024-12-16,5990.817500000037
2024-12-17,11967.714999999958
2024-12-18,32355.03500000005
2024-12-19,4218.642499999979
2024-12-20,-11421.75249999996
2024-12-23,199.47249999994227
2024-12-24,345.8675000000266
2024-12-25,-1443.222499999997
2024-12-26,-6470.82500000001
2024-12-27,893.4249999999763
2024-12-30,13213.262499999933
2024-12-31,-3216.102499999967
2025-01-01,-1270.9574999999827
2025-01-02,2906.2550000000388
2025-01-03,2400.5699999999615
2025-01-06,-5849.230000000025
2025-01-07,-590.7149999999347
2025-01-08,2782.0774999999876
2025-01-09,-4017.2475000000413
2025-01-10,9413.194999999949
2025-01-13,-10883.807499999912
2025-01-14,-4110.48000000003
2025-01-15,-5791.960000000018
2025-01-16,8219.504999999928
2025-01-17,654.819999999981
2025-01-20,-13459.844999999998
2025-01-21,-3713.617499999937
2025-01-22,1919.5199999999857
2025-01-23,-7763.259999999972
2025-01-24,4619.9574999999295
2025-01-27,-1058.0549999999837
2025-01-28,-1910.6849999999347
2025-01-29,-6642.477500000067
2025-01-30,-2491.4225000000088
2025-01-31,10005.612500000063
2025-02-03,-4314.407500000011
2025-02-04,-10506.572499999993
2025-02-05,-7877.757500000005
2025-02-06,-3245.467499999994
2025-02-07,7265.9949999999635
2025-02-10,2090.3925000000136
2025-02-11,1779.0950000000184
2025-02-12,-3252.7900000001337
2025-02-13,-13592.120000000004
2025-02-14,-2620.619999999952
2025-02-17,-860.1049999999846
2025-02-18,5606.777500000023
2025-02-19,4471.237499999959
2025-02-20,-3617.389999999996
2025-02-21,9646.637499999992
2025-02-24,6070.347499999988
2025-02-25,-12660.134999999975
2025-02-26,6650.249999999945
2025-02-27,18528.357500000082
2025-02-28,-322.5350000000451
2025-03-03,-3439.105000000012
2025-03-04,2296.939999999988
2025-03-05,-14953.15250000002
2025-03-06,-5605.547499999931
2025-03-07,1833.3199999999154
2025-03-10,-815.0974999999459
2025-03-11,8424.17
2025-03-12,3368.4774999999854
2025-03-13,1649.9650000000447
2025-03-14,-3116.027500000001
2025-03-17,-6290.840000000005
2025-03-18,602.2999999999304
2025-03-19,-3905.0925000000234
2025-03-20,9550.397500000057
2025-03-21,221.3475000000672
2025-03-24,-3232.79000000005
2025-03-25,2706.077500000035
2025-03-26,5345.677499999973
2025-03-27,1128.6900000000178
2025-03-28,-1974.389999999942
2025-03-31,6195.722499999977
2025-04-01,-4210.182500000058
2025-04-02,-10556.15249999992
2025-04-03,-13377.162500000042
2025-04-04,21342.987499999985
2025-04-07,-10358.967499999973
2025-04-08,-11175.157499999992
2025-04-09,5936.66499999997
2025-04-10,-27622.88999999996
2025-04-11,-4890.095000000043
2025-04-14,1062.5674999999871
2025-04-15,2837.065000000002
2025-04-16,-4906.834999999977
2025-04-17,5461.944999999978
2025-04-21,-3164.3599999999683
2025-04-22,13551.489999999994
2025-04-23,-1040.084999999992
2025-04-24,-1723.2450000000329
2025-04-25,-492.61249999997773
2025-04-28,-4401.59000000004
2025-04-29,-1580.3174999999387
2025-04-30,-5040.575000000081
2025-05-01,7308.51250000003
2025-05-02,-1637.7599999999816
2025-05-05,-4228.094999999986
2025-05-06,1219.0324999999614
2025-05-07,-5418.272499999952
2025-05-08,19802.62499999994
2025-05-09,2028.79250000003
2025-05-12,16349.530000000017
2025-05-13,-2426.1099999999924
2025-05-14,434.59249999998025
2025-05-15,-10161.655
2025-05-16,2207.222500000028
2025-05-19,-1174.2150000000333
2025-05-20,-4862.482499999982
2025-05-21,-1211.427500000017
2025-05-22,3663.9900000000143
2025-05-23,-5755.132499999989
2025-05-26,-419.5400000000243
2025-05-27,3458.4125000000276
2025-05-28,10630.904999999964
2025-05-29,-13993.469999999927
2025-05-30,-6984.530000000049
2025-06-02,-2841.105000000024
2025-06-03,5489.399999999997
2025-06-04,-9151.08999999998
2025-06-05,7287.285000000011
2025-06-06,4879.09999999999
2025-06-09,4572.367499999997
2025-06-10,-2441.0825000000095
2025-06-11,6864.655000000027
2025-06-12,-5434.550000000051
2025-06-13,16966.38750000002
2025-06-16,-2498.54999999998
2025-06-17,6842.56250000004
2025-06-18,-5109.04500000001
2025-06-19,-17.259999999998286
2025-06-20,4358.84500000003
2025-06-23,-26295.344999999994
2025-06-24,-6264.195000000034
2025-06-25,-3008.7724999999805
2025-06-26,-2101.5899999999724
2025-06-27,-1656.3825
2025-06-30,-2136.31500000003
2025-07-01,-1425.2274999999952
2025-07-02,-508.3750000000165
2025-07-03,2753.4750000000413
2025-07-04,1304.0824999999725
2025-07-07,13216.807499999974
2025-07-08,-6025.6724999999715
2025-07-09,-1571.3674999999803
2025-07-10,-6684.9700000000585
2025-07-11,9420.415000000045
2025-07-14,-4930.264999999996
2025-07-15,7608.6699999999655
2025-07-16,-6141.869999999983
2025-07-17,4496.477499999969
2025-07-18,-5222.582500000069
2025-07-21,4384.282500000016
2025-07-22,-5423.617500000036
2025-07-23,-1021.2549999999818
2025-07-24,2385.4674999999593
2025-07-25,137.87750000001273
2025-07-28,16746.259999999922
2025-07-29,8564.390000000021
2025-07-30,12215.107500000002
2025-07-31,1802.4650000000368
2025-08-01,-14998.292500000003
2025-08-04,-5857.125000000063
2025-08-05,4974.550000000016
2025-08-06,-7527.964999999967
2025-08-07,-9247.10500000004
2025-08-08,5312.099999999978
2025-08-11,4600.599999999991
2025-08-12,-11621.91999999995
2025-08-13,-9918.929999999968
2025-08-14,8700.94249999997
2025-08-15,-6323.037499999955
2025-08-18,2997.8874999999684
2025-08-19,7854.39000000006
2025-08-20,-1272.6375000000364
2025-08-21,4165.204999999998
2025-08-22,-16525.642499999994
2025-08-25,13619.912500000004
2025-08-26,-9012.597500000064
2025-08-27,-4636.687499999909
2025-08-28,-1213.5075000000259
2025-08-29,-5044.829999999996
2025-09-01,123.26499999997057
2025-09-02,19738.782500000027
2025-09-03,-8885.542500000018
2025-09-04,-2822.1249999999986
2025-09-05,-6778.667500000018
2025-09-08,-5676.942499999971
2025-09-09,15067.349999999971
2025-09-10,3181.795000000003
2025-09-11,-13742.734999999966
2025-09-12,3584.374999999966
2025-09-15,-3266.2399999999548
2025-09-16,-7628.522499999963
2025-09-17,4774.917499999991
2025-09-18,-4844.610000000062
2025-09-19,-2170.0874999999924
2025-09-22,4162.049999999973
2025-09-23,4571.045000000055
2025-09-24,-3069.094999999995
2025-09-25,-4788.6575000000275
2025-09-26,2303.6775000000594
2025-09-29,-2556.705000000114
2025-09-30,-1051.5099999998897
