date,net_pnl
2010-06-07,0.0
2010-06-08,0.0
2010-06-09,0.0
2010-06-10,0.0
2010-06-11,0.0
2010-06-14,0.0
2010-06-15,0.0
2010-06-16,0.0
2010-06-17,0.0
2010-06-18,0.0
2010-06-21,0.0
2010-06-22,0.0
2010-06-23,0.0
2010-06-24,0.0
2010-06-25,0.0
2010-06-28,0.0
2010-06-29,0.0
2010-06-30,0.0
2010-07-01,0.0
2010-07-02,0.0
2010-07-05,0.0
2010-07-06,0.0
2010-07-07,0.0
2010-07-08,0.0
2010-07-09,0.0
2010-07-12,0.0
2010-07-13,0.0
2010-07-14,0.0
2010-07-15,0.0
2010-07-16,0.0
2010-07-19,0.0
2010-07-20,0.0
2010-07-21,0.0
2010-07-22,0.0
2010-07-23,0.0
2010-07-26,0.0
2010-07-27,0.0
2010-07-28,0.0
2010-07-29,0.0
2010-07-30,0.0
2010-08-02,0.0
2010-08-03,-496.54749999999996
2010-08-04,-6686.325000000003
2010-08-05,-5365.474999999979
2010-08-06,6227.375000000044
2010-08-09,3246.1449999999872
2010-08-10,5892.920000000013
2010-08-11,-3425.8500000000677
2010-08-12,-4506.174999999967
2010-08-13,1822.3850000000257
2010-08-16,6283.420000000012
2010-08-17,-2869.4649999999956
2010-08-18,-601.3650000000362
2010-08-19,-2071.5349999999944
2010-08-20,565.5300000000443
2010-08-23,1078.1474999999928
2010-08-24,-813.9699999999696
2010-08-25,-4925.7250000000095
2010-08-26,-4121.154999999985
2010-08-27,-5078.709999999996
2010-08-30,2505.572499999978
2010-08-31,1280.2350000000342
2010-09-01,-1155.7974999999976
2010-09-02,-2754.7574999999997
2010-09-03,1038.6499999999603
2010-09-06,2597.3149999999882
2010-09-07,558.6250000000036
2010-09-08,-767.2875000000163
2010-09-09,-1643.8749999999784
2010-09-10,-3247.067500000013
2010-09-13,-159.80249999996656
2010-09-14,521.8399999999975
2010-09-15,3325.5799999999595
2010-09-16,370.78250000000185
2010-09-17,-4799.24249999997
2010-09-20,6021.829999999979
2010-09-21,10173.49000000002
2010-09-22,-3409.2625000000235
2010-09-23,1197.885000000013
2010-09-24,-889.9500000000006
2010-09-27,5780.124999999996
2010-09-28,2538.184999999946
2010-09-29,-4338.64499999998
2010-09-30,881.1050000000452
2010-10-01,5283.792499999974
2010-10-04,2019.930000000026
2010-10-05,-6713.385000000037
2010-10-06,2081.2199999999916
2010-10-07,10797.16999999997
2010-10-08,-15385.404999999939
2010-10-11,-5087.005000000014
2010-10-12,-7767.354999999983
2010-10-13,1673.9049999999622
2010-10-14,-5359.009999999946
2010-10-15,3451.910000000011
2010-10-18,-1368.7575000000106
2010-10-19,1255.2950000000435
2010-10-20,-5835.939999999978
2010-10-21,6739.200000000017
2010-10-22,-464.78500000002447
2010-10-25,-191.22500000000616
2010-10-26,-7705.862499999996
2010-10-27,-347.61749999998517
2010-10-28,7952.025000000007
2010-10-29,5806.730000000009
2010-11-01,2998.775000000018
2010-11-02,2998.3650000000143
2010-11-03,4407.674999999989
2010-11-04,-6905.775000000048
2010-11-05,-9037.099999999975
2010-11-08,-7407.31000000003
2010-11-09,-8521.344999999987
2010-11-10,-5272.052500000039
2010-11-11,-4356.870000000018
2010-11-12,10123.125000000062
2010-11-15,-14060.842500000033
2010-11-16,14043.787499999964
2010-11-17,2522.7925000000278
2010-11-18,-3554.847499999982
2010-11-19,1271.5975000000287
2010-11-22,4.985000000057141
2010-11-23,-6927.882500000017
2010-11-24,-11635.532499999978
2010-11-25,2106.5975000000294
2010-11-26,-6021.81750000002
2010-11-29,2344.867499999993
2010-11-30,3616.6799999999957
2010-12-01,-19900.012500000103
2010-12-02,-3147.385000000081
2010-12-03,-18448.204999999845
2010-12-06,4106.1049999999395
2010-12-07,-5037.702500000053
2010-12-08,-3466.0975000000476
2010-12-09,2200.4125000000613
2010-12-10,1887.5100000000295
2010-12-13,7452.934999999966
2010-12-14,-18202.535000000044
2010-12-15,8449.509999999966
2010-12-16,14880.129999999985
2010-12-17,1129.64499999997
2010-12-20,-11386.762500000012
2010-12-21,2922.330000000053
2010-12-22,-14962.582500000039
2010-12-23,-7094.189999999913
2010-12-27,3164.0949999999543
2010-12-28,-26368.85999999991
2010-12-29,15579.55999999995
2010-12-30,5110.24499999999
2010-12-31,2037.7424999999944
2011-01-03,13684.709999999935
2011-01-04,10604.550000000025
2011-01-05,-9953.18500000007
2011-01-06,11457.464999999916
2011-01-07,18191.080000000034
2011-01-10,-9739.699999999963
2011-01-11,-7568.474999999959
2011-01-12,-346.03750000009336
2011-01-13,17290.81249999995
2011-01-14,-2477.045000000071
2011-01-17,-1836.764999999951
2011-01-18,-2907.405000000009
2011-01-19,-6705.404999999879
2011-01-20,-3314.509999999947
2011-01-21,8902.220000000065
2011-01-24,21043.065000000042
2011-01-25,16148.044999999946
2011-01-26,-23219.83500000001
2011-01-27,26248.64499999999
2011-01-28,-39819.31500000008
2011-01-31,-7876.779999999991
2011-02-01,1248.6499999999983
2011-02-02,-865.1300000000504
2011-02-03,-11220.942499999974
2011-02-04,-7731.86499999984
2011-02-07,10429.489999999869
2011-02-08,-24477.182500000017
2011-02-09,-506.657500000098
2011-02-10,-6945.524999999915
2011-02-11,15448.649999999967
2011-02-14,-12865.724999999995
2011-02-15,12238.224999999995
2011-02-16,2958.175000000035
2011-02-17,-4257.154999999915
2011-02-18,11821.3249999999
2011-02-21,-37018.584999999934
2011-02-22,22338.102499999994
2011-02-23,-18172.89500000012
2011-02-24,12437.77000000007
2011-02-25,-6933.655000000071
2011-02-28,16011.110000000026
2011-03-01,-17798.819999999938
2011-03-02,-8620.240000000007
2011-03-03,1854.2249999999772
2011-03-04,-2151.9849999999733
2011-03-07,7309.685000000016
2011-03-08,5687.619999999996
2011-03-09,393.49500000007913
2011-03-10,7744.949999999912
2011-03-11,7107.0174999999945
2011-03-14,8636.789999999948
2011-03-15,15960.167500000052
2011-03-16,-15971.62499999991
2011-03-17,-39497.04750000002
2011-03-18,3402.974999999868
2011-03-21,13784.190000000079
2011-03-22,-6359.492499999933
2011-03-23,-2264.8549999999277
2011-03-24,9288.80999999997
2011-03-25,-13025.674999999988
2011-03-28,-7664.695000000033
2011-03-29,19278.589999999906
2011-03-30,13815.770000000077
2011-03-31,-7302.7549999999765
2011-04-01,25116.04500000002
2011-04-04,1145.2275000000377
2011-04-05,-2617.5025000000696
2011-04-06,6971.1875000001955
2011-04-07,11607.322499999818
2011-04-08,15254.202500000101
2011-04-11,-20722.477499999983
2011-04-12,10161.529999999879
2011-04-13,8334.980000000296
2011-04-14,1151.8099999998167
2011-04-15,18062.86999999996
2011-04-18,-25881.52999999987
2011-04-19,26591.807500000134
2011-04-20,33425.53499999975
2011-04-21,4653.150000000227
2011-04-25,8090.624999999969
2011-04-26,30132.874999999938
2011-04-27,21281.879999999852
2011-04-28,13499.89999999994
2011-04-29,21287.242500000135
2011-05-02,-14743.414999999899
2011-05-03,953.27999999996
2011-05-04,-651.6549999999477
2011-05-05,-38228.98250000012
2011-05-06,3125.9900000000343
2011-05-09,24174.53000000007
2011-05-10,2124.2349999999215
2011-05-11,-27420.874999999873
2011-05-12,-7158.430000000101
2011-05-13,-14109.57999999987
2011-05-16,-14510.495000000148
2011-05-17,21849.330000000085
2011-05-18,4706.639999999993
2011-05-19,15560.620000000114
2011-05-20,-12202.987500000061
2011-05-23,-28955.045000000006
2011-05-24,12840.895000000031
2011-05-25,6946.282499999915
2011-05-26,41548.48499999998
2011-05-27,14272.015000000105
2011-05-30,2386.234999999969
2011-05-31,12895.37499999994
2011-06-01,-19725.37249999991
2011-06-02,-5111.250000000061
2011-06-03,6506.345000000103
2011-06-06,-21847.41500000003
2011-06-07,9239.519999999999
2011-06-08,-1499.5300000000134
2011-06-09,-5157.549999999989
2011-06-10,-15958.225000000013
2011-06-13,-4329.655000000044
2011-06-14,-8403.634999999922
2011-06-15,-7885.870000000059
2011-06-16,4560.009999999999
2011-06-17,5341.224999999951
2011-06-20,6990.855000000009
2011-06-21,7750.472500000079
2011-06-22,-14351.772500000123
2011-06-23,10114.095000000008
2011-06-24,-5474.782499999997
2011-06-27,2895.112499999927
2011-06-28,-4314.274999999981
2011-06-29,25748.472500000014
2011-06-30,-14250.43000000003
2011-07-01,19151.660000000044
2011-07-04,5164.082500000073
2011-07-05,1.8599999998810404
2011-07-06,8305.980000000045
2011-07-07,13914.980000000047
2011-07-08,17641.659999999913
2011-07-11,-21096.057500000028
2011-07-12,1918.0874999999958
2011-07-13,14769.367500000004
2011-07-14,-7639.055000000061
2011-07-15,10604.494999999935
2011-07-18,-13357.382499999976
2011-07-19,26676.655000000024
2011-07-20,-4766.907500000038
2011-07-21,15411.372500000094
2011-07-22,2064.434999999913
2011-07-25,-8705.807499999939
2011-07-26,15245.582500000019
2011-07-27,-21039.849999999995
2011-07-28,-1468.5800000000165
2011-07-29,30846.949999999928
2011-08-01,-10306.532499999863
2011-08-02,-13894.555000000042
2011-08-03,1891.3549999999816
2011-08-04,-39846.51250000004
2011-08-05,-2681.8324999999722
2011-08-08,-17169.809999999954
2011-08-09,37313.47500000002
2011-08-10,-14877.025000000014
2011-08-11,844.1049999999786
2011-08-12,9363.427500000067
2011-08-15,10044.49499999998
2011-08-16,4577.999999999941
2011-08-17,5656.907499999995
2011-08-18,-17238.884999999947
2011-08-19,3644.882500000024
2011-08-22,-5226.574999999996
2011-08-23,2934.495000000046
2011-08-24,-5241.495000000008
2011-08-25,2130.664999999982
2011-08-26,8983.432500000026
2011-08-29,4646.650000000045
2011-08-30,6261.660000000008
2011-08-31,-1592.9399999999785
2011-09-01,5076.447500000001
2011-09-02,-5452.40000000004
2011-09-05,-10810.219999999954
2011-09-06,-7808.975000000035
2011-09-07,10684.242499999991
2011-09-08,-5769.452500000031
2011-09-09,-5853.629999999982
2011-09-12,-10224.970000000023
2011-09-13,-289.5674999999418
2011-09-14,6781.799999999996
2011-09-15,10371.874999999964
2011-09-16,9396.987500000001
2011-09-19,-6490.624999999999
2011-09-20,4343.392499999982
2011-09-21,-13833.32500000002
2011-09-22,-12190.407499999992
2011-09-23,-8241.44999999997
2011-09-26,-116.44249999998999
2011-09-27,-786.2900000000252
2011-09-28,3158.8775000000587
2011-09-29,-9171.242499999986
2011-09-30,15610.40750000003
2011-10-03,-2812.3749999999923
2011-10-04,-3667.7549999999974
2011-10-05,-2154.7150000000224
2011-10-06,-455.92999999995493
2011-10-07,-7183.732500000038
2011-10-10,-2674.3050000000017
2011-10-11,-4547.559999999978
2011-10-12,6084.764999999954
2011-10-13,5291.122499999991
2011-10-14,4029.265000000043
2011-10-17,-5114.314999999947
2011-10-18,11831.019999999986
2011-10-19,-4534.505000000007
2011-10-20,2892.132499999955
2011-10-21,6103.612500000016
2011-10-24,-6560.600000000008
2011-10-25,3951.59500000006
2011-10-26,-4302.29500000004
2011-10-27,-10766.182500000074
2011-10-28,6196.820000000068
2011-10-31,5867.81249999995
2011-11-01,4108.8725000000095
2011-11-02,2275.5674999999824
2011-11-03,-4805.842500000013
2011-11-04,6187.342500000037
2011-11-07,5862.407499999982
2011-11-08,-3809.4924999999835
2011-11-09,-9813.322500000007
2011-11-10,7693.744999999983
2011-11-11,4817.247499999998
2011-11-14,-1860.9749999999995
2011-11-15,-4433.54749999998
2011-11-16,-1799.134999999989
2011-11-17,2669.392499999988
2011-11-18,-4406.832499999997
2011-11-21,4803.565000000034
2011-11-22,117.76250000000309
2011-11-23,2376.4874999999834
2011-11-24,-1090.944999999979
2011-11-25,-2840.184999999988
2011-11-28,8042.450000000025
2011-11-29,-7489.29000000001
2011-11-30,2495.040000000031
2011-12-01,902.2999999999927
2011-12-02,-1013.4100000000273
2011-12-05,6896.960000000027
2011-12-06,-4907.009999999998
2011-12-07,11544.417499999965
2011-12-08,-3658.0824999999886
2011-12-09,5528.234999999985
2011-12-12,1322.670000000026
2011-12-13,-5242.770000000011
2011-12-14,15518.590000000017
2011-12-15,-2802.3900000000117
2011-12-16,-378.3274999999884
2011-12-19,-9263.917500000001
2011-12-20,-10545.185000000005
2011-12-21,-6475.919999999984
2011-12-22,-4740.525
2011-12-23,-1921.995000000025
2011-12-26,1293.0899999999992
2011-12-27,-7063.957500000035
2011-12-28,26252.094999999932
2011-12-29,7298.630000000021
2011-12-30,85.93249999999509
2012-01-02,405.19000000000284
2012-01-03,1603.3649999999793
2012-01-04,1118.7525000000373
2012-01-05,4057.157499999969
2012-01-06,9324.600000000008
2012-01-09,-8035.44749999998
2012-01-10,3858.90750000004
2012-01-11,11095.099999999971
2012-01-12,-0.3874999999797808
2012-01-13,5499.202500000003
2012-01-16,4316.265
2012-01-17,-5679.165000000005
2012-01-18,-3047.932500000009
2012-01-19,-13080.637500000003
2012-01-20,-2091.6649999999786
2012-01-23,-17989.8775
2012-01-24,-3758.859999999977
2012-01-25,13098.72249999995
2012-01-26,6121.55249999997
2012-01-27,4473.360000000019
2012-01-30,8656.812499999976
2012-01-31,347.2924999999629
2012-02-01,-6797.874999999954
2012-02-02,5607.992499999923
2012-02-03,-2816.9299999999444
2012-02-06,1497.2049999999465
2012-02-07,823.4700000000452
2012-02-08,-1862.8350000000125
2012-02-09,-988.8950000000043
2012-02-10,2267.5499999999915
2012-02-13,-3457.2949999999523
2012-02-14,1.8775000000592286
2012-02-15,6746.837500000001
2012-02-16,-5990.085000000007
2012-02-17,-6110.489999999975
2012-02-20,-5568.962500000058
2012-02-21,-6239.189999999941
2012-02-22,1143.7674999999904
2012-02-23,-3034.8525000000222
2012-02-24,-2490.6250000000327
2012-02-27,14107.522499999975
2012-02-28,-10948.617500000028
2012-02-29,-920.9999999999329
2012-03-01,9569.617499999988
2012-03-02,3085.9575000000377
2012-03-05,-11435.834999999986
2012-03-06,8462.397499999988
2012-03-07,6663.782500000045
2012-03-08,-11379.220000000065
2012-03-09,833.5824999999251
2012-03-12,1665.6574999999968
2012-03-13,2110.3425000000507
2012-03-14,-16456.294999999962
2012-03-15,398.7900000000504
2012-03-16,-2276.0150000000735
2012-03-19,-14241.900000000023
2012-03-20,12878.925000000065
2012-03-21,1985.3775000000173
2012-03-22,2324.9299999999726
2012-03-23,4093.3124999999086
2012-03-26,3426.7875000000136
2012-03-27,5024.342500000039
2012-03-28,3051.5424999999836
2012-03-29,18054.339999999982
2012-03-30,-16630.26499999997
2012-04-02,-7717.815000000005
2012-04-03,-10775.830000000047
2012-04-04,6254.460000000021
2012-04-05,6916.829999999987
2012-04-06,6653.21
2012-04-09,-1653.012500000073
2012-04-10,7464.572499999995
2012-04-11,965.4300000000202
2012-04-12,4546.760000000075
2012-04-13,15855.917499999965
2012-04-16,-4477.549999999935
2012-04-17,-3024.3575000000633
2012-04-18,9051.410000000016
2012-04-19,-10867.66750000002
2012-04-20,848.1950000000099
2012-04-23,3568.770000000044
2012-04-24,3344.8950000000223
2012-04-25,867.2349999999835
2012-04-26,11522.55750000003
2012-04-27,-7722.574999999995
2012-04-30,-7813.842500000047
2012-05-01,-2734.2499999999345
2012-05-02,18617.88500000007
2012-05-03,-17223.252500000042
2012-05-04,-7793.855000000015
2012-05-07,-851.0774999999774
2012-05-08,-298.5125000000862
2012-05-09,-455.7024999999817
2012-05-10,7704.202499999949
2012-05-11,-1472.0450000000199
2012-05-14,12514.27750000009
2012-05-15,2142.3674999999607
2012-05-16,-8400.59750000011
2012-05-17,-12651.167499999956
2012-05-18,-27437.022499999875
2012-05-21,3073.7999999999724
2012-05-22,10911.077499999981
2012-05-23,15928.402499999975
2012-05-24,-3969.2450000000867
2012-05-25,4338.9100000000735
2012-05-28,1317.9899999999607
2012-05-29,14663.890000000001
2012-05-30,29730.95999999997
2012-05-31,13436.26250000001
2012-06-01,8601.847500000014
2012-06-04,-19732.422499999997
2012-06-05,5988.112499999997
2012-06-06,-16741.43249999995
2012-06-07,16655.17500000006
2012-06-08,7173.85499999991
2012-06-11,12908.782500000067
2012-06-12,-15646.325000000006
2012-06-13,-253.83250000001775
2012-06-14,-19016.35249999999
2012-06-15,8633.65249999999
2012-06-18,8790.844999999988
2012-06-19,-15716.612500000016
2012-06-20,3001.6899999999346
2012-06-21,1384.5200000000416
2012-06-22,-4645.725000000006
2012-06-25,-2774.2049999999736
2012-06-26,-1733.8000000000097
2012-06-27,-2573.200000000003
2012-06-28,9919.967499999979
2012-06-29,-34098.67249999992
2012-07-02,17337.55249999991
2012-07-03,-6939.4424999999
2012-07-04,9850.954999999956
2012-07-05,10520.940000000022
2012-07-06,15465.232499999975
2012-07-09,-984.9324999999736
2012-07-10,6773.042500000012
2012-07-11,-2910.235000000067
2012-07-12,4210.752499999987
2012-07-13,1178.4300000001026
2012-07-16,1932.509999999943
2012-07-17,212.33000000000644
2012-07-18,6728.742500000041
2012-07-19,-5806.112500000047
2012-07-20,17816.76749999996
2012-07-23,-16048.665000000037
2012-07-24,-2927.452499999983
2012-07-25,-1224.2199999998502
2012-07-26,-13876.79000000013
2012-07-27,2070.4775000000814
2012-07-30,11995.159999999949
2012-07-31,2158.602500000014
2012-08-01,2022.9999999999905
2012-08-02,12025.177500000087
2012-08-03,-11334.175000000112
2012-08-06,-3479.7025000000026
2012-08-07,-11658.379999999966
2012-08-08,-4912.137499999981
2012-08-09,11627.329999999994
2012-08-10,6111.424999999895
2012-08-13,-4121.979999999933
2012-08-14,-4882.20249999989
2012-08-15,-2378.54500000013
2012-08-16,-3112.4099999999553
2012-08-17,1994.534999999911
2012-08-20,387.32999999999754
2012-08-21,-18963.78500000001
2012-08-22,-2536.690000000124
2012-08-23,-16953.94750000002
2012-08-24,5702.3275000000285
2012-08-27,7616.155000000036
2012-08-28,-5050.980000000092
2012-08-29,274.0999999999382
2012-08-30,-7271.785000000075
2012-08-31,-6233.7574999998105
2012-09-03,-7576.150000000009
2012-09-04,-9052.767500000098
2012-09-05,-11040.872499999803
2012-09-06,18113.740000000016
2012-09-07,-12895.79250000001
2012-09-10,-12812.107500000115
2012-09-11,-4838.78499999998
2012-09-12,-8103.034999999927
2012-09-13,15307.762499999879
2012-09-14,-6323.255000000128
2012-09-17,2445.557500000085
2012-09-18,2651.7625000000044
2012-09-19,-4543.2649999999685
2012-09-20,991.6249999998963
2012-09-21,911.4275000001202
2012-09-24,-3218.200000000076
2012-09-25,-378.36500000008243
2012-09-26,1614.4100000000353
2012-09-27,9440.784999999978
2012-09-28,-2401.4899999999725
2012-10-01,-10821.787500000019
2012-10-02,-8496.57750000007
2012-10-03,7469.99749999996
2012-10-04,1384.1900000000194
2012-10-05,-14452.087499999976
2012-10-08,-1793.0775000000112
2012-10-09,-7681.777499999984
2012-10-10,-6124.427500000034
2012-10-11,6697.437499999984
2012-10-12,-7221.5650000000205
2012-10-15,5624.844999999969
2012-10-16,-22921.7774999999
2012-10-17,-11505.972500000078
2012-10-18,-1779.7625
2012-10-19,-6992.692500000067
2012-10-22,-2810.5225000000805
2012-10-23,2523.245000000077
2012-10-24,4473.645000000016
2012-10-25,-4729.252500000043
2012-10-26,12025.724999999931
2012-10-29,5889.8750000000455
2012-10-30,-6472.519999999897
2012-10-31,-5637.145000000087
2012-11-01,15374.412499999962
2012-11-02,13422.622499999992
2012-11-05,5401.220000000187
2012-11-06,-16442.272499999985
2012-11-07,12353.70249999983
2012-11-08,-15437.149999999869
2012-11-09,-3774.0275000000424
2012-11-12,-2534.6250000000523
2012-11-13,-4959.122500000031
2012-11-14,-4477.135000000092
2012-11-15,2180.987500000077
2012-11-16,4313.82250000003
2012-11-19,1513.5150000000344
2012-11-20,-7856.357500000087
2012-11-21,-6970.137499999945
2012-11-22,-4633.739999999916
2012-11-23,5929.167500000003
2012-11-26,4811.077500000059
2012-11-27,5193.659999999982
2012-11-28,17523.77249999998
2012-11-29,2302.952499999793
2012-11-30,2921.202500000208
2012-12-03,-8929.392499999982
2012-12-04,1805.6450000000195
2012-12-05,6540.622500000036
2012-12-06,10999.444999999925
2012-12-07,-1846.0374999999224
2012-12-10,8170.652500000015
2012-12-11,-6076.587499999943
2012-12-12,-9908.954999999976
2012-12-13,-14592.135000000115
2012-12-14,-730.2300000000332
2012-12-17,-6142.604999999849
2012-12-18,-8604.767500000014
2012-12-19,-5669.3499999999485
2012-12-20,-6184.025000000136
2012-12-21,504.8775000000176
2012-12-24,518.0550000001011
2012-12-25,734.9450000000126
2012-12-26,2594.0224999999814
2012-12-27,9275.807500000017
2012-12-28,-7328.617500000109
2012-12-31,17255.827500000036
2013-01-01,1059.3999999999833
2013-01-02,16887.604999999956
2013-01-03,-15075.387499999828
2013-01-04,1306.9174999999711
2013-01-07,4036.372499999888
2013-01-08,-7618.24999999996
2013-01-09,8298.477500000008
2013-01-10,1473.7200000000012
2013-01-11,9442.39250000002
2013-01-14,12997.867499999715
2013-01-15,-9312.402499999886
2013-01-16,3279.49249999998
2013-01-17,-8984.212499999938
2013-01-18,224.61249999997864
2013-01-21,-5716.325000000014
2013-01-22,-1874.282500000058
2013-01-23,172.1400000000807
2013-01-24,7518.589999999965
2013-01-25,-11233.445000000027
2013-01-28,286.1750000000164
2013-01-29,-3101.6124999999724
2013-01-30,-15536.925000000077
2013-01-31,8033.567500000069
2013-02-01,2982.5700000000593
2013-02-04,3615.525000000043
2013-02-05,2742.094999999995
2013-02-06,5050.819999999947
2013-02-07,3812.8224999999766
2013-02-08,277.7575000000318
2013-02-11,106.43249999999728
2013-02-12,-8463.212500000114
2013-02-13,-9303.385000000068
2013-02-14,20994.949999999953
2013-02-15,-1944.8299999998749
2013-02-18,1636.8174999999665
2013-02-19,15938.93000000003
2013-02-20,26894.62250000007
2013-02-21,8572.560000000145
2013-02-22,7836.647500000029
2013-02-25,4066.6574999998493
2013-02-26,-1247.3974999999677
2013-02-27,16510.76999999995
2013-02-28,15876.689999999926
2013-03-01,16266.077500000036
2013-03-04,11005.627500000077
2013-03-05,5647.260000000005
2013-03-06,-1554.5225000000767
2013-03-07,-19663.947499999926
2013-03-08,12263.099999999858
2013-03-11,33.71750000006651
2013-03-12,-2004.0500000000138
2013-03-13,3641.702500000005
2013-03-14,-2225.157499999937
2013-03-15,10256.792499999947
2013-03-18,925.2075000000524
2013-03-19,18493.782499999834
2013-03-20,-7395.354999999983
2013-03-21,3455.682499999961
2013-03-22,-6169.014999999907
2013-03-25,2708.704999999986
2013-03-26,9404.519999999884
2013-03-27,9860.38250000011
2013-03-28,-22220.102500000077
2013-04-01,-24463.45749999992
2013-04-02,9532.1125000001
2013-04-03,3753.1824999999667
2013-04-04,6652.209999999948
2013-04-05,-15478.649999999983
2013-04-08,13318.077499999968
2013-04-09,-2198.8825000000566
2013-04-10,15680.05750000005
2013-04-11,5964.202500000027
2013-04-12,50066.2425
2013-04-15,31459.992499999993
2013-04-16,-4259.9399999999505
2013-04-17,3540.6400000000017
2013-04-18,-12956.56250000008
2013-04-19,5709.327500000029
2013-04-22,2362.190000000047
2013-04-23,9941.762499999953
2013-04-24,-8283.752500000039
2013-04-25,-10494.432499999964
2013-04-26,19447.929999999942
2013-04-29,8821.614999999974
2013-04-30,-4498.309999999998
2013-05-01,1652.9374999999861
2013-05-02,10536.76499999998
2013-05-03,-11707.717499999908
2013-05-06,-7745.777499999947
2013-05-07,-249.63500000000528
2013-05-08,7879.289999999955
2013-05-09,5367.299999999997
2013-05-10,-29344.91749999988
2013-05-13,3696.5774999999862
2013-05-14,-6187.665000000032
2013-05-15,23386.67500000005
2013-05-16,4390.364999999959
2013-05-17,-1735.337499999967
2013-05-20,-4986.130000000001
2013-05-21,5842.82499999997
2013-05-22,-22413.305000000048
2013-05-23,-3727.277499999956
2013-05-24,-5698.495000000042
2013-05-27,-4992.955000000015
2013-05-28,-10311.252499999895
2013-05-29,-7273.267500000045
2013-05-30,71.83750000002988
2013-05-31,-10900.152499999986
2013-06-03,3925.3549999999086
2013-06-04,-2295.492499999982
2013-06-05,-22725.112499999945
2013-06-06,6399.462499999988
2013-06-07,22423.997500000016
2013-06-10,597.864999999929
2013-06-11,222.6600000000153
2013-06-12,-19247.45749999996
2013-06-13,16039.257500000007
2013-06-14,-3905.2274999999745
2013-06-17,6240.805000000024
2013-06-18,13148.199999999917
2013-06-19,-13467.762499999935
2013-06-20,-13448.11249999999
2013-06-21,-28497.61500000003
2013-06-24,7002.9275000000125
2013-06-25,5926.050000000005
2013-06-26,12904.589999999944
2013-06-27,14982.299999999976
2013-06-28,-16302.139999999963
2013-07-01,1003.8349999999837
2013-07-02,10996.412500000006
2013-07-03,2888.770000000025
2013-07-04,8975.262499999966
2013-07-05,21830.85499999998
2013-07-08,-13431.799999999947
2013-07-09,4004.0125000000075
2013-07-10,-11760.28000000001
2013-07-11,-3011.954999999949
2013-07-12,2231.7100000000037
2013-07-15,5141.34000000003
2013-07-16,-4409.664999999995
2013-07-17,11070.774999999963
2013-07-18,4428.190000000009
2013-07-19,-530.9275000000096
2013-07-22,-11651.072500000004
2013-07-23,1276.534999999992
2013-07-24,7815.264999999959
2013-07-25,-2215.7449999999762
2013-07-26,3437.68999999999
2013-07-29,-534.3124999999211
2013-07-30,1816.6925000000047
2013-07-31,-2690.255000000006
2013-08-01,17272.74749999996
2013-08-02,-3995.099999999938
2013-08-05,5757.68999999996
2013-08-06,-2676.8749999999477
2013-08-07,-6792.907500000011
2013-08-08,-14129.08
2013-08-09,-2542.079999999999
2013-08-12,-12391.737500000016
2013-08-13,5313.264999999993
2013-08-14,-10901.214999999966
2013-08-15,-30683.15499999999
2013-08-16,-4606.037500000001
2013-08-19,-11314.310000000078
2013-08-20,8408.37500000002
2013-08-21,-8552.125000000033
2013-08-22,9329.264999999981
2013-08-23,-5129.545000000007
2013-08-26,-15863.244999999946
2013-08-27,-9232.025000000043
2013-08-28,1258.2200000000475
2013-08-29,13577.759999999951
2013-08-30,-66.71999999996275
2013-09-02,983.1399999999774
2013-09-03,-961.975000000035
2013-09-04,19799.26500000008
2013-09-05,9491.629999999952
2013-09-06,-5513.484999999995
2013-09-09,8151.784999999948
2013-09-10,3143.850000000014
2013-09-11,-1162.3650000000143
2013-09-12,11338.869999999997
2013-09-13,1998.434999999982
2013-09-16,2444.0050000000315
2013-09-17,4772.147500000044
2013-09-18,-17111.665000000114
2013-09-19,-3337.887500000022
2013-09-20,4826.324999999979
2013-09-23,-3142.4125000000213
2013-09-24,3118.179999999966
2013-09-25,-13303.629999999946
2013-09-26,1511.444999999913
2013-09-27,-9329.87250000002
2013-09-30,-2957.034999999971
2013-10-01,9578.21000000003
2013-10-02,-8123.090000000048
2013-10-03,-3179.8475000000544
2013-10-04,1038.2100000000282
2013-10-07,-17138.11499999995
2013-10-08,-6923.562500000063
2013-10-09,-1666.2674999998922
2013-10-10,21933.31499999999
2013-10-11,2536.7650000000936
2013-10-14,-2346.125000000083
2013-10-15,1526.8100000000925
2013-10-16,7287.24499999989
2013-10-17,5921.50000000002
2013-10-18,-2570.559999999971
2013-10-21,3789.4024999999974
2013-10-22,2024.9749999999826
2013-10-23,-6368.140000000068
2013-10-24,6239.015000000062
2013-10-25,-506.42750000004776
2013-10-28,7567.937500000077
2013-10-29,6034.667499999998
2013-10-30,-1690.2575000000152
2013-10-31,9800.209999999897
2013-11-01,-2158.919999999977
2013-11-04,11323.727500000014
2013-11-05,1221.1150000000523
2013-11-06,7896.39500000002
2013-11-07,-2735.9774999999754
2013-11-08,6968.6949999999215
2013-11-11,-3337.387499999993
2013-11-12,6073.417500000029
2013-11-13,16380.820000000085
2013-11-14,-754.2125000000148
2013-11-15,-1783.987500000007
2013-11-18,12794.469999999992
2013-11-19,-2282.7850000000235
2013-11-20,-3479.1400000000262
2013-11-21,13213.142500000042
2013-11-22,1873.3350000000125
2013-11-25,-5339.879999999927
2013-11-26,7924.767499999951
2013-11-27,103.26499999995764
2013-11-28,4732.187499999989
2013-11-29,-4420.349999999991
2013-12-02,5941.212500000023
2013-12-03,-4066.37999999993
2013-12-04,-4077.1975000000293
2013-12-05,8853.785000000003
2013-12-06,11203.479999999956
2013-12-09,12444.705000000044
2013-12-10,2870.6825000000385
2013-12-11,-12957.889999999963
2013-12-12,2181.70999999997
2013-12-13,3667.2875000000563
2013-12-16,-2209.0300000000575
2013-12-17,3069.252499999978
2013-12-18,24507.657500000023
2013-12-19,-7553.775000000086
2013-12-20,728.0750000000457
2013-12-23,1903.0249999999974
2013-12-24,2250.3900000000363
2013-12-25,214.83500000001408
2013-12-26,3661.3274999999244
2013-12-27,-154.81000000004758
2013-12-30,4478.540000000039
2013-12-31,-2076.2699999999977
2014-01-01,-36.45500000001108
2014-01-02,-18732.60749999994
2014-01-03,-20870.857500000035
2014-01-06,-5600.09249999994
2014-01-07,11878.514999999987
2014-01-08,10533.46249999993
2014-01-09,912.7475000000418
2014-01-10,-6025.2475000000295
2014-01-13,-5550.095000000027
2014-01-14,13421.610000000039
2014-01-15,-6280.935000000047
2014-01-16,-3873.4949999999894
2014-01-17,-100.45499999995779
2014-01-20,308.3049999999812
2014-01-21,1114.9375000000553
2014-01-22,9161.382499999992
2014-01-23,-7934.14999999997
2014-01-24,-17201.68750000009
2014-01-27,-6300.815000000049
2014-01-28,9337.014999999945
2014-01-29,3220.767500000013
2014-01-30,398.84250000008774
2014-01-31,-1129.8025000000418
2014-02-03,-21690.049999999927
2014-02-04,-3293.667499999989
2014-02-05,-3199.072500000036
2014-02-06,8804.049999999992
2014-02-07,19270.645000000055
2014-02-10,-5217.1000000000095
2014-02-11,12735.05750000003
2014-02-12,-3780.86749999996
2014-02-13,16631.080000000005
2014-02-14,-8583.595000000003
2014-02-17,1596.9349999999806
2014-02-18,12767.484999999899
2014-02-19,5131.895000000103
2014-02-20,669.3950000000222
2014-02-21,-991.7350000000372
2014-02-24,-2226.6624999999394
2014-02-25,3144.444999999949
2014-02-26,9090.977500000054
2014-02-27,6916.119999999982
2014-02-28,6363.954999999998
2014-03-03,-23575.867500000037
2014-03-04,4939.052500000144
2014-03-05,-6721.195000000062
2014-03-06,1248.727499999986
2014-03-07,4505.989999999993
2014-03-10,-6855.840000000071
2014-03-11,-16515.89500000001
2014-03-12,-11215.877499999955
2014-03-13,-8087.995000000015
2014-03-14,-3842.402499999994
2014-03-17,6963.280000000119
2014-03-18,10065.489999999985
2014-03-19,-12094.957499999995
2014-03-20,2054.2550000000733
2014-03-21,-5741.1399999999985
2014-03-24,-1892.7999999999604
2014-03-25,9579.979999999876
2014-03-26,594.812500000097
2014-03-27,2645.934999999967
2014-03-28,4094.6299999999496
2014-03-31,3862.7649999999494
2014-04-01,2079.93999999993
2014-04-02,-1869.3749999999477
2014-04-03,4901.312500000026
2014-04-04,-16670.78999999999
2014-04-07,-8407.042500000005
2014-04-08,8789.24499999994
2014-04-09,30053.54750000008
2014-04-10,-21696.48250000006
2014-04-11,-7115.185000000006
2014-04-14,4482.884999999981
2014-04-15,12673.745000000086
2014-04-16,13212.942499999956
2014-04-17,4720.639999999949
2014-04-21,8505.93750000003
2014-04-22,-3546.312499999968
2014-04-23,-3120.949999999975
2014-04-24,5307.674999999972
2014-04-25,-13552.217499999935
2014-04-28,838.4949999999822
2014-04-29,54.88000000003011
2014-04-30,3337.8425000000416
2014-05-01,3633.455000000021
2014-05-02,-8225.619999999966
2014-05-05,-13699.890000000116
2014-05-06,-5708.302500000026
2014-05-07,10033.679999999975
2014-05-08,-3479.7399999999525
2014-05-09,1165.2800000000548
2014-05-12,4568.865000000004
2014-05-13,9599.97749999997
2014-05-14,-1150.710000000159
2014-05-15,-5831.259999999946
2014-05-16,5715.530000000036
2014-05-19,4741.542499999988
2014-05-20,-4448.5400000000145
2014-05-21,16610.014999999992
2014-05-22,-3081.9825000000665
2014-05-23,10366.97250000013
2014-05-26,815.354999999985
2014-05-27,6309.685000000026
2014-05-28,7040.167500000023
2014-05-29,1730.8124999999739
2014-05-30,-2581.4800000000255
2014-06-02,-3971.2800000000043
2014-06-03,-10888.297499999988
2014-06-04,-3500.5775000000795
2014-06-05,13430.422500000095
2014-06-06,-3258.5025000000696
2014-06-09,-707.6675000000189
2014-06-10,-10743.1524999999
2014-06-11,-391.36499999997113
2014-06-12,7282.4499999999825
2014-06-13,379.41
2014-06-16,12274.655000000086
2014-06-17,-30223.957499999975
2014-06-18,26593.69500000001
2014-06-19,-1152.2224999999557
2014-06-20,7338.287500000003
2014-06-23,-3797.2649999999508
2014-06-24,4531.894999999915
2014-06-25,9776.164999999957
2014-06-26,4987.920000000018
2014-06-27,1930.6525000000563
2014-06-30,1596.2849999999748
2014-07-01,1621.6799999999919
2014-07-02,-17573.910000000054
2014-07-03,739.2299999998844
2014-07-04,-3432.884999999924
2014-07-07,-630.150000000079
2014-07-08,-4309.20249999996
2014-07-09,9956.48000000003
2014-07-10,-5645.27750000001
2014-07-11,16421.72999999994
2014-07-14,-4559.420000000067
2014-07-15,-294.2199999999705
2014-07-16,113.59499999998387
2014-07-17,-19458.822500000013
2014-07-18,15101.199999999955
2014-07-21,-8001.007500000058
2014-07-22,11095.375000000173
2014-07-23,4529.729999999857
2014-07-24,-9693.36749999991
2014-07-25,-7774.070000000005
2014-07-28,1201.9200000000067
2014-07-29,9010.265
2014-07-30,-28952.722500000007
2014-07-31,-18744.10000000002
2014-08-01,1368.4275000001091
2014-08-04,11156.002499999826
2014-08-05,-7115.569999999833
2014-08-06,-9899.380000000061
2014-08-07,-6183.867499999974
2014-08-08,3806.3450000001358
2014-08-11,4405.5624999998945
2014-08-12,628.5474999999672
2014-08-13,9978.837500000158
2014-08-14,14233.727499999852
2014-08-15,1847.2875000001427
2014-08-18,13800.432499999928
2014-08-19,-5406.719999999917
2014-08-20,-5856.22749999986
2014-08-21,9069.797499999951
2014-08-22,-122.49000000003028
2014-08-25,12038.132500000065
2014-08-26,13536.877500000044
2014-08-27,636.2949999998581
2014-08-28,2777.7699999999368
2014-08-29,12407.222500000009
2014-09-01,2727.242500000011
2014-09-02,-7996.519999999857
2014-09-03,16320.389999999916
2014-09-04,10204.870000000019
2014-09-05,1518.5375000000233
2014-09-08,-3684.482500000087
2014-09-09,-11061.94499999995
2014-09-10,11987.02000000001
2014-09-11,9595.175000000014
2014-09-12,-9582.442500000137
2014-09-15,4192.902500000055
2014-09-16,6918.132499999981
2014-09-17,3393.4724999999744
2014-09-18,9810.450000000108
2014-09-19,29553.55249999984
2014-09-22,5456.725000000065
2014-09-23,7052.4325
2014-09-24,-5851.145
2014-09-25,24507.6775
2014-09-26,5835.742500000057
2014-09-29,3229.1474999999746
2014-09-30,12332.61999999999
2014-10-01,732.6800000000279
2014-10-02,-11167.377500000066
2014-10-03,26985.17000000007
2014-10-06,-24671.597499999927
2014-10-07,-17964.764999999974
2014-10-08,24357.112500000025
2014-10-09,-10792.860000000004
2014-10-10,383.1774999999945
2014-10-13,-17906.204999999864
2014-10-14,7991.2424999999985
2014-10-15,-2893.664999999967
2014-10-16,-13012.169999999986
2014-10-17,11458.032499999952
2014-10-20,8988.522500000048
2014-10-21,-112.75250000009254
2014-10-22,4406.470000000015
2014-10-23,-4551.79
2014-10-24,8900.599999999988
2014-10-27,-8887.059999999843
2014-10-28,-1208.6900000000321
2014-10-29,-9868.082500000057
2014-10-30,20424.32500000002
2014-10-31,14278.750000000071
2014-11-03,16777.96499999997
2014-11-04,3088.210000000031
2014-11-05,17146.242500000008
2014-11-06,-524.6700000001173
2014-11-07,-1938.1250000000277
2014-11-10,301.62250000008004
2014-11-11,-7894.534999999997
2014-11-12,855.5999999999398
2014-11-13,-2155.2949999999737
2014-11-14,-959.3999999998895
2014-11-17,9055.887499999983
2014-11-18,6425.574999999937
2014-11-19,4321.157500000089
2014-11-20,-6559.205000000026
2014-11-21,7337.787500000024
2014-11-24,12976.849999999973
2014-11-25,-806.4775000000009
2014-11-26,4298.032500000058
2014-11-27,20803.945000000003
2014-11-28,12059.495000000008
2014-12-01,-42074.37750000006
2014-12-02,3018.7900000000436
2014-12-03,4201.972499999923
2014-12-04,-3139.5224999999373
2014-12-05,-22124.019999999957
2014-12-08,12065.954999999907
2014-12-09,-7265.17999999995
2014-12-10,-4713.620000000093
2014-12-11,2651.4350000000086
2014-12-12,3370.96000000009
2014-12-15,-12151.515000000061
2014-12-16,-2910.862499999988
2014-12-17,-4932.344999999977
2014-12-18,13844.249999999995
2014-12-19,10487.04749999999
2014-12-22,20683.25749999994
2014-12-23,-14303.872499999852
2014-12-24,13720.93749999989
2014-12-25,-1529.6299999999587
2014-12-26,-1072.3474999999748
2014-12-29,16324.987499999985
2014-12-30,-2871.637499999921
2014-12-31,4848.792499999994
2015-01-01,1910.2799999999756
2015-01-02,17813.48749999995
2015-01-05,-3992.3099999999113
2015-01-06,8513.827499999952
2015-01-07,12653.382500000012
2015-01-08,8383.05499999997
2015-01-09,-3455.327500000002
2015-01-12,12065.570000000027
2015-01-13,605.827500000029
2015-01-14,-13417.947500000046
2015-01-15,-52312.93999999997
2015-01-16,-8074.765000000037
2015-01-19,4564.322499999997
2015-01-20,1901.2924999999539
2015-01-21,-8147.677499999956
2015-01-22,17978.839999999967
2015-01-23,10466.384999999997
2015-01-26,-4603.425000000022
2015-01-27,-5322.62499999999
2015-01-28,5508.48499999998
2015-01-29,12016.300000000032
2015-01-30,-3637.157500000031
2015-02-02,-1127.8450000000284
2015-02-03,-20822.31749999996
2015-02-04,18356.532500000027
2015-02-05,-6447.847499999989
2015-02-06,-8753.702500000027
2015-02-09,-3213.210000000001
2015-02-10,10773.72
2015-02-11,2379.4224999999938
2015-02-12,-194.38250000002463
2015-02-13,-6471.622500000002
2015-02-16,-1669.5724999999704
2015-02-17,4258.344999999965
2015-02-18,11893.079999999969
2015-02-19,-10839.427499999982
2015-02-20,1292.707500000056
2015-02-23,6087.132499999993
2015-02-24,4961.807499999941
2015-02-25,-4908.059999999952
2015-02-26,4249.327499999949
2015-02-27,-1785.7849999999473
2015-03-02,9117.067500000014
2015-03-03,-8647.499999999982
2015-03-04,3467.1874999999773
2015-03-05,11283.12500000002
2015-03-06,-493.3300000000384
2015-03-09,7679.242500000052
2015-03-10,4329.079999999971
2015-03-11,5923.302499999989
2015-03-12,7685.734999999991
2015-03-13,6470.86999999999
2015-03-16,8307.687500000016
2015-03-17,5965.220000000056
2015-03-18,-6529.915000000069
2015-03-19,1926.9599999999864
2015-03-20,-12303.977499999995
2015-03-23,-7406.190000000017
2015-03-24,1655.8200000000013
2015-03-25,-15573.015000000009
2015-03-26,-4944.782499999954
2015-03-27,13645.697499999986
2015-03-30,8953.69749999998
2015-03-31,9098.674999999948
2015-04-01,-10840.052500000027
2015-04-02,-2901.094999999991
2015-04-03,-3667.769999999979
2015-04-06,-258.47500000005215
2015-04-07,3207.082499999992
2015-04-08,8783.072500000046
2015-04-09,6005.26999999999
2015-04-10,-4786.547499999972
2015-04-13,3114.107499999976
2015-04-14,-3941.5625000000236
2015-04-15,-557.7999999999658
2015-04-16,-6078.854999999991
2015-04-17,-11664.245000000015
2015-04-20,6214.685000000046
2015-04-21,5280.734999999952
2015-04-22,-737.0249999999564
2015-04-23,-9156.354999999996
2015-04-24,8416.444999999985
2015-04-27,-7495.339999999961
2015-04-28,-11926.907499999981
2015-04-29,-21596.26499999997
2015-04-30,-15336.075000000028
2015-05-01,-295.33500000001754
2015-05-04,1515.7800000000163
2015-05-05,-17970.704999999987
2015-05-06,-16956.080000000027
2015-05-07,20011.245000000035
2015-05-08,8209.06999999998
2015-05-11,-7465.904999999991
2015-05-12,-7458.737500000023
2015-05-13,-9282.764999999947
2015-05-14,2787.255
2015-05-15,5601.932500000013
2015-05-18,-3234.864999999977
2015-05-19,20366.28499999993
2015-05-20,7233.510000000048
2015-05-21,-3369.3700000000126
2015-05-22,6023.805000000023
2015-05-25,1955.4499999999437
2015-05-26,20357.250000000033
2015-05-27,17360.65250000003
2015-05-28,1622.674999999958
2015-05-29,-3240.2649999999603
2015-06-01,-4009.9300000000376
2015-06-02,-25744.11499999997
2015-06-03,953.735000000005
2015-06-04,6697.345000000017
2015-06-05,-10240.567499999961
2015-06-08,-6157.062500000027
2015-06-09,-14436.819999999974
2015-06-10,2069.77
2015-06-11,18706.279999999944
2015-06-12,-2569.5249999999705
2015-06-15,2405.9050000000257
2015-06-16,9509.470000000023
2015-06-17,-6173.940000000036
2015-06-18,2845.9250000000284
2015-06-19,6017.064999999979
2015-06-22,-3461.9699999999943
2015-06-23,-4299.340000000012
2015-06-24,3389.115000000022
2015-06-25,-10555.099999999999
2015-06-26,-10185.229999999987
2015-06-29,2336.289999999984
2015-06-30,-14596.949999999924
2015-07-01,7329.092499999957
2015-07-02,2352.9975000000113
2015-07-03,5750.607500000016
2015-07-06,13335.719999999976
2015-07-07,21430.875000000022
2015-07-08,-7788.600000000035
2015-07-09,-13306.337499999945
2015-07-10,-2718.7350000000342
2015-07-13,6803.82999999997
2015-07-14,4537.817500000075
2015-07-15,18275.474999999904
2015-07-16,7107.612500000038
2015-07-17,7898.152499999937
2015-07-20,10107.677500000005
2015-07-21,-7090.40000000002
2015-07-22,8829.747500000009
2015-07-23,6512.0650000000305
2015-07-24,1293.3024999999298
2015-07-27,4264.132500000173
2015-07-28,-11482.805000000006
2015-07-29,2519.3124999999577
2015-07-30,7637.195000000027
2015-07-31,10541.604999999969
2015-08-03,7311.607500000042
2015-08-04,-10754.885000000011
2015-08-05,545.0325000000249
2015-08-06,-1513.7274999999431
2015-08-07,-45.64500000001527
2015-08-10,-21668.70500000006
2015-08-11,16406.53500000001
2015-08-12,-4026.5575000000126
2015-08-13,1172.2349999999499
2015-08-14,4360.1375000000235
2015-08-17,11465.577500000023
2015-08-18,-306.6899999999814
2015-08-19,-3961.0350000000376
2015-08-20,-28913.279999999955
2015-08-21,-17580.800000000057
2015-08-24,-23430.335000000032
2015-08-25,-4791.83499999994
2015-08-26,-961.52500000004
2015-08-27,-10681.477500000014
2015-08-28,-10314.372499999992
2015-08-31,-14094.839999999986
2015-09-01,11150.025000000001
2015-09-02,1658.1050000000123
2015-09-03,2539.909999999955
2015-09-04,4558.149999999978
2015-09-07,5.930000000020058
2015-09-08,-19608.862499999992
2015-09-09,9524.77749999998
2015-09-10,-6837.794999999998
2015-09-11,5249.66499999994
2015-09-14,-4115.3699999999835
2015-09-15,-7628.399999999966
2015-09-16,-9208.967499999952
2015-09-17,11719.529999999946
2015-09-18,13071.864999999996
2015-09-21,-6119.967500000005
2015-09-22,14670.352500000057
2015-09-23,2298.979999999973
2015-09-24,-6444.347499999963
2015-09-25,-2194.597500000042
2015-09-28,7741.475000000012
2015-09-29,4439.695000000048
2015-09-30,4982.374999999936
2015-10-01,7892.522500000001
2015-10-02,-1813.062500000035
2015-10-05,-429.7899999999868
2015-10-06,-15976.442499999926
2015-10-07,312.34499999993574
2015-10-08,-5192.679999999909
2015-10-09,-7647.437500000047
2015-10-12,5120.2675000000245
2015-10-13,-1153.809999999955
2015-10-14,-10414.005
2015-10-15,4698.495000000011
2015-10-16,2083.627499999978
2015-10-19,9766.620000000012
2015-10-20,-14625.80750000011
2015-10-21,8434.40250000001
2015-10-22,21065.060000000114
2015-10-23,12343.544999999927
2015-10-26,7717.184999999963
2015-10-27,5178.394999999997
2015-10-28,-7355.059999999984
2015-10-29,-1810.1874999999338
2015-10-30,-8543.639999999996
2015-11-02,7911.395000000002
2015-11-03,-5061.594999999981
2015-11-04,4868.532500000028
2015-11-05,12595.732499999944
2015-11-06,9392.46750000004
2015-11-09,5155.297499999943
2015-11-10,10779.042500000029
2015-11-11,-4366.659999999978
2015-11-12,-2168.7850000000108
2015-11-13,6597.405000000011
2015-11-16,14162.21000000001
2015-11-17,3873.669999999958
2015-11-18,2230.314999999984
2015-11-19,-6590.517500000028
2015-11-20,13064.907500000023
2015-11-23,1196.1400000000165
2015-11-24,-3132.615000000024
2015-11-25,2127.5125000000066
2015-11-26,3140.6449999999827
2015-11-27,11634.27250000004
2015-11-30,-1070.3099999999802
2015-12-01,721.789999999971
2015-12-02,11119.457500000024
2015-12-03,-48578.96500000002
2015-12-04,8580.549999999974
2015-12-07,32885.475000000006
2015-12-08,-2585.930000000008
2015-12-09,-10608.697500000013
2015-12-10,580.6099999999636
2015-12-11,12789.810000000063
2015-12-14,-4111.200000000019
2015-12-15,832.7025000000033
2015-12-16,2848.787499999996
2015-12-17,9763.102499999974
2015-12-18,-17260.109999999975
2015-12-21,-6920.520000000012
2015-12-22,-4173.309999999968
2015-12-23,-8822.925000000023
2015-12-24,-2950.1499999999987
2015-12-28,4187.1825000000235
2015-12-29,-4300.527500000021
2015-12-30,2209.680000000009
2015-12-31,19.18500000000728
2016-01-04,-227.42999999999174
2016-01-05,-1727.8099999999858
2016-01-06,1073.695000000025
2016-01-07,-10564.15750000006
2016-01-08,-1518.515000000006
2016-01-11,20349.56500000001
2016-01-12,2511.8599999999396
2016-01-13,5691.895000000007
2016-01-14,6630.139999999888
2016-01-15,22308.757500000083
2016-01-18,4151.194999999925
2016-01-19,-4448.412499999946
2016-01-20,3398.187499999963
2016-01-21,-9565.170000000056
2016-01-22,-16919.175000000007
2016-01-25,12369.060000000069
2016-01-26,-8096.459999999993
2016-01-27,-7173.940000000016
2016-01-28,1220.0374999999833
2016-01-29,8812.85
2016-02-01,-414.6899999999338
2016-02-02,19468.832499999986
2016-02-03,-31452.464999999982
2016-02-04,-2667.67999999996
2016-02-05,6069.1200000000035
2016-02-08,14325.304999999971
2016-02-09,4858.542500000009
2016-02-10,6246.015
2016-02-11,-8040.295000000054
2016-02-12,-16829.809999999947
2016-02-15,-265.90000000002
2016-02-16,7878.697499999995
2016-02-17,-15731.759999999977
2016-02-18,15149.274999999958
2016-02-19,-2300.129999999999
2016-02-22,3548.8274999999976
2016-02-23,17066.14499999998
2016-02-24,-4435.397500000015
2016-02-25,2553.052500000108
2016-02-26,2751.614999999936
2016-02-29,-250.502499999998
2016-03-01,-9844.28499999997
2016-03-02,-7108.125000000014
2016-03-03,-4865.880000000012
2016-03-04,-22010.399999999972
2016-03-07,-14272.320000000018
2016-03-08,12205.920000000006
2016-03-09,-12340.195000000005
2016-03-10,-13566.427500000005
2016-03-11,-10132.957499999955
2016-03-14,2412.81999999999
2016-03-15,4551.5675000000065
2016-03-16,2809.244999999961
2016-03-17,-10412.462500000012
2016-03-18,7941.462499999999
2016-03-21,-4563.857499999984
2016-03-22,-4656.622500000019
2016-03-23,21223.86250000005
2016-03-24,-2282.265000000016
2016-03-28,-2163.0599999999977
2016-03-29,8969.222499999989
2016-03-30,13446.897499999972
2016-03-31,6128.614999999971
2016-04-01,9031.56000000007
2016-04-04,3236.34
2016-04-05,487.1025000000021
2016-04-06,578.6550000000163
2016-04-07,4493.2724999999755
2016-04-08,-11410.772499999997
2016-04-11,-1857.6650000000027
2016-04-12,-16961.03250000001
2016-04-13,-6882.092499999973
2016-04-14,2170.59999999999
2016-04-15,6936.182499999974
2016-04-18,-6437.295000000023
2016-04-19,-16416.965000000015
2016-04-20,-15675.245000000019
2016-04-21,2868.7999999999984
2016-04-22,1911.2649999999994
2016-04-25,-2928.7725000000246
2016-04-26,-12748.024999999967
2016-04-27,9241.72999999999
2016-04-28,-5776.049999999992
2016-04-29,-12196.03000000002
2016-05-02,5389.34000000001
2016-05-03,19761.074999999986
2016-05-04,5502.3950000000395
2016-05-05,8938.249999999958
2016-05-06,1215.9249999999843
2016-05-09,15703.190000000048
2016-05-10,-5995.9125000000195
2016-05-11,-10173.414999999994
2016-05-12,-3552.6149999999807
2016-05-13,4079.8950000000077
2016-05-16,-12421.925000000025
2016-05-17,-7994.960000000005
2016-05-18,-4608.224999999953
2016-05-19,6972.712499999969
2016-05-20,2979.6650000000377
2016-05-23,-1106.4775000000304
2016-05-24,-3735.834999999989
2016-05-25,-3390.4850000000015
2016-05-26,2397.995000000042
2016-05-27,219.45999999997025
2016-05-30,-197.01000000001898
2016-05-31,7525.4900000000025
2016-06-01,-3307.6450000000473
2016-06-02,11085.632500000005
2016-06-03,-909.6349999999293
2016-06-06,-3690.565000000034
2016-06-07,-2087.8750000000005
2016-06-08,-7252.050000000062
2016-06-09,5607.155000000065
2016-06-10,12873.214999999956
2016-06-13,-2060.860000000005
2016-06-14,5706.9150000000245
2016-06-15,2646.107499999929
2016-06-16,2756.537500000008
2016-06-17,-12985.539999999974
2016-06-20,-11608.95500000002
2016-06-21,-6645.16500000001
2016-06-22,4389.515000000015
2016-06-23,1688.757499999995
2016-06-24,8947.6725
2016-06-27,8689.972500000007
2016-06-28,-11294.34250000004
2016-06-29,-7984.357500000029
2016-06-30,11800.757500000045
2016-07-01,1649.55500000001
2016-07-04,1836.6624999999801
2016-07-05,14773.034999999998
2016-07-06,-201.08499999993387
2016-07-07,8258.002499999971
2016-07-08,3279.8474999999958
2016-07-11,-766.2600000000397
2016-07-12,-10503.767499999978
2016-07-13,2544.955000000048
2016-07-14,-6731.140000000062
2016-07-15,-4993.607500000034
2016-07-18,2015.840000000065
2016-07-19,1890.879999999931
2016-07-20,-3374.599999999958
2016-07-21,1562.4900000000305
2016-07-22,73.13249999997592
2016-07-25,389.9600000000255
2016-07-26,7444.209999999992
2016-07-27,5746.079999999987
2016-07-28,2415.9399999999932
2016-07-29,4835.379999999994
2016-08-01,-156.50000000001108
2016-08-02,-3946.122499999943
2016-08-03,-5480.622499999996
2016-08-04,8557.229999999974
2016-08-05,-1755.7699999999852
2016-08-08,-192.48000000000036
2016-08-09,5122.62500000005
2016-08-10,1221.9124999999528
2016-08-11,-8659.999999999998
2016-08-12,1417.7000000000025
2016-08-15,-3253.705000000021
2016-08-16,-12755.385
2016-08-17,1121.2749999999683
2016-08-18,-8205.864999999929
2016-08-19,-3448.145000000035
2016-08-22,6927.024999999983
2016-08-23,1706.2874999999935
2016-08-24,72.43750000003693
2016-08-25,-1787.3874999999612
2016-08-26,2530.410000000004
2016-08-29,14311.769999999975
2016-08-30,973.3749999999951
2016-08-31,1122.6025000000009
2016-09-01,2692.5100000000507
2016-09-02,1616.6324999999665
2016-09-05,-2382.457499999978
2016-09-06,11688.802499999976
2016-09-07,-8062.032500000027
2016-09-08,-17180.457500000008
2016-09-09,-21249.5025
2016-09-12,7398.109999999978
2016-09-13,-4410.0049999999455
2016-09-14,-3015.3650000000357
2016-09-15,8381.759999999984
2016-09-16,20.825000000028467
2016-09-19,-1773.6000000000076
2016-09-20,-1522.0499999999515
2016-09-21,6344.04499999998
2016-09-22,3561.8699999999767
2016-09-23,1992.249999999926
2016-09-26,-1100.1424999999624
2016-09-27,10019.212500000056
2016-09-28,-8009.352500000003
2016-09-29,244.56249999992494
2016-09-30,-2651.1974999999343
2016-10-03,-1869.9850000000617
2016-10-04,-6356.174999999978
2016-10-05,-4912.91999999998
2016-10-06,7340.589999999958
2016-10-07,-1830.6799999999996
2016-10-10,-3408.8775000000287
2016-10-11,-802.7024999999978
2016-10-12,10279.8225
2016-10-13,-8594.02999999995
2016-10-14,4289.87749999996
2016-10-17,1101.807499999928
2016-10-18,6439.920000000038
2016-10-19,1191.1699999999555
2016-10-20,1042.315000000049
2016-10-21,-220.22750000002333
2016-10-24,-1022.3749999999753
2016-10-25,-227.9600000000584
2016-10-26,-9421.835000000061
2016-10-27,-16334.067499999877
2016-10-28,-5133.290000000022
2016-10-31,3916.9800000000228
2016-11-01,3271.55499999995
2016-11-02,2799.725000000008
2016-11-03,-1183.8500000000122
2016-11-04,6628.837500000019
2016-11-07,7705.837500000017
2016-11-08,-3147.6225000000027
2016-11-09,-18323.070000000025
2016-11-10,-11035.194999999983
2016-11-11,-65.17999999999927
2016-11-14,-11866.98749999998
2016-11-15,-7321.074999999981
2016-11-16,-3717.63499999999
2016-11-17,-7542.6750000000475
2016-11-18,-10725.01249999999
2016-11-21,-10337.24500000001
2016-11-22,4701.990000000051
2016-11-23,-5299.350000000012
2016-11-24,-1410.0650000000078
2016-11-25,5172.612500000017
2016-11-28,-1429.5775000000685
2016-11-29,12795.417500000045
2016-11-30,-20429.760000000002
2016-12-01,-3967.19500000004
2016-12-02,-2123.842499999975
2016-12-05,-5529.64500000003
2016-12-06,572.2424999999644
2016-12-07,10638.385000000051
2016-12-08,2652.0825000000023
2016-12-09,-2203.769999999975
2016-12-12,-9327.80750000002
2016-12-13,4403.597499999951
2016-12-14,-7250.692499999951
2016-12-15,7243.0474999999615
2016-12-16,-7763.185000000056
2016-12-19,5333.970000000114
2016-12-20,4974.975000000007
2016-12-21,-1104.2649999999946
2016-12-22,-69.31499999997476
2016-12-23,835.2374999999865
2016-12-26,577.7625000000269
2016-12-27,-6410.597500000003
2016-12-28,-2153.047500000039
2016-12-29,-8710.474999999964
2016-12-30,-7112.499999999988
2017-01-02,5427.594999999979
2017-01-03,3292.7124999999974
2017-01-04,-6962.997499999964
2017-01-05,-17360.09250000002
2017-01-06,16033.742500000004
2017-01-09,-3155.742499999988
2017-01-10,2717.897499999887
2017-01-11,3305.5500000000766
2017-01-12,-2988.530000000012
2017-01-13,2987.4999999999673
2017-01-16,2233.6824999999803
2017-01-17,-16320.429999999951
2017-01-18,10057.829999999978
2017-01-19,-89.60250000001113
2017-01-20,-4147.77000000002
2017-01-23,-5532.194999999958
2017-01-24,11410.73499999998
2017-01-25,1291.0900000000331
2017-01-26,4258.589999999973
2017-01-27,692.2050000000669
2017-01-30,-7282.500000000025
2017-01-31,-15139.222499999993
2017-02-01,-3786.4099999999835
2017-02-02,3322.382499999908
2017-02-03,8513.235000000052
2017-02-06,-3053.2600000000584
2017-02-07,499.9749999999905
2017-02-08,-109.53500000000102
2017-02-09,14217.719999999988
2017-02-10,619.484999999993
2017-02-13,9987.990000000053
2017-02-14,5815.48999999998
2017-02-15,4706.495000000036
2017-02-16,-6258.750000000061
2017-02-17,8515.490000000033
2017-02-20,2704.23999999998
2017-02-21,9343.234999999939
2017-02-22,4725.979999999999
2017-02-23,-4821.814999999981
2017-02-24,639.9674999999845
2017-02-27,3611.0150000000604
2017-02-28,-7046.452499999971
2017-03-01,12267.780000000026
2017-03-02,-559.4325000000157
2017-03-03,-5223.5125000000835
2017-03-06,3369.612500000154
2017-03-07,840.8624999999231
2017-03-08,7218.234999999982
2017-03-09,5305.49000000005
2017-03-10,-4738.710000000062
2017-03-13,1006.0450000000477
2017-03-14,-81.179999999957
2017-03-15,-14939.25000000012
2017-03-16,-8702.424999999997
2017-03-17,-121.3099999999547
2017-03-20,3599.7099999999828
2017-03-21,-29459.235000000015
2017-03-22,5935.440000000015
2017-03-23,-4180.5650000000205
2017-03-24,2312.670000000009
2017-03-27,-8026.232500000034
2017-03-28,15130.397500000121
2017-03-29,940.4399999998611
2017-03-30,7281.952500000075
2017-03-31,-10170.767500000076
2017-04-03,-2020.5475000000429
2017-04-04,4908.0700000001025
2017-04-05,-8639.424999999941
2017-04-06,9664.544999999905
2017-04-07,9413.137500000059
2017-04-10,-9552.725000000022
2017-04-11,-12585.890000000029
2017-04-12,-19944.045000000013
2017-04-13,-852.2324999999581
2017-04-17,10776.322500000042
2017-04-18,-7642.315000000125
2017-04-19,11043.2500000001
2017-04-20,25129.104999999978
2017-04-21,350.124999999911
2017-04-24,5176.5000000000355
2017-04-25,5706.810000000037
2017-04-26,11710.220000000008
2017-04-27,4010.205000000029
2017-04-28,5609.704999999923
2017-05-01,-5091.670000000022
2017-05-02,4167.990000000076
2017-05-03,15135.58
2017-05-04,17693.19000000007
2017-05-05,-13236.515000000161
2017-05-08,10523.840000000082
2017-05-09,4498.070000000103
2017-05-10,-7196.975000000005
2017-05-11,-8116.570000000002
2017-05-12,-8679.265000000041
2017-05-15,-7607.667499999981
2017-05-16,-17139.174999999967
2017-05-17,-29795.955000000024
2017-05-18,6893.650000000101
2017-05-19,-14122.18
2017-05-22,-1361.2900000000468
2017-05-23,9769.614999999942
2017-05-24,-4701.800000000042
2017-05-25,20908.172500000037
2017-05-26,-11309.064999999971
2017-05-29,6370.290000000093
2017-05-30,5343.724999999918
2017-05-31,-984.6450000000253
2017-06-01,20647.455000000125
2017-06-02,-9783.880000000174
2017-06-05,6800.08500000012
2017-06-06,-19798.110000000044
2017-06-07,11600.18500000014
2017-06-08,9641.834999999908
2017-06-09,2238.144999999906
2017-06-12,5265.865000000102
2017-06-13,-6343.2049999999845
2017-06-14,5021.489999999954
2017-06-15,6247.144999999926
2017-06-16,-7563.21499999991
2017-06-19,18380.940000000042
2017-06-20,3968.4449999999065
2017-06-21,2061.350000000085
2017-06-22,-481.91250000001685
2017-06-23,-4336.842499999897
2017-06-26,9815.064999999935
2017-06-27,-24095.339999999997
2017-06-28,-3277.1974999999024
2017-06-29,-12577.982499999962
2017-06-30,-22358.43500000012
2017-07-03,-1663.7199999999225
2017-07-04,-7009.917500000005
2017-07-05,5129.855000000043
2017-07-06,-4723.5575000000335
2017-07-07,12059.595000000023
2017-07-10,-10086.594999999961
2017-07-11,-2013.055000000105
2017-07-12,7942.565000000024
2017-07-13,11534.504999999992
2017-07-14,-11957.174999999994
2017-07-17,3577.750000000019
2017-07-18,-6832.975000000027
2017-07-19,6596.120000000081
2017-07-20,-6835.405000000061
2017-07-21,-8502.720000000056
2017-07-24,1812.0025000000326
2017-07-25,17186.979999999996
2017-07-26,-7343.897500000028
2017-07-27,1668.1700000000164
2017-07-28,-5118.855000000036
2017-07-31,3798.6950000000224
2017-08-01,6494.26000000002
2017-08-02,7020.060000000073
2017-08-03,-4522.285000000104
2017-08-04,11546.64500000006
2017-08-07,-1676.5749999999632
2017-08-08,-10711.65000000003
2017-08-09,-15318.329999999987
2017-08-10,-14615.342499999919
2017-08-11,2293.1074999999146
2017-08-14,18554.01500000001
2017-08-15,15468.135000000031
2017-08-16,-2497.6050000000105
2017-08-17,-19275.405000000042
2017-08-18,-6743.814999999943
2017-08-21,-219.80499999999034
2017-08-22,14531.03499999999
2017-08-23,-7179.035000000076
2017-08-24,9681.050000000041
2017-08-25,-9534.74999999995
2017-08-28,-13305.240000000018
2017-08-29,17513.559999999976
2017-08-30,7425.179999999964
2017-08-31,2427.3050000000417
2017-09-01,-2465.560000000125
2017-09-04,-9713.919999999936
2017-09-05,-14864.879999999943
2017-09-06,182.53500000002924
2017-09-07,-2286.9849999999624
2017-09-08,5436.454999999992
2017-09-11,11498.685000000014
2017-09-12,1707.5099999999666
2017-09-13,-4404.929999999933
2017-09-14,-8560.600000000042
2017-09-15,17524.600000000064
2017-09-18,5781.114999999958
2017-09-19,2882.640000000013
2017-09-20,4813.674999999998
2017-09-21,-1991.4449999999738
2017-09-22,-3577.5349999999853
2017-09-25,-4325.829999999984
2017-09-26,2965.0425000000173
2017-09-27,-5447.287500000036
2017-09-28,5034.315000000054
2017-09-29,-838.9449999999875
2017-10-02,15615.97500000009
2017-10-03,3550.284999999932
2017-10-04,5928.760000000018
2017-10-05,-2175.0299999999816
2017-10-06,-6392.390000000017
2017-10-09,422.8450000000825
2017-10-10,-4734.034999999983
2017-10-11,3928.229999999953
2017-10-12,-11173.162500000008
2017-10-13,-8222.824999999999
2017-10-16,7909.477499999983
2017-10-17,5488.365000000033
2017-10-18,9543.819999999985
2017-10-19,-7828.36499999998
2017-10-20,14224.49999999994
2017-10-23,-11197.154999999997
2017-10-24,8930.845000000074
2017-10-25,-4226.834999999949
2017-10-26,13463.679999999997
2017-10-27,9645.080000000018
2017-10-30,-2695.869999999981
2017-10-31,11300.399999999934
2017-11-01,-2137.804999999966
2017-11-02,-2099.1050000000314
2017-11-03,3158.6300000000074
2017-11-06,-941.649999999939
2017-11-07,-1239.660000000005
2017-11-08,909.4650000000335
2017-11-09,-5776.569999999992
2017-11-10,-10652.907499999992
2017-11-13,1468.9649999999729
2017-11-14,4788.9225
2017-11-15,4945.077500000011
2017-11-16,1409.0700000000081
2017-11-17,-11025.104999999987
2017-11-20,3975.2449999999512
2017-11-21,2516.4175000000446
2017-11-22,8778.147500000017
2017-11-23,3312.8375000000055
2017-11-24,5560.467500000007
2017-11-27,-942.7774999999682
2017-11-28,-331.1174999999778
2017-11-29,-16149.750000000022
2017-11-30,40.35000000001297
2017-12-01,2153.0325000000157
2017-12-04,5170.187499999966
2017-12-05,4265.042499999992
2017-12-06,7811.332500000075
2017-12-07,-703.140000000017
2017-12-08,-713.7500000000114
2017-12-11,2729.3200000000256
2017-12-12,6210.60500000004
2017-12-13,10904.594999999968
2017-12-14,2443.7624999999744
2017-12-15,-1312.604999999973
2017-12-18,-10884.975000000031
2017-12-19,-10821.857499999973
2017-12-20,-12958.164999999994
2017-12-21,1123.3849999999907
2017-12-22,-3291.080000000017
2017-12-25,-1201.0800000000345
2017-12-26,-1278.7549999999928
2017-12-27,1467.0675000000447
2017-12-28,634.1974999999757
2017-12-29,4821.635000000038
2018-01-01,2928.522499999983
2018-01-02,-5982.37500000005
2018-01-03,215.09249999997954
2018-01-04,2207.447499999981
2018-01-05,117.96750000005339
2018-01-08,4688.43999999997
2018-01-09,-2644.3300000000104
2018-01-10,1269.2600000000064
2018-01-11,3248.647500000016
2018-01-12,7973.705000000005
2018-01-15,4980.469999999961
2018-01-16,-7122.672500000012
2018-01-17,-8090.62250000003
2018-01-18,-6810.554999999982
2018-01-19,-6854.500000000016
2018-01-22,-1589.8249999999732
2018-01-23,6988.385000000003
2018-01-24,-13722.915000000055
2018-01-25,-1329.7949999999566
2018-01-26,6718.70999999995
2018-01-29,-8616.544999999975
2018-01-30,-22062.629999999965
2018-01-31,3541.4049999999993
2018-02-01,11905.825000000044
2018-02-02,-2272.205000000033
2018-02-05,-10557.720000000038
2018-02-06,-8677.519999999982
2018-02-07,-11722.719999999976
2018-02-08,-7975.095000000009
2018-02-09,-1065.274999999995
2018-02-12,-13000.920000000007
2018-02-13,-2205.0399999999845
2018-02-14,5496.900000000035
2018-02-15,1914.8599999999742
2018-02-16,9210.079999999974
2018-02-19,1579.565000000033
2018-02-20,-1949.8400000000665
2018-02-21,-10101.83000000002
2018-02-22,-851.3549999999879
2018-02-23,1030.1099999999874
2018-02-26,-3895.100000000009
2018-02-27,-7032.23999999999
2018-02-28,-9910.640000000025
2018-03-01,-12840.05000000001
2018-03-02,-719.2349999999809
2018-03-05,-2685.814999999986
2018-03-06,-2453.01500000005
2018-03-07,7395.710000000039
2018-03-08,-6489.265000000015
2018-03-09,15067.74500000001
2018-03-12,-6816.520000000008
2018-03-13,-2354.7550000000074
2018-03-14,10720.245000000026
2018-03-15,5812.745000000014
2018-03-16,3227.499999999991
2018-03-19,20005.97999999999
2018-03-20,360.2449999999885
2018-03-21,-3513.5049999999783
2018-03-22,6576.934999999989
2018-03-23,4226.469999999998
2018-03-26,394.19000000002706
2018-03-27,-708.420000000055
2018-03-28,-2974.4499999999543
2018-03-29,-16670.95000000003
2018-04-02,-2628.4399999999923
2018-04-03,2881.507500000045
2018-04-04,6985.439999999967
2018-04-05,-15054.932499999968
2018-04-06,-4230.865000000011
2018-04-09,-3840.150000000015
2018-04-10,7256.995000000056
2018-04-11,4257.820000000011
2018-04-12,-2608.464999999987
2018-04-13,2544.272499999986
2018-04-16,162.98499999996736
2018-04-17,-6350.167499999972
2018-04-18,-2970.427499999969
2018-04-19,492.8450000000174
2018-04-20,13.065000000012162
2018-04-23,607.3499999999569
2018-04-24,-6590.310000000015
2018-04-25,-4538.9100000000435
2018-04-26,5986.312500000062
2018-04-27,-4093.035000000026
2018-04-30,-3927.4050000000593
2018-05-01,-12480.669999999995
2018-05-02,4742.950000000134
2018-05-03,2312.949999999933
2018-05-04,11446.314999999975
2018-05-07,6899.364999999948
2018-05-08,-9494.059999999978
2018-05-09,9484.960000000057
2018-05-10,-2758.185000000064
2018-05-11,8331.380000000006
2018-05-14,3927.0600000000513
2018-05-15,-2621.6400000000604
2018-05-16,14638.29000000002
2018-05-17,572.7700000000805
2018-05-18,-13063.965
2018-05-21,3345.984999999935
2018-05-22,-13215.969999999925
2018-05-23,-7656.605000000115
2018-05-24,-10402.519999999993
2018-05-25,-16963.934999999932
2018-05-28,-339.6650000001365
2018-05-29,-1164.6249999999459
2018-05-30,9566.910000000085
2018-05-31,-7958.0200000000095
2018-06-01,-2412.7300000000832
2018-06-04,8317.150000000096
2018-06-05,-9815.66500000004
2018-06-06,-3936.1000000000126
2018-06-07,-1070.8750000000323
2018-06-08,-1759.1649999999806
2018-06-11,16278.299999999952
2018-06-12,-11489.43
2018-06-13,11901.825000000024
2018-06-14,19369.780000000028
2018-06-15,-11419.27999999997
2018-06-18,6257.874999999878
2018-06-19,8721.089999999995
2018-06-20,1520.0200000000173
2018-06-21,-10057.980000000029
2018-06-22,3636.3950000000095
2018-06-25,10084.900000000001
2018-06-26,12867.620000000034
2018-06-27,3739.4299999999976
2018-06-28,5246.335000000016
2018-06-29,-18236.10500000013
2018-07-02,15865.18000000014
2018-07-03,-8511.810000000027
2018-07-04,304.944999999988
2018-07-05,-635.2599999999846
2018-07-06,-24537.020000000022
2018-07-09,16262.099999999997
2018-07-10,18680.11000000003
2018-07-11,22080.499999999865
2018-07-12,-1158.4649999999351
2018-07-13,4032.71249999997
2018-07-16,-17395.977499999917
2018-07-17,16819.252499999977
2018-07-18,-3283.4850000000447
2018-07-19,7177.897500000018
2018-07-20,-30158.602500000023
2018-07-23,9974.740000000073
2018-07-24,-1833.5999999999933
2018-07-25,-25996.485000000008
2018-07-26,25521.98249999988
2018-07-27,-6702.814999999812
2018-07-30,-8604.550000000134
2018-07-31,-9523.205000000044
2018-08-01,9468.445000000109
2018-08-02,8857.064999999995
2018-08-03,-15924.734999999982
2018-08-06,9567.675000000156
2018-08-07,-3928.4800000000114
2018-08-08,-19747.405000000042
2018-08-09,11169.665000000006
2018-08-10,30261.40500000007
2018-08-13,9232.524999999812
2018-08-14,3467.8000000001216
2018-08-15,15971.899999999909
2018-08-16,-2311.174999999849
2018-08-17,-21554.090000000146
2018-08-20,-9345.695
2018-08-21,-10238.40499999997
2018-08-22,15756.889999999983
2018-08-23,28207.319999999967
2018-08-24,-23462.72499999991
2018-08-27,-8549.430000000042
2018-08-28,2939.1149999999934
2018-08-29,-4729.729999999959
2018-08-30,11365.519999999955
2018-08-31,-1276.0100000001007
2018-09-03,11328.135000000028
2018-09-04,11309.079999999996
2018-09-05,-11442.62999999997
2018-09-06,-14328.60999999995
2018-09-07,13721.219999999936
2018-09-10,-8174.375000000046
2018-09-11,12136.785000000022
2018-09-12,-10950.92999999994
2018-09-13,-5178.474999999951
2018-09-14,11122.229999999887
2018-09-17,-9054.149999999834
2018-09-18,-7601.695000000007
2018-09-19,-2583.924999999875
2018-09-20,-25936.7150000001
2018-09-21,3971.1649999999117
2018-09-24,13913.500000000073
2018-09-25,-4753.204999999947
2018-09-26,-1906.795000000082
2018-09-27,26642.735000000008
2018-09-28,-2702.3150000000514
2018-10-01,5816.312500000015
2018-10-02,-15371.074999999963
2018-10-03,29794.45749999996
2018-10-04,-5991.2299999998795
2018-10-05,-8732.425000000161
2018-10-08,5373.590000000015
2018-10-09,-4760.750000000085
2018-10-10,-10980.17999999985
2018-10-11,-24747.5975
2018-10-12,1132.1474999999455
2018-10-15,-20369.904999999904
2018-10-16,10401.549999999968
2018-10-17,8207.185000000021
2018-10-18,10205.332499999931
2018-10-19,2194.570000000147
2018-10-22,3761.91999999993
2018-10-23,-10916.36499999999
2018-10-24,158.81499999993838
2018-10-25,15322.065000000037
2018-10-26,-13131.105000000021
2018-10-29,14688.862500000123
2018-10-30,19960.267499999845
2018-10-31,10649.415000000028
2018-11-01,-37503.909999999974
2018-11-02,-5675.369999999964
2018-11-05,6158.359999999967
2018-11-06,3864.88999999991
2018-11-07,1259.644999999949
2018-11-08,3570.765000000161
2018-11-09,16223.214999999867
2018-11-12,12757.975000000026
2018-11-13,-11246.735
2018-11-14,243.1900000000308
2018-11-15,-10810.530000000088
2018-11-16,-24544.919999999882
2018-11-19,-1916.4150000000177
2018-11-20,19064.979999999898
2018-11-21,-11581.47499999995
2018-11-22,-2570.7000000000226
2018-11-23,14970.855000000009
2018-11-26,8816.664999999972
2018-11-27,4748.520000000057
2018-11-28,-25789.554999999917
2018-11-29,-3379.7550000001247
2018-11-30,2754.8075000000536
2018-12-03,-10824.770000000077
2018-12-04,-7927.7900000000145
2018-12-05,6147.515000000119
2018-12-06,-5312.0850000001665
2018-12-07,-6080.292499999823
2018-12-10,14801.520000000004
2018-12-11,4740.979999999829
2018-12-12,-12155.269999999922
2018-12-13,5451.602499999994
2018-12-14,16410.7575
2018-12-17,-4122.055000000047
2018-12-18,6103.319999999898
2018-12-19,11904.540000000121
2018-12-20,-3429.070000000058
2018-12-21,24236.30250000007
2018-12-24,-12668.570000000087
2018-12-25,1810.922500000012
2018-12-26,-16715.05749999997
2018-12-27,-13292.355000000001
2018-12-28,-16858.90999999995
2018-12-31,-14846.299999999936
2019-01-01,620.3624999998606
2019-01-02,9440.667500000038
2019-01-03,-17265.390000000007
2019-01-04,-35364.32500000002
2019-01-07,-17971.715000000044
2019-01-08,-3283.5649999999864
2019-01-09,-20854.61
2019-01-10,14190.20500000004
2019-01-11,481.35499999991606
2019-01-14,6113.407500000045
2019-01-15,1571.9600000000091
2019-01-16,1868.0349999999664
2019-01-17,-10201.710000000036
2019-01-18,-274.03499999992323
2019-01-21,4078.474999999924
2019-01-22,2430.290000000085
2019-01-23,-3500.2950000000315
2019-01-24,7725.052500000038
2019-01-25,-28423.992499999982
2019-01-28,3526.195000000001
2019-01-29,-2349.8775000000096
2019-01-30,-27460.17750000002
2019-01-31,2342.7374999999706
2019-02-01,-457.6399999998998
2019-02-04,-421.8750000001151
2019-02-05,2390.2100000000146
2019-02-06,7333.104999999951
2019-02-07,12840.425000000134
2019-02-08,651.6149999999444
2019-02-11,12015.874999999995
2019-02-12,-18704.034999999953
2019-02-13,5910.799999999873
2019-02-14,6543.037500000073
2019-02-15,-19532.645000000033
2019-02-18,-3180.6149999999984
2019-02-19,949.6000000000911
2019-02-20,1234.4199999998673
2019-02-21,-2485.4049999998806
2019-02-22,-3946.100000000088
2019-02-25,11848.74500000005
2019-02-26,114.34499999999441
2019-02-27,3301.7500000000887
2019-02-28,10295.939999999979
2019-03-01,9841.045000000004
2019-03-04,1150.3249999999643
2019-03-05,3898.32999999995
2019-03-06,13995.08499999994
2019-03-07,17100.625000000095
2019-03-08,-8847.67499999999
2019-03-11,-9702.734999999922
2019-03-12,-14980.305000000111
2019-03-13,-12521.159999999909
2019-03-14,10227.02500000004
2019-03-15,-9043.110000000024
2019-03-18,-4440.945000000054
2019-03-19,-1694.51500000002
2019-03-20,-19133.565000000082
2019-03-21,7418.635000000027
2019-03-22,3625.7350000001297
2019-03-25,-10918.980000000109
2019-03-26,3319.7349999999697
2019-03-27,11819.392500000054
2019-03-28,6820.259999999933
2019-03-29,3347.665000000118
2019-04-01,-7357.572500000044
2019-04-02,-1618.887499999984
2019-04-03,-8162.227500000008
2019-04-04,8991.212500000049
2019-04-05,278.1149999999883
2019-04-08,-11254.260000000024
2019-04-09,329.0000000000803
2019-04-10,-4753.6750000000275
2019-04-11,15231.724999999838
2019-04-12,-2823.254999999825
2019-04-15,2739.4999999999045
2019-04-16,11603.32
2019-04-17,4250.649999999919
2019-04-18,9972.710000000072
2019-04-22,-2642.355000000039
2019-04-23,13556.359999999946
2019-04-24,9967.965000000078
2019-04-25,-10624.894999999991
2019-04-26,-3744.5700000000106
2019-04-29,-558.5849999999282
2019-04-30,-5233.620000000077
2019-05-01,8922.050000000016
2019-05-02,6559.585000000005
2019-05-03,-11642.635000000091
2019-05-06,6307.680000000066
2019-05-07,5300.310000000081
2019-05-08,3141.5099999999074
2019-05-09,9198.080000000014
2019-05-10,-2934.410000000005
2019-05-13,617.2449999999618
2019-05-14,-13809.289999999968
2019-05-15,-6476.434999999949
2019-05-16,-1293.9300000001454
2019-05-17,15157.350000000091
2019-05-20,-12007.32999999993
2019-05-21,7549.81999999998
2019-05-22,8564.599999999864
2019-05-23,-3081.3850000000366
2019-05-24,-17395.529999999842
2019-05-27,2748.449999999817
2019-05-28,709.2650000000775
2019-05-29,8161.669999999942
2019-05-30,361.305000000099
2019-05-31,-768.6450000000466
2019-06-03,-13508.864999999905
2019-06-04,-19350.15000000007
2019-06-05,13175.89499999996
2019-06-06,-11198.245000000037
2019-06-07,-8679.729999999976
2019-06-10,-2628.0300000000766
2019-06-11,-2720.2599999999074
2019-06-12,7275.45999999998
2019-06-13,-5525.900000000033
2019-06-14,8654.815000000028
2019-06-17,-3887.084999999963
2019-06-18,-9774.174999999905
2019-06-19,-10265.320000000043
2019-06-20,-21695.864999999918
2019-06-21,2051.9099999999357
2019-06-24,858.8349999999875
2019-06-25,-1822.4050000000275
2019-06-26,-3906.620000000052
2019-06-27,-3239.4499999998948
2019-06-28,-2113.295000000005
2019-07-01,11539.039999999917
2019-07-02,1953.77000000003
2019-07-03,-6757.032500000003
2019-07-04,1855.9800000000027
2019-07-05,3161.3174999999737
2019-07-08,4001.664999999997
2019-07-09,-566.1424999999912
2019-07-10,-17155.66249999999
2019-07-11,-1502.960000000098
2019-07-12,-10116.529999999948
2019-07-15,3688.454999999944
2019-07-16,10478.745000000074
2019-07-17,-2309.7049999999367
2019-07-18,-10018.900000000023
2019-07-19,2226.225000000004
2019-07-22,8287.314999999975
2019-07-23,2246.724999999993
2019-07-24,-3049.915000000039
2019-07-25,2806.60500000006
2019-07-26,3816.5999999998994
2019-07-29,323.57500000020156
2019-07-30,-1359.645000000104
2019-07-31,9366.815000000044
2019-08-01,14850.459999999985
2019-08-02,-2398.4899999999216
2019-08-05,-875.4000000000991
2019-08-06,15532.590000000004
2019-08-07,1353.0400000000056
2019-08-08,-10615.569999999901
2019-08-09,126.55999999988805
2019-08-12,18738.715000000033
2019-08-13,3742.8300000000227
2019-08-14,6945.229999999918
2019-08-15,4213.680000000118
2019-08-16,-8220.010000000031
2019-08-19,4853.259999999915
2019-08-20,-3248.899999999957
2019-08-21,-5245.4349999999995
2019-08-22,2927.155000000064
2019-08-23,2740.3349999999814
2019-08-26,-6085.895000000004
2019-08-27,5152.0950000000075
2019-08-28,-477.6349999999667
2019-08-29,20.614999999858668
2019-08-30,12071.075000000114
2019-09-02,6804.990000000026
2019-09-03,-4344.15000000003
2019-09-04,-32696.234999999968
2019-09-05,-12503.180000000086
2019-09-06,1636.3849999999727
2019-09-09,-8383.464999999922
2019-09-10,-12056.619999999984
2019-09-11,4595.775000000051
2019-09-12,-8564.365000000156
2019-09-13,-12095.30499999987
2019-09-16,5973.744999999936
2019-09-17,39.484999999997044
2019-09-18,8215.709999999843
2019-09-19,326.98500000006163
2019-09-20,6492.475000000057
2019-09-23,-3297.5500000000916
2019-09-24,-4226.054999999929
2019-09-25,4203.454999999985
2019-09-26,7698.724999999997
2019-09-27,-2383.9775000000977
2019-09-30,-2149.804999999916
2019-10-01,-1573.2425000000337
2019-10-02,10318.007499999965
2019-10-03,2386.0399999999513
2019-10-04,-3701.764999999903
2019-10-07,5061.359999999989
2019-10-08,-3007.237500000053
2019-10-09,-303.0399999999272
2019-10-10,-10684.027500000024
2019-10-11,-20909.55999999995
2019-10-14,1482.1800000000185
2019-10-15,-633.4875000000527
2019-10-16,-536.257499999997
2019-10-17,-14178.799999999883
2019-10-18,-10912.930000000151
2019-10-21,2359.5699999999606
2019-10-22,5168.519999999996
2019-10-23,-4446.765000000033
2019-10-24,7964.45000000002
2019-10-25,-5040.77000000007
2019-10-28,-10292.884999999882
2019-10-29,-984.42500000006
2019-10-30,-5598.434999999994
2019-10-31,7631.255000000006
2019-11-01,-3762.07500000013
2019-11-04,332.99500000015996
2019-11-05,-5539.640000000053
2019-11-06,9431.035000000024
2019-11-07,-3219.0050000000606
2019-11-08,5920.0750000000235
2019-11-11,5751.25000000002
2019-11-12,-1842.9349999999363
2019-11-13,7657.134999999935
2019-11-14,3097.8950000000245
2019-11-15,-761.5999999999358
2019-11-18,1935.4350000000384
2019-11-19,-2671.2800000000375
2019-11-20,11416.96499999988
2019-11-21,6729.450000000116
2019-11-22,3523.2700000000664
2019-11-25,-467.5200000000259
2019-11-26,2352.7149999998915
2019-11-27,3636.805000000029
2019-11-28,2096.465000000018
2019-11-29,-14053.765000000005
2019-12-02,-15264.615000000033
2019-12-03,-4960.539999999969
2019-12-04,-4052.8099999999235
2019-12-05,-1760.2150000000831
2019-12-06,-757.0149999999232
2019-12-09,-2247.1899999999196
2019-12-10,-4523.980000000147
2019-12-11,-1134.195000000041
2019-12-12,-12079.594999999983
2019-12-13,5593.500000000146
2019-12-16,-14925.295000000095
2019-12-17,-2749.3350000000705
2019-12-18,2276.9150000001605
2019-12-19,-2804.520000000073
2019-12-20,1641.3624999999292
2019-12-23,-2646.707499999785
2019-12-24,-782.8600000001143
2019-12-25,-1332.3325000000127
2019-12-26,-791.1200000000453
2019-12-27,-3580.5374999999726
2019-12-30,-8587.170000000013
2019-12-31,-1504.5449999999614
2020-01-01,155.34499999994895
2020-01-02,9582.74500000003
2020-01-03,16093.864999999983
2020-01-06,-9214.7750000001
2020-01-07,7180.46000000009
2020-01-08,-3968.490000000122
2020-01-09,10008.40000000008
2020-01-10,-7601.3249999999725
2020-01-13,2467.6699999999655
2020-01-14,-3478.5300000000893
2020-01-15,8979.679999999997
2020-01-16,6870.710000000164
2020-01-17,-4283.335000000103
2020-01-20,758.740000000065
2020-01-21,8703.262499999926
2020-01-22,-1855.0224999999784
2020-01-23,10302.920000000071
2020-01-24,20013.629999999914
2020-01-27,13752.490000000036
2020-01-28,-4340.99499999993
2020-01-29,11557.109999999924
2020-01-30,10296.434999999885
2020-01-31,-3783.2050000000004
2020-02-03,8137.525000000061
2020-02-04,-4512.409999999984
2020-02-05,3732.559999999946
2020-02-06,-2914.004999999941
2020-02-07,9278.724999999953
2020-02-10,7337.96500000017
2020-02-11,-9140.02500000005
2020-02-12,-759.1199999999145
2020-02-13,1598.4949999998012
2020-02-14,1571.425000000009
2020-02-17,-3777.769999999989
2020-02-18,-945.479999999716
2020-02-19,4042.9149999998253
2020-02-20,14888.945000000007
2020-02-21,-12649.745000000012
2020-02-24,9440.364999999882
2020-02-25,-10558.250000000004
2020-02-26,-1702.834999999888
2020-02-27,-15566.815000000026
2020-02-28,12900.034999999867
2020-03-02,-20146.1299999999
2020-03-03,1250.3900000000303
2020-03-04,6585.599999999941
2020-03-05,2170.8700000001013
2020-03-06,6980.624999999971
2020-03-09,7569.704999999871
2020-03-10,-7733.909999999934
2020-03-11,6250.489999999938
2020-03-12,7131.550000000047
2020-03-13,21610.274999999972
2020-03-16,48068.78500000003
2020-03-17,19981.04
2020-03-18,27470.39499999999
2020-03-19,647.3249999999817
2020-03-20,1968.725
2020-03-23,-2941.7000000000457
2020-03-24,-21906.30000000002
2020-03-25,3597.725000000017
2020-03-26,-11870.120000000057
2020-03-27,9732.957500000008
2020-03-30,12596.784999999983
2020-03-31,3042.8025000000134
2020-04-01,16468.917499999996
2020-04-02,-6692.675000000027
2020-04-03,1736.064999999978
2020-04-06,-15299.81499999992
2020-04-07,-11887.910000000018
2020-04-08,-3147.0650000000187
2020-04-09,3377.7999999999324
2020-04-13,1207.5199999999802
2020-04-14,5219.265000000052
2020-04-15,19084.115000000005
2020-04-16,-12793.004999999977
2020-04-17,1183.8449999999566
2020-04-20,9661.930000000006
2020-04-21,27124.32
2020-04-22,-12529.71999999995
2020-04-23,-2347.910000000039
2020-04-24,1686.6399999999671
2020-04-27,994.0475000000511
2020-04-28,-2111.3375000000683
2020-04-29,-11852.024999999987
2020-04-30,-17034.20750000002
2020-05-01,5171.1750000000075
2020-05-04,-6586.349999999983
2020-05-05,-13601.99750000006
2020-05-06,14839.505000000032
2020-05-07,-9950.820000000042
2020-05-08,-10372.350000000015
2020-05-11,5767.750000000034
2020-05-12,8976.867499999973
2020-05-13,6455.075000000005
2020-05-14,-10443.717499999975
2020-05-15,-2242.537500000004
2020-05-18,-29440.415
2020-05-19,6279.809999999985
2020-05-20,-3607.949999999952
2020-05-21,6588.33499999997
2020-05-22,5262.680000000011
2020-05-25,-1754.2049999999867
2020-05-26,-16126.117500000022
2020-05-27,4622.297499999996
2020-05-28,-6366.194999999985
2020-05-29,-6482.305000000013
2020-06-01,-3487.949999999917
2020-06-02,-6638.85250000001
2020-06-03,-7572.407500000022
2020-06-04,-14507.755000000025
2020-06-05,-12405.25499999997
2020-06-08,-6435.574999999983
2020-06-09,4748.16249999998
2020-06-10,1639.4824999999616
2020-06-11,20337.697500000017
2020-06-12,-2103.202500000017
2020-06-15,-8597.962499999981
2020-06-16,6431.484999999955
2020-06-17,742.7099999999459
2020-06-18,-1468.9324999999826
2020-06-19,1966.532500000042
2020-06-22,-7915.73750000005
2020-06-23,-183.91749999999982
2020-06-24,19810.345000000034
2020-06-25,3502.0899999999783
2020-06-26,12540.539999999995
2020-06-29,-15691.950000000028
2020-06-30,-2371.95999999999
2020-07-01,-10873.83000000001
2020-07-02,488.1250000000773
2020-07-03,-911.8450000000349
2020-07-06,-15800.069999999974
2020-07-07,5826.402499999983
2020-07-08,-6665.232499999936
2020-07-09,1937.375000000002
2020-07-10,2767.39249999999
2020-07-13,10413.184999999963
2020-07-14,-2455.9799999999805
2020-07-15,-12951.492500000031
2020-07-16,2079.7125000000783
2020-07-17,-1147.6275000000255
2020-07-20,3339.1350000000148
2020-07-21,1252.7000000000173
2020-07-22,179.65499999996342
2020-07-23,-5013.26999999999
2020-07-24,-3866.852499999989
2020-07-27,2081.489999999925
2020-07-28,4596.610000000005
2020-07-29,903.6524999999945
2020-07-30,7918.239999999981
2020-07-31,-2236.940000000016
2020-08-03,-8757.41000000001
2020-08-04,4383.159999999989
2020-08-05,-1598.0900000000256
2020-08-06,8032.604999999966
2020-08-07,370.0350000000182
2020-08-10,-2521.4149999999922
2020-08-11,-4006.3950000000054
2020-08-12,-5541.0900000000165
2020-08-13,-14139.224999999986
2020-08-14,-4826.044999999962
2020-08-17,-2085.7049999999567
2020-08-18,-2875.955000000016
2020-08-19,-3197.865000000018
2020-08-20,4078.674999999985
2020-08-21,4635.905000000066
2020-08-24,-851.1300000000506
2020-08-25,-9206.354999999963
2020-08-26,4001.3749999999773
2020-08-27,-7477.540000000021
2020-08-28,4031.089999999967
2020-08-31,1736.8850000000236
2020-09-01,7826.7100000000055
2020-09-02,11495.219999999978
2020-09-03,-16506.30999999998
2020-09-04,-12696.759999999986
2020-09-07,4181.435000000007
2020-09-08,-1159.12000000001
2020-09-09,4327.34000000002
2020-09-10,-2157.7449999999926
2020-09-11,-464.754999999994
2020-09-14,-419.0749999999836
2020-09-15,-3998.1749999999925
2020-09-16,-2285.379999999982
2020-09-17,93.76499999997574
2020-09-18,-9825.575000000006
2020-09-21,4682.274999999971
2020-09-22,1115.8250000000294
2020-09-23,-21086.867499999997
2020-09-24,1644.854999999933
2020-09-25,2022.119999999978
2020-09-28,2353.314999999989
2020-09-29,7418.260000000047
2020-09-30,-9223.585000000074
2020-10-01,3790.5475000000297
2020-10-02,4395.114999999969
2020-10-05,-11733.779999999904
2020-10-06,-10606.247500000085
2020-10-07,-1615.6824999999471
2020-10-08,-1798.5999999999924
2020-10-09,-6243.599999999988
2020-10-12,8908.60999999999
2020-10-13,-519.7299999999443
2020-10-14,-6726.19999999996
2020-10-15,-3435.77250000003
2020-10-16,-1040.6275000000194
2020-10-19,-95.5849999999653
2020-10-20,-61.34249999998451
2020-10-21,1686.0050000000008
2020-10-22,330.99249999997187
2020-10-23,1532.792499999932
2020-10-26,-7543.165000000026
2020-10-27,-5517.762500000027
2020-10-28,-4208.342499999945
2020-10-29,-5733.372499999991
2020-10-30,-3562.9850000000165
2020-11-02,170.63000000001904
2020-11-03,38.87250000004059
2020-11-04,11833.574999999983
2020-11-05,13507.24999999997
2020-11-06,5770.745000000046
2020-11-09,-13568.147500000006
2020-11-10,-10251.637499999999
2020-11-11,3456.319999999994
2020-11-12,2040.2424999999766
2020-11-13,10672.562500000018
2020-11-16,6970.797499999993
2020-11-17,-2173.4049999999925
2020-11-18,-7109.867499999993
2020-11-19,7784.257499999989
2020-11-20,-2727.9650000000083
2020-11-23,-916.4074999999822
2020-11-24,493.94999999998976
2020-11-25,-2439.2699999999913
2020-11-26,698.379999999984
2020-11-27,3873.167500000019
2020-11-30,624.4600000000087
2020-12-01,-6029.540000000007
2020-12-02,-2661.9875000000156
2020-12-03,492.9800000000191
2020-12-04,4234.729999999974
2020-12-07,3665.2675000000077
2020-12-08,1647.4274999999882
2020-12-09,-5713.452499999995
2020-12-10,-3314.6250000000077
2020-12-11,2731.8624999999856
2020-12-14,-9554.669999999982
2020-12-15,3619.729999999998
2020-12-16,-2923.430000000006
2020-12-17,-2577.5449999999764
2020-12-18,-6364.275000000034
2020-12-21,-3563.9799999999796
2020-12-22,4873.522499999964
2020-12-23,-8841.214999999944
2020-12-24,2280.790000000029
2020-12-28,1426.4699999999973
2020-12-29,-7393.594999999993
2020-12-30,3581.337499999981
2020-12-31,734.0250000000451
2021-01-04,491.55000000001775
2021-01-05,-2096.507499999974
2021-01-06,-9561.190000000028
2021-01-07,-1645.0700000000131
2021-01-08,-3978.0574999999685
2021-01-11,-10387.240000000003
2021-01-12,9160.984999999986
2021-01-13,7780.09750000002
2021-01-14,-1140.5849999999775
2021-01-15,-11485.31750000002
2021-01-18,2154.9250000000225
2021-01-19,3771.3474999999225
2021-01-20,9558.00750000003
2021-01-21,-4357.542500000068
2021-01-22,-7939.275000000024
2021-01-25,4774.597500000017
2021-01-26,4759.057499999998
2021-01-27,-23446.257499999996
2021-01-28,2126.5025000000023
2021-01-29,-973.7475000000013
2021-02-01,-9231.594999999947
2021-02-02,-15684.755000000003
2021-02-03,940.4424999999574
2021-02-04,4511.657499999983
2021-02-05,12000.564999999999
2021-02-08,5869.2575000000015
2021-02-09,3931.309999999954
2021-02-10,-782.4175000000114
2021-02-11,-393.19000000001677
2021-02-12,-8332.144999999995
2021-02-15,-5199.040000000043
2021-02-16,-17340.227499999997
2021-02-17,13494.509999999991
2021-02-18,-7343.080000000065
2021-02-19,-6483.8449999999975
2021-02-22,-5943.812499999985
2021-02-23,1528.6649999999922
2021-02-24,10054.000000000018
2021-02-25,-69427.2225
2021-02-26,14435.159999999938
2021-03-01,12031.499999999956
2021-03-02,-208.00250000004718
2021-03-03,-14603.519999999922
2021-03-04,1237.7474999999831
2021-03-05,28978.667499999898
2021-03-08,-2860.132499999954
2021-03-09,7616.059999999986
2021-03-10,-1943.7199999999991
2021-03-11,13761.985000000055
2021-03-12,4446.764999999909
2021-03-15,3380.6424999999927
2021-03-16,-2397.0024999999664
2021-03-17,4676.7224999999535
2021-03-18,-19150.684999999994
2021-03-19,1792.8149999999941
2021-03-22,169.78750000006923
2021-03-23,-13017.317500000052
2021-03-24,8807.312499999925
2021-03-25,764.6900000000378
2021-03-26,14382.762499999973
2021-03-29,-1115.4675000000052
2021-03-30,-9159.837500000016
2021-03-31,12375.157499999974
2021-04-01,-2376.70999999999
2021-04-02,1866.107500000081
2021-04-05,6012.639999999915
2021-04-06,-6136.920000000029
2021-04-07,2404.9625000000933
2021-04-08,4539.662500000029
2021-04-09,6311.664999999935
2021-04-12,-4522.802499999949
2021-04-13,-2968.9600000000623
2021-04-14,7193.849999999882
2021-04-15,-4564.494999999909
2021-04-16,-962.4650000000763
2021-04-19,-2388.64750000002
2021-04-20,3514.7725000000637
2021-04-21,10491.242499999982
2021-04-22,1919.9674999999968
2021-04-23,8912.695000000063
2021-04-26,8384.097500000038
2021-04-27,-1643.5124999999812
2021-04-28,-2166.477499999972
2021-04-29,4055.1899999999496
2021-04-30,5428.177500000047
2021-05-03,9740.959999999994
2021-05-04,3062.340000000072
2021-05-05,4037.555000000018
2021-05-06,17600.364999999983
2021-05-07,19691.154999999955
2021-05-10,-9617.389999999912
2021-05-11,-5452.8175000000765
2021-05-12,-26588.037500000017
2021-05-13,-14607.439999999964
2021-05-14,14666.780000000013
2021-05-17,-4833.619999999992
2021-05-18,-8532.670000000056
2021-05-19,-13484.602499999997
2021-05-20,6813.7675000000245
2021-05-21,2912.039999999987
2021-05-24,8335.905000000002
2021-05-25,-10411.297500000006
2021-05-26,856.3499999999841
2021-05-27,19113.062500000004
2021-05-28,-4300.589999999924
2021-05-31,-1905.717500000013
2021-06-01,6886.169999999986
2021-06-02,1539.3299999999501
2021-06-03,-8823.98250000007
2021-06-04,15149.217500000004
2021-06-07,-2589.517500000016
2021-06-08,6204.834999999965
2021-06-09,-3808.987499999896
2021-06-10,3254.812499999946
2021-06-11,-6384.852499999974
2021-06-14,-7475.954999999965
2021-06-15,-4079.690000000007
2021-06-16,-32668.96000000004
2021-06-17,-24892.605000000047
2021-06-18,-6669.314999999996
2021-06-21,12622.400000000001
2021-06-22,7224.680000000022
2021-06-23,-2757.5750000000016
2021-06-24,3443.945000000017
2021-06-25,-1404.7725000001062
2021-06-28,-768.7474999999677
2021-06-29,3551.210000000053
2021-06-30,16627.65000000005
2021-07-01,-3381.555000000005
2021-07-02,7377.854999999945
2021-07-05,7161.9425000000565
2021-07-06,-27426.97500000008
2021-07-07,-8199.509999999838
2021-07-08,-8878.467500000084
2021-07-09,19579.677500000016
2021-07-12,9636.942499999945
2021-07-13,-4243.262499999994
2021-07-14,-4033.6699999999637
2021-07-15,-16057.567500000008
2021-07-16,-3421.169999999995
2021-07-19,-28622.48000000013
2021-07-20,24139.6850000001
2021-07-21,13451.465000000017
2021-07-22,5373.4450000000015
2021-07-23,9212.090000000064
2021-07-26,2712.5574999999944
2021-07-27,-11653.44499999997
2021-07-28,-5102.655000000068
2021-07-29,-989.5699999998985
2021-07-30,-483.3925000000679
2021-08-02,-4829.439999999975
2021-08-03,-1400.2499999999916
2021-08-04,-6219.59499999997
2021-08-05,9308.172499999982
2021-08-06,13629.144999999944
2021-08-09,2461.9700000000666
2021-08-10,5973.895000000011
2021-08-11,2936.29000000004
2021-08-12,1115.6700000000133
2021-08-13,-14944.869999999946
2021-08-16,-8282.354999999914
2021-08-17,-8798.410000000076
2021-08-18,-9966.140000000058
2021-08-19,-8905.304999999911
2021-08-20,4545.659999999952
2021-08-23,3656.1500000000688
2021-08-24,6074.52499999999
2021-08-25,10934.219999999948
2021-08-26,-10161.389999999967
2021-08-27,12674.669999999902
2021-08-30,9742.60500000002
2021-08-31,-3186.530000000006
2021-09-01,-4396.267499999949
2021-09-02,7982.767500000029
2021-09-03,-6792.855000000133
2021-09-06,2176.37500000009
2021-09-07,856.5125000000941
2021-09-08,738.2399999998569
2021-09-09,-12547.30999999991
2021-09-10,2720.6899999998946
2021-09-13,6681.2800000000025
2021-09-14,-15216.049999999985
2021-09-15,17211.505000000136
2021-09-16,7668.414999999931
2021-09-17,-6410.439999999949
2021-09-20,-27409.61
2021-09-21,-11074.595000000141
2021-09-22,18226.51499999995
2021-09-23,20243.53000000001
2021-09-24,5028.0549999999985
2021-09-27,6902.424999999991
2021-09-28,-7286.004999999936
2021-09-29,7879.664999999997
2021-09-30,-9698.540000000085
2021-10-01,6663.780000000099
2021-10-04,-13614.710000000001
2021-10-05,18811.46999999998
2021-10-06,-4894.917500000004
2021-10-07,12927.714999999924
2021-10-08,-1077.33
2021-10-11,11611.950000000066
2021-10-12,-2401.985000000076
2021-10-13,8342.537500000035
2021-10-14,10332.082499999942
2021-10-15,19540.017500000038
2021-10-18,3900.4725000000262
2021-10-19,5684.7600000000275
2021-10-20,-4906.12500000003
2021-10-21,-10391.812500000005
2021-10-22,-5140.802500000165
2021-10-25,12651.0875000001
2021-10-26,3861.5074999999033
2021-10-27,-12915.587500000001
2021-10-28,-4383.5849999999655
2021-10-29,11478.56999999999
2021-11-01,-1459.1600000000244
2021-11-02,976.2749999999301
2021-11-03,-8025.909999999999
2021-11-04,-5061.09249999989
2021-11-05,-4406.975000000078
2021-11-08,3764.7500000000177
2021-11-09,-6050.294999999903
2021-11-10,-9096.735000000037
2021-11-11,-1642.1900000000392
2021-11-12,5360.100000000006
2021-11-15,3186.410000000001
2021-11-16,7153.504999999977
2021-11-17,-11854.515000000056
2021-11-18,-2661.13500000008
2021-11-19,-8884.074999999897
2021-11-22,7857.630000000003
2021-11-23,9353.099999999973
2021-11-24,6848.290000000032
2021-11-25,-6359.080000000146
2021-11-26,-57820.47499999985
2021-11-29,29612.98499999981
2021-11-30,-22643.034999999974
2021-12-01,-8601.440000000015
2021-12-02,6927.075000000008
2021-12-03,-5701.984999999999
2021-12-06,18886.804999999968
2021-12-07,9732.839999999971
2021-12-08,3131.525000000094
2021-12-09,-5042.600000000079
2021-12-10,1109.2999999999472
2021-12-13,-4506.159999999932
2021-12-14,-978.5299999999718
2021-12-15,12682.85999999996
2021-12-16,-10668.289999999944
2021-12-17,-1234.1800000000403
2021-12-20,-6038.964999999885
2021-12-21,11894.999999999894
2021-12-22,3165.47000000004
2021-12-23,-3101.9399999999173
2021-12-27,14065.639999999901
2021-12-28,3347.8449999999416
2021-12-29,-1433.5999999999585
2021-12-30,-4903.739999999954
2021-12-31,-10759.97250000003
2022-01-03,14349.685000000063
2022-01-04,3102.7775000000092
2022-01-05,-3305.777500000028
2022-01-06,10496.217500000046
2022-01-07,-4078.7000000001603
2022-01-10,4660.885000000073
2022-01-11,2484.2500000000273
2022-01-12,2097.9100000000312
2022-01-13,-15543.722499999978
2022-01-14,5743.807499999928
2022-01-17,4241.90750000012
2022-01-18,-1630.657500000081
2022-01-19,-25589.412499999828
2022-01-20,-10406.602500000037
2022-01-21,-3224.6125000000065
2022-01-24,4601.085000000078
2022-01-25,293.4899999999877
2022-01-26,22489.299999999977
2022-01-27,16594.967500000057
2022-01-28,8911.842500000088
2022-01-31,78.69499999995435
2022-02-01,88.78499999996426
2022-02-02,-0.559999999986573
2022-02-03,-280.8799999999933
2022-02-04,8412.395000000051
2022-02-07,-6570.295000000075
2022-02-08,3375.749999999928
2022-02-09,2876.0250000000074
2022-02-10,-4874.955000000023
2022-02-11,-2065.7849999999466
2022-02-14,3014.4399999999296
2022-02-15,2150.855000000028
2022-02-16,-4582.685000000038
2022-02-17,-13281.629999999996
2022-02-18,-1160.6249999999504
2022-02-21,-6015.820000000047
2022-02-22,5626.3600000000015
2022-02-23,-8073.899999999971
2022-02-24,25382.30000000005
2022-02-25,-14557.535000000002
2022-02-28,14381.814999999953
2022-03-01,20044.51500000005
2022-03-02,35926.9649999999
2022-03-03,1601.24500000006
2022-03-04,3929.214999999991
2022-03-07,-5392.660000000031
2022-03-08,-389.0199999999386
2022-03-09,-5731.139999999948
2022-03-10,844.4599999998668
2022-03-11,9861.225000000117
2022-03-14,-666.6450000000193
2022-03-15,5535.955000000022
2022-03-16,-1288.0400000000036
2022-03-17,-4285.785000000018
2022-03-18,3405.4900000000357
2022-03-21,10162.694999999929
2022-03-22,3394.7050000000627
2022-03-23,22.694999999962832
2022-03-24,-4079.939999999938
2022-03-25,6199.595000000055
2022-03-28,1628.6749999999722
2022-03-29,-5812.794999999969
2022-03-30,-3866.7900000001387
2022-03-31,-1445.2700000000086
2022-04-01,-3288.529999999965
2022-04-04,6810.9975000000095
2022-04-05,14141.537499999984
2022-04-06,-2548.3524999999777
2022-04-07,4567.982499999987
2022-04-08,4434.300000000016
2022-04-11,-4585.564999999992
2022-04-12,-1328.5549999999382
2022-04-13,-5468.285000000044
2022-04-14,7904.460000000025
2022-04-18,12557.20500000002
2022-04-19,9554.299999999974
2022-04-20,-7898.200000000017
2022-04-21,7451.470000000003
2022-04-22,5885.980000000029
2022-04-25,6115.734999999938
2022-04-26,8009.705000000085
2022-04-27,9860.709999999974
2022-04-28,7812.230000000011
2022-04-29,4015.6849999999836
2022-05-02,4080.930000000029
2022-05-03,-3956.5450000000346
2022-05-04,-16455.025
2022-05-05,12538.99499999996
2022-05-06,5030.219999999984
2022-05-09,7434.950000000036
2022-05-10,10920.46499999998
2022-05-11,-3068.5300000000157
2022-05-12,19831.495000000068
2022-05-13,-6668.015000000045
2022-05-16,-8098.799999999951
2022-05-17,-14297.770000000077
2022-05-18,3178.4300000000694
2022-05-19,-15298.260000000051
2022-05-20,768.2100000000332
2022-05-23,-13831.764999999928
2022-05-24,-5573.014999999984
2022-05-25,4175.979999999923
2022-05-26,-4419.535000000004
2022-05-27,-4591.764999999932
2022-05-30,402.7199999999416
2022-05-31,6076.984999999974
2022-06-01,-1181.544999999967
2022-06-02,-15964.28999999999
2022-06-03,13985.979999999978
2022-06-06,8252.500000000011
2022-06-07,-1822.009999999991
2022-06-08,7077.989999999982
2022-06-09,11785.245000000046
2022-06-10,9972.744999999983
2022-06-13,12086.63999999996
2022-06-14,3611.959999999922
2022-06-15,-10236.029999999972
2022-06-16,-7696.274999999947
2022-06-17,11308.590000000042
2022-06-20,-2004.400000000016
2022-06-21,-5615.785000000009
2022-06-22,3481.7149999999856
2022-06-23,-1166.2750000000228
2022-06-24,-8796.00500000002
2022-06-27,-1327.2799999999972
2022-06-28,11893.455000000007
2022-06-29,4919.054999999996
2022-06-30,344.4599999999173
2022-07-01,-1932.3299999999258
2022-07-04,-837.5749999999459
2022-07-05,13523.564999999991
2022-07-06,9637.990000000013
2022-07-07,-6939.020000000015
2022-07-08,6159.5949999999075
2022-07-11,15569.080000000065
2022-07-12,479.07999999999134
2022-07-13,3954.3500000000126
2022-07-14,9472.965000000026
2022-07-15,-11530.185000000021
2022-07-18,1386.06499999997
2022-07-19,-17060.56499999999
2022-07-20,1838.1000000000136
2022-07-21,-14675.607499999976
2022-07-22,-3699.129999999958
2022-07-25,2046.242499999876
2022-07-26,2181.065000000089
2022-07-27,-15900.497500000018
2022-07-28,-12845.902500000037
2022-07-29,-9477.507499999949
2022-08-01,-6549.467500000019
2022-08-02,23436.174999999992
2022-08-03,-6140.497500000038
2022-08-04,-9929.400000000041
2022-08-05,19791.6475
2022-08-08,-14271.654999999992
2022-08-09,8155.532499999984
2022-08-10,-21660.582499999997
2022-08-11,2735.6675000000087
2022-08-12,-6017.837499999994
2022-08-15,4238.429999999998
2022-08-16,-3671.722499999949
2022-08-17,16342.762500000033
2022-08-18,7788.437499999955
2022-08-19,13011.42750000002
2022-08-22,14593.479999999967
2022-08-23,-1212.0099999999363
2022-08-24,1134.282499999951
2022-08-25,-8596.630000000012
2022-08-26,21060.557500000003
2022-08-29,5820.557499999994
2022-08-30,12738.682500000114
2022-08-31,11602.044999999978
2022-09-01,8574.527499999951
2022-09-02,-2659.6450000000164
2022-09-05,-279.509999999972
2022-09-06,13968.969999999992
2022-09-07,-20367.770000000026
2022-09-08,-3250.0000000000023
2022-09-09,-9249.265000000043
2022-09-12,-15028.015
2022-09-13,33672.542500000076
2022-09-14,-4568.107500000013
2022-09-15,17328.61499999997
2022-09-16,-4231.519999999986
2022-09-19,1738.5999999999776
2022-09-20,10792.500000000024
2022-09-21,13143.235000000046
2022-09-22,-2159.0450000000565
2022-09-23,15541.984999999982
2022-09-26,17180.980000000047
2022-09-27,2357.9899999999684
2022-09-28,-19480.51499999998
2022-09-29,-710.9199999999705
2022-09-30,9689.21499999993
2022-10-03,-23358.774999999998
2022-10-04,-12556.392500000013
2022-10-05,5212.492500000038
2022-10-06,12778.54749999999
2022-10-07,11824.037499999966
2022-10-10,6569.730000000034
2022-10-11,1429.0375000000047
2022-10-12,-3410.8950000000027
2022-10-13,-708.150000000005
2022-10-14,14934.485000000019
2022-10-17,-24270.40500000005
2022-10-18,-2663.1499999999683
2022-10-19,19684.172499999993
2022-10-20,3471.6475000000205
2022-10-21,-23835.269999999997
2022-10-24,-1354.8475000000499
2022-10-25,-18893.014999999952
2022-10-26,-15484.644999999979
2022-10-27,972.11999999994
2022-10-28,7469.9750000000095
2022-10-31,8810.980000000005
2022-11-01,-3210.6925000000065
2022-11-02,14804.485000000048
2022-11-03,7440.21999999997
2022-11-04,-29152.524999999972
2022-11-07,575.1100000000067
2022-11-08,-11886.9425
2022-11-09,4957.432500000009
2022-11-10,-37797.25500000001
2022-11-11,-15893.082500000026
2022-11-14,4932.677499999992
2022-11-15,-7798.817499999976
2022-11-16,2780.000000000002
2022-11-17,9409.999999999982
2022-11-18,3917.0524999999993
2022-11-21,7622.297500000002
2022-11-22,-7940.067499999977
2022-11-23,-15004.687500000036
2022-11-24,-1706.52000000001
2022-11-25,3830.980000000017
2022-11-28,11299.552500000009
2022-11-29,990.3125000000106
2022-11-30,-24971.350000000053
2022-12-01,-10728.082499999922
2022-12-02,-552.0100000000316
2022-12-05,16664.307499999974
2022-12-06,1529.7974999999808
2022-12-07,-8763.437499999985
2022-12-08,-1608.7499999999386
2022-12-09,4125.48999999996
2022-12-12,1816.2500000000007
2022-12-13,-18774.822500000017
2022-12-14,-1924.0199999999913
2022-12-15,20588.99500000003
2022-12-16,2343.9699999999843
2022-12-19,3733.405000000004
2022-12-20,-7835.379999999996
2022-12-21,-3976.765000000011
2022-12-22,10059.080000000018
2022-12-23,555.2199999999714
2022-12-26,-2012.279999999996
2022-12-27,6314.839999999997
2022-12-28,6667.027499999985
2022-12-29,-8173.394999999982
2022-12-30,-2329.64499999998
2023-01-02,-2511.765000000022
2023-01-03,8431.71499999999
2023-01-04,-9934.264999999989
2023-01-05,11666.064999999993
2023-01-06,-25200.65000000003
2023-01-09,-9177.035000000005
2023-01-10,1624.28250000002
2023-01-11,-8487.279999999988
2023-01-12,-14789.755000000017
2023-01-13,-2850.1350000000066
2023-01-16,3713.0574999999967
2023-01-17,-167.90499999996226
2023-01-18,-1866.6974999999863
2023-01-19,3286.1824999999726
2023-01-20,-4376.654999999975
2023-01-23,1364.9999999999966
2023-01-24,-1303.1499999999814
2023-01-25,-5492.0099999999875
2023-01-26,268.59000000000367
2023-01-27,3556.6724999999738
2023-01-30,12069.552500000043
2023-01-31,-11382.187500000075
2023-02-01,-9205.692499999916
2023-02-02,5537.432499999945
2023-02-03,26994.104999999992
2023-02-06,14027.187500000027
2023-02-07,-12772.5675
2023-02-08,2235.6249999999764
2023-02-09,6970.00000000003
2023-02-10,-53.88500000003774
2023-02-13,-4394.332499999953
2023-02-14,2250.177499999983
2023-02-15,13471.495000000003
2023-02-16,6967.610000000024
2023-02-17,-2411.0975000000326
2023-02-20,983.5475000000312
2023-02-21,14107.229999999978
2023-02-22,9041.985000000011
2023-02-23,-4625.607500000013
2023-02-24,17931.115000000027
2023-02-27,-6837.635000000014
2023-02-28,-2104.2725000000164
2023-03-01,-3631.0800000000154
2023-03-02,4787.922499999995
2023-03-03,-20477.25499999997
2023-03-06,10890.177499999927
2023-03-07,27211.60500000002
2023-03-08,742.4999999999966
2023-03-09,-2582.9049999999706
2023-03-10,-25727.97250000002
2023-03-13,-33723.22499999997
2023-03-14,10914.1725
2023-03-15,1204.2150000000277
2023-03-16,7634.729999999977
2023-03-17,-12706.004999999992
2023-03-20,715.5250000000046
2023-03-21,1816.089999999914
2023-03-22,-1989.5099999999547
2023-03-23,-5007.727500000005
2023-03-24,-2961.3175000000197
2023-03-27,-3900.227499999969
2023-03-28,1792.9650000000336
2023-03-29,2255.4224999999556
2023-03-30,-3811.409999999988
2023-03-31,-1090.0249999999364
2023-04-03,-11809.332499999999
2023-04-04,-1468.8425000000307
2023-04-05,1679.7975000000458
2023-04-06,4945.869999999958
2023-04-07,2068.995000000023
2023-04-10,2334.679999999994
2023-04-11,-1299.585000000021
2023-04-12,-2110.9624999999824
2023-04-13,-9099.780000000004
2023-04-14,3349.417500000012
2023-04-17,2752.16250000001
2023-04-18,77.29749999995407
2023-04-19,4051.622500000018
2023-04-20,3071.359999999971
2023-04-21,2263.3449999999834
2023-04-24,-4324.019999999983
2023-04-25,9281.22500000002
2023-04-26,3333.994999999987
2023-04-27,647.6100000000027
2023-04-28,-6557.145000000033
2023-05-01,9790.71000000002
2023-05-02,-6263.735000000002
2023-05-03,-4691.4550000000045
2023-05-04,-3624.8549999999827
2023-05-05,-7676.915000000022
2023-05-08,1501.894999999994
2023-05-09,731.1150000000337
2023-05-10,-4945.625000000009
2023-05-11,10088.994999999997
2023-05-12,5898.235000000009
2023-05-15,-8413.884999999998
2023-05-16,7877.98999999998
2023-05-17,3280.464999999999
2023-05-18,5668.370000000057
2023-05-19,4711.874999999952
2023-05-22,3645.710000000032
2023-05-23,127.2299999999825
2023-05-24,17079.239999999987
2023-05-25,13753.100000000059
2023-05-26,-7612.525000000029
2023-05-29,-626.9000000000163
2023-05-30,1418.8350000000125
2023-05-31,-1132.6600000000556
2023-06-01,-14275.319999999909
2023-06-02,4249.8649999999325
2023-06-05,-3644.0199999999627
2023-06-06,-1026.7650000000278
2023-06-07,4838.235000000072
2023-06-08,-6610.760000000018
2023-06-09,3166.875000000001
2023-06-12,2385.625000000019
2023-06-13,-752.567499999996
2023-06-14,-1769.5099999999654
2023-06-15,-16674.1975
2023-06-16,-102.52500000004457
2023-06-19,2618.7849999999944
2023-06-20,-1539.6700000000087
2023-06-21,-824.6025000000027
2023-06-22,7884.974999999985
2023-06-23,-5526.342499999993
2023-06-26,-590.2274999999644
2023-06-27,4884.07999999998
2023-06-28,-794.0199999999656
2023-06-29,6374.662499999976
2023-06-30,4783.902500000044
2023-07-03,1526.2249999999685
2023-07-04,-2279.2224999999853
2023-07-05,3040.4649999999806
2023-07-06,5237.720000000022
2023-07-07,-4988.8175
2023-07-10,-2285.4050000000248
2023-07-11,-3898.639999999996
2023-07-12,-8871.452499999996
2023-07-13,-5106.3850000000275
2023-07-14,5718.342500000014
2023-07-17,-338.58249999999566
2023-07-18,-819.1499999999769
2023-07-19,-4321.985000000024
2023-07-20,5316.074999999997
2023-07-21,7128.624999999993
2023-07-24,942.4450000000371
2023-07-25,-2730.6250000000123
2023-07-26,2247.6099999999583
2023-07-27,5925.2450000000235
2023-07-28,-127.39000000001944
2023-07-31,-3493.3274999999253
2023-08-01,9479.322499999973
2023-08-02,712.1774999999933
2023-08-03,3444.7400000000434
2023-08-04,-7554.577500000001
2023-08-07,-781.3174999999757
2023-08-08,-286.3175000000346
2023-08-09,2174.794999999969
2023-08-10,7120.84500000001
2023-08-11,5433.7500000000155
2023-08-14,4727.607500000016
2023-08-15,3942.699999999954
2023-08-16,4682.830000000005
2023-08-17,-778.6000000000332
2023-08-18,-2974.0299999999356
2023-08-21,6255.832499999962
2023-08-22,-1021.8499999999605
2023-08-23,-11242.015000000021
2023-08-24,8958.962500000003
2023-08-25,5502.297500000016
2023-08-28,-6415.065000000025
2023-08-29,-7304.9
2023-08-30,-1501.909999999991
2023-08-31,-2045.1599999999767
2023-09-01,7462.894999999971
2023-09-04,2270.0999999999776
2023-09-05,8009.047500000033
2023-09-06,5883.602500000012
2023-09-07,-4120.925000000014
2023-09-08,3008.550000000006
2023-09-11,388.857499999966
2023-09-12,2301.257500000006
2023-09-13,-3261.2249999999935
2023-09-14,4793.070000000001
2023-09-15,2984.4400000000046
2023-09-18,1298.277500000005
2023-09-19,1318.33000000003
2023-09-20,1154.247499999985
2023-09-21,3561.8100000000386
2023-09-22,-2068.6875000000246
2023-09-25,137.29750000001803
2023-09-26,3316.837500000029
2023-09-27,10699.425000000032
2023-09-28,-7902.13249999998
2023-09-29,3773.6724999999888
2023-10-02,-173.84999999998197
2023-10-03,-2104.252500000039
2023-10-04,-15090.787499999999
2023-10-05,-8209.019999999995
2023-10-06,2190.994999999931
2023-10-09,-11117.592499999977
2023-10-10,4266.897500000017
2023-10-11,-4593.995000000019
2023-10-12,9284.707500000019
2023-10-13,1646.7749999999737
2023-10-16,5038.757500000018
2023-10-17,12908.067500000008
2023-10-18,8556.804999999973
2023-10-19,-251.94000000003427
2023-10-20,2259.1475000000023
2023-10-23,-4384.389999999987
2023-10-24,-1234.4799999999866
2023-10-25,6948.7625000000135
2023-10-26,-7909.5100000000075
2023-10-27,-508.3949999999836
2023-10-30,-1111.8600000000802
2023-10-31,5234.46500000006
2023-11-01,-19220.569999999996
2023-11-02,-4761.662499999984
2023-11-03,-15721.802500000009
2023-11-06,14237.217499999944
2023-11-07,-5011.89999999993
2023-11-08,-2079.5225000000023
2023-11-09,10041.365000000016
2023-11-10,2699.1475000000296
2023-11-13,-9149.187499999965
2023-11-14,-22350.727499999968
2023-11-15,673.6074999999305
2023-11-16,-6524.2175000000125
2023-11-17,-815.7874999999993
2023-11-20,3556.9275000000275
2023-11-21,3410.5825000000027
2023-11-22,-658.6325000000013
2023-11-23,2072.7949999999737
2023-11-24,-2863.854999999952
2023-11-27,588.5675000000283
2023-11-28,-10736.53000000001
2023-11-29,-3614.5325000000375
2023-11-30,-6751.052500000009
2023-12-01,-20593.76749999997
2023-12-04,7400.694999999982
2023-12-05,-1646.4925000000064
2023-12-06,-1191.9224999999312
2023-12-07,-9809.115000000033
2023-12-08,12026.71250000005
2023-12-11,6773.032499999996
2023-12-12,-6201.550000000006
2023-12-13,-24153.56499999996
2023-12-14,-22688.597500000058
2023-12-15,-2963.2175000000566
2023-12-18,3368.185000000022
2023-12-19,603.4100000000093
2023-12-20,-2798.464999999984
2023-12-21,-5280.905000000009
2023-12-22,-976.6599999999584
2023-12-25,-557.375000000031
2023-12-26,-4268.3
2023-12-27,-2685.849999999982
2023-12-28,7283.149999999963
2023-12-29,7127.74000000004
2024-01-01,-232.34999999999576
2024-01-02,13859.38249999994
2024-01-03,2537.3800000000224
2024-01-04,5949.644999999993
2024-01-05,866.5325000000412
2024-01-08,7931.852499999962
2024-01-09,-5009.029999999945
2024-01-10,3077.122499999972
2024-01-11,-11691.300000000014
2024-01-12,3711.052499999982
2024-01-15,5636.780000000053
2024-01-16,15376.044999999993
2024-01-17,13582.962499999958
2024-01-18,-5701.889999999972
2024-01-19,-5292.737499999982
2024-01-22,5052.277499999933
2024-01-23,-7792.272499999931
2024-01-24,-1856.6399999999742
2024-01-25,-2324.1549999999957
2024-01-26,11272.495000000074
2024-01-29,-8070.649999999967
2024-01-30,-9663.705000000098
2024-01-31,-3315.9124999999476
2024-02-01,-4151.917500000053
2024-02-02,25257.355000000054
2024-02-05,18116.982499999973
2024-02-06,-5784.599999999924
2024-02-07,8097.557500000009
2024-02-08,5815.099999999987
2024-02-09,3264.967499999988
2024-02-12,-1007.8574999999437
2024-02-13,23174.889999999978
2024-02-14,-9150.582499999939
2024-02-15,-6694.974999999999
2024-02-16,257.8899999999125
2024-02-19,4146.92250000008
2024-02-20,-18222.65500000008
2024-02-21,6097.907500000014
2024-02-22,3425.5525000000544
2024-02-23,2408.332499999987
2024-02-26,6230.654999999988
2024-02-27,-2817.3125000000787
2024-02-28,-10941.719999999978
2024-02-29,239.93500000010908
2024-03-01,222.35499999999814
2024-03-04,-6880.447500000094
2024-03-05,-6120.949999999959
2024-03-06,-2489.4075000000676
2024-03-07,-11838.364999999949
2024-03-08,-14276.439999999991
2024-03-11,7070.115000000069
2024-03-12,4283.344999999958
2024-03-13,7465.045000000072
2024-03-14,21547.234999999946
2024-03-15,1412.2149999999401
2024-03-18,6369.38999999997
2024-03-19,1930.0724999999936
2024-03-20,-19501.422500000015
2024-03-21,17190.27999999995
2024-03-22,3435.825000000074
2024-03-25,1191.7999999999047
2024-03-26,693.9975000001076
2024-03-27,4406.012499999936
2024-03-28,-5496.604999999907
2024-04-01,5365.439999999877
2024-04-02,9199.26250000008
2024-04-03,-25397.832499999975
2024-04-04,3893.7774999999147
2024-04-05,367.81750000004433
2024-04-08,-941.3850000000166
2024-04-09,-6991.054999999972
2024-04-10,44772.83500000002
2024-04-11,3332.2850000001044
2024-04-12,-2608.347500000064
2024-04-15,17168.660000000025
2024-04-16,13250.732499999922
2024-04-17,-18817.222500000018
2024-04-18,8153.745000000019
2024-04-19,-5381.450000000026
2024-04-22,-8414.87999999999
2024-04-23,-12138.03500000008
2024-04-24,7343.032500000081
2024-04-25,3192.335000000025
2024-04-26,8750.750000000045
2024-04-29,-16368.952499999998
2024-04-30,23440.479999999945
2024-05-01,-23382.550000000047
2024-05-02,-23199.80249999997
2024-05-03,-21317.712499999976
2024-05-06,-3372.100000000046
2024-05-07,1115.9650000000104
2024-05-08,8021.925000000039
2024-05-09,-9345.535000000025
2024-05-10,-3565.7625000000367
2024-05-13,-6674.3650000000225
2024-05-14,763.7975000000422
2024-05-15,-19009.11000000009
2024-05-16,11310.627500000097
2024-05-17,15036.41999999995
2024-05-20,-3692.39750000002
2024-05-21,-2236.0124999999366
2024-05-22,-4135.1800000000585
2024-05-23,6526.267499999982
2024-05-24,-2114.107500000019
2024-05-27,-603.4624999999288
2024-05-28,12220.049999999961
2024-05-29,12973.935000000007
2024-05-30,-15762.440000000062
2024-05-31,-8446.527499999987
2024-06-03,-26141.902499999964
2024-06-04,-8073.83249999997
2024-06-05,-537.8900000000522
2024-06-06,-5685.447499999983
2024-06-07,28414.432499999974
2024-06-10,7008.31500000002
2024-06-11,-5359.219999999994
2024-06-12,-17631.914999999983
2024-06-13,55.075000000015834
2024-06-14,3454.1250000000155
2024-06-17,12691.294999999878
2024-06-18,-4701.200000000049
2024-06-19,281.6125000000085
2024-06-20,14261.735000000032
2024-06-21,2464.527499999984
2024-06-24,-4757.319999999974
2024-06-25,4679.445000000045
2024-06-26,18418.72749999999
2024-06-27,-5803.9800000000905
2024-06-28,7097.44750000008
2024-07-01,9990.517499999989
2024-07-02,-5218.817500000031
2024-07-03,-9041.812500000025
2024-07-04,-1206.5799999999942
2024-07-05,-17373.509999999922
2024-07-08,2890.4899999999466
2024-07-09,2316.802499999845
2024-07-10,-1117.702499999935
2024-07-11,-23113.68999999992
2024-07-12,-8787.220000000074
2024-07-15,12232.677500000007
2024-07-16,-8224.095000000087
2024-07-17,-7705.347499999889
2024-07-18,14990.934999999956
2024-07-19,6785.572500000044
2024-07-22,-2982.512499999978
2024-07-23,1303.3699999999544
2024-07-24,-4996.954999999909
2024-07-25,1459.2499999999725
2024-07-26,2117.334999999993
2024-07-29,743.3349999999141
2024-07-30,-4636.11749999993
2024-07-31,-18537.287499999984
2024-08-01,-7544.2225000001
2024-08-02,-23868.79999999998
2024-08-05,-6003.645000000027
2024-08-06,-306.71000000000055
2024-08-07,3801.6000000000186
2024-08-08,3846.3449999999707
2024-08-09,-836.9600000000257
2024-08-12,523.3899999999796
2024-08-13,-1444.804999999959
2024-08-14,-2853.8250000000085
2024-08-15,10557.430000000031
2024-08-16,-2438.3450000000307
2024-08-19,-7511.7249999999185
2024-08-20,-6951.750000000075
2024-08-21,-2123.0799999999995
2024-08-22,8770.889999999983
2024-08-23,-6873.009999999993
2024-08-26,-172.04499999989793
2024-08-27,1334.490000000045
2024-08-28,2100.0699999999883
2024-08-29,-6388.609999999985
2024-08-30,-18.30000000000132
2024-09-02,359.3149999999989
2024-09-03,-2833.555000000052
2024-09-04,-4458.955000000012
2024-09-05,-2099.199999999946
2024-09-06,7062.600000000015
2024-09-09,968.699999999935
2024-09-10,4115.800000000054
2024-09-11,-3731.010000000042
2024-09-12,-6824.899999999988
2024-09-13,-802.9999999999663
2024-09-16,925.7074999999877
2024-09-17,-595.1000000000333
2024-09-18,623.8650000000046
2024-09-19,-1597.6749999999786
2024-09-20,-3059.9175000000178
2024-09-23,-10414.372500000007
2024-09-24,3024.9950000000417
2024-09-25,-5556.352500000072
2024-09-26,6325.930000000031
2024-09-27,-8999.792499999978
2024-09-30,602.4449999999683
2024-10-01,-10152.192499999941
2024-10-02,-3809.187500000035
2024-10-03,-4795.347500000023
2024-10-04,491.47999999999934
2024-10-07,-1580.43500000004
2024-10-08,7688.4000000000115
2024-10-09,882.032499999991
2024-10-10,-2818.424999999994
2024-10-11,4981.447500000017
2024-10-14,17530.412499999955
2024-10-15,100.30000000002616
2024-10-16,1912.4550000000263
2024-10-17,-86.892500000001
2024-10-18,7576.354999999998
2024-10-21,-4523.767499999937
2024-10-22,-6475.242500000039
2024-10-23,-1273.9199999999946
2024-10-24,-1665.3600000000456
2024-10-25,5880.427500000012
2024-10-28,6436.477499999932
2024-10-29,-2132.1950000000343
2024-10-30,-1064.6199999999403
2024-10-31,-3483.5050000000197
2024-11-01,6306.320000000008
2024-11-04,-4928.289999999965
2024-11-05,-8348.505000000092
2024-11-06,24034.06500000004
2024-11-07,-6636.4800000000005
2024-11-08,5439.78249999995
2024-11-11,2697.0625000000555
2024-11-12,14569.674999999976
2024-11-13,6641.109999999956
2024-11-14,16714.120000000003
2024-11-15,-9865.364999999974
2024-11-18,-14804.889999999996
2024-11-19,-2066.074999999964
2024-11-20,1936.9899999999088
2024-11-21,2262.1125000000084
2024-11-22,7760.737500000035
2024-11-25,-9646.499999999996
2024-11-26,-3677.932500000021
2024-11-27,-7743.650000000069
2024-11-28,-3484.4174999999045
2024-11-29,-10457.274999999981
2024-12-02,7244.147499999937
2024-12-03,5028.3175000000165
2024-12-04,175.45250000002036
2024-12-05,-12306.475000000051
2024-12-06,3292.8100000000213
2024-12-09,2997.0049999999665
2024-12-10,6736.6850000000095
2024-12-11,1745.8574999999487
2024-12-12,11983.717500000024
2024-12-13,8672.352499999983
2024-12-16,3263.9175000000373
2024-12-17,7002.672499999956
2024-12-18,35446.69000000005
2024-12-19,1388.5999999999751
2024-12-20,-11758.804999999937
2024-12-23,2426.972499999927
2024-12-24,2288.8825000000234
2024-12-25,-993.5774999999855
2024-12-26,-3652.1850000000204
2024-12-27,331.50749999993513
2024-12-30,-4241.505000000027
2024-12-31,-15.537499999968077
2025-01-01,659.7874999999941
2025-01-02,2348.0875000000487
2025-01-03,12275.252499999977
2025-01-06,-11657.322500000044
2025-01-07,4216.020000000022
2025-01-08,4308.1475000000455
2025-01-09,70.72999999995275
2025-01-10,5299.507499999931
2025-01-13,-12094.519999999884
2025-01-14,-1302.5350000000353
2025-01-15,-11340.480000000041
2025-01-16,7165.837499999919
2025-01-17,2618.5450000000237
2025-01-20,-21202.919999999966
2025-01-21,-1480.7099999999605
2025-01-22,7215.972499999939
2025-01-23,-5140.91999999998
2025-01-24,341.75499999998
2025-01-27,1179.3950000000366
2025-01-28,-1152.8199999999777
2025-01-29,-8614.615000000056
2025-01-30,682.8449999999652
2025-01-31,5643.9150000000645
2025-02-03,-4713.6800000000085
2025-02-04,-16727.010000000002
2025-02-05,-3704.9700000000093
2025-02-06,-7711.939999999954
2025-02-07,11256.099999999964
2025-02-10,5518.409999999989
2025-02-11,253.4250000000272
2025-02-12,9822.569999999856
2025-02-13,-18565.98499999997
2025-02-14,-13712.069999999956
2025-02-17,-2004.8050000000135
2025-02-18,9883.815000000006
2025-02-19,3683.819999999987
2025-02-20,-14064.610000000042
2025-02-21,144.45999999999174
2025-02-24,1600.9450000000068
2025-02-25,-9134.659999999976
2025-02-26,3139.054999999978
2025-02-27,16367.890000000072
2025-02-28,-917.745000000027
2025-03-03,-9859.075000000015
2025-03-04,3688.3299999999667
2025-03-05,-8327.804999999978
2025-03-06,-9566.989999999907
2025-03-07,3410.364999999852
2025-03-10,-3899.1849999999104
2025-03-11,5161.992499999987
2025-03-12,2700.867499999987
2025-03-13,1316.4000000000667
2025-03-14,1072.9650000000145
2025-03-17,-5347.027500000002
2025-03-18,508.2224999999399
2025-03-19,-5801.567500000067
2025-03-20,5661.050000000093
2025-03-21,2801.2575000000534
2025-03-24,-3439.590000000057
2025-03-25,1817.347500000011
2025-03-26,6144.564999999981
2025-03-27,1180.7200000000475
2025-03-28,-167.5249999999802
2025-03-31,1534.1900000000044
2025-04-01,-7251.765000000077
2025-04-02,2272.4750000000836
2025-04-03,-11520.36250000008
2025-04-04,23760.08499999996
2025-04-07,-18802.617499999935
2025-04-08,9639.459999999994
2025-04-09,-39969.290000000066
2025-04-10,1059.2325000000455
2025-04-11,-13357.237500000036
2025-04-14,2489.7050000000186
2025-04-15,2578.2099999999946
2025-04-16,-4643.774999999999
2025-04-17,-1983.3599999999797
2025-04-21,4450.440000000023
2025-04-22,-2642.0100000000393
2025-04-23,2884.43500000001
2025-04-24,-4274.492500000017
2025-04-25,485.46500000000947
2025-04-28,4944.907499999982
2025-04-29,6636.69000000004
2025-04-30,-4033.015000000027
2025-05-01,2024.7299999999846
2025-05-02,-4069.804999999937
2025-05-05,4903.234999999987
2025-05-06,-4051.5200000000477
2025-05-07,2230.490000000068
2025-05-08,3774.999999999939
2025-05-09,1774.4850000000358
2025-05-12,-683.0149999999854
2025-05-13,-4877.009999999993
2025-05-14,1342.744999999975
2025-05-15,-6525.675000000028
2025-05-16,5512.450000000041
2025-05-19,-3598.7750000000365
2025-05-20,-7467.524999999983
2025-05-21,3025.244999999981
2025-05-22,2762.7450000000035
2025-05-23,-7625.404999999981
2025-05-26,260.8700000000186
2025-05-27,2403.9449999999865
2025-05-28,6179.949999999999
2025-05-29,204.84000000003752
2025-05-30,-2503.015000000049
2025-06-02,-9027.499999999989
2025-06-03,-1410.8950000000123
2025-06-04,-2479.8724999999645
2025-06-05,5222.204999999991
2025-06-06,-141.00500000002683
2025-06-09,5949.080000000007
2025-06-10,-1685.0325000000082
2025-06-11,-991.6549999999975
2025-06-12,-5346.0550000000385
2025-06-13,-6418.149999999918
2025-06-16,2071.2999999999456
2025-06-17,348.42750000000257
2025-06-18,-3705.082499999942
2025-06-19,3900.472499999979
2025-06-20,695.0200000000125
2025-06-23,-13352.279999999995
2025-06-24,2440.52249999998
2025-06-25,465.77750000001765
2025-06-26,513.767499999996
2025-06-27,3182.1375000000185
2025-06-30,-3812.0175000000413
2025-07-01,-3637.2125000000347
2025-07-02,-6651.527499999985
2025-07-03,-3637.9749999999435
2025-07-04,3932.794999999904
2025-07-07,16839.977500000034
2025-07-08,5373.565000000022
2025-07-09,-4318.46749999997
2025-07-10,-6669.127500000077
2025-07-11,9879.18750000004
2025-07-14,-8204.192500000008
2025-07-15,12097.260000000051
2025-07-16,-8204.067500000076
2025-07-17,6462.997500000039
2025-07-18,-8521.362500000096
2025-07-21,7413.977500000018
2025-07-22,-8764.56750000002
2025-07-23,2454.9425000000106
2025-07-24,-1576.2975000000536
2025-07-25,-737.4399999999766
2025-07-28,10773.987499999976
2025-07-29,933.0475000000271
2025-07-30,11846.55000000001
2025-07-31,-470.91249999996523
2025-08-01,-29343.61000000002
2025-08-04,-2596.2625000000553
2025-08-05,9986.014999999987
2025-08-06,-4887.869999999964
2025-08-07,-7887.61000000005
2025-08-08,6472.78250000001
2025-08-11,-387.4650000000247
2025-08-12,-2800.047499999997
2025-08-13,-11288.07499999993
2025-08-14,7210.037499999952
2025-08-15,-703.3274999999472
2025-08-18,2352.769999999907
2025-08-19,5630.037500000105
2025-08-20,-3365.1150000000584
2025-08-21,3974.7225000000217
2025-08-22,-15199.022500000006
2025-08-25,8325.335000000017
2025-08-26,-6147.040000000077
2025-08-27,-3969.5674999999146
2025-08-28,-5763.412500000045
2025-08-29,-5841.787499999955
2025-09-01,3542.3074999999344
2025-09-02,14030.87500000004
2025-09-03,-13792.030000000006
2025-09-04,-1189.649999999997
2025-09-05,-9762.73000000005
2025-09-08,-8601.629999999976
2025-09-09,13643.642499999969
2025-09-10,1875.164999999992
2025-09-11,-10926.552499999972
2025-09-12,229.75499999994145
2025-09-15,-3067.084999999919
2025-09-16,-7823.969999999987
2025-09-17,11613.514999999948
2025-09-18,4148.5400000000045
2025-09-19,-4943.72750000003
2025-09-22,14681.382500000018
2025-09-23,-423.23749999995255
2025-09-24,-7077.780000000034
2025-09-25,-3459.0799999999495
2025-09-26,8154.710000000022
2025-09-29,-8197.190000000093
2025-09-30,1216.4775000000827
