date,net_pnl
2010-06-07,0.0
2010-06-08,0.0
2010-06-09,0.0
2010-06-10,0.0
2010-06-11,0.0
2010-06-14,0.0
2010-06-15,0.0
2010-06-16,0.0
2010-06-17,0.0
2010-06-18,0.0
2010-06-21,0.0
2010-06-22,0.0
2010-06-23,0.0
2010-06-24,0.0
2010-06-25,0.0
2010-06-28,0.0
2010-06-29,0.0
2010-06-30,0.0
2010-07-01,0.0
2010-07-02,0.0
2010-07-05,0.0
2010-07-06,0.0
2010-07-07,0.0
2010-07-08,0.0
2010-07-09,0.0
2010-07-12,0.0
2010-07-13,0.0
2010-07-14,0.0
2010-07-15,0.0
2010-07-16,0.0
2010-07-19,0.0
2010-07-20,0.0
2010-07-21,0.0
2010-07-22,0.0
2010-07-23,0.0
2010-07-26,0.0
2010-07-27,0.0
2010-07-28,0.0
2010-07-29,0.0
2010-07-30,0.0
2010-08-02,0.0
2010-08-03,0.0
2010-08-04,0.0
2010-08-05,0.0
2010-08-06,0.0
2010-08-09,0.0
2010-08-10,0.0
2010-08-11,0.0
2010-08-12,0.0
2010-08-13,0.0
2010-08-16,0.0
2010-08-17,0.0
2010-08-18,0.0
2010-08-19,0.0
2010-08-20,0.0
2010-08-23,0.0
2010-08-24,0.0
2010-08-25,0.0
2010-08-26,0.0
2010-08-27,0.0
2010-08-30,0.0
2010-08-31,0.0
2010-09-01,0.0
2010-09-02,0.0
2010-09-03,0.0
2010-09-06,0.0
2010-09-07,0.0
2010-09-08,0.0
2010-09-09,0.0
2010-09-10,0.0
2010-09-13,0.0
2010-09-14,0.0
2010-09-15,0.0
2010-09-16,0.0
2010-09-17,0.0
2010-09-20,0.0
2010-09-21,0.0
2010-09-22,0.0
2010-09-23,0.0
2010-09-24,0.0
2010-09-27,0.0
2010-09-28,0.0
2010-09-29,0.0
2010-09-30,0.0
2010-10-01,0.0
2010-10-04,0.0
2010-10-05,0.0
2010-10-06,0.0
2010-10-07,0.0
2010-10-08,0.0
2010-10-11,0.0
2010-10-12,0.0
2010-10-13,0.0
2010-10-14,0.0
2010-10-15,0.0
2010-10-18,0.0
2010-10-19,0.0
2010-10-20,0.0
2010-10-21,0.0
2010-10-22,0.0
2010-10-25,0.0
2010-10-26,-916.925
2010-10-27,-19195.17499999994
2010-10-28,28113.179999999873
2010-10-29,16861.947500000075
2010-11-01,8379.225000000044
2010-11-02,16877.174999999927
2010-11-03,12189.757500000003
2010-11-04,53444.07749999995
2010-11-05,-3901.2274999999395
2010-11-08,-10444.1675
2010-11-09,-24356.42500000005
2010-11-10,8534.135000000057
2010-11-11,-10402.83499999999
2010-11-12,-61674.01000000002
2010-11-15,-23690.96250000002
2010-11-16,-38888.547499999986
2010-11-17,1625.4149999999458
2010-11-18,40034.37500000003
2010-11-19,-15905.522499999983
2010-11-22,8264.472499999989
2010-11-23,-12842.872499999945
2010-11-24,10340.47499999998
2010-11-25,-1307.5275000000338
2010-11-26,-22014.409999999978
2010-11-29,12159.625000000007
2010-11-30,3034.457499999955
2010-12-01,28698.412499999988
2010-12-02,18073.880000000037
2010-12-03,37306.8
2010-12-06,-1256.845000000025
2010-12-07,-32858.7925
2010-12-08,-11519.992500000022
2010-12-09,3249.357500000038
2010-12-10,-6107.535
2010-12-13,20915.159999999963
2010-12-14,-7054.2799999999215
2010-12-15,-12119.264999999996
2010-12-16,6717.73000000002
2010-12-17,15.979999999937704
2010-12-20,6589.740000000061
2010-12-21,12954.24499999994
2010-12-22,5164.670000000041
2010-12-23,3514.9599999999837
2010-12-27,2321.890000000055
2010-12-28,4556.217499999915
2010-12-29,15436.310000000038
2010-12-30,-3834.387500000007
2010-12-31,20458.339999999953
2011-01-03,-1914.6549999999152
2011-01-04,-20687.075000000008
2011-01-05,-5218.704999999988
2011-01-06,-15286.67000000008
2011-01-07,-899.2699999999056
2011-01-10,13169.97249999997
2011-01-11,-508.84999999998126
2011-01-12,23295.904999999966
2011-01-13,-1001.2249999999863
2011-01-14,4343.347499999978
2011-01-17,-5186.339999999956
2011-01-18,12395.854999999952
2011-01-19,-7919.844999999969
2011-01-20,-19595.16499999997
2011-01-21,12508.094999999996
2011-01-24,2895.145000000026
2011-01-25,-11484.395000000071
2011-01-26,23697.149999999983
2011-01-27,-14041.784999999976
2011-01-28,-2116.009999999973
2011-01-31,9623.059999999981
2011-02-01,23148.13000000001
2011-02-02,-4527.950000000006
2011-02-03,-2842.6799999999607
2011-02-04,-328.05499999999734
2011-02-07,-1906.140000000073
2011-02-08,18005.900000000045
2011-02-09,-747.4075000000295
2011-02-10,-6309.924999999944
2011-02-11,-1101.2550000000106
2011-02-14,2456.4774999999936
2011-02-15,-10789.500000000058
2011-02-16,11658.920000000047
2011-02-17,9711.749999999982
2011-02-18,-628.4699999999759
2011-02-21,7681.245000000023
2011-02-22,-37252.21500000003
2011-02-23,19086.740000000045
2011-02-24,-3697.0500000000497
2011-02-25,18407.44
2011-02-28,2992.1099999999324
2011-03-01,-1980.3599999999315
2011-03-02,16126.825000000004
2011-03-03,12061.020000000015
2011-03-04,1290.3399999999801
2011-03-07,-18311.017499999984
2011-03-08,-8380.63500000007
2011-03-09,306.1250000000716
2011-03-10,-24426.654999999984
2011-03-11,498.8449999999837
2011-03-14,357.28500000001696
2011-03-15,-34896.39999999999
2011-03-16,-15828.880000000012
2011-03-17,39856.77750000002
2011-03-18,5210.307499999945
2011-03-21,10738.737500000043
2011-03-22,-153.41750000002594
2011-03-23,3277.315000000043
2011-03-24,9059.447499999984
2011-03-25,-5967.397499999955
2011-03-28,-11240.110000000055
2011-03-29,14680.189999999959
2011-03-30,-3659.3849999999657
2011-03-31,20747.600000000013
2011-04-01,3791.6149999999952
2011-04-04,1827.9550000000127
2011-04-05,7984.24999999996
2011-04-06,13625.995000000075
2011-04-07,266.3699999999159
2011-04-08,23198.915000000066
2011-04-11,-21054.155000000024
2011-04-12,-27007.875000000076
2011-04-13,-649.8399999998966
2011-04-14,10895.774999999941
2011-04-15,-8498.580000000018
2011-04-18,-21326.19749999993
2011-04-19,11605.990000000056
2011-04-20,23131.152499999884
2011-04-21,-445.924999999923
2011-04-25,-7855.525000000025
2011-04-26,4799.779999999977
2011-04-27,9299.624999999975
2011-04-28,-8205.580000000036
2011-04-29,8762.655000000079
2011-05-02,-13267.919999999976
2011-05-03,-14469.73000000003
2011-05-04,-18384.754999999997
2011-05-05,-49584.24000000004
2011-05-06,-5348.779999999955
2011-05-09,10948.614999999993
2011-05-10,6766.115000000016
2011-05-11,-19438.749999999996
2011-05-12,8938.184999999967
2011-05-13,-12858.17499999993
2011-05-16,-3520.6750000000948
2011-05-17,4329.485000000029
2011-05-18,-2767.304999999983
2011-05-19,7741.0475000000115
2011-05-20,-2818.8000000000084
2011-05-23,-11241.654999999988
2011-05-24,2612.315000000001
2011-05-25,5264.374999999983
2011-05-26,20382.229999999956
2011-05-27,9073.345000000068
2011-05-30,309.8649999999541
2011-05-31,3198.0999999999713
2011-06-01,-4861.629999999969
2011-06-02,-1811.8050000000112
2011-06-03,6233.125000000025
2011-06-06,-4849.999999999989
2011-06-07,3387.364999999992
2011-06-08,-241.38500000000363
2011-06-09,-4793.952499999981
2011-06-10,-4998.46250000002
2011-06-13,-2763.4100000000226
2011-06-14,-8971.942499999976
2011-06-15,-4797.972500000013
2011-06-16,753.2099999999691
2011-06-17,5428.749999999974
2011-06-20,4477.230000000027
2011-06-21,451.47000000002174
2011-06-22,-3146.4775000000545
2011-06-23,4474.19000000004
2011-06-24,-1796.1900000000237
2011-06-27,-1727.6850000000268
2011-06-28,-11230.024999999978
2011-06-29,4782.964999999978
2011-06-30,507.78749999996546
2011-07-01,-1489.332499999963
2011-07-04,362.05249999999523
2011-07-05,168.20999999992543
2011-07-06,3798.412500000047
2011-07-07,1030.5575000000454
2011-07-08,12217.187499999942
2011-07-11,-8892.769999999975
2011-07-12,1625.3299999999858
2011-07-13,3998.455000000008
2011-07-14,141.57999999994408
2011-07-15,1580.6674999999732
2011-07-18,-683.8849999999721
2011-07-19,5546.537499999981
2011-07-20,-495.76000000000954
2011-07-21,4331.470000000008
2011-07-22,-844.2900000000182
2011-07-25,1982.0950000000541
2011-07-26,8588.927499999993
2011-07-27,-15105.717500000013
2011-07-28,-1307.4574999999722
2011-07-29,18261.224999999937
2011-08-01,-4351.097499999926
2011-08-02,4743.522499999971
2011-08-03,459.5000000000182
2011-08-04,22093.63749999998
2011-08-05,2947.9825000000005
2011-08-08,46546.29250000005
2011-08-09,6089.797500000012
2011-08-10,11699.552499999982
2011-08-11,-20566.275000000005
2011-08-12,378.1250000000366
2011-08-15,-2933.75000000001
2011-08-16,5637.229999999987
2011-08-17,5274.240000000011
2011-08-18,9599.687499999996
2011-08-19,762.3650000000202
2011-08-22,-69.12999999999386
2011-08-23,-5880.135000000006
2011-08-24,-5651.562500000009
2011-08-25,-1444.3324999999786
2011-08-26,2914.6875000000064
2011-08-29,-2635.515000000018
2011-08-30,4940.8025
2011-08-31,-6653.57250000001
2011-09-01,6145.110000000025
2011-09-02,9223.10999999998
2011-09-05,6705.93750000002
2011-09-06,-8186.317500000007
2011-09-07,-8762.187500000053
2011-09-08,-488.74999999992883
2011-09-09,9642.67749999995
2011-09-12,-4653.799999999999
2011-09-13,-1943.4624999999826
2011-09-14,-3640.6074999999573
2011-09-15,-6006.434999999986
2011-09-16,2892.804999999982
2011-09-19,13392.179999999977
2011-09-20,-3121.7224999999758
2011-09-21,11779.730000000007
2011-09-22,20845.312499999953
2011-09-23,-3704.509999999946
2011-09-26,-10578.43750000002
2011-09-27,-11923.260000000033
2011-09-28,19602.67750000006
2011-09-29,-14354.130000000021
2011-09-30,18374.68750000001
2011-10-03,18328.74999999998
2011-10-04,-9280.9375
2011-10-05,-7285.93750000001
2011-10-06,-8606.207499999993
2011-10-07,-4604.6875000000055
2011-10-10,-19570.93750000003
2011-10-11,-5156.587499999949
2011-10-12,-6649.645000000011
2011-10-13,649.3250000000003
2011-10-14,-9094.467499999986
2011-10-17,12628.48000000001
2011-10-18,-1550.2024999999878
2011-10-19,2687.2974999999924
2011-10-20,-3143.4374999999877
2011-10-21,-8179.375000000009
2011-10-24,-6522.880000000017
2011-10-25,10541.917500000016
2011-10-26,-6357.2124999999805
2011-10-27,-25320.3125
2011-10-28,6538.209999999969
2011-10-31,11697.787500000008
2011-11-01,10889.172499999997
2011-11-02,-1476.1650000000093
2011-11-03,-14373.437499999985
2011-11-04,4625.9800000000105
2011-11-07,-2052.8124999999973
2011-11-08,-6585.2025000000385
2011-11-09,13797.812500000038
2011-11-10,-3338.530000000002
2011-11-11,-9429.687500000024
2011-11-14,10109.99999999998
2011-11-15,1712.2974999999935
2011-11-16,6157.71999999999
2011-11-17,4183.657500000006
2011-11-18,-5042.102499999996
2011-11-21,12637.787500000002
2011-11-22,1317.6100000000229
2011-11-23,12125.599999999977
2011-11-24,815.5575000000014
2011-11-25,863.8600000000214
2011-11-28,-11998.327500000034
2011-11-29,-5163.1249999999845
2011-11-30,-15511.25000000004
2011-12-01,-1651.1649999999868
2011-12-02,3736.252500000023
2011-12-05,-2945.0000000000036
2011-12-06,-1190.9650000000045
2011-12-07,6695.244999999941
2011-12-08,2793.545000000051
2011-12-09,-2465.0999999999776
2011-12-12,8860.619999999992
2011-12-13,1549.7399999999486
2011-12-14,12185.780000000044
2011-12-15,-3213.6125000000434
2011-12-16,4552.40500000002
2011-12-19,-5158.960000000016
2011-12-20,-19162.315000000028
2011-12-21,-5632.934999999968
2011-12-22,-4901.520000000026
2011-12-23,-4924.915
2011-12-26,160.00000000000014
2011-12-27,-5708.695000000001
2011-12-28,8942.00500000002
2011-12-29,-3498.619999999986
2011-12-30,4486.234999999985
2012-01-02,-1729.6549999999925
2012-01-03,-18287.117499999986
2012-01-04,236.5599999999809
2012-01-05,7228.995000000018
2012-01-06,5377.719999999977
2012-01-09,-4332.102499999991
2012-01-10,825.2200000000108
2012-01-11,8462.297500000006
2012-01-12,3745.6675000000128
2012-01-13,9355.980000000016
2012-01-16,2548.1674999999896
2012-01-17,-223.96500000000088
2012-01-18,-7563.340000000045
2012-01-19,-4703.929999999983
2012-01-20,-5054.92999999998
2012-01-23,-9400.70500000002
2012-01-24,-4357.997500000008
2012-01-25,936.2700000000473
2012-01-26,1756.8024999999839
2012-01-27,-4816.874999999992
2012-01-30,3698.2349999999765
2012-01-31,-6.449999999970714
2012-02-01,-5524.43000000005
2012-02-02,3092.3750000000073
2012-02-03,-4847.972499999967
2012-02-06,4377.2224999999935
2012-02-07,-3077.172499999984
2012-02-08,4443.600000000021
2012-02-09,520.9774999999544
2012-02-10,5300.075000000024
2012-02-13,3954.140000000011
2012-02-14,4300.890000000029
2012-02-15,4281.53999999994
2012-02-16,-605.6874999999651
2012-02-17,2442.127499999994
2012-02-20,-319.89499999997884
2012-02-21,9.452500000029062
2012-02-22,2910.2999999999656
2012-02-23,3803.552499999975
2012-02-24,1445.1274999999803
2012-02-27,-4750.340000000021
2012-02-28,-12996.880000000017
2012-02-29,11681.955000000049
2012-03-01,6124.472500000012
2012-03-02,-841.4575000000087
2012-03-05,-5851.179999999989
2012-03-06,-5324.150000000049
2012-03-07,9119.824999999977
2012-03-08,1585.2450000000383
2012-03-09,1838.7674999999947
2012-03-12,98.02750000001579
2012-03-13,4663.834999999983
2012-03-14,-3610.239999999955
2012-03-15,-9797.457500000039
2012-03-16,1594.572500000051
2012-03-19,9852.652499999966
2012-03-20,-3189.8049999999707
2012-03-21,-7303.439999999956
2012-03-22,-10569.38500000003
2012-03-23,518.8749999999824
2012-03-26,13250.019999999964
2012-03-27,-8730.694999999947
2012-03-28,-141.71500000001708
2012-03-29,2834.8200000000347
2012-03-30,-1927.374999999997
2012-04-02,9307.55749999998
2012-04-03,-6903.709999999982
2012-04-04,-17703.83250000005
2012-04-05,171.4950000000773
2012-04-06,-1841.5200000000702
2012-04-09,-7532.747500000004
2012-04-10,-11505.842500000008
2012-04-11,4213.76000000001
2012-04-12,16537.135000000017
2012-04-13,-1975.6349999999868
2012-04-16,-7773.209999999984
2012-04-17,11078.044999999922
2012-04-18,694.9900000000455
2012-04-19,-7227.362500000012
2012-04-20,7976.487500000013
2012-04-23,-5377.945000000005
2012-04-24,6231.047500000008
2012-04-25,4950.255000000025
2012-04-26,5178.877499999962
2012-04-27,-4125.5750000000035
2012-04-30,-9024.080000000034
2012-05-01,-1682.125000000005
2012-05-02,6753.650000000051
2012-05-03,-15873.327500000005
2012-05-04,-7252.829999999949
2012-05-07,4159.974999999973
2012-05-08,-4574.000000000042
2012-05-09,1597.2025000000185
2012-05-10,4823.654999999952
2012-05-11,1227.6550000000009
2012-05-14,422.10750000002656
2012-05-15,-4637.104999999988
2012-05-16,-12561.080000000033
2012-05-17,-14986.774999999976
2012-05-18,-18654.644999999975
2012-05-21,13660.127499999973
2012-05-22,3562.50500000001
2012-05-23,-169.41499999996785
2012-05-24,2980.1224999999454
2012-05-25,611.3575000000285
2012-05-28,3812.542500000007
2012-05-29,6054.124999999985
2012-05-30,20104.55499999998
2012-05-31,-1450.8025000000396
2012-06-01,-6371.8574999999455
2012-06-04,-11236.444999999963
2012-06-05,6305.574999999916
2012-06-06,-12765.649999999974
2012-06-07,8546.965000000007
2012-06-08,3280.939999999981
2012-06-11,1665.3250000000342
2012-06-12,-1159.3425000000166
2012-06-13,-3591.645000000024
2012-06-14,-7973.514999999973
2012-06-15,3617.795000000015
2012-06-18,9090.73749999996
2012-06-19,1343.6199999999642
2012-06-20,6635.529999999999
2012-06-21,-3835.274999999976
2012-06-22,-2430.869999999965
2012-06-25,1592.0775000000142
2012-06-26,-4674.170000000058
2012-06-27,-2774.4449999999924
2012-06-28,8700.074999999944
2012-06-29,-34183.21749999999
2012-07-02,12828.319999999945
2012-07-03,-8534.804999999931
2012-07-04,2543.23749999998
2012-07-05,6713.005000000006
2012-07-06,149.56749999999838
2012-07-09,671.6500000000144
2012-07-10,3101.6749999999856
2012-07-11,-4553.070000000004
2012-07-12,2744.8499999999976
2012-07-13,-2820.027499999959
2012-07-16,7154.812499999966
2012-07-17,-3256.00000000002
2012-07-18,7178.407500000027
2012-07-19,-4176.3900000000385
2012-07-20,10154.185000000007
2012-07-23,-8217.755000000068
2012-07-24,-7384.742500000011
2012-07-25,2376.7975000000492
2012-07-26,-11534.387500000013
2012-07-27,-2574.4074999999925
2012-07-30,12303.09500000003
2012-07-31,4097.187499999924
2012-08-01,-3764.5574999999435
2012-08-02,3295.027499999978
2012-08-03,-17441.760000000024
2012-08-06,-4352.4575000000095
2012-08-07,-7194.114999999989
2012-08-08,-2482.847500000011
2012-08-09,6957.510000000008
2012-08-10,4970.294999999954
2012-08-13,-5035.082499999982
2012-08-14,-8484.479999999934
2012-08-15,-150.84250000009376
2012-08-16,-4184.859999999979
2012-08-17,1637.6049999999789
2012-08-20,3118.2474999999654
2012-08-21,-7511.167499999933
2012-08-22,6994.722499999913
2012-08-23,-8206.43249999996
2012-08-24,2565.5049999999474
2012-08-27,4356.550000000049
2012-08-28,-3629.4825000000556
2012-08-29,2849.797500000024
2012-08-30,3005.277499999969
2012-08-31,33.23999999995521
2012-09-03,-2134.8249999998898
2012-09-04,905.2874999998846
2012-09-05,-8447.34999999993
2012-09-06,2612.3599999999924
2012-09-07,-8445.512499999957
2012-09-10,-1598.0374999999626
2012-09-11,-3503.4425000000697
2012-09-12,-6631.199999999943
2012-09-13,11223.04249999997
2012-09-14,-9960.180000000033
2012-09-17,-10213.579999999967
2012-09-18,-4383.784999999994
2012-09-19,8363.170000000075
2012-09-20,557.0424999999523
2012-09-21,1707.9500000000505
2012-09-24,-627.3700000000345
2012-09-25,6158.322499999928
2012-09-26,1087.5900000000395
2012-09-27,5878.6274999999505
2012-09-28,4514.675000000032
2012-10-01,-6212.575000000013
2012-10-02,-10713.555000000008
2012-10-03,7698.834999999959
2012-10-04,-142.88999999995997
2012-10-05,-13487.895000000006
2012-10-08,-1599.6224999999554
2012-10-09,-9271.329999999982
2012-10-10,-1550.932499999972
2012-10-11,7801.489999999971
2012-10-12,-14076.614999999998
2012-10-15,-8031.752500000062
2012-10-16,-11684.24250000001
2012-10-17,-4930.977500000074
2012-10-18,-3618.394999999908
2012-10-19,-17110.18499999996
2012-10-22,-7209.985000000003
2012-10-23,-931.855000000049
2012-10-24,1392.0525000000823
2012-10-25,-4095.8175000001024
2012-10-26,6803.945000000084
2012-10-29,5248.615000000033
2012-10-30,-4609.062500000015
2012-10-31,3060.247499999993
2012-11-01,-2499.5399999999663
2012-11-02,-22608.09249999993
2012-11-05,11039.57499999992
2012-11-06,7597.0275000000875
2012-11-07,-2092.4850000000656
2012-11-08,2170.41749999996
2012-11-09,4031.310000000033
2012-11-12,-10016.785000000084
2012-11-13,5707.315000000048
2012-11-14,-7555.127500000069
2012-11-15,-11766.02499999991
2012-11-16,2537.7474999998612
2012-11-19,26068.342499999977
2012-11-20,963.1275000000812
2012-11-21,2868.8450000000366
2012-11-22,-1347.0575000001427
2012-11-23,26807.579999999976
2012-11-26,-1218.7425000000474
2012-11-27,-5287.914999999953
2012-11-28,594.872500000045
2012-11-29,8080.314999999926
2012-11-30,-6157.950000000008
2012-12-03,49.89250000001857
2012-12-04,-11007.559999999994
2012-12-05,8297.98999999999
2012-12-06,-12104.740000000023
2012-12-07,-8640.247499999958
2012-12-10,5182.277499999946
2012-12-11,2578.8624999999197
2012-12-12,7700.3000000000775
2012-12-13,-17346.509999999995
2012-12-14,5479.432499999954
2012-12-17,9847.879999999992
2012-12-18,3300.620000000104
2012-12-19,-11977.332499999924
2012-12-20,-8867.252500000062
2012-12-21,-11501.137499999999
2012-12-24,-4720.567499999991
2012-12-25,-284.61999999999074
2012-12-26,4942.869999999987
2012-12-27,7379.4974999999295
2012-12-28,-15745.234999999959
2012-12-31,13637.770000000093
2013-01-01,-412.9999999999937
2013-01-02,27417.454999999885
2013-01-03,-33235.62249999998
2013-01-04,2146.652500000082
2013-01-07,-1641.117500000118
2013-01-08,-7605.842499999998
2013-01-09,-6544.287499999949
2013-01-10,38473.19000000006
2013-01-11,-25908.112500000087
2013-01-14,-6089.39000000006
2013-01-15,-11937.837500000003
2013-01-16,-12406.814999999939
2013-01-17,20436.367500000004
2013-01-18,-9573.80250000009
2013-01-21,1563.6900000000294
2013-01-22,5498.852500000093
2013-01-23,-7909.692499999974
2013-01-24,4498.837499999891
2013-01-25,6910.124999999989
2013-01-28,-2763.292499999928
2013-01-29,21405.42250000004
2013-01-30,1307.3249999999312
2013-01-31,7382.68250000001
2013-02-01,11604.710000000006
2013-02-04,-15724.017500000038
2013-02-05,12159.062500000073
2013-02-06,-7785.707500000015
2013-02-07,-7329.919999999983
2013-02-08,12210.714999999982
2013-02-11,-745.1224999998853
2013-02-12,7369.122499999829
2013-02-13,-4850.017499999927
2013-02-14,2093.1900000000287
2013-02-15,-6701.612500000036
2013-02-18,-598.817499999966
2013-02-19,-784.5274999999192
2013-02-20,-3867.2775000001284
2013-02-21,-12432.797499999926
2013-02-22,6698.102499999914
2013-02-25,-18542.66999999988
2013-02-26,-10695.835000000088
2013-02-27,1523.5300000000511
2013-02-28,-1372.4750000000913
2013-03-01,-3002.9049999999593
2013-03-04,3605.6525000000365
2013-03-05,-4674.065000000006
2013-03-06,3590.0474999999724
2013-03-07,-4006.2399999999498
2013-03-08,11716.159999999918
2013-03-11,-3405.447499999958
2013-03-12,-9723.315000000017
2013-03-13,6994.544999999999
2013-03-14,-1632.4524999999037
2013-03-15,1698.5474999999178
2013-03-18,-7395.669999999986
2013-03-19,4222.5524999999025
2013-03-20,-9005.88749999997
2013-03-21,-6721.23750000003
2013-03-22,-703.8174999999245
2013-03-25,-6836.3950000000395
2013-03-26,3251.319999999932
2013-03-27,-17393.417499999876
2013-03-28,22165.069999999945
2013-04-01,-8276.9925
2013-04-02,14066.595000000056
2013-04-03,-6708.042500000004
2013-04-04,-1590.415000000027
2013-04-05,-6839.25999999998
2013-04-08,-1024.4725000000033
2013-04-09,-9961.605000000121
2013-04-10,14742.132500000107
2013-04-11,563.1750000000699
2013-04-12,24966.287499999864
2013-04-15,32858.6750000001
2013-04-16,-10826.074999999975
2013-04-17,3869.589999999978
2013-04-18,-9065.340000000084
2013-04-19,2967.172500000002
2013-04-22,4796.14500000005
2013-04-23,9110.849999999944
2013-04-24,-3573.8649999999375
2013-04-25,-14317.965000000022
2013-04-26,6627.274999999976
2013-04-29,-4752.864999999935
2013-04-30,-548.5125000000412
2013-05-01,-2464.1475000000355
2013-05-02,-1057.459999999898
2013-05-03,-9624.952500000021
2013-05-06,1749.6675000000707
2013-05-07,-8190.287500000087
2013-05-08,3270.2800000000066
2013-05-09,2225.9374999999472
2013-05-10,-1045.5999999999815
2013-05-13,-1716.7725000000232
2013-05-14,12966.037500000066
2013-05-15,6399.359999999936
2013-05-16,1163.1999999999925
2013-05-17,24812.432500000068
2013-05-20,-11852.100000000102
2013-05-21,3775.77750000006
2013-05-22,21132.167500000018
2013-05-23,-10525.542500000005
2013-05-24,-8018.095000000004
2013-05-27,726.0525000000979
2013-05-28,21524.19249999991
2013-05-29,-19675.632499999978
2013-05-30,-11400.43249999999
2013-05-31,3358.21499999998
2013-06-03,-7391.734999999968
2013-06-04,4547.00499999995
2013-06-05,-9593.175000000041
2013-06-06,-12835.32499999997
2013-06-07,28127.51000000004
2013-06-10,5953.954999999951
2013-06-11,-8284.109999999988
2013-06-12,-4075.649999999992
2013-06-13,-8365.929999999955
2013-06-14,-11609.715000000033
2013-06-17,5298.957500000029
2013-06-18,17160.227499999997
2013-06-19,13743.047499999968
2013-06-20,3419.587499999989
2013-06-21,2389.185000000019
2013-06-24,6773.487499999998
2013-06-25,9750.50499999997
2013-06-26,7799.919999999997
2013-06-27,6161.082499999992
2013-06-28,-4604.289999999924
2013-07-01,-7469.604999999992
2013-07-02,9019.127499999928
2013-07-03,-2187.6824999999963
2013-07-04,14512.837500000005
2013-07-05,33159.535000000025
2013-07-08,-13553.449999999979
2013-07-09,2261.704999999957
2013-07-10,-34812.65999999999
2013-07-11,-50.257499999931994
2013-07-12,11054.724999999973
2013-07-15,5088.420000000023
2013-07-16,-10345.400000000012
2013-07-17,3492.6249999999914
2013-07-18,-1202.4449999999692
2013-07-19,-1834.4200000000046
2013-07-22,-16428.417500000003
2013-07-23,-1295.7500000000468
2013-07-24,12184.840000000022
2013-07-25,-13681.750000000045
2013-07-26,-1437.8549999999664
2013-07-29,263.42999999998165
2013-07-30,3776.7300000000428
2013-07-31,-2815.712500000005
2013-08-01,19580.649999999943
2013-08-02,-5431.544999999956
2013-08-05,7816.799999999972
2013-08-06,1865.9500000000703
2013-08-07,-7286.41500000003
2013-08-08,-17109.172500000008
2013-08-09,-6267.07999999998
2013-08-12,-10208.180000000024
2013-08-13,10103.549999999992
2013-08-14,-12111.184999999969
2013-08-15,-19274.82000000006
2013-08-16,-2525.52999999999
2013-08-19,5343.90249999995
2013-08-20,3137.0300000000475
2013-08-21,538.6700000000106
2013-08-22,10992.472499999993
2013-08-23,-4786.8774999999905
2013-08-26,-5540.327500000012
2013-08-27,-11346.429999999997
2013-08-28,4822.159999999971
2013-08-29,3628.6700000000415
2013-08-30,285.81999999998794
2013-09-02,7632.892499999951
2013-09-03,1900.6575000000178
2013-09-04,20581.29250000002
2013-09-05,16870.505000000023
2013-09-06,-7952.477500000037
2013-09-09,1714.9374999999777
2013-09-10,7826.919999999958
2013-09-11,-300.4499999999807
2013-09-12,6360.14000000003
2013-09-13,-1552.6100000000595
2013-09-16,-6899.854999999924
2013-09-17,-1970.8674999999419
2013-09-18,-6574.915000000011
2013-09-19,19.31499999997135
2013-09-20,627.349999999991
2013-09-23,-5969.034999999986
2013-09-24,2293.1999999999816
2013-09-25,-3616.9849999999906
2013-09-26,-1486.937500000049
2013-09-27,743.2350000000431
2013-09-30,-3816.655000000028
2013-10-01,6766.8949999999795
2013-10-02,-3846.289999999999
2013-10-03,-220.00499999994497
2013-10-04,673.1199999999818
2013-10-07,-8717.502500000002
2013-10-08,-4550.539999999954
2013-10-09,-7479.680000000038
2013-10-10,21439.369999999974
2013-10-11,-352.4225000000574
2013-10-14,6186.432500000133
2013-10-15,-3112.6475000000864
2013-10-16,3551.4125000001077
2013-10-17,-7286.967500000076
2013-10-18,-1141.6274999999807
2013-10-21,187.75249999998823
2013-10-22,-1694.7100000000453
2013-10-23,-7964.082499999981
2013-10-24,6063.257500000068
2013-10-25,2737.692499999996
2013-10-28,12597.702499999968
2013-10-29,1516.2550000000363
2013-10-30,-5597.252499999986
2013-10-31,892.6524999999924
2013-11-01,-7587.515000000101
2013-11-04,6220.022500000006
2013-11-05,3367.527500000047
2013-11-06,-1632.417499999977
2013-11-07,-3943.812500000051
2013-11-08,17201.850000000013
2013-11-11,197.87500000000827
2013-11-12,5741.745000000048
2013-11-13,1963.4674999999784
2013-11-14,-7155.730000000087
2013-11-15,-224.50749999994005
2013-11-18,1007.7575000000226
2013-11-19,-2587.729999999973
2013-11-20,8702.779999999997
2013-11-21,6612.842500000012
2013-11-22,-244.7099999999877
2013-11-25,-5364.83000000007
2013-11-26,18753.845000000092
2013-11-27,6296.049999999973
2013-11-28,3921.0575000000017
2013-11-29,-3197.4625000000383
2013-12-02,4810.835000000054
2013-12-03,-7192.417499999997
2013-12-04,-3508.4550000000304
2013-12-05,2863.475000000015
2013-12-06,10291.949999999979
2013-12-09,4531.205000000055
2013-12-10,-8723.357500000044
2013-12-11,-1881.7649999999603
2013-12-12,6908.709999999924
2013-12-13,-1937.382499999863
2013-12-16,1173.0999999999221
2013-12-17,-425.9074999999524
2013-12-18,19287.957499999957
2013-12-19,-6431.625000000057
2013-12-20,1873.565000000056
2013-12-23,5353.940000000022
2013-12-24,4178.805000000005
2013-12-25,1802.6000000000165
2013-12-26,4706.995000000011
2013-12-27,4220.237499999972
2013-12-30,4942.722500000061
2013-12-31,-2388.4524999998835
2014-01-01,540.1999999999923
2014-01-02,-9444.330000000138
2014-01-03,-19801.887499999928
2014-01-06,3747.78999999997
2014-01-07,8646.682500000008
2014-01-08,2357.9225000000256
2014-01-09,-1036.377499999991
2014-01-10,1121.7825000000269
2014-01-13,-8057.7025000000485
2014-01-14,15896.595000000101
2014-01-15,7838.654999999886
2014-01-16,-1939.6650000000216
2014-01-17,-4341.799999999903
2014-01-20,-1452.4299999999757
2014-01-21,3585.4249999999784
2014-01-22,6164.187499999978
2014-01-23,2542.21499999997
2014-01-24,-21223.912500000002
2014-01-27,-6378.789999999964
2014-01-28,-279.47000000004266
2014-01-29,10758.424999999972
2014-01-30,-7570.239999999931
2014-01-31,139.1149999999625
2014-02-03,-13729.204999999934
2014-02-04,-11853.925000000025
2014-02-05,-5173.235000000033
2014-02-06,2372.220000000032
2014-02-07,8856.264999999996
2014-02-10,-3532.1225000000236
2014-02-11,1860.3949999999854
2014-02-12,-8019.239999999924
2014-02-13,22423.40999999989
2014-02-14,-8097.642500000033
2014-02-17,-1928.4374999999668
2014-02-18,2591.6424999999413
2014-02-19,1177.2400000000657
2014-02-20,4356.255000000014
2014-02-21,2987.705000000005
2014-02-24,-8468.059999999996
2014-02-25,9942.037499999995
2014-02-26,10401.492500000046
2014-02-27,13117.394999999935
2014-02-28,7588.464999999947
2014-03-03,-18847.399999999998
2014-03-04,3128.0650000001347
2014-03-05,-7270.265000000035
2014-03-06,-4302.867500000054
2014-03-07,-7602.665
2014-03-10,2518.3250000000257
2014-03-11,8452.94249999997
2014-03-12,-1845.3074999999374
2014-03-13,-1086.4475000000339
2014-03-14,-1155.5174999999806
2014-03-17,599.8550000000691
2014-03-18,13394.444999999996
2014-03-19,-20582.790000000026
2014-03-20,-83.95750000001127
2014-03-21,-9506.054999999953
2014-03-24,5270.215000000001
2014-03-25,-1735.5325000000878
2014-03-26,-5693.734999999852
2014-03-27,7674.779999999945
2014-03-28,-6673.42499999999
2014-03-31,4585.9849999999815
2014-04-01,2888.1099999999624
2014-04-02,-10280.794999999938
2014-04-03,3168.21250000004
2014-04-04,-27860.045000000024
2014-04-07,-6661.552499999997
2014-04-08,7241.439999999911
2014-04-09,17779.94000000008
2014-04-10,-5508.4575000000605
2014-04-11,-3779.5274999999415
2014-04-14,2332.1649999999654
2014-04-15,9521.425000000025
2014-04-16,4116.035000000001
2014-04-17,-5207.742500000015
2014-04-21,1610.4374999999513
2014-04-22,3088.030000000112
2014-04-23,4924.277500000041
2014-04-24,-4163.895000000064
2014-04-25,-6367.772499999988
2014-04-28,3703.9224999999983
2014-04-29,3516.722500000053
2014-04-30,4361.987500000011
2014-05-01,-5774.247500000033
2014-05-02,-6567.014999999974
2014-05-05,-3914.332500000041
2014-05-06,142.4149999999952
2014-05-07,2449.6775000000416
2014-05-08,-9737.167500000016
2014-05-09,-7472.772499999998
2014-05-12,-8049.48250000002
2014-05-13,8297.382500000056
2014-05-14,4843.1499999999305
2014-05-15,-8219.122499999996
2014-05-16,-1170.267500000063
2014-05-19,7263.072500000036
2014-05-20,-6350.599999999978
2014-05-21,4551.532499999939
2014-05-22,-6170.259999999964
2014-05-23,-2732.1550000000293
2014-05-26,3359.7424999999866
2014-05-27,-6759.830000000032
2014-05-28,1305.307499999999
2014-05-29,3227.832499999945
2014-05-30,-6838.787499999839
2014-06-02,-10365.03750000003
2014-06-03,-4967.057499999876
2014-06-04,4892.445000000039
2014-06-05,10688.13500000001
2014-06-06,6396.245000000012
2014-06-09,7224.26499999997
2014-06-10,-8297.942499999988
2014-06-11,5232.0375000000295
2014-06-12,19890.179999999993
2014-06-13,1041.5725
2014-06-16,4530.419999999969
2014-06-17,-25675.879999999932
2014-06-18,23533.76249999999
2014-06-19,11094.602499999975
2014-06-20,-1057.9850000001352
2014-06-23,-9198.052499999934
2014-06-24,13304.314999999962
2014-06-25,2628.290000000025
2014-06-26,3652.6299999999937
2014-06-27,-1685.2774999999594
2014-06-30,650.3599999999698
2014-07-01,5424.967500000024
2014-07-02,-16471.469999999972
2014-07-03,-7075.417499999894
2014-07-04,-1933.6725000000363
2014-07-07,-2131.8175000000697
2014-07-08,1342.537500000075
2014-07-09,4877.027500000005
2014-07-10,6267.014999999973
2014-07-11,980.4825000000752
2014-07-14,-11895.000000000155
2014-07-15,-11296.009999999884
2014-07-16,7073.625000000058
2014-07-17,8402.099999999817
2014-07-18,8347.492500000097
2014-07-21,2394.6149999998906
2014-07-22,11690.307500000068
2014-07-23,-2760.454999999953
2014-07-24,-28773.51250000005
2014-07-25,4141.735000000131
2014-07-28,-6767.1600000001245
2014-07-29,979.0950000000203
2014-07-30,-32341.255000000005
2014-07-31,-26583.80750000003
2014-08-01,-14416.154999999964
2014-08-04,2028.9949999999037
2014-08-05,-12766.179999999957
2014-08-06,-6698.617499999894
2014-08-07,-3805.7375000001693
2014-08-08,-2145.637499999964
2014-08-11,5247.697499999973
2014-08-12,5485.649999999981
2014-08-13,11068.110000000082
2014-08-14,20849.16250000001
2014-08-15,-1058.2900000000566
2014-08-18,14085.697500000071
2014-08-19,3063.750000000018
2014-08-20,-15466.659999999965
2014-08-21,6187.704999999959
2014-08-22,4152.114999999987
2014-08-25,7242.779999999975
2014-08-26,6181.9075
2014-08-27,2323.2700000000636
2014-08-28,-471.06000000013546
2014-08-29,3172.920000000169
2014-09-01,4089.9849999999997
2014-09-02,15404.940000000011
2014-09-03,2866.1250000000855
2014-09-04,29456.71749999989
2014-09-05,1401.6224999999895
2014-09-08,10938.537499999953
2014-09-09,-19248.612499999963
2014-09-10,7605.827500000034
2014-09-11,1985.3949999999927
2014-09-12,-5531.492500000079
2014-09-15,-7335.129999999913
2014-09-16,9115.17000000007
2014-09-17,6831.909999999862
2014-09-18,3666.8750000001164
2014-09-19,28166.19249999985
2014-09-22,-6418.182499999966
2014-09-23,5709.375
2014-09-24,-4632.3875
2014-09-25,18207.6775
2014-09-26,6460.597500000077
2014-09-29,2402.0749999999366
2014-09-30,20834.182500000017
2014-10-01,1068.4825000000083
2014-10-02,-5481.642500000067
2014-10-03,42032.14000000011
2014-10-06,-38225.67250000006
2014-10-07,3112.7725000000855
2014-10-08,15776.714999999978
2014-10-09,3356.567499999954
2014-10-10,1866.2699999999963
2014-10-13,-16234.642499999902
2014-10-14,19293.572499999904
2014-10-15,-1318.0949999999716
2014-10-16,-15454.632499999978
2014-10-17,3341.039999999976
2014-10-20,10856.722500000005
2014-10-21,-5837.867500000104
2014-10-22,13935.485000000124
2014-10-23,-5847.815000000049
2014-10-24,5287.299999999979
2014-10-27,-3159.9749999999294
2014-10-28,-14460.360000000002
2014-10-29,-1208.6800000000628
2014-10-30,19649.092500000028
2014-10-31,9721.12000000008
2014-11-03,21381.389999999952
2014-11-04,4380.184999999963
2014-11-05,12522.944999999989
2014-11-06,1197.1275000000655
2014-11-07,-3592.2550000000933
2014-11-10,3855.4775000000845
2014-11-11,-11552.849999999977
2014-11-12,6922.319999999948
2014-11-13,17068.034999999953
2014-11-14,-17016.174999999912
2014-11-17,6877.814999999997
2014-11-18,7243.619999999936
2014-11-19,3890.852500000075
2014-11-20,-8215.26000000005
2014-11-21,6673.400000000018
2014-11-24,10864.42999999997
2014-11-25,1623.0025000000273
2014-11-26,4326.737500000041
2014-11-27,27611.30000000001
2014-11-28,26617.059999999998
2014-12-01,-31067.832499999986
2014-12-02,15105.552500000002
2014-12-03,8350.044999999936
2014-12-04,1512.4500000000253
2014-12-05,-10701.942499999921
2014-12-08,16144.68749999989
2014-12-09,-10917.102499999964
2014-12-10,-2474.7000000000207
2014-12-11,8611.55249999999
2014-12-12,4495.220000000027
2014-12-15,3489.672500000004
2014-12-16,407.5674999999992
2014-12-17,13315.61499999997
2014-12-18,10626.089999999958
2014-12-19,2813.822499999989
2014-12-22,17595.11999999997
2014-12-23,-11576.71749999989
2014-12-24,7768.962499999912
2014-12-25,-1334.2674999999708
2014-12-26,-639.3725000000251
2014-12-29,18237.43999999999
2014-12-30,-10212.024999999923
2014-12-31,2495.124999999986
2015-01-01,4502.889999999992
2015-01-02,31061.752499999926
2015-01-05,1203.07500000011
2015-01-06,11865.002499999977
2015-01-07,9116.7625
2015-01-08,3030.8574999999705
2015-01-09,-6099.4600000000255
2015-01-12,18990.882500000014
2015-01-13,12429.502500000057
2015-01-14,-10339.090000000024
2015-01-15,-33765.98749999997
2015-01-16,-10914.605000000032
2015-01-19,8834.194999999996
2015-01-20,7175.349999999948
2015-01-21,-3319.9074999999502
2015-01-22,20264.44499999997
2015-01-23,19512.430000000044
2015-01-26,-3613.774999999995
2015-01-27,-11326.105000000027
2015-01-28,5444.999999999991
2015-01-29,17076.185
2015-01-30,-7927.764999999969
2015-02-02,-7216.560000000004
2015-02-03,-23686.20500000003
2015-02-04,18064.10000000001
2015-02-05,-12652.655000000004
2015-02-06,-5077.605000000022
2015-02-09,-7016.192499999959
2015-02-10,11663.604999999987
2015-02-11,8462.319999999987
2015-02-12,-13209.93750000001
2015-02-13,-14094.817500000023
2015-02-16,-171.2749999999535
2015-02-17,5318.430000000035
2015-02-18,8071.334999999958
2015-02-19,-5698.959999999987
2015-02-20,-4175.53749999992
2015-02-23,5063.589999999956
2015-02-24,2906.4974999999486
2015-02-25,-13333.024999999954
2015-02-26,5015.06749999996
2015-02-27,-7190.632499999998
2015-03-02,11071.155000000048
2015-03-03,-9436.854999999967
2015-03-04,4567.265000000008
2015-03-05,9966.959999999997
2015-03-06,2944.219999999978
2015-03-09,7671.320000000019
2015-03-10,9934.92000000001
2015-03-11,6347.144999999936
2015-03-12,3548.175000000005
2015-03-13,8778.61999999999
2015-03-16,12266.715000000031
2015-03-17,5780.390000000033
2015-03-18,-10416.03500000004
2015-03-19,8176.6799999999785
2015-03-20,-9820.709999999921
2015-03-23,-11878.975000000044
2015-03-24,6048.212500000016
2015-03-25,-13985.57500000003
2015-03-26,-16536.064999999973
2015-03-27,17587.025
2015-03-30,13537.039999999997
2015-03-31,-1721.7775000000177
2015-04-01,-3135.4600000000037
2015-04-02,443.45000000002995
2015-04-03,-4174.754999999993
2015-04-06,-4438.367500000016
2015-04-07,104.229999999992
2015-04-08,9557.210000000048
2015-04-09,2679.3500000000067
2015-04-10,-2082.025
2015-04-13,-997.4300000000343
2015-04-14,-5424.320000000031
2015-04-15,-15782.389999999945
2015-04-16,-12121.195000000018
2015-04-17,-838.6024999999936
2015-04-20,13561.240000000045
2015-04-21,508.63999999996145
2015-04-22,-4108.114999999954
2015-04-23,-12115.054999999995
2015-04-24,-1860.2500000000457
2015-04-27,-4857.839999999967
2015-04-28,-14951.475000000017
2015-04-29,-17407.029999999948
2015-04-30,-11185.484999999997
2015-05-01,5109.739999999985
2015-05-04,-2932.1350000000048
2015-05-05,-14986.399999999952
2015-05-06,-9341.575000000044
2015-05-07,14528.82500000006
2015-05-08,2279.382499999967
2015-05-11,-8839.822499999957
2015-05-12,-7942.400000000039
2015-05-13,1335.5050000000253
2015-05-14,4140.6399999999885
2015-05-15,5247.5599999999895
2015-05-18,-173.70499999995343
2015-05-19,6096.269999999925
2015-05-20,2832.284999999993
2015-05-21,-9363.544999999971
2015-05-22,12541.18000000008
2015-05-25,-246.27500000004272
2015-05-26,11403.29499999995
2015-05-27,9143.209999999974
2015-05-28,1562.3349999999746
2015-05-29,-3184.389999999928
2015-06-01,-2407.432500000036
2015-06-02,-21505.067499999986
2015-06-03,-3497.027499999978
2015-06-04,-6071.505000000018
2015-06-05,-332.86500000000626
2015-06-08,-7922.1250000000155
2015-06-09,-4750.749999999978
2015-06-10,3189.225000000018
2015-06-11,5828.929999999909
2015-06-12,-5154.654999999976
2015-06-15,-1823.3649999999839
2015-06-16,4534.889999999986
2015-06-17,-3388.715000000015
2015-06-18,4363.2950000000255
2015-06-19,435.5174999999862
2015-06-22,-1469.0549999999441
2015-06-23,-2460.9650000000615
2015-06-24,-5680.369999999945
2015-06-25,-15291.160000000033
2015-06-26,-4108.83499999999
2015-06-29,-10303.805000000006
2015-06-30,-13424.977499999946
2015-07-01,4317.949999999921
2015-07-02,-3374.340000000003
2015-07-03,-104.40500000001688
2015-07-06,-3211.5875000000265
2015-07-07,6841.902500000072
2015-07-08,-5021.560000000013
2015-07-09,213.59000000006904
2015-07-10,4419.492499999931
2015-07-13,4517.974999999983
2015-07-14,-5595.019999999906
2015-07-15,2262.0849999999546
2015-07-16,2030.2450000000374
2015-07-17,4674.194999999936
2015-07-20,582.5475000000068
2015-07-21,-14927.020000000013
2015-07-22,-656.7799999999752
2015-07-23,-9745.725000000037
2015-07-24,-5721.670000000016
2015-07-27,-7540.844999999925
2015-07-28,737.214999999995
2015-07-29,7101.574999999934
2015-07-30,658.6800000000499
2015-07-31,-2435.7300000000528
2015-08-03,-3033.899999999971
2015-08-04,-5754.31000000004
2015-08-05,4630.842500000024
2015-08-06,-2674.112499999985
2015-08-07,-2661.0700000000174
2015-08-10,-17663.50000000003
2015-08-11,11324.270000000011
2015-08-12,-19089.220000000038
2015-08-13,4238.32499999998
2015-08-14,705.512500000061
2015-08-17,5590.392500000035
2015-08-18,1404.2199999999887
2015-08-19,2132.949999999938
2015-08-20,-10593.309999999956
2015-08-21,12591.719999999987
2015-08-24,15894.259999999966
2015-08-25,578.0549999999381
2015-08-26,-24282.069999999956
2015-08-27,-30577.195000000014
2015-08-28,-8509.687499999993
2015-08-31,-7083.047500000005
2015-09-01,24961.250000000015
2015-09-02,-12074.287500000064
2015-09-03,-1640.0974999999892
2015-09-04,12684.64500000003
2015-09-07,1609.0499999999847
2015-09-08,-18434.874999999967
2015-09-09,16529.512499999935
2015-09-10,-11026.342499999992
2015-09-11,1398.1700000000014
2015-09-14,-961.4499999999769
2015-09-15,-7569.662500000008
2015-09-16,-8837.007499999958
2015-09-17,5931.014999999927
2015-09-18,8524.677500000007
2015-09-21,-3427.63999999996
2015-09-22,7754.275000000011
2015-09-23,3525.9600000000264
2015-09-24,-1995.2500000000177
2015-09-25,-2329.845000000048
2015-09-28,15706.175000000052
2015-09-29,1423.7949999999994
2015-09-30,-7067.484999999994
2015-10-01,631.7149999999804
2015-10-02,-8531.367500000018
2015-10-05,-12094.122500000027
2015-10-06,-10934.029999999977
2015-10-07,-3567.9575000000254
2015-10-08,-2606.862500000009
2015-10-09,-5175.567500000006
2015-10-12,7717.63750000001
2015-10-13,8251.004999999966
2015-10-14,-1487.252499999986
2015-10-15,-8501.21750000003
2015-10-16,-5039.337499999972
2015-10-19,5867.0600000000295
2015-10-20,-4082.412500000008
2015-10-21,2371.504999999996
2015-10-22,-11126.189999999946
2015-10-23,-1613.9949999999956
2015-10-26,5628.042499999998
2015-10-27,3922.8074999999826
2015-10-28,-12765.38999999998
2015-10-29,-994.6949999999822
2015-10-30,-3802.104999999994
2015-11-02,-197.98999999998375
2015-11-03,-3784.8775
2015-11-04,12149.155000000013
2015-11-05,13920.624999999987
2015-11-06,9563.032500000036
2015-11-09,1221.224999999972
2015-11-10,3507.6475000000037
2015-11-11,-1325.4524999999655
2015-11-12,5665.824999999987
2015-11-13,12500.382499999994
2015-11-16,9900.302500000005
2015-11-17,1404.7974999999572
2015-11-18,-2267.7924999999946
2015-11-19,-7380.159999999998
2015-11-20,9364.155000000017
2015-11-23,-1251.1800000000155
2015-11-24,-5605.447499999972
2015-11-25,-1531.6500000000074
2015-11-26,3294.4400000000305
2015-11-27,10836.092499999933
2015-11-30,-1957.7599999999363
2015-12-01,-4061.715000000069
2015-12-02,9548.520000000053
2015-12-03,-39121.550000000105
2015-12-04,2765.55000000003
2015-12-07,34575.99000000007
2015-12-08,3603.512499999999
2015-12-09,-9849.05250000004
2015-12-10,-2034.0600000000222
2015-12-11,23837.31999999998
2015-12-14,1158.4975000000345
2015-12-15,-847.0524999999825
2015-12-16,-3908.087500000018
2015-12-17,13961.97000000003
2015-12-18,-6341.062500000008
2015-12-21,-7294.340000000036
2015-12-22,-2026.6424999999954
2015-12-23,-10592.097499999965
2015-12-24,-1629.009999999973
2015-12-28,8705.247499999938
2015-12-29,-9795.94250000002
2015-12-30,3052.847500000053
2015-12-31,-1138.5775000000253
2016-01-04,7542.884999999961
2016-01-05,5219.715000000015
2016-01-06,8493.010000000017
2016-01-07,4831.894999999984
2016-01-08,10973.055
2016-01-11,9455.132500000076
2016-01-12,8936.899999999936
2016-01-13,9644.535000000018
2016-01-14,-4961.5875000000315
2016-01-15,33566.76750000001
2016-01-18,762.5350000000261
2016-01-19,-2821.160000000051
2016-01-20,14527.474999999988
2016-01-21,-15909.489999999985
2016-01-22,-22897.815000000024
2016-01-25,20349.030000000017
2016-01-26,-10647.212500000016
2016-01-27,-3076.2375000000357
2016-01-28,-8917.057499999943
2016-01-29,-4565.384999999977
2016-02-01,3370.512499999959
2016-02-02,26469.347499999963
2016-02-03,-19623.892499999984
2016-02-04,7782.589999999949
2016-02-05,17011.712500000052
2016-02-08,22305.262499999943
2016-02-09,9058.43250000005
2016-02-10,10290.220000000032
2016-02-11,6906.427499999945
2016-02-12,-20656.812500000007
2016-02-15,-19571.702499999967
2016-02-16,3886.7549999999796
2016-02-17,-23894.302500000013
2016-02-18,17745.567499999986
2016-02-19,-1825.0875000000294
2016-02-22,290.23750000000217
2016-02-23,18110.519999999997
2016-02-24,-3524.570000000036
2016-02-25,-144.64249999992035
2016-02-26,-9751.64500000004
2016-02-29,4599.014999999971
2016-03-01,-4519.867499999967
2016-03-02,-1992.542500000026
2016-03-03,342.3125000000092
2016-03-04,-14617.655
2016-03-07,-9765.267499999953
2016-03-08,7146.917499999939
2016-03-09,-7660.042499999954
2016-03-10,-9188.135000000038
2016-03-11,-6977.75249999996
2016-03-14,-199.37500000003638
2016-03-15,-684.8924999999851
2016-03-16,6117.877499999971
2016-03-17,-2134.210000000033
2016-03-18,4021.650000000004
2016-03-21,-7745.114999999957
2016-03-22,2155.5649999999528
2016-03-23,3879.5550000000153
2016-03-24,-2591.7500000000273
2016-03-28,-3140.1799999999907
2016-03-29,9785.63249999998
2016-03-30,9619.702500000025
2016-03-31,9979.265
2016-04-01,10305.359999999955
2016-04-04,-453.6599999999586
2016-04-05,-1380.329999999984
2016-04-06,1375.579999999981
2016-04-07,5082.807499999978
2016-04-08,-9178.31500000001
2016-04-11,4536.262500000005
2016-04-12,-11984.572500000013
2016-04-13,-4837.877499999979
2016-04-14,2402.1199999999785
2016-04-15,6397.652499999992
2016-04-18,-4061.42499999999
2016-04-19,-10152.117500000013
2016-04-20,-11179.037500000013
2016-04-21,435.88750000007263
2016-04-22,-19217.915000000045
2016-04-25,2747.164999999992
2016-04-26,-2840.8799999999737
2016-04-27,2402.770000000015
2016-04-28,10026.162499999922
2016-04-29,3239.5125000000244
2016-05-02,9536.095000000041
2016-05-03,8754.374999999964
2016-05-04,-3146.262499999971
2016-05-05,-2314.470000000046
2016-05-06,-6202.79999999996
2016-05-09,642.8524999999541
2016-05-10,-3407.872499999996
2016-05-11,4888.797499999986
2016-05-12,-10010.51249999999
2016-05-13,-7190.509999999994
2016-05-16,-5957.929999999939
2016-05-17,-8265.450000000024
2016-05-18,-21295.800000000072
2016-05-19,-3722.017499999953
2016-05-20,-473.39249999994695
2016-05-23,-4383.21749999999
2016-05-24,-15384.357499999996
2016-05-25,776.8799999999296
2016-05-26,4511.55499999996
2016-05-27,-11495.367499999944
2016-05-30,121.60249999996859
2016-05-31,1850.5300000000075
2016-06-01,4212.450000000045
2016-06-02,3042.842499999952
2016-06-03,31248.969999999987
2016-06-06,4753.335000000019
2016-06-07,680.4150000000164
2016-06-08,16932.550000000036
2016-06-09,-7376.487500000048
2016-06-10,2603.5425000000564
2016-06-13,-1270.7325000000012
2016-06-14,2532.4749999999667
2016-06-15,3574.1650000000604
2016-06-16,-6785.837499999987
2016-06-17,6894.019999999971
2016-06-20,-9279.467499999988
2016-06-21,-10936.387499999995
2016-06-22,-5941.302500000004
2016-06-23,3778.975000000046
2016-06-24,13236.477499999912
2016-06-27,4306.6875
2016-06-28,-11957.35499999999
2016-06-29,-7154.000000000008
2016-06-30,6786.4949999999635
2016-07-01,16537.73000000004
2016-07-04,4447.799999999965
2016-07-05,-3790.594999999978
2016-07-06,3654.842499999971
2016-07-07,-9852.125000000004
2016-07-08,2521.1149999999925
2016-07-11,-2878.5824999999495
2016-07-12,-6203.007500000089
2016-07-13,4727.385000000034
2016-07-14,-6975.455000000056
2016-07-15,1893.0250000000262
2016-07-18,-8647.250000000045
2016-07-19,556.4975000000879
2016-07-20,-6392.715000000081
2016-07-21,12435.012499999984
2016-07-22,-12321.767499999978
2016-07-25,-8921.55000000002
2016-07-26,2732.7250000000136
2016-07-27,14062.637500000052
2016-07-28,1272.7499999999995
2016-07-29,20520.43749999998
2016-08-01,-16469.849999999995
2016-08-02,1798.2599999999727
2016-08-03,-31.48749999998067
2016-08-04,12016.264999999983
2016-08-05,-19988.492499999957
2016-08-08,2416.3349999999996
2016-08-09,4186.150000000032
2016-08-10,-3157.8474999999953
2016-08-11,-370.4375000000422
2016-08-12,-912.7474999999913
2016-08-15,1964.380000000017
2016-08-16,6276.630000000013
2016-08-17,7098.720000000041
2016-08-18,8580.627499999922
2016-08-19,-14348.26999999994
2016-08-22,-4024.0950000000066
2016-08-23,4483.957500000063
2016-08-24,-10331.887500000059
2016-08-25,3657.999999999954
2016-08-26,-15803.749999999985
2016-08-29,10850.12000000005
2016-08-30,-14577.292500000018
2016-08-31,-7695.224999999955
2016-09-01,-3685.6899999999355
2016-09-02,7008.279999999995
2016-09-05,629.1749999999986
2016-09-06,27087.347500000018
2016-09-07,-7913.160000000049
2016-09-08,-9840.599999999984
2016-09-09,-32107.10000000006
2016-09-12,14314.222500000062
2016-09-13,-10055.779999999948
2016-09-14,-3484.13250000005
2016-09-15,3536.442500000039
2016-09-16,1113.947500000048
2016-09-19,-660.6300000000269
2016-09-20,8364.082500000053
2016-09-21,12331.722500000024
2016-09-22,3901.7324999999905
2016-09-23,-4053.7100000000764
2016-09-26,5350.597500000084
2016-09-27,1721.5900000000458
2016-09-28,7053.495000000016
2016-09-29,-414.4175000000545
2016-09-30,4717.534999999972
2016-10-03,-2120.660000000004
2016-10-04,-16816.072500000006
2016-10-05,-2129.174999999979
2016-10-06,8330.419999999942
2016-10-07,2941.787499999971
2016-10-10,1967.7900000000056
2016-10-11,-3105.374999999995
2016-10-12,-943.1549999999602
2016-10-13,-7229.450000000009
2016-10-14,-500.3650000000501
2016-10-17,-52.325000000077466
2016-10-18,5639.1500000001015
2016-10-19,3573.9999999999463
2016-10-20,-4388.762499999934
2016-10-21,2765.4249999999874
2016-10-24,-6227.779999999928
2016-10-25,-10006.01000000007
2016-10-26,-8054.200000000025
2016-10-27,-10440.294999999918
2016-10-28,-8184.300000000019
2016-10-31,-317.52500000001123
2016-11-01,-16227.597500000027
2016-11-02,-8466.770000000046
2016-11-03,-3476.7399999999907
2016-11-04,-741.6849999999552
2016-11-07,13730.267499999998
2016-11-08,-6803.412500000006
2016-11-09,20442.277499999956
2016-11-10,8563.6725
2016-11-11,2667.412499999997
2016-11-14,9998.487500000041
2016-11-15,-6244.900000000011
2016-11-16,-5481.012499999966
2016-11-17,9556.14249999996
2016-11-18,-1445.9300000000003
2016-11-21,-18480.55249999999
2016-11-22,6053.172500000056
2016-11-23,13651.59499999997
2016-11-24,4685.190000000018
2016-11-25,4176.515000000018
2016-11-28,-11657.88000000003
2016-11-29,10626.162500000033
2016-11-30,-1633.2274999999815
2016-12-01,-8806.81750000003
2016-12-02,-10956.439999999997
2016-12-05,1334.5250000000196
2016-12-06,-135.37250000002533
2016-12-07,-5961.262499999972
2016-12-08,14576.74999999998
2016-12-09,9830.887500000026
2016-12-12,-13250.197499999987
2016-12-13,6125.217499999972
2016-12-14,20338.10249999999
2016-12-15,15868.015000000001
2016-12-16,-8856.325000000063
2016-12-19,364.28000000004715
2016-12-20,9130.972500000034
2016-12-21,-2406.4224999999606
2016-12-22,7174.557499999973
2016-12-23,3220.969999999951
2016-12-26,950.1800000000615
2016-12-27,-2492.512499999986
2016-12-28,-3004.217500000033
2016-12-29,-17965.72499999996
2016-12-30,-2340.080000000016
2017-01-02,4207.124999999966
2017-01-03,-7253.305000000015
2017-01-04,-13550.74999999993
2017-01-05,-22705.56000000003
2017-01-06,22902.567499999994
2017-01-09,-18888.80499999994
2017-01-10,2324.447499999949
2017-01-11,-240.3325000000118
2017-01-12,-5091.4949999999835
2017-01-13,2320.062499999965
2017-01-16,-291.3624999999801
2017-01-17,-25600.719999999983
2017-01-18,19930.912499999973
2017-01-19,1620.687499999994
2017-01-20,-3774.1950000000065
2017-01-23,-15725.92749999997
2017-01-24,12944.362499999992
2017-01-25,6508.732500000043
2017-01-26,219.64999999995524
2017-01-27,-2932.752499999913
2017-01-30,-13723.172499999999
2017-01-31,-9665.36000000001
2017-02-01,5651.080000000056
2017-02-02,-2405.040000000073
2017-02-03,2497.4675000000216
2017-02-06,-11692.515000000054
2017-02-07,651.3574999999786
2017-02-08,455.25999999998055
2017-02-09,13050.410000000029
2017-02-10,9436.620000000003
2017-02-13,4573.280000000024
2017-02-14,7435.247500000006
2017-02-15,9713.970000000018
2017-02-16,-15866.32500000008
2017-02-17,741.9775000000453
2017-02-20,6165.167499999999
2017-02-21,8927.334999999928
2017-02-22,-4021.7099999999728
2017-02-23,-16331.84249999999
2017-02-24,-6378.667499999986
2017-02-27,11679.072500000011
2017-02-28,9099.125000000027
2017-03-01,17065.677499999998
2017-03-02,-10580.790000000014
2017-03-03,-4229.130000000051
2017-03-06,4415.5900000000875
2017-03-07,3461.019999999956
2017-03-08,-2631.537500000002
2017-03-09,536.6075000000393
2017-03-10,-10702.692500000032
2017-03-13,1966.8875000000287
2017-03-14,699.1825000000302
2017-03-15,-17216.947500000046
2017-03-16,1548.3624999999515
2017-03-17,-5279.522499999937
2017-03-20,-6393.3875000000135
2017-03-21,-25210.724999999973
2017-03-22,6179.657500000005
2017-03-23,46.7999999999621
2017-03-24,-3946.152499999977
2017-03-27,-11403.982500000078
2017-03-28,10891.162500000093
2017-03-29,-6075.610000000082
2017-03-30,5785.3125000000055
2017-03-31,-3148.97250000002
2017-04-03,-6474.572500000019
2017-04-04,-4698.9224999999515
2017-04-05,-3985.6149999999993
2017-04-06,7260.524999999961
2017-04-07,1771.0900000000709
2017-04-10,-10610.015000000018
2017-04-11,-6019.185000000008
2017-04-12,-15238.17500000001
2017-04-13,-65.23499999996889
2017-04-17,8297.307500000032
2017-04-18,-8703.895000000108
2017-04-19,2176.0200000001023
2017-04-20,16804.349999999962
2017-04-21,-752.0775000000715
2017-04-24,9964.685000000032
2017-04-25,13789.78000000001
2017-04-26,1582.1050000000002
2017-04-27,9015.782499999985
2017-04-28,4693.777499999966
2017-05-01,-1691.060000000012
2017-05-02,893.6325000000543
2017-05-03,15630.962500000012
2017-05-04,15166.175000000017
2017-05-05,-7918.107500000024
2017-05-08,9438.525000000003
2017-05-09,4646.154999999966
2017-05-10,-2097.2499999999777
2017-05-11,-7508.775000000009
2017-05-12,-5417.144999999996
2017-05-15,-6061.21499999997
2017-05-16,-7822.090000000044
2017-05-17,-2810.760000000019
2017-05-18,1301.589999999954
2017-05-19,4356.915000000073
2017-05-22,433.66499999988844
2017-05-23,-10118.127499999946
2017-05-24,10825.212500000005
2017-05-25,-3749.3849999999775
2017-05-26,-2445.594999999989
2017-05-29,1158.2375000000209
2017-05-30,11000.000000000002
2017-05-31,11701.012499999986
2017-06-01,4702.979999999943
2017-06-02,21473.795000000082
2017-06-05,-2092.8300000000863
2017-06-06,3535.542499999954
2017-06-07,5272.7825
2017-06-08,-10073.547500000013
2017-06-09,-15311.822499999958
2017-06-12,-12389.724999999991
2017-06-13,5666.4225000000015
2017-06-14,14660.300000000008
2017-06-15,-15837.330000000002
2017-06-16,6533.439999999983
2017-06-19,-3916.685000000002
2017-06-20,2332.470000000065
2017-06-21,4445.124999999973
2017-06-22,3220.920000000013
2017-06-23,1108.1024999999522
2017-06-26,-4797.50999999992
2017-06-27,-4853.822500000029
2017-06-28,10765.112499999908
2017-06-29,-26.439999999936305
2017-06-30,-10030.412499999951
2017-07-03,-12246.615000000005
2017-07-04,-1384.6725000000208
2017-07-05,4291.50499999997
2017-07-06,-11491.80999999995
2017-07-07,-1834.1399999999885
2017-07-10,-1222.3499999999913
2017-07-11,2459.1299999999833
2017-07-12,14233.295000000007
2017-07-13,-1191.6300000000265
2017-07-14,9648.730000000016
2017-07-17,300.1224999999753
2017-07-18,9436.735000000028
2017-07-19,-184.5375000000322
2017-07-20,152.8250000000391
2017-07-21,16314.61499999999
2017-07-24,-7817.315000000005
2017-07-25,-23113.420000000042
2017-07-26,21312.022500000076
2017-07-27,-13973.509999999964
2017-07-28,4100.414999999982
2017-07-31,-19.29750000004197
2017-08-01,13609.019999999991
2017-08-02,-962.2199999999934
2017-08-03,9431.587500000021
2017-08-04,-12486.030000000055
2017-08-07,400.7000000000626
2017-08-08,-925.5674999999742
2017-08-09,-2815.142500000005
2017-08-10,2256.2449999999253
2017-08-11,10018.257500000076
2017-08-14,-3857.367500000004
2017-08-15,-4331.725000000011
2017-08-16,20609.527500000037
2017-08-17,-14961.835000000043
2017-08-18,-2959.4849999999888
2017-08-21,10297.934999999963
2017-08-22,-3669.597499999909
2017-08-23,1853.6250000000173
2017-08-24,-6258.295000000093
2017-08-25,14296.245000000015
2017-08-28,11716.219999999968
2017-08-29,3381.0125000000376
2017-08-30,-7284.237499999994
2017-08-31,15501.252499999966
2017-09-01,-8114.104999999984
2017-09-04,1875.590000000041
2017-09-05,14865.052499999892
2017-09-06,-6532.220000000022
2017-09-07,23905.71750000008
2017-09-08,-2658.722499999996
2017-09-11,-16012.067500000032
2017-09-12,-2228.0899999999424
2017-09-13,-13509.279999999986
2017-09-14,4534.020000000023
2017-09-15,-1391.8100000000538
2017-09-18,-5100.9625000000015
2017-09-19,1115.434999999913
2017-09-20,-13413.32749999994
2017-09-21,920.1950000000411
2017-09-22,382.422500000025
2017-09-25,6000.597499999966
2017-09-26,-6965.574999999998
2017-09-27,-16681.587500000012
2017-09-28,6599.96500000006
2017-09-29,-2763.4300000000776
2017-10-02,-4772.38749999995
2017-10-03,5017.792499999958
2017-10-04,3842.777500000022
2017-10-05,-4120.934999999969
2017-10-06,-6198.8425
2017-10-09,56.54749999995528
2017-10-10,6735.3700000000545
2017-10-11,6483.282499999972
2017-10-12,-7818.649999999973
2017-10-13,-6659.374999999992
2017-10-16,10286.984999999979
2017-10-17,224.7925000000167
2017-10-18,5814.919999999959
2017-10-19,-4031.9699999999866
2017-10-20,4069.994999999962
2017-10-23,-10974.215000000006
2017-10-24,446.1624999999708
2017-10-25,-467.36999999997715
2017-10-26,-1956.4474999999472
2017-10-27,7403.414999999977
2017-10-30,-5452.7199999999775
2017-10-31,8905.119999999957
2017-11-01,3038.480000000018
2017-11-02,3011.1125000000043
2017-11-03,-3264.595000000028
2017-11-06,13412.287499999999
2017-11-07,-7503.0774999999685
2017-11-08,7140.070000000015
2017-11-09,-2540.164999999993
2017-11-10,702.0249999999717
2017-11-13,4559.889999999963
2017-11-14,-33.379999999966344
2017-11-15,-8175.220000000023
2017-11-16,13969.927500000038
2017-11-17,-6520.205000000072
2017-11-20,3393.9749999999913
2017-11-21,11778.78500000001
2017-11-22,-6716.914999999951
2017-11-23,4074.9524999999667
2017-11-24,11793.380000000034
2017-11-27,-7944.477499999945
2017-11-28,2112.1799999999494
2017-11-29,-5515.804999999916
2017-11-30,15743.342499999942
2017-12-01,-2244.6150000000075
2017-12-04,4779.950000000028
2017-12-05,1164.4399999999737
2017-12-06,-6809.782499999964
2017-12-07,12695.144999999993
2017-12-08,1483.102499999993
2017-12-11,10154.320000000034
2017-12-12,-1501.312499999994
2017-12-13,-14345.832500000048
2017-12-14,2282.7249999999594
2017-12-15,6303.322499999989
2017-12-18,10576.97000000008
2017-12-19,4828.232499999992
2017-12-20,7515.710000000016
2017-12-21,7073.8499999999885
2017-12-22,90.17749999997963
2017-12-25,2821.8925000000368
2017-12-26,1958.5624999999638
2017-12-27,-9386.009999999986
2017-12-28,195.55249999997304
2017-12-29,-4937.122499999932
2018-01-01,5987.932500000013
2018-01-02,7169.929999999969
2018-01-03,8060.087500000058
2018-01-04,14538.652499999982
2018-01-05,7391.877500000026
2018-01-08,2995.614999999985
2018-01-09,-4348.004999999994
2018-01-10,77.42749999991551
2018-01-11,12269.48000000005
2018-01-12,18851.090000000022
2018-01-15,7313.902500000053
2018-01-16,-15634.789999999979
2018-01-17,14334.559999999949
2018-01-18,-299.0499999999613
2018-01-19,8557.079999999907
2018-01-22,8891.75750000005
2018-01-23,-6266.854999999965
2018-01-24,6648.547499999976
2018-01-25,-1355.0700000001173
2018-01-26,27988.689999999944
2018-01-29,-14167.26999999998
2018-01-30,-18091.43999999992
2018-01-31,13833.544999999915
2018-02-01,11789.967500000004
2018-02-02,-44243.544999999925
2018-02-05,-73691.16250000005
2018-02-06,24617.175000000014
2018-02-07,-25229.329999999976
2018-02-08,-11544.710000000023
2018-02-09,1098.2499999999932
2018-02-12,-739.5499999999586
2018-02-13,4812.422499999985
2018-02-14,20575.682500000006
2018-02-15,15237.977500000005
2018-02-16,-4669.077499999975
2018-02-19,414.77000000001243
2018-02-20,-6284.73500000003
2018-02-21,-6302.4849999999715
2018-02-22,6440.657499999921
2018-02-23,3091.922499999991
2018-02-26,7492.442500000039
2018-02-27,-2009.8550000000182
2018-02-28,-12856.907499999985
2018-03-01,-4568.009999999997
2018-03-02,3987.0974999999885
2018-03-05,12958.277500000017
2018-03-06,-11197.400000000003
2018-03-07,6114.114999999971
2018-03-08,-6262.739999999981
2018-03-09,6514.810000000053
2018-03-12,-3053.4000000000447
2018-03-13,-3599.1750000000166
2018-03-14,-1073.9699999999418
2018-03-15,3936.5899999999556
2018-03-16,3663.515000000084
2018-03-19,-10553.282500000098
2018-03-20,4995.305000000016
2018-03-21,6927.400000000007
2018-03-22,-21153.717500000013
2018-03-23,2057.709999999937
2018-03-26,14265.695000000092
2018-03-27,-18992.35000000013
2018-03-28,-7600.527499999924
2018-03-29,-2215.90750000002
2018-04-02,-5025.22999999995
2018-04-03,4903.979999999987
2018-04-04,-2833.8050000000135
2018-04-05,-5681.01000000004
2018-04-06,-5160.024999999939
2018-04-09,216.69999999992388
2018-04-10,10685.175000000087
2018-04-11,1701.095000000063
2018-04-12,1981.5324999999175
2018-04-13,-677.0950000000348
2018-04-16,-1259.6849999999683
2018-04-17,-1182.2550000000224
2018-04-18,3777.040000000004
2018-04-19,1607.424999999942
2018-04-20,-2641.089999999987
2018-04-23,-806.2099999999803
2018-04-24,-4233.697500000042
2018-04-25,87.78749999999819
2018-04-26,894.967499999996
2018-04-27,-844.1925000000683
2018-04-30,1491.1174999999569
2018-05-01,-4165.972500000027
2018-05-02,-5240.749999999979
2018-05-03,386.32499999998936
2018-05-04,9004.982500000024
2018-05-07,-538.2675000000253
2018-05-08,5646.6825000000235
2018-05-09,9139.480000000014
2018-05-10,-5091.0749999999725
2018-05-11,1594.9250000000081
2018-05-14,6129.957499999905
2018-05-15,5835.344999999975
2018-05-16,7638.370000000033
2018-05-17,-1091.8649999999311
2018-05-18,-3895.3650000000566
2018-05-21,-4649.950000000029
2018-05-22,-1414.7499999999472
2018-05-23,-4990.165000000079
2018-05-24,-11269.16499999999
2018-05-25,-9114.0075
2018-05-28,-890.9850000000421
2018-05-29,-21569.157499999965
2018-05-30,7965.972500000037
2018-05-31,1002.3924999999678
2018-06-01,950.27750000009
2018-06-04,-934.410000000154
2018-06-05,-1710.624999999961
2018-06-06,5887.662500000027
2018-06-07,3945.7274999999613
2018-06-08,-1985.6375000000094
2018-06-11,2807.779999999996
2018-06-12,3027.4199999999782
2018-06-13,3209.9724999999626
2018-06-14,14675.157500000016
2018-06-15,-21987.452499999967
2018-06-18,-4912.0200000000395
2018-06-19,6361.939999999972
2018-06-20,8971.990000000043
2018-06-21,-8242.867499999977
2018-06-22,-2310.520000000067
2018-06-25,-9.492499999943792
2018-06-26,8628.795000000002
2018-06-27,3841.187500000032
2018-06-28,4643.764999999958
2018-06-29,-8199.432500000032
2018-07-02,9875.695000000076
2018-07-03,-9526.105000000061
2018-07-04,745.1650000000316
2018-07-05,3190.417500000022
2018-07-06,-6922.37750000006
2018-07-09,8359.345000000056
2018-07-10,744.969999999973
2018-07-11,5572.459999999956
2018-07-12,900.7775000000569
2018-07-13,1653.0949999999373
2018-07-16,-9289.534999999929
2018-07-17,15539.684999999983
2018-07-18,2365.3274999999694
2018-07-19,2335.4400000000305
2018-07-20,-9103.422500000037
2018-07-23,12361.702500000087
2018-07-24,-9512.360000000011
2018-07-25,-5598.6224999999995
2018-07-26,15410.439999999964
2018-07-27,-10872.717499999926
2018-07-30,-5313.960000000077
2018-07-31,-5025.105000000028
2018-08-01,9526.15250000007
2018-08-02,14467.282499999978
2018-08-03,-10500.18749999998
2018-08-06,9185.47500000006
2018-08-07,2064.2399999999852
2018-08-08,-7235.787500000021
2018-08-09,-484.6124999999688
2018-08-10,10806.920000000022
2018-08-13,3862.1224999998776
2018-08-14,4528.905000000053
2018-08-15,-199.26750000002906
2018-08-16,-884.2099999998882
2018-08-17,-10702.7075000001
2018-08-20,-2504.75499999998
2018-08-21,-4689.474999999946
2018-08-22,15485.214999999978
2018-08-23,17537.329999999973
2018-08-24,-9077.44749999997
2018-08-27,-8658.285
2018-08-28,1566.1149999999875
2018-08-29,6583.5025000000205
2018-08-30,4639.014999999987
2018-08-31,687.7449999999818
2018-09-03,2588.155000000005
2018-09-04,2410.270000000005
2018-09-05,-11904.867499999968
2018-09-06,-10495.574999999937
2018-09-07,6270.329999999943
2018-09-10,-2286.1299999999915
2018-09-11,16242.994999999994
2018-09-12,-6812.909999999968
2018-09-13,-776.5799999999689
2018-09-14,9128.324999999917
2018-09-17,-14979.414999999937
2018-09-18,16218.579999999989
2018-09-19,2362.752500000081
2018-09-20,-7453.075000000044
2018-09-21,-2065.1250000000664
2018-09-24,12173.925000000036
2018-09-25,359.28250000003595
2018-09-26,-6802.005000000038
2018-09-27,15796.120000000006
2018-09-28,5307.004999999976
2018-10-01,6262.855000000015
2018-10-02,-5946.254999999952
2018-10-03,31733.799999999956
2018-10-04,-14711.049999999916
2018-10-05,-2997.425000000094
2018-10-08,1066.712499999999
2018-10-09,-4235.400000000029
2018-10-10,-37189.24249999991
2018-10-11,-19732.51750000002
2018-10-12,1527.2574999999401
2018-10-15,-8706.744999999923
2018-10-16,14133.874999999965
2018-10-17,6290.935000000031
2018-10-18,-4633.830000000042
2018-10-19,22.707500000078966
2018-10-22,366.0374999999287
2018-10-23,-10531.704999999974
2018-10-24,-16351.150000000032
2018-10-25,9843.617499999988
2018-10-26,-4890.234999999994
2018-10-29,2483.975000000072
2018-10-30,13998.397499999925
2018-10-31,7888.702500000026
2018-11-01,-26042.15999999999
2018-11-02,7213.61000000004
2018-11-05,4889.764999999961
2018-11-06,-2201.1400000000276
2018-11-07,9254.279999999977
2018-11-08,11281.945000000083
2018-11-09,3873.5749999999152
2018-11-12,1951.5150000000403
2018-11-13,6609.134999999978
2018-11-14,-1592.929999999971
2018-11-15,-11156.635000000028
2018-11-16,-9161.41999999998
2018-11-19,3582.5800000000017
2018-11-20,14112.399999999961
2018-11-21,-5497.68999999998
2018-11-22,1482.1649999999943
2018-11-23,17920.23000000001
2018-11-26,-5427.955000000032
2018-11-27,887.3000000000318
2018-11-28,-15822.007499999945
2018-11-29,-4883.112500000071
2018-11-30,-1237.3374999999642
2018-12-03,-14342.700000000064
2018-12-04,-1565.9424999999846
2018-12-05,6952.082500000055
2018-12-06,2439.4649999999156
2018-12-07,3749.4300000001017
2018-12-10,9317.47749999999
2018-12-11,-5521.115000000092
2018-12-12,-10170.477499999946
2018-12-13,-1459.4299999999885
2018-12-14,16050.722500000003
2018-12-17,3372.1749999999747
2018-12-18,14653.972499999938
2018-12-19,6289.885000000062
2018-12-20,-2714.9650000000224
2018-12-21,26514.807500000028
2018-12-24,10635.61749999993
2018-12-25,-373.0724999999921
2018-12-26,-25407.47499999999
2018-12-27,6140.227499999998
2018-12-28,-669.4149999999847
2018-12-31,-10478.379999999956
2019-01-01,166.30999999993708
2019-01-02,15359.537500000037
2019-01-03,-6750.640000000008
2019-01-04,-30256.264999999978
2019-01-07,-9406.102500000034
2019-01-08,-8995.055000000017
2019-01-09,-5803.622499999975
2019-01-10,-6494.072500000015
2019-01-11,4053.6999999999753
2019-01-14,9390.920000000026
2019-01-15,-8782.344999999992
2019-01-16,-2458.1075000000474
2019-01-17,-5887.617499999985
2019-01-18,-9365.069999999974
2019-01-21,1977.1399999999644
2019-01-22,4378.750000000039
2019-01-23,-3286.4050000000375
2019-01-24,4510.997500000028
2019-01-25,-18963.57999999998
2019-01-28,13393.002500000044
2019-01-29,-3431.3050000000176
2019-01-30,-9985.17750000007
2019-01-31,4061.862500000039
2019-02-01,-16416.207499999993
2019-02-04,-3599.705000000052
2019-02-05,-338.1074999999655
2019-02-06,2924.1249999999854
2019-02-07,14158.702499999968
2019-02-08,-2195.537500000002
2019-02-11,3422.27500000004
2019-02-12,-19653.255000000016
2019-02-13,-2619.1200000000263
2019-02-14,4789.425000000047
2019-02-15,-12769.365000000025
2019-02-18,919.0249999999581
2019-02-19,9326.47500000007
2019-02-20,2836.454999999929
2019-02-21,-11984.324999999913
2019-02-22,1204.2749999999307
2019-02-25,8525.500000000011
2019-02-26,-2784.825000000004
2019-02-27,-7117.114999999969
2019-02-28,-5475.092500000037
2019-03-01,-6848.8424999999725
2019-03-04,658.7050000000072
2019-03-05,2444.5724999999693
2019-03-06,8510.669999999964
2019-03-07,15404.275000000074
2019-03-08,-2185.4300000000053
2019-03-11,-20055.549999999937
2019-03-12,4149.049999999922
2019-03-13,-6206.514999999945
2019-03-14,-1019.8699999999715
2019-03-15,-597.2925000000733
2019-03-18,-8832.239999999989
2019-03-19,-2687.7575000000475
2019-03-20,1553.2674999999658
2019-03-21,1067.2950000000287
2019-03-22,30067.982500000064
2019-03-25,-1445.865000000013
2019-03-26,-7470.4525000000285
2019-03-27,10212.082500000053
2019-03-28,-11103.437500000075
2019-03-29,-2958.3149999999514
2019-04-01,-18337.002500000024
2019-04-02,-543.5175000000063
2019-04-03,-5448.660000000077
2019-04-04,8452.890000000047
2019-04-05,-3303.5024999999314
2019-04-08,-4440.920000000084
2019-04-09,-4059.404999999927
2019-04-10,3799.647500000022
2019-04-11,417.7424999998636
2019-04-12,-1520.8324999998408
2019-04-15,4158.862499999969
2019-04-16,2249.199999999998
2019-04-17,4640.339999999969
2019-04-18,5343.965000000104
2019-04-22,-5118.360000000127
2019-04-23,14437.925000000025
2019-04-24,7968.914999999985
2019-04-25,-12782.45999999997
2019-04-26,4389.820000000033
2019-04-29,-4743.004999999979
2019-04-30,5471.289999999956
2019-05-01,-9269.949999999983
2019-05-02,-4292.184999999955
2019-05-03,3381.9599999998727
2019-05-06,3286.4050000000757
2019-05-07,-4913.594999999991
2019-05-08,2302.565000000046
2019-05-09,7543.169999999977
2019-05-10,-2972.7649999999494
2019-05-13,-6804.390000000071
2019-05-14,-2520.9849999999665
2019-05-15,7370.8549999999705
2019-05-16,-1113.5099999999584
2019-05-17,-1827.915000000008
2019-05-20,-17003.51000000001
2019-05-21,313.84000000001913
2019-05-22,2504.830000000024
2019-05-23,-7783.224999999998
2019-05-24,2590.232500000065
2019-05-27,3270.2949999998814
2019-05-28,-748.1749999999563
2019-05-29,-1376.579999999983
2019-05-30,7186.940000000008
2019-05-31,6018.347499999979
2019-06-03,-9589.539999999972
2019-06-04,-9969.389999999974
2019-06-05,7167.972499999932
2019-06-06,-1883.4225000000436
2019-06-07,10612.55250000008
2019-06-10,-15565.99500000007
2019-06-11,-2473.8324999999436
2019-06-12,1686.5324999999536
2019-06-13,10118.372500000056
2019-06-14,5035.1950000000115
2019-06-17,-8836.947500000002
2019-06-18,7835.485000000018
2019-06-19,11150.137500000004
2019-06-20,13931.93750000005
2019-06-21,-4490.384999999979
2019-06-24,3431.6274999999973
2019-06-25,-760.5525000000569
2019-06-26,-4060.842499999965
2019-06-27,5140.5175000000245
2019-06-28,-7858.624999999968
2019-07-01,649.2649999999196
2019-07-02,4582.834999999924
2019-07-03,6276.6750000000975
2019-07-04,-833.005000000065
2019-07-05,-5770.517499999927
2019-07-08,-5975.817500000077
2019-07-09,2965.4450000000083
2019-07-10,7253.720000000007
2019-07-11,-6887.837500000109
2019-07-12,-3628.6549999999884
2019-07-15,2559.1199999999535
2019-07-16,-4533.542499999927
2019-07-17,-1393.7349999999383
2019-07-18,49.062499999987466
2019-07-19,-11490.090000000037
2019-07-22,2216.3675000000217
2019-07-23,4803.257500000073
2019-07-24,6146.312499999963
2019-07-25,-5363.5950000000485
2019-07-26,7334.944999999973
2019-07-29,4370.927500000132
2019-07-30,3319.192499999909
2019-07-31,-5430.737499999995
2019-08-01,7782.074999999971
2019-08-02,-2855.4874999999283
2019-08-05,-8856.937500000095
2019-08-06,14363.167499999943
2019-08-07,1885.125000000077
2019-08-08,-5267.6224999998285
2019-08-09,-4530.335000000112
2019-08-12,11622.594999999981
2019-08-13,-10784.254999999945
2019-08-14,8856.932499999959
2019-08-15,8516.142500000042
2019-08-16,-6481.125000000017
2019-08-19,-4828.642499999997
2019-08-20,3938.309999999987
2019-08-21,-2494.7550000000087
2019-08-22,-2693.34249999997
2019-08-23,15081.01999999995
2019-08-26,-5539.704999999995
2019-08-27,8636.394999999984
2019-08-28,60.325000000083264
2019-08-29,-9157.482500000056
2019-08-30,7112.652500000086
2019-09-02,2324.587499999992
2019-09-03,9256.349999999968
2019-09-04,-14873.282500000028
2019-09-05,-20772.255000000012
2019-09-06,-761.8224999999073
2019-09-09,-15579.125000000078
2019-09-10,-12188.272499999968
2019-09-11,2064.2624999999407
2019-09-12,-7824.10750000004
2019-09-13,-23063.88749999994
2019-09-16,-7822.497500000068
2019-09-17,11474.340000000017
2019-09-18,-947.7575000001029
2019-09-19,3766.3875000000157
2019-09-20,10210.837500000083
2019-09-23,1141.2624999999018
2019-09-24,2683.897500000062
2019-09-25,-4136.542500000046
2019-09-26,6441.317499999994
2019-09-27,-5011.647500000012
2019-09-30,4247.907500000129
2019-10-01,3310.9424999999283
2019-10-02,1458.2824999999857
2019-10-03,6937.894999999975
2019-10-04,-14789.509999999986
2019-10-07,-3106.0224999999655
2019-10-08,6771.649999999966
2019-10-09,-1613.3775000000294
2019-10-10,-39940.53000000001
2019-10-11,-20822.504999999943
2019-10-14,5429.934999999967
2019-10-15,-6534.6699999999655
2019-10-16,4588.747499999988
2019-10-17,-1911.025000000055
2019-10-18,-7045.634999999993
2019-10-21,-1389.3400000000674
2019-10-22,-1252.6250000000173
2019-10-23,-5033.917499999903
2019-10-24,3265.3649999999448
2019-10-25,-3371.8249999999944
2019-10-28,-9952.97499999999
2019-10-29,-4877.3174999999665
2019-10-30,6072.940000000007
2019-10-31,15509.307499999892
2019-11-01,-6354.412499999952
2019-11-04,-10597.83499999997
2019-11-05,-14330.865000000042
2019-11-06,7221.39000000003
2019-11-07,-10943.39000000004
2019-11-08,-2961.3549999999054
2019-11-11,-3902.074999999953
2019-11-12,3302.3649999999643
2019-11-13,1420.6074999999619
2019-11-14,9697.04749999997
2019-11-15,-4650.595000000057
2019-11-18,11171.227500000017
2019-11-19,-266.1200000000363
2019-11-20,-2793.385000000026
2019-11-21,-10679.469999999932
2019-11-22,-5657.667499999898
2019-11-25,14194.287499999946
2019-11-26,4382.682499999938
2019-11-27,2563.907500000052
2019-11-28,1159.2175000000232
2019-11-29,-6360.182500000014
2019-12-02,-21272.08
2019-12-03,-2885.812500000052
2019-12-04,1507.9625000000044
2019-12-05,-1183.78000000007
2019-12-06,-1407.5024999999237
2019-12-09,2050.517499999984
2019-12-10,-1470.9825000000342
2019-12-11,5217.624999999942
2019-12-12,3273.2424999999553
2019-12-13,5725.022500000111
2019-12-16,-1904.0400000000627
2019-12-17,-3022.01000000003
2019-12-18,2595.3425000001803
2019-12-19,836.0024999999166
2019-12-20,-214.85499999998922
2019-12-23,5026.552500000163
2019-12-24,3866.660000000008
2019-12-25,-457.2075000000988
2019-12-26,7010.627500000027
2019-12-27,-18345.467500000148
2019-12-30,-7773.629999999963
2019-12-31,-599.8974999999775
2020-01-01,747.2975000000276
2020-01-02,4436.374999999988
2020-01-03,1084.047500000116
2020-01-06,6265.74499999996
2020-01-07,8744.979999999956
2020-01-08,-9846.087500000003
2020-01-09,4659.182499999991
2020-01-10,-2912.409999999941
2020-01-13,-242.57750000007675
2020-01-14,-115.87249999998448
2020-01-15,8005.2974999999615
2020-01-16,7389.735000000049
2020-01-17,-1913.790000000046
2020-01-20,2356.2749999999523
2020-01-21,-2376.947499999988
2020-01-22,-6975.274999999865
2020-01-23,-2212.110000000079
2020-01-24,8681.724999999937
2020-01-27,860.9950000001835
2020-01-28,-9174.30999999999
2020-01-29,10699.109999999942
2020-01-30,12476.219999999903
2020-01-31,-15280.244999999963
2020-02-03,-2187.0175000001072
2020-02-04,3212.3625000000775
2020-02-05,2199.764999999943
2020-02-06,439.6050000000671
2020-02-07,2987.4774999999163
2020-02-10,10946.457500000077
2020-02-11,-382.16250000002333
2020-02-12,432.48750000008874
2020-02-13,6486.99499999998
2020-02-14,3734.4350000000086
2020-02-17,-6515.765000000003
2020-02-18,10790.492500000182
2020-02-19,12443.204999999936
2020-02-20,-4654.140000000074
2020-02-21,-16476.744999999966
2020-02-24,-34491.53500000008
2020-02-25,-25403.692499999965
2020-02-26,-8842.042499999992
2020-02-27,-19116.432500000068
2020-02-28,18598.307499999923
2020-03-02,-24132.105000000018
2020-03-03,18140.15000000003
2020-03-04,-11040.202499999912
2020-03-05,28281.479999999923
2020-03-06,26721.149999999972
2020-03-09,79575.175
2020-03-10,-25916.73749999994
2020-03-11,10603.239999999952
2020-03-12,36564.975
2020-03-13,-24489.547500000004
2020-03-16,60923.51499999996
2020-03-17,-2800.514999999976
2020-03-18,26733.335000000014
2020-03-19,2570.744999999989
2020-03-20,2399.4675000000275
2020-03-23,-3663.9475000000048
2020-03-24,-25483.750000000004
2020-03-25,-1563.6099999999901
2020-03-26,-5521.320000000005
2020-03-27,2937.0699999999974
2020-03-30,8683.329999999994
2020-03-31,714.3049999999836
2020-04-01,10167.51499999999
2020-04-02,-7043.875000000044
2020-04-03,-5545.2299999999905
2020-04-06,-3477.3699999999576
2020-04-07,-10177.63499999999
2020-04-08,-2197.2825000000103
2020-04-09,7105.249999999969
2020-04-13,-1553.9425000000074
2020-04-14,6176.277500000035
2020-04-15,12178.855
2020-04-16,-8125.487499999995
2020-04-17,765.0374999999697
2020-04-20,7111.3925
2020-04-21,18043.450000000004
2020-04-22,-4609.3924999999745
2020-04-23,-4782.060000000011
2020-04-24,1050.564999999979
2020-04-27,2943.937500000036
2020-04-28,-1107.1600000000292
2020-04-29,-10962.92499999999
2020-04-30,-10414.259999999987
2020-05-01,4562.694999999995
2020-05-04,-1741.6250000000032
2020-05-05,-3965.667500000007
2020-05-06,7088.3700000000235
2020-05-07,-3205.0000000000346
2020-05-08,-4220.000000000003
2020-05-11,1302.5000000000255
2020-05-12,3746.0474999999897
2020-05-13,4534.864999999996
2020-05-14,-995.7174999999986
2020-05-15,3075.3549999999823
2020-05-18,-14553.7075
2020-05-19,1376.9849999999835
2020-05-20,-3259.4674999999816
2020-05-21,2537.964999999986
2020-05-22,3322.297499999979
2020-05-25,-561.0049999999846
2020-05-26,-11622.347500000003
2020-05-27,-411.8324999999935
2020-05-28,-367.144999999987
2020-05-29,25.869999999947137
2020-06-01,-3925.6399999999376
2020-06-02,-5461.317500000021
2020-06-03,-5889.020000000016
2020-06-04,-7511.520000000028
2020-06-05,-8523.259999999984
2020-06-08,-993.7500000000147
2020-06-09,7160.490000000045
2020-06-10,4844.974999999975
2020-06-11,5143.750000000002
2020-06-12,-4140.7600000000075
2020-06-15,-3089.340000000001
2020-06-16,4595.9800000000005
2020-06-17,2575.7349999999924
2020-06-18,2956.7400000000093
2020-06-19,2354.4850000000197
2020-06-22,-5533.285000000002
2020-06-23,501.4274999999524
2020-06-24,9245.042500000034
2020-06-25,2945.6250000000114
2020-06-26,7836.874999999991
2020-06-29,-8201.452500000003
2020-06-30,-4300.514999999983
2020-07-01,-6993.335000000012
2020-07-02,3529.0125000000467
2020-07-03,129.2399999999624
2020-07-06,-8656.434999999967
2020-07-07,5618.497499999972
2020-07-08,454.7724999999839
2020-07-09,-727.6600000000443
2020-07-10,354.5275000000246
2020-07-13,6071.359999999989
2020-07-14,-991.5199999999622
2020-07-15,-7663.082500000002
2020-07-16,-1733.1924999999765
2020-07-17,2626.427499999984
2020-07-20,3384.659999999997
2020-07-21,5321.144999999983
2020-07-22,-3545.144999999977
2020-07-23,771.9999999999799
2020-07-24,2944.78500000002
2020-07-27,2662.2150000000083
2020-07-28,6445.29999999995
2020-07-29,921.6000000000113
2020-07-30,7866.1525000000565
2020-07-31,-6887.067500000022
2020-08-03,-7147.487500000061
2020-08-04,9140.295000000051
2020-08-05,-4043.682500000008
2020-08-06,2592.5875000000287
2020-08-07,-11050.092500000013
2020-08-10,-4952.00000000001
2020-08-11,-5812.377499999975
2020-08-12,-6308.43500000002
2020-08-13,-12460.624999999933
2020-08-14,5628.3149999999205
2020-08-17,-1643.4749999999424
2020-08-18,10811.972499999934
2020-08-19,-12578.834999999957
2020-08-20,6389.917499999978
2020-08-21,-1044.2025000000306
2020-08-24,-9988.70750000002
2020-08-25,-5723.075000000019
2020-08-26,5057.477500000056
2020-08-27,-3722.8675000000103
2020-08-28,13442.37750000002
2020-08-31,4632.285000000019
2020-09-01,-360.1974999999767
2020-09-02,4431.164999999937
2020-09-03,-3881.1299999999965
2020-09-04,-973.8849999999459
2020-09-07,-790.1450000000292
2020-09-08,-14222.762499999997
2020-09-09,11863.51750000003
2020-09-10,-4531.020000000006
2020-09-11,3741.3725000000322
2020-09-14,6846.357499999983
2020-09-15,1112.147499999984
2020-09-16,2995.207500000032
2020-09-17,1760.6249999999413
2020-09-18,1938.680000000008
2020-09-21,-12093.684999999989
2020-09-22,-3803.4400000000164
2020-09-23,-14767.359999999959
2020-09-24,3123.512499999929
2020-09-25,-962.974999999913
2020-09-28,10946.692500000005
2020-09-29,-5735.900000000055
2020-09-30,2566.9200000000383
2020-10-01,-3105.2574999999697
2020-10-02,986.492499999944
2020-10-05,4600.985000000002
2020-10-06,896.5524999999952
2020-10-07,7729.572499999992
2020-10-08,6760.214999999999
2020-10-09,7481.902499999961
2020-10-12,-8700.342499999924
2020-10-13,-1862.5600000000109
2020-10-14,7623.157499999987
2020-10-15,-2383.1475000000128
2020-10-16,-2751.6000000000345
2020-10-19,-3425.4699999999784
2020-10-20,8139.2525000000505
2020-10-21,-1873.5525000000214
2020-10-22,-955.5875000000162
2020-10-23,3899.392499999927
2020-10-26,-17913.41499999997
2020-10-27,-3798.7174999999643
2020-10-28,-19067.267500000045
2020-10-29,-13347.059999999903
2020-10-30,-3747.1449999999954
2020-11-02,7034.257499999938
2020-11-03,30838.249999999996
2020-11-04,-6076.037499999969
2020-11-05,16008.622499999981
2020-11-06,-777.3674999999668
2020-11-09,6284.774999999987
2020-11-10,17002.797499999986
2020-11-11,-5337.639999999963
2020-11-12,-12412.617500000028
2020-11-13,3499.9500000000007
2020-11-16,14703.770000000019
2020-11-17,713.6899999999953
2020-11-18,516.9774999999918
2020-11-19,-6169.957500000012
2020-11-20,7239.477500000015
2020-11-23,7259.53500000002
2020-11-24,13467.17749999996
2020-11-25,23.452499999998274
2020-11-26,-4083.8900000000367
2020-11-27,5045.675000000025
2020-11-30,-10252.789999999985
2020-12-01,-3273.572499999955
2020-12-02,4944.389999999983
2020-12-03,13637.104999999958
2020-12-04,-399.1424999999256
2020-12-07,-8360.517500000027
2020-12-08,183.3749999999818
2020-12-09,3742.9299999999917
2020-12-10,11481.052500000036
2020-12-11,-1913.1375000000128
2020-12-14,3936.3024999999934
2020-12-15,11559.637500000046
2020-12-16,4392.822499999981
2020-12-17,11970.772500000017
2020-12-18,5236.439999999975
2020-12-21,-11146.324999999983
2020-12-22,-6903.434999999985
2020-12-23,14090.915000000045
2020-12-24,-2248.8824999999906
2020-12-28,3530.584999999951
2020-12-29,3143.4099999999926
2020-12-30,12918.395000000008
2020-12-31,2352.9450000000083
2021-01-04,-11645.95250000001
2021-01-05,26953.710000000065
2021-01-06,12028.334999999966
2021-01-07,2375.8599999999356
2021-01-08,6698.015000000056
2021-01-11,-12855.127499999999
2021-01-12,22463.85750000002
2021-01-13,-8661.982500000013
2021-01-14,10172.972500000002
2021-01-15,-22655.625000000015
2021-01-18,4339.375000000047
2021-01-19,1486.6599999999148
2021-01-20,3886.4625000000897
2021-01-21,3351.977499999966
2021-01-22,-10749.242500000008
2021-01-25,1156.8650000000248
2021-01-26,6360.657500000011
2021-01-27,-27736.42500000003
2021-01-28,8680.389999999985
2021-01-29,-5244.417499999964
2021-02-01,2585.882499999999
2021-02-02,9343.005000000017
2021-02-03,9288.102500000035
2021-02-04,-4970.930000000064
2021-02-05,10740.720000000012
2021-02-08,11272.092499999979
2021-02-09,7198.782499999978
2021-02-10,-8848.099999999951
2021-02-11,5318.349999999997
2021-02-12,10223.865000000016
2021-02-15,9192.009999999998
2021-02-16,1693.0024999999657
2021-02-17,-2657.0899999999774
2021-02-18,3032.092500000049
2021-02-19,9042.444999999956
2021-02-22,16720.855000000072
2021-02-23,-1817.6725000000624
2021-02-24,23395.697500000017
2021-02-25,-12548.297499999988
2021-02-26,-34356.900000000016
2021-03-01,270.9874999999927
2021-03-02,-1500.645000000016
2021-03-03,-1050.050000000011
2021-03-04,8530.18999999998
2021-03-05,17032.645
2021-03-08,2438.1274999999787
2021-03-09,-4114.239999999949
2021-03-10,1641.7949999999469
2021-03-11,11295.095000000045
2021-03-12,8801.497499999929
2021-03-15,-2801.9325000000185
2021-03-16,-1284.4800000000223
2021-03-17,1009.704999999972
2021-03-18,-14589.854999999974
2021-03-19,4372.1700000000055
2021-03-22,-2876.1974999999547
2021-03-23,-23574.922500000073
2021-03-24,9265.379999999988
2021-03-25,-8959.944999999998
2021-03-26,16663.975000000035
2021-03-29,3409.7474999999595
2021-03-30,-2897.7300000000487
2021-03-31,9921.610000000019
2021-04-01,-4163.194999999999
2021-04-02,6850.312500000061
2021-04-05,-4654.4625000001
2021-04-06,-12306.667499999994
2021-04-07,-1965.299999999991
2021-04-08,343.26999999999634
2021-04-09,1238.427499999988
2021-04-12,-2825.5549999999594
2021-04-13,-2165.442500000009
2021-04-14,21747.80000000003
2021-04-15,-1774.3025000000114
2021-04-16,-1889.6025000000373
2021-04-19,4230.224999999995
2021-04-20,-13243.739999999954
2021-04-21,9240.384999999964
2021-04-22,3333.264999999993
2021-04-23,12783.60749999995
2021-04-26,13282.177500000093
2021-04-27,5738.627500000028
2021-04-28,2340.6374999999152
2021-04-29,7141.680000000039
2021-04-30,-9578.777499999918
2021-05-03,5750.672499999901
2021-05-04,4095.9000000000806
2021-05-05,-5090.080000000017
2021-05-06,4845.437499999985
2021-05-07,8832.390000000027
2021-05-10,-6154.249999999956
2021-05-11,975.9499999999756
2021-05-12,-9146.150000000045
2021-05-13,-14760.94499999996
2021-05-14,10615.58000000002
2021-05-17,1443.0599999999417
2021-05-18,-8231.592499999986
2021-05-19,-17816.782499999998
2021-05-20,2510.4950000000094
2021-05-21,-1082.5799999999974
2021-05-24,12184.792499999952
2021-05-25,-4892.8749999999445
2021-05-26,490.8499999999535
2021-05-27,23608.12750000003
2021-05-28,-5856.707500000027
2021-05-31,2202.3225000000193
2021-06-01,6334.280000000033
2021-06-02,-487.0175000000306
2021-06-03,-10640.675000000048
2021-06-04,6985.882500000005
2021-06-07,-721.1874999999501
2021-06-08,3340.830000000004
2021-06-09,-8405.08749999999
2021-06-10,1242.1349999999868
2021-06-11,-5971.8025000000625
2021-06-14,-4214.030000000026
2021-06-15,-12531.064999999915
2021-06-16,9907.889999999961
2021-06-17,-13609.500000000067
2021-06-18,-1194.6474999999969
2021-06-21,17128.38000000001
2021-06-22,580.5650000000765
2021-06-23,8791.437499999982
2021-06-24,4363.177500000005
2021-06-25,-2498.6475000001074
2021-06-28,-5690.59999999991
2021-06-29,3955.419999999902
2021-06-30,15189.535000000065
2021-07-01,192.447499999971
2021-07-02,-1614.854999999998
2021-07-05,6240.902500000027
2021-07-06,-33618.89750000002
2021-07-07,-2588.38249999998
2021-07-08,-8738.127500000022
2021-07-09,20241.11750000002
2021-07-12,4435.744999999948
2021-07-13,6114.84500000003
2021-07-14,-17732.359999999964
2021-07-15,-9256.160000000007
2021-07-16,-5401.162500000026
2021-07-19,-36383.945000000036
2021-07-20,16001.542500000085
2021-07-21,14904.344999999996
2021-07-22,228.99000000001456
2021-07-23,8498.79999999996
2021-07-26,5917.602499999975
2021-07-27,-6570.492499999956
2021-07-28,-5136.697500000028
2021-07-29,629.6100000000584
2021-07-30,-4666.100000000053
2021-08-02,-9866.994999999963
2021-08-03,-4720.875000000057
2021-08-04,-4136.662499999943
2021-08-05,8681.28249999999
2021-08-06,9331.689999999922
2021-08-09,3720.175000000041
2021-08-10,12961.882499999963
2021-08-11,-1067.2399999999511
2021-08-12,4144.45500000004
2021-08-13,-12088.752499999962
2021-08-16,-2429.8825000000347
2021-08-17,-7181.055000000054
2021-08-18,-7701.969999999996
2021-08-19,2158.9150000000354
2021-08-20,-11988.235000000019
2021-08-23,-5098.975
2021-08-24,-9858.114999999994
2021-08-25,6187.042500000009
2021-08-26,4130.190000000015
2021-08-27,7451.177499999989
2021-08-30,4621.79500000006
2021-08-31,64.98999999992009
2021-09-01,-5344.057499999948
2021-09-02,6850.924999999967
2021-09-03,-4992.799999999992
2021-09-06,-58.725000000021076
2021-09-07,-11768.622500000005
2021-09-08,8141.987499999975
2021-09-09,-3785.9499999999566
2021-09-10,3164.754999999964
2021-09-13,2988.715000000083
2021-09-14,4902.682499999942
2021-09-15,6372.265000000033
2021-09-16,-8847.632499999992
2021-09-17,-7152.3799999999555
2021-09-20,-10942.997499999909
2021-09-21,-5886.71500000005
2021-09-22,7834.127499999941
2021-09-23,-4294.922499999944
2021-09-24,7368.570000000015
2021-09-27,13843.269999999968
2021-09-28,-7615.152499999956
2021-09-29,17414.35999999999
2021-09-30,-8421.150000000029
2021-10-01,7729.310000000021
2021-10-04,-4171.332499999973
2021-10-05,5874.417499999998
2021-10-06,-1046.1425000000334
2021-10-07,1993.1124999999095
2021-10-08,-1083.8424999998936
2021-10-11,8195.007499999992
2021-10-12,-954.8400000000328
2021-10-13,-1464.8025000000264
2021-10-14,12274.42999999999
2021-10-15,9583.504999999992
2021-10-18,3062.7275000000213
2021-10-19,-367.86749999998926
2021-10-20,-5283.642500000049
2021-10-21,-4525.360000000018
2021-10-22,-321.5450000000533
2021-10-25,3680.0400000000654
2021-10-26,746.8699999999533
2021-10-27,-15447.242499999998
2021-10-28,-8606.549999999967
2021-10-29,14087.52249999998
2021-11-01,9235.915000000008
2021-11-02,6927.6249999999845
2021-11-03,-5448.580000000041
2021-11-04,-869.3450000000039
2021-11-05,-2617.127499999987
2021-11-08,782.2074999999846
2021-11-09,6444.349999999997
2021-11-10,-4099.099999999936
2021-11-11,2391.1549999999543
2021-11-12,-8053.617499999969
2021-11-15,6268.832499999974
2021-11-16,11566.840000000037
2021-11-17,-12298.865000000025
2021-11-18,-682.5625000000124
2021-11-19,-6520.90749999999
2021-11-22,26096.067500000074
2021-11-23,12610.844999999996
2021-11-24,6336.862499999985
2021-11-25,-6998.742500000086
2021-11-26,-50733.3974999999
2021-11-29,11184.179999999842
2021-11-30,-906.0449999999836
2021-12-01,228.8275000000216
2021-12-02,4861.427499999977
2021-12-03,-16.072499999955433
2021-12-06,6694.0624999999545
2021-12-07,2740.489999999986
2021-12-08,-4786.629999999915
2021-12-09,8101.672499999936
2021-12-10,-5989.780000000003
2021-12-13,4244.309999999995
2021-12-14,7336.20000000006
2021-12-15,-4162.8375000001015
2021-12-16,-12781.2074999999
2021-12-17,5085.837499999921
2021-12-20,-457.6349999999502
2021-12-21,-6324.915000000062
2021-12-22,-6968.977499999962
2021-12-23,-6350.227499999921
2021-12-27,6754.367499999905
2021-12-28,-1665.4050000000257
2021-12-29,380.24500000004775
2021-12-30,-7645.20249999996
2021-12-31,-926.0299999999927
2022-01-03,2054.7049999998826
2022-01-04,6231.13250000006
2022-01-05,-5099.197500000011
2022-01-06,9466.712500000029
2022-01-07,-3759.5875000000833
2022-01-10,630.6700000000425
2022-01-11,1853.4449999999238
2022-01-12,1222.7225000000687
2022-01-13,-19475.802499999914
2022-01-14,8968.097499999925
2022-01-17,4256.9025000000875
2022-01-18,5998.002500000025
2022-01-19,-8151.205000000083
2022-01-20,-16639.817500000074
2022-01-21,-9006.299999999941
2022-01-24,1995.600000000042
2022-01-25,3811.534999999967
2022-01-26,25198.57999999994
2022-01-27,24138.130000000063
2022-01-28,-8205.644999999982
2022-01-31,-14349.715000000117
2022-02-01,89.65749999993716
2022-02-02,-4032.2949999999973
2022-02-03,9924.545000000073
2022-02-04,23805.2625
2022-02-07,-3510.3150000000046
2022-02-08,-1532.4800000001094
2022-02-09,9195.177500000114
2022-02-10,7593.499999999928
2022-02-11,4338.360000000098
2022-02-14,11395.069999999921
2022-02-15,-10159.987499999921
2022-02-16,-6246.222500000065
2022-02-17,4580.482499999992
2022-02-18,9015.682500000012
2022-02-21,2122.7799999999656
2022-02-22,13456.307500000039
2022-02-23,20266.872499999976
2022-02-24,16444.51000000005
2022-02-25,-37016.03750000004
2022-02-28,10469.75249999994
2022-03-01,50805.63500000009
2022-03-02,23570.682499999937
2022-03-03,13074.48500000001
2022-03-04,14409.797499999951
2022-03-07,20831.512500000033
2022-03-08,11837.00250000004
2022-03-09,-26096.207499999917
2022-03-10,8153.522499999858
2022-03-11,14423.835000000101
2022-03-14,5610.205000000024
2022-03-15,-2992.1875000000273
2022-03-16,-6697.322500000016
2022-03-17,-6720.184999999991
2022-03-18,2858.125000000073
2022-03-21,14519.239999999918
2022-03-22,9108.615000000033
2022-03-23,4819.4849999999815
2022-03-24,5092.052500000046
2022-03-25,9094.552499999983
2022-03-28,840.6675000000128
2022-03-29,-3189.6449999999936
2022-03-30,-7059.130000000066
2022-03-31,-5099.087500000005
2022-04-01,430.11000000006277
2022-04-04,8025.869999999935
2022-04-05,15936.8075
2022-04-06,-5982.372500000029
2022-04-07,7292.1874999999945
2022-04-08,11595.000000000011
2022-04-11,3951.292499999945
2022-04-12,-771.3424999999393
2022-04-13,-4432.144999999986
2022-04-14,11673.437499999967
2022-04-18,8176.022500000038
2022-04-19,-1353.7499999999886
2022-04-20,-13108.437500000044
2022-04-21,14508.970000000003
2022-04-22,136.08999999999364
2022-04-25,-11397.5675
2022-04-26,8242.432500000014
2022-04-27,10134.864999999983
2022-04-28,5366.157500000024
2022-04-29,8700.490000000002
2022-05-02,-4292.9049999999725
2022-05-03,-3452.5250000000437
2022-05-04,-23711.69749999999
2022-05-05,34608.97000000001
2022-05-06,7070.2199999999675
2022-05-09,-892.8124999999598
2022-05-10,4073.5474999999965
2022-05-11,-2230.9374999999973
2022-05-12,15383.995000000037
2022-05-13,-6848.572500000035
2022-05-16,-6476.654999999964
2022-05-17,-453.81750000005025
2022-05-18,5904.172500000025
2022-05-19,-20766.250000000055
2022-05-20,-3345.2024999999812
2022-05-23,-3744.999999999936
2022-05-24,-10507.812499999993
2022-05-25,-779.3750000000348
2022-05-26,-5884.3324999999895
2022-05-27,-2260.2699999999963
2022-05-30,3132.9749999999945
2022-05-31,1465.532499999993
2022-06-01,5567.474999999984
2022-06-02,-6636.520000000011
2022-06-03,-237.49999999999181
2022-06-06,9862.18749999994
2022-06-07,-214.19749999999271
2022-06-08,6532.542500000029
2022-06-09,-1788.5724999999873
2022-06-10,14104.350000000024
2022-06-13,17810.609999999986
2022-06-14,4418.454999999917
2022-06-15,-22312.390000000007
2022-06-16,-7096.054999999951
2022-06-17,7247.23000000003
2022-06-20,-383.952500000008
2022-06-21,-8281.140000000014
2022-06-22,-3382.0349999999794
2022-06-23,-9338.597500000025
2022-06-24,-1382.6350000000239
2022-06-27,1691.7400000000143
2022-06-28,8806.2925
2022-06-29,103.65749999998545
2022-06-30,-5006.6975000000475
2022-07-01,-10772.727499999939
2022-07-04,2321.875000000034
2022-07-05,7285.709999999982
2022-07-06,5124.282500000012
2022-07-07,-415.3125000000082
2022-07-08,11950.624999999938
2022-07-11,7263.1250000000555
2022-07-12,-4436.3175
2022-07-13,2994.307500000021
2022-07-14,10964.104999999978
2022-07-15,-12452.770000000013
2022-07-18,3121.8749999999714
2022-07-19,-11576.562499999978
2022-07-20,1825.5999999999854
2022-07-21,-17476.207499999997
2022-07-22,-12517.702499999952
2022-07-25,3686.1824999998994
2022-07-26,2533.6825000000717
2022-07-27,-15369.087500000007
2022-07-28,-16698.817499999986
2022-07-29,-8609.467499999973
2022-08-01,-9445.760000000037
2022-08-02,23094.48499999999
2022-08-03,-7048.817499999997
2022-08-04,-6581.317500000022
2022-08-05,15495.355000000014
2022-08-08,-15729.442500000001
2022-08-09,8156.047499999983
2022-08-10,-19670.06749999998
2022-08-11,3802.677500000006
2022-08-12,-7278.53
2022-08-15,4434.527499999972
2022-08-16,-5686.207499999964
2022-08-17,15467.382499999996
2022-08-18,10148.125000000005
2022-08-19,7226.250000000009
2022-08-22,6036.87499999998
2022-08-23,-3303.5724999999748
2022-08-24,5256.9849999999615
2022-08-25,-11038.749999999996
2022-08-26,21036.874999999993
2022-08-29,2005.2449999999847
2022-08-30,11567.745000000064
2022-08-31,14564.317499999974
2022-09-01,11413.547500000004
2022-09-02,-5371.562500000024
2022-09-05,-1616.6299999999767
2022-09-06,17605.912499999988
2022-09-07,-17303.77499999999
2022-09-08,-4755.624999999987
2022-09-09,-12581.250000000062
2022-09-12,-17225.202499999967
2022-09-13,34615.422500000015
2022-09-14,-2851.14000000001
2022-09-15,13869.999999999976
2022-09-16,-4185.76
2022-09-19,5632.890000000014
2022-09-20,8198.859999999997
2022-09-21,10495.802500000016
2022-09-22,4637.989999999976
2022-09-23,24265.802500000013
2022-09-26,22584.240000000016
2022-09-27,2549.9749999999963
2022-09-28,-22922.567499999983
2022-09-29,-5526.072499999971
2022-09-30,13062.81249999995
2022-10-03,-22672.812500000007
2022-10-04,-11095.540000000023
2022-10-05,5350.6675000000205
2022-10-06,15021.250000000018
2022-10-07,8942.432499999957
2022-10-10,2324.6875000000164
2022-10-11,4531.874999999998
2022-10-12,-3633.5724999999807
2022-10-13,1216.874999999989
2022-10-14,14202.187500000038
2022-10-17,-13097.812500000038
2022-10-18,453.03250000001003
2022-10-19,15914.374999999982
2022-10-20,-326.31749999994736
2022-10-21,-16816.38500000001
2022-10-24,6704.772499999941
2022-10-25,-7937.524999999959
2022-10-26,-14873.749999999982
2022-10-27,29.61999999993429
2022-10-28,8386.985000000033
2022-10-31,2512.4999999999905
2022-11-01,-6900.000000000012
2022-11-02,10870.355000000058
2022-11-03,7769.374999999962
2022-11-04,-27342.145000000004
2022-11-07,7819.460000000022
2022-11-08,-7710.135000000034
2022-11-09,2364.1050000000378
2022-11-10,-17362.635000000002
2022-11-11,-10323.15000000002
2022-11-14,3375.9800000000005
2022-11-15,-7770.625000000004
2022-11-16,1001.874999999985
2022-11-17,5455.625000000002
2022-11-18,2019.349999999989
2022-11-21,5736.74000000001
2022-11-22,-5811.249999999979
2022-11-23,-10394.375000000013
2022-11-24,-1680.1350000000068
2022-11-25,2212.7875000000085
2022-11-28,854.2150000000084
2022-11-29,2715.6425000000045
2022-11-30,-11214.965000000017
2022-12-01,-3663.149999999983
2022-12-02,-1765.7599999999927
2022-12-05,8889.374999999993
2022-12-06,-4002.145000000012
2022-12-07,-7991.874999999998
2022-12-08,-144.64499999997898
2022-12-09,2430.979999999998
2022-12-12,295.6249999999759
2022-12-13,-8369.442499999996
2022-12-14,-1966.629999999987
2022-12-15,3529.864999999987
2022-12-16,1876.6049999999927
2022-12-19,4513.540000000016
2022-12-20,-2488.3950000000277
2022-12-21,-3689.08749999996
2022-12-22,2445.3974999999823
2022-12-23,1134.3749999999734
2022-12-26,86.25000000004312
2022-12-27,4725.21999999995
2022-12-28,1174.2400000000196
2022-12-29,2316.2925000000155
2022-12-30,-1748.8425000000013
2023-01-02,-1347.837499999997
2023-01-03,-5946.072500000013
2023-01-04,-8312.702499999989
2023-01-05,2289.9074999999602
2023-01-06,1441.850000000018
2023-01-09,15.287500000032516
2023-01-10,4637.81249999996
2023-01-11,-1074.0624999999818
2023-01-12,3832.365000000014
2023-01-13,5540.802500000005
2023-01-16,-32.01000000001772
2023-01-17,162.9900000000182
2023-01-18,-7131.384999999987
2023-01-19,332.8550000000091
2023-01-20,1080.287499999985
2023-01-23,-4052.5000000000273
2023-01-24,1402.119999999989
2023-01-25,763.4800000000212
2023-01-26,997.965000000011
2023-01-27,-879.1299999999567
2023-01-30,5001.562499999951
2023-01-31,-3387.2549999999883
2023-02-01,-158.88500000001068
2023-02-02,-6503.4624999999905
2023-02-03,-1186.2750000000149
2023-02-06,5248.277499999991
2023-02-07,-5017.567500000029
2023-02-08,2184.5525000000316
2023-02-09,5282.052499999982
2023-02-10,-1584.3749999999602
2023-02-13,-1749.197500000015
2023-02-14,1399.7299999999898
2023-02-15,-1738.5050000000188
2023-02-16,2227.542500000047
2023-02-17,3281.8499999999663
2023-02-20,2279.7300000000005
2023-02-21,10438.52250000004
2023-02-22,-2538.2174999999975
2023-02-23,-10512.685000000007
2023-02-24,-7031.87500000005
2023-02-27,2933.032499999987
2023-02-28,515.5074999999905
2023-03-01,5342.627500000048
2023-03-02,-170.31249999998943
2023-03-03,258.43749999998954
2023-03-06,6744.687499999981
2023-03-07,-7507.25499999998
2023-03-08,4753.657499999986
2023-03-09,25.397499999978848
2023-03-10,-15007.23750000003
2023-03-13,-7100.614999999961
2023-03-14,3366.7399999999907
2023-03-15,-13851.030000000022
2023-03-16,7870.642500000077
2023-03-17,9484.992499999944
2023-03-20,8313.33749999996
2023-03-21,-4726.384999999961
2023-03-22,6489.240000000026
2023-03-23,4994.012499999985
2023-03-24,-6625.227499999994
2023-03-27,-6919.712499999956
2023-03-28,-3944.1800000000085
2023-03-29,1192.6774999999927
2023-03-30,8370.262499999983
2023-03-31,52.40750000002092
2023-04-03,3461.224999999983
2023-04-04,2135.0000000000227
2023-04-05,-886.875000000039
2023-04-06,3872.1875000000546
2023-04-07,-2605.6250000000496
2023-04-10,-7406.722499999985
2023-04-11,5942.027499999996
2023-04-12,6849.062499999985
2023-04-13,11702.052499999996
2023-04-14,-15002.94749999995
2023-04-17,-9414.510000000011
2023-04-18,2944.307500000019
2023-04-19,-3799.019999999978
2023-04-20,4406.089999999969
2023-04-21,-3103.505000000001
2023-04-24,7495.22000000002
2023-04-25,-5774.400000000043
2023-04-26,4010.4649999999892
2023-04-27,943.8600000000141
2023-04-28,-986.6549999999825
2023-05-01,-3433.124999999966
2023-05-02,9487.964999999986
2023-05-03,7145.244999999982
2023-05-04,-3441.140000000004
2023-05-05,-11049.644999999984
2023-05-08,-4143.775000000038
2023-05-09,-281.87499999996703
2023-05-10,1748.1000000000258
2023-05-11,7495.354999999939
2023-05-12,-4507.879999999997
2023-05-15,-11763.25999999999
2023-05-16,6153.564999999976
2023-05-17,536.5800000000178
2023-05-18,-5049.289999999994
2023-05-19,5102.449999999965
2023-05-22,-3285.5649999999996
2023-05-23,-4278.775000000014
2023-05-24,5390.7350000000315
2023-05-25,12017.340000000002
2023-05-26,-2643.2600000000402
2023-05-29,-1308.1500000000015
2023-05-30,3972.4500000000276
2023-05-31,-4339.290000000083
2023-06-01,-3170.834999999982
2023-06-02,-8736.874999999949
2023-06-05,900.0000000000286
2023-06-06,-3896.2500000000286
2023-06-07,-198.26000000006115
2023-06-08,202.47500000004322
2023-06-09,416.85000000000775
2023-06-12,3829.32499999995
2023-06-13,4834.46000000004
2023-06-14,-2696.1650000000764
2023-06-15,7289.839999999994
2023-06-16,-3779.779999999922
2023-06-19,-1046.3750000000025
2023-06-20,-10788.175000000034
2023-06-21,456.2925000000548
2023-06-22,2497.9899999999634
2023-06-23,-16872.904999999955
2023-06-26,842.3399999999837
2023-06-27,9025.667500000001
2023-06-28,-1577.7950000000642
2023-06-29,5944.3075000001
2023-06-30,5511.537499999958
2023-07-03,443.75000000001774
2023-07-04,-3065.0674999999856
2023-07-05,-4485.025000000046
2023-07-06,1909.7300000000353
2023-07-07,5387.272499999994
2023-07-10,-4519.577500000078
2023-07-11,-1840.5149999999244
2023-07-12,-13028.75000000004
2023-07-13,-5877.347500000011
2023-07-14,5780.422500000056
2023-07-17,6435.244999999993
2023-07-18,4996.360000000015
2023-07-19,-4269.112500000022
2023-07-20,-3551.8999999999996
2023-07-21,3410.735000000003
2023-07-24,-3720.5150000000276
2023-07-25,-2480.759999999908
2023-07-26,4759.104999999945
2023-07-27,-1657.279999999999
2023-07-28,3529.840000000014
2023-07-31,-2883.5975000000008
2023-08-01,11311.782500000018
2023-08-02,-3754.3750000000177
2023-08-03,1677.6099999999872
2023-08-04,-6358.750000000018
2023-08-07,2230.600000000049
2023-08-08,-9086.655000000004
2023-08-09,1426.4699999999432
2023-08-10,4990.287500000015
2023-08-11,4775.9375000000455
2023-08-14,2710.3299999999354
2023-08-15,1627.5850000000764
2023-08-16,-2474.129999999999
2023-08-17,-3078.6000000000436
2023-08-18,-8746.284999999907
2023-08-21,14316.389999999945
2023-08-22,-3758.4624999999382
2023-08-23,2058.990000000033
2023-08-24,-7436.325000000066
2023-08-25,8469.815000000057
2023-08-28,-2936.7375000000466
2023-08-29,5905.100000000017
2023-08-30,-1132.4499999999955
2023-08-31,-5503.775000000036
2023-09-01,-1304.1825000000158
2023-09-04,2372.0175000000227
2023-09-05,-4137.2025000001
2023-09-06,2903.620000000073
2023-09-07,-6586.084999999983
2023-09-08,7205.1800000000385
2023-09-11,6312.810000000029
2023-09-12,-368.6999999999981
2023-09-13,-3896.34250000005
2023-09-14,15199.100000000048
2023-09-15,-7103.820000000027
2023-09-18,-2375.842499999913
2023-09-19,3995.5850000000387
2023-09-20,-3401.4875000000206
2023-09-21,-5822.767499999964
2023-09-22,-7409.034999999957
2023-09-25,8957.524999999869
2023-09-26,2176.8625000000984
2023-09-27,19385.092500000006
2023-09-28,-16251.169999999966
2023-09-29,3900.4799999999937
2023-10-02,20644.502500000013
2023-10-03,335.0125000000422
2023-10-04,-14746.707499999977
2023-10-05,-17241.322500000075
2023-10-06,-464.99750000004065
2023-10-09,-23719.062499999996
2023-10-10,1132.207499999999
2023-10-11,-3545.4349999999536
2023-10-12,20644.052500000063
2023-10-13,-17036.640000000003
2023-10-16,-516.4874999999823
2023-10-17,8247.957499999975
2023-10-18,6575.69000000001
2023-10-19,-6703.950000000048
2023-10-20,-7153.817500000005
2023-10-23,-12640.859999999939
2023-10-24,-68.20500000004088
2023-10-25,24460.217500000024
2023-10-26,-8504.535000000036
2023-10-27,6229.9550000000845
2023-10-30,-12706.545000000093
2023-10-31,18121.964999999997
2023-11-01,-30815.900000000012
2023-11-02,1882.342500000011
2023-11-03,-38590.51750000006
2023-11-06,11454.072500000006
2023-11-07,767.0250000000365
2023-11-08,-2850.8974999999773
2023-11-09,10224.649999999967
2023-11-10,15218.697500000007
2023-11-13,1381.1025000000739
2023-11-14,-34917.68750000002
2023-11-15,3781.082499999933
2023-11-16,-13356.159999999974
2023-11-17,4608.449999999965
2023-11-20,700.4125000000581
2023-11-21,-6929.120000000025
2023-11-22,115.11749999998364
2023-11-23,3430.745000000033
2023-11-24,-11834.707500000024
2023-11-27,-7762.042499999992
2023-11-28,-7174.7899999999945
2023-11-29,439.932500000011
2023-11-30,-5113.4275000000025
2023-12-01,-15197.582499999971
2023-12-04,-9619.042500000029
2023-12-05,-13722.369999999959
2023-12-06,-1105.7699999999704
2023-12-07,-4437.360000000089
2023-12-08,8817.85750000004
2023-12-11,13155.189999999964
2023-12-12,-7711.224999999986
2023-12-13,-31082.039999999968
2023-12-14,-24902.625000000047
2023-12-15,-4212.762500000068
2023-12-18,6143.355000000013
2023-12-19,9381.539999999935
2023-12-20,-6316.642500000016
2023-12-21,5874.757500000078
2023-12-22,-6089.510000000102
2023-12-25,2642.5275000000547
2023-12-26,438.6374999999688
2023-12-27,3707.855000000001
2023-12-28,-15497.094999999934
2023-12-29,-4227.060000000009
2024-01-01,-1875.8900000000256
2024-01-02,-13279.402499999971
2024-01-03,-12167.762500000055
2024-01-04,-4581.59000000001
2024-01-05,-3400.039999999942
2024-01-08,6959.049999999974
2024-01-09,-2049.039999999985
2024-01-10,3503.455000000014
2024-01-11,-6275.284999999988
2024-01-12,4265.114999999921
2024-01-15,7817.460000000109
2024-01-16,14625.442499999965
2024-01-17,-419.09500000003663
2024-01-18,1573.7700000000489
2024-01-19,1083.005000000022
2024-01-22,2083.96999999999
2024-01-23,-4041.350000000032
2024-01-24,-12403.309999999963
2024-01-25,-4793.794999999977
2024-01-26,-2348.9249999999856
2024-01-29,2991.03999999998
2024-01-30,-9852.690000000035
2024-01-31,-2099.807499999968
2024-02-01,824.7725000000839
2024-02-02,11092.292499999918
2024-02-05,-15291.459999999961
2024-02-06,-5723.619999999883
2024-02-07,3120.394999999982
2024-02-08,-4710.120000000038
2024-02-09,4328.369999999988
2024-02-12,890.490000000046
2024-02-13,-18800.475000000017
2024-02-14,16772.835000000014
2024-02-15,-3954.2100000000523
2024-02-16,-12178.210000000012
2024-02-19,5820.450000000053
2024-02-20,-16320.412500000008
2024-02-21,7336.277499999945
2024-02-22,9549.169999999978
2024-02-23,7446.605000000035
2024-02-26,-10327.06499999999
2024-02-27,-788.975000000024
2024-02-28,-2803.9974999999813
2024-02-29,50.10999999999029
2024-03-01,-4857.9099999999025
2024-03-04,-4160.260000000067
2024-03-05,6929.574999999844
2024-03-06,10248.47250000017
2024-03-07,-1642.3175000000178
2024-03-08,1014.9874999999342
2024-03-11,-4939.945000000014
2024-03-12,-7915.404999999924
2024-03-13,2198.3599999999356
2024-03-14,-20324.059999999972
2024-03-15,-2191.2349999999265
2024-03-18,-7869.9400000000405
2024-03-19,1628.8899999999378
2024-03-20,27457.41250000006
2024-03-21,-11824.577500000016
2024-03-22,-8492.58000000006
2024-03-25,-5642.559999999893
2024-03-26,8518.109999999982
2024-03-27,9150.284999999969
2024-03-28,-1542.810000000117
2024-04-01,-9937.697499999884
2024-04-02,3275.179999999934
2024-04-03,17094.64999999999
2024-04-04,-4454.34750000002
2024-04-05,4827.352500000021
2024-04-08,3860.390000000065
2024-04-09,1570.432499999939
2024-04-10,-28053.445
2024-04-11,12730.754999999974
2024-04-12,-18760.86000000005
2024-04-15,-946.1124999999683
2024-04-16,55.95500000000014
2024-04-17,-797.8674999999914
2024-04-18,5585.762499999958
2024-04-19,-5365.564999999949
2024-04-22,-11377.039999999983
2024-04-23,7176.53249999999
2024-04-24,3830.812499999871
2024-04-25,2041.3149999999853
2024-04-26,10220.965000000035
2024-04-29,760.2450000000642
2024-04-30,-14563.532499999992
2024-05-01,192.22499999997845
2024-05-02,-19986.3075
2024-05-03,-3320.529999999945
2024-05-06,7461.907499999889
2024-05-07,-5680.4824999999555
2024-05-08,502.3675000000636
2024-05-09,13811.082499999984
2024-05-10,750.3124999999653
2024-05-13,4709.687499999982
2024-05-14,3683.837500000055
2024-05-15,6812.652499999906
2024-05-16,1527.6525000001213
2024-05-17,12018.782499999972
2024-05-20,828.2924999999643
2024-05-21,2862.082499999991
2024-05-22,-13820.857499999962
2024-05-23,-9086.812499999973
2024-05-24,2412.1499999999387
2024-05-27,-1187.4599999999573
2024-05-28,7138.42499999994
2024-05-29,-1845.4775000000118
2024-05-30,-14794.747500000078
2024-05-31,-1689.1499999999833
2024-06-03,-13059.8049999999
2024-06-04,-18823.624999999927
2024-06-05,5209.30749999993
2024-06-06,-3854.6849999999713
2024-06-07,1553.9424999999885
2024-06-10,8988.462499999932
2024-06-11,-3816.3249999999325
2024-06-12,-15272.652499999995
2024-06-13,-5889.212499999957
2024-06-14,5259.892499999954
2024-06-17,14008.342499999948
2024-06-18,-8276.595000000021
2024-06-19,-217.20249999996864
2024-06-20,14488.540000000039
2024-06-21,-4039.4750000000304
2024-06-24,-3296.4075000000084
2024-06-25,5834.9600000000455
2024-06-26,16322.09749999998
2024-06-27,-3092.610000000089
2024-06-28,3349.767500000091
2024-07-01,16469.43749999999
2024-07-02,-1990.4050000000416
2024-07-03,-5044.487499999996
2024-07-04,-602.8300000000073
2024-07-05,-14699.864999999925
2024-07-08,3076.9599999999405
2024-07-09,-4941.890000000079
2024-07-10,3000.852500000073
2024-07-11,-16629.37749999991
2024-07-12,-64.73000000003628
2024-07-15,15136.337500000012
2024-07-16,-2537.5750000000426
2024-07-17,-5606.197499999977
2024-07-18,-6441.572500000028
2024-07-19,-4137.554999999997
2024-07-22,-4547.315000000018
2024-07-23,-3076.5524999999498
2024-07-24,-12992.994999999972
2024-07-25,-2156.1075000000183
2024-07-26,13037.037499999988
2024-07-29,1682.5399999999524
2024-07-30,-814.8674999999038
2024-07-31,380.37500000004275
2024-08-01,-31279.12750000008
2024-08-02,-29719.797499999942
2024-08-05,-17041.757499999996
2024-08-06,-6444.240000000005
2024-08-07,-4263.924999999993
2024-08-08,-16114.000000000035
2024-08-09,206.03000000008404
2024-08-12,5655.649999999916
2024-08-13,18209.769999999986
2024-08-14,-7738.970000000019
2024-08-15,7979.534999999995
2024-08-16,10977.130000000003
2024-08-19,3279.18000000009
2024-08-20,4969.190000000022
2024-08-21,7144.194999999934
2024-08-22,-7916.925000000023
2024-08-23,15300.27500000007
2024-08-26,-2743.525000000083
2024-08-27,1572.1250000000719
2024-08-28,-4706.084999999957
2024-08-29,-9855.975000000055
2024-08-30,-9045.374999999955
2024-09-02,-1369.0300000000332
2024-09-03,-9457.625000000035
2024-09-04,9688.939999999942
2024-09-05,3797.450000000077
2024-09-06,4162.680000000042
2024-09-09,-3157.9300000000944
2024-09-10,17596.805000000084
2024-09-11,-11906.359999999971
2024-09-12,1944.3749999999372
2024-09-13,4141.535000000054
2024-09-16,6558.185000000002
2024-09-17,-9017.74500000002
2024-09-18,-4193.140000000006
2024-09-19,3330.915000000047
2024-09-20,-6384.33750000003
2024-09-23,-6157.397500000023
2024-09-24,8959.540000000045
2024-09-25,-16801.03499999995
2024-09-26,19965.882499999905
2024-09-27,-850.7499999999666
2024-09-30,-7715.177500000029
2024-10-01,-14045.499999999975
2024-10-02,-10934.459999999948
2024-10-03,-25151.567500000023
2024-10-04,-16362.532499999945
2024-10-07,-17818.547500000033
2024-10-08,10234.239999999974
2024-10-09,-7308.184999999967
2024-10-10,-6702.100000000056
2024-10-11,6172.274999999969
2024-10-14,9957.790000000105
2024-10-15,3477.579999999991
2024-10-16,478.56499999996123
2024-10-17,-3705.60500000003
2024-10-18,16663.62500000002
2024-10-21,-22904.479999999927
2024-10-22,-8716.800000000043
2024-10-23,-15472.125000000018
2024-10-24,7986.077499999983
2024-10-25,-7485.94749999995
2024-10-28,17787.694999999945
2024-10-29,5468.762499999893
2024-10-30,-15240.547499999893
2024-10-31,-19682.330000000034
2024-11-01,3495.6399999999935
2024-11-04,-5935.482499999867
2024-11-05,-2239.26000000005
2024-11-06,13933.487500000052
2024-11-07,5495.049999999999
2024-11-08,3082.8074999999953
2024-11-11,8144.702499999969
2024-11-12,7764.36499999995
2024-11-13,5958.617500000048
2024-11-14,3208.439999999977
2024-11-15,-3187.677499999986
2024-11-18,-18436.892500000016
2024-11-19,-1282.3050000000464
2024-11-20,2696.6875000000305
2024-11-21,1931.3774999999935
2024-11-22,9609.15000000002
2024-11-25,20838.060000000078
2024-11-26,-1984.122500000051
2024-11-27,476.992499999953
2024-11-28,-169.7274999999034
2024-11-29,-5825.227499999988
2024-12-02,11174.142499999973
2024-12-03,-5792.372500000003
2024-12-04,8329.487500000028
2024-12-05,-14957.725000000026
2024-12-06,12827.345000000023
2024-12-09,-15789.245000000017
2024-12-10,-3269.259999999998
2024-12-11,-1219.700000000038
2024-12-12,3722.357500000018
2024-12-13,3999.6574999999816
2024-12-16,-975.4574999999496
2024-12-17,3299.3025000000043
2024-12-18,3356.4625000000356
2024-12-19,-6600.217499999979
2024-12-20,-6207.3274999999685
2024-12-23,6819.834999999957
2024-12-24,1554.844999999996
2024-12-25,-2679.067499999976
2024-12-26,-5813.367500000006
2024-12-27,-5964.620000000053
2024-12-30,-13781.405
2024-12-31,4930.597500000004
2025-01-01,937.7199999999923
2025-01-02,1248.6950000000595
2025-01-03,6492.354999999976
2025-01-06,-4010.3300000000404
2025-01-07,-550.6974999999964
2025-01-08,6154.4200000000465
2025-01-09,3305.049999999976
2025-01-10,13816.469999999963
2025-01-13,-13727.554999999893
2025-01-14,-1764.4850000000094
2025-01-15,-8301.487500000028
2025-01-16,-376.007500000074
2025-01-17,3560.2850000000362
2025-01-20,-24523.747499999958
2025-01-21,-969.437499999992
2025-01-22,5916.064999999919
2025-01-23,2477.86250000002
2025-01-24,-2953.8650000000016
2025-01-27,4115.007500000023
2025-01-28,1541.6024999999938
2025-01-29,-2409.547500000065
2025-01-30,1528.2049999999908
2025-01-31,768.1625000000295
2025-02-03,421.13249999999755
2025-02-04,-8779.199999999988
2025-02-05,-3706.507499999998
2025-02-06,-3250.919999999977
2025-02-07,4477.492499999985
2025-02-10,7993.787499999991
2025-02-11,-2650.2674999999695
2025-02-12,3900.187499999889
2025-02-13,-8987.192499999968
2025-02-14,-13353.802499999954
2025-02-17,-506.3475000000105
2025-02-18,12716.0325
2025-02-19,-1861.5199999999732
2025-02-20,-17099.630000000056
2025-02-21,-21478.80250000001
2025-02-24,-8168.437499999971
2025-02-25,-7358.884999999988
2025-02-26,-7549.75
2025-02-27,-968.0999999999519
2025-02-28,-7570.865000000016
2025-03-03,-22835.47250000002
2025-03-04,-5691.890000000037
2025-03-05,-2877.8874999999653
2025-03-06,-14646.617499999922
2025-03-07,8053.899999999894
2025-03-10,-15397.99499999999
2025-03-11,10606.50750000003
2025-03-12,-1734.0900000000033
2025-03-13,3688.7150000000256
2025-03-14,-2087.074999999987
2025-03-17,-3706.1350000000084
2025-03-18,1861.7499999999104
2025-03-19,-4302.702500000015
2025-03-20,6911.8500000000595
2025-03-21,3455.7175000000084
2025-03-24,5907.142499999952
2025-03-25,2796.8750000000487
2025-03-26,9738.002499999926
2025-03-27,-2742.149999999926
2025-03-28,-5988.875
2025-03-31,4968.529999999993
2025-04-01,-4980.362500000059
2025-04-02,-15563.34999999991
2025-04-03,-11906.677500000102
2025-04-04,18318.557500000006
2025-04-07,-6783.4249999999965
2025-04-08,8562.355000000058
2025-04-09,-26811.08250000002
2025-04-10,15699.4025
2025-04-11,-6473.9500000000235
2025-04-14,-12780.142499999954
2025-04-15,-1279.4850000000008
2025-04-16,-4125.002500000045
2025-04-17,-3431.2649999999257
2025-04-21,9197.279999999988
2025-04-22,-9628.287500000028
2025-04-23,859.3099999999993
2025-04-24,1228.0574999999985
2025-04-25,-570.8300000000017
2025-04-28,11132.65
2025-04-29,194.15999999999582
2025-04-30,8.920000000083945
2025-05-01,-7187.110000000046
2025-05-02,-2753.4799999999973
2025-05-05,2216.1024999999763
2025-05-06,-4436.159999999991
2025-05-07,6213.670000000044
2025-05-08,-16476.78
2025-05-09,2147.7450000000354
2025-05-12,-12051.754999999977
2025-05-13,587.5774999999674
2025-05-14,-1325.7200000000041
2025-05-15,-1050.9100000000058
2025-05-16,-996.2075000000043
2025-05-19,-494.98749999996903
2025-05-20,1331.6599999999817
2025-05-21,2724.8999999999673
2025-05-22,2253.650000000009
2025-05-23,3829.304999999959
2025-05-26,-332.019999999978
2025-05-27,-4070.0575000000285
2025-05-28,-14976.594999999943
2025-05-29,10380.679999999946
2025-05-30,-4850.964999999975
2025-06-02,4488.95
2025-06-03,-3571.03999999999
2025-06-04,964.3674999999528
2025-06-05,4709.6450000000295
2025-06-06,-8433.724999999982
2025-06-09,2599.332499999956
2025-06-10,-2068.434999999942
2025-06-11,-3320.2150000000697
2025-06-12,9583.930000000075
2025-06-13,187.679999999983
2025-06-16,13647.467499999988
2025-06-17,-5286.222500000039
2025-06-18,-3254.214999999948
2025-06-19,4746.540000000023
2025-06-20,-3842.937500000047
2025-06-23,-18854.264999999956
2025-06-24,2752.810000000034
2025-06-25,4195.817499999941
2025-06-26,3171.5400000000154
2025-06-27,-1640.507500000011
2025-06-30,9720.72500000001
2025-07-01,-6010.692500000022
2025-07-02,-9419.249999999973
2025-07-03,-7753.635000000063
2025-07-04,2029.1025000000418
2025-07-07,-8686.747499999978
2025-07-08,9847.557499999954
2025-07-09,6736.832500000006
2025-07-10,-834.3199999999536
2025-07-11,-9973.76000000005
2025-07-14,-5428.569999999986
2025-07-15,-4856.607499999982
2025-07-16,1223.5424999999798
2025-07-17,-5375.842499999996
2025-07-18,-804.864999999988
2025-07-21,12704.004999999968
2025-07-22,5966.067500000034
2025-07-23,4180.192499999974
2025-07-24,-7005.609999999955
2025-07-25,-2202.462500000022
2025-07-28,-10527.144999999942
2025-07-29,-6090.74
2025-07-30,-8138.272500000005
2025-07-31,-3351.485000000089
2025-08-01,35571.25750000001
2025-08-04,-2297.2999999999643
2025-08-05,-2791.6100000000115
2025-08-06,2723.784999999948
2025-08-07,1083.210000000031
2025-08-08,-6507.170000000085
2025-08-11,-7100.18999999994
2025-08-12,3513.345000000025
2025-08-13,3942.559999999954
2025-08-14,-12144.187499999969
2025-08-15,-2759.057499999966
2025-08-18,-3730.777500000018
2025-08-19,3706.6599999999526
2025-08-20,-2338.232499999903
2025-08-21,-9567.010000000046
2025-08-22,25146.482499999973
2025-08-25,-6452.097500000001
2025-08-26,6598.787500000062
2025-08-27,7837.522499999913
2025-08-28,-2654.3949999999704
2025-08-29,-1587.6149999999975
2025-09-01,4129.720000000032
2025-09-02,-7206.352500000009
2025-09-03,-3952.282499999989
2025-09-04,3238.449999999929
2025-09-05,-1860.8124999999418
2025-09-08,3604.6624999999567
2025-09-09,-7628.679999999978
2025-09-10,6030.325000000022
2025-09-11,5940.549999999945
2025-09-12,-7310.624999999949
2025-09-15,11911.512499999952
2025-09-16,8276.054999999966
2025-09-17,-7780.142500000039
2025-09-18,-4540.539999999968
2025-09-19,-8332.67249999996
2025-09-22,5643.349999999998
2025-09-23,3039.5400000000445
2025-09-24,-14792.575000000024
2025-09-25,-16124.5525
2025-09-26,10424.32249999998
2025-09-29,-55.545000000054586
2025-09-30,2606.1150000000343
