date,net_pnl
2010-06-07,0.0
2010-06-08,0.0
2010-06-09,0.0
2010-06-10,0.0
2010-06-11,0.0
2010-06-14,0.0
2010-06-15,0.0
2010-06-16,0.0
2010-06-17,0.0
2010-06-18,0.0
2010-06-21,0.0
2010-06-22,0.0
2010-06-23,0.0
2010-06-24,0.0
2010-06-25,0.0
2010-06-28,0.0
2010-06-29,0.0
2010-06-30,0.0
2010-07-01,0.0
2010-07-02,0.0
2010-07-05,0.0
2010-07-06,0.0
2010-07-07,0.0
2010-07-08,0.0
2010-07-09,0.0
2010-07-12,0.0
2010-07-13,0.0
2010-07-14,0.0
2010-07-15,0.0
2010-07-16,0.0
2010-07-19,0.0
2010-07-20,0.0
2010-07-21,0.0
2010-07-22,0.0
2010-07-23,0.0
2010-07-26,0.0
2010-07-27,0.0
2010-07-28,0.0
2010-07-29,0.0
2010-07-30,0.0
2010-08-02,0.0
2010-08-03,0.0
2010-08-04,0.0
2010-08-05,0.0
2010-08-06,0.0
2010-08-09,0.0
2010-08-10,0.0
2010-08-11,0.0
2010-08-12,0.0
2010-08-13,0.0
2010-08-16,0.0
2010-08-17,0.0
2010-08-18,0.0
2010-08-19,0.0
2010-08-20,0.0
2010-08-23,0.0
2010-08-24,0.0
2010-08-25,0.0
2010-08-26,0.0
2010-08-27,0.0
2010-08-30,0.0
2010-08-31,0.0
2010-09-01,0.0
2010-09-02,0.0
2010-09-03,0.0
2010-09-06,0.0
2010-09-07,0.0
2010-09-08,0.0
2010-09-09,0.0
2010-09-10,0.0
2010-09-13,0.0
2010-09-14,0.0
2010-09-15,0.0
2010-09-16,0.0
2010-09-17,0.0
2010-09-20,0.0
2010-09-21,0.0
2010-09-22,0.0
2010-09-23,0.0
2010-09-24,0.0
2010-09-27,0.0
2010-09-28,0.0
2010-09-29,0.0
2010-09-30,0.0
2010-10-01,0.0
2010-10-04,0.0
2010-10-05,0.0
2010-10-06,0.0
2010-10-07,0.0
2010-10-08,0.0
2010-10-11,0.0
2010-10-12,0.0
2010-10-13,0.0
2010-10-14,0.0
2010-10-15,0.0
2010-10-18,0.0
2010-10-19,0.0
2010-10-20,0.0
2010-10-21,0.0
2010-10-22,0.0
2010-10-25,0.0
2010-10-26,0.0
2010-10-27,0.0
2010-10-28,0.0
2010-10-29,0.0
2010-11-01,0.0
2010-11-02,0.0
2010-11-03,0.0
2010-11-04,0.0
2010-11-05,0.0
2010-11-08,0.0
2010-11-09,0.0
2010-11-10,0.0
2010-11-11,0.0
2010-11-12,0.0
2010-11-15,0.0
2010-11-16,0.0
2010-11-17,0.0
2010-11-18,0.0
2010-11-19,0.0
2010-11-22,0.0
2010-11-23,0.0
2010-11-24,0.0
2010-11-25,0.0
2010-11-26,0.0
2010-11-29,0.0
2010-11-30,0.0
2010-12-01,0.0
2010-12-02,0.0
2010-12-03,0.0
2010-12-06,0.0
2010-12-07,0.0
2010-12-08,0.0
2010-12-09,0.0
2010-12-10,0.0
2010-12-13,0.0
2010-12-14,0.0
2010-12-15,0.0
2010-12-16,0.0
2010-12-17,0.0
2010-12-20,0.0
2010-12-21,0.0
2010-12-22,0.0
2010-12-23,0.0
2010-12-27,0.0
2010-12-28,0.0
2010-12-29,0.0
2010-12-30,0.0
2010-12-31,0.0
2011-01-03,0.0
2011-01-04,0.0
2011-01-05,0.0
2011-01-06,0.0
2011-01-07,0.0
2011-01-10,0.0
2011-01-11,0.0
2011-01-12,0.0
2011-01-13,0.0
2011-01-14,0.0
2011-01-17,0.0
2011-01-18,0.0
2011-01-19,0.0
2011-01-20,0.0
2011-01-21,0.0
2011-01-24,0.0
2011-01-25,0.0
2011-01-26,0.0
2011-01-27,0.0
2011-01-28,0.0
2011-01-31,0.0
2011-02-01,0.0
2011-02-02,0.0
2011-02-03,0.0
2011-02-04,0.0
2011-02-07,0.0
2011-02-08,0.0
2011-02-09,0.0
2011-02-10,0.0
2011-02-11,0.0
2011-02-14,0.0
2011-02-15,0.0
2011-02-16,0.0
2011-02-17,0.0
2011-02-18,0.0
2011-02-21,0.0
2011-02-22,0.0
2011-02-23,0.0
2011-02-24,0.0
2011-02-25,0.0
2011-02-28,0.0
2011-03-01,0.0
2011-03-02,0.0
2011-03-03,0.0
2011-03-04,0.0
2011-03-07,0.0
2011-03-08,0.0
2011-03-09,0.0
2011-03-10,0.0
2011-03-11,0.0
2011-03-14,0.0
2011-03-15,0.0
2011-03-16,0.0
2011-03-17,-1444.08
2011-03-18,19062.09749999985
2011-03-21,28627.895000000088
2011-03-22,6750.492499999999
2011-03-23,6569.207500000208
2011-03-24,30121.157499999823
2011-03-25,-28272.62999999972
2011-03-28,-46571.95250000036
2011-03-29,33373.35749999991
2011-03-30,8431.280000000137
2011-03-31,57598.37000000007
2011-04-01,25121.800000000057
2011-04-04,20125.739999999965
2011-04-05,-1640.3675000001444
2011-04-06,20327.015000000254
2011-04-07,26080.837499999827
2011-04-08,85360.71500000011
2011-04-11,-61036.09250000012
2011-04-12,-36944.02750000023
2011-04-13,19512.34750000046
2011-04-14,27738.50249999966
2011-04-15,23662.664999999903
2011-04-18,-23951.764999999683
2011-04-19,40428.84500000024
2011-04-20,71788.64499999948
2011-04-21,24053.445000000287
2011-04-25,7287.682499999935
2011-04-26,42584.825000000026
2011-04-27,32050.067499999874
2011-04-28,819.9624999999169
2011-04-29,54756.12250000023
2011-05-02,-57294.94749999991
2011-05-03,-28020.820000000076
2011-05-04,-30332.829999999998
2011-05-05,-97846.01000000021
2011-05-06,-1404.5949999999045
2011-05-09,44114.45
2011-05-10,2052.225000000003
2011-05-11,-42618.31499999992
2011-05-12,-6706.4775000001055
2011-05-13,-14996.504999999861
2011-05-16,-17940.975000000202
2011-05-17,25379.322500000104
2011-05-18,13446.334999999985
2011-05-19,5118.11000000006
2011-05-20,-3903.2900000000736
2011-05-23,-41051.51499999993
2011-05-24,19382.305000000022
2011-05-25,19360.844999999932
2011-05-26,36263.394999999946
2011-05-27,20295.677500000158
2011-05-30,117.75999999991369
2011-05-31,12922.229999999945
2011-06-01,-22976.687499999924
2011-06-02,1466.8449999999684
2011-06-03,15829.310000000052
2011-06-06,-23007.65
2011-06-07,10562.125000000025
2011-06-08,913.4199999999729
2011-06-09,-2413.9299999999266
2011-06-10,-23907.62500000005
2011-06-13,-7832.325000000068
2011-06-14,13.575000000096225
2011-06-15,-31355.11000000002
2011-06-16,7108.61999999995
2011-06-17,4512.982499999936
2011-06-20,1299.1350000000366
2011-06-21,9001.107500000071
2011-06-22,-14600.290000000092
2011-06-23,-2383.59499999995
2011-06-24,-16061.027499999978
2011-06-27,3264.3174999999246
2011-06-28,6030.6400000000085
2011-06-29,25612.840000000004
2011-06-30,-17987.755000000063
2011-07-01,10567.990000000082
2011-07-04,5622.665000000039
2011-07-05,10623.359999999884
2011-07-06,11349.455000000056
2011-07-07,15612.725000000106
2011-07-08,18090.757499999934
2011-07-11,-15860.914999999992
2011-07-12,12848.819999999987
2011-07-13,28485.000000000073
2011-07-14,-17127.37500000006
2011-07-15,11474.032499999974
2011-07-18,-12185.049999999968
2011-07-19,18636.819999999974
2011-07-20,-1708.2000000000048
2011-07-21,12670.467500000039
2011-07-22,1909.9299999999273
2011-07-25,-6360.172499999935
2011-07-26,18146.274999999983
2011-07-27,-23097.925000000003
2011-07-28,434.48000000001775
2011-07-29,28003.219999999907
2011-08-01,-8898.489999999887
2011-08-02,-2132.072500000041
2011-08-03,2905.702500000023
2011-08-04,-57550.417500000076
2011-08-05,3308.457500000047
2011-08-08,-25384.284999999993
2011-08-09,50013.49000000001
2011-08-10,-12568.452500000012
2011-08-11,1221.5499999999936
2011-08-12,609.9450000000226
2011-08-15,9517.090000000011
2011-08-16,3954.149999999966
2011-08-17,8067.422499999971
2011-08-18,-26398.129999999957
2011-08-19,14817.690000000019
2011-08-22,512.2549999999541
2011-08-23,28.26500000008445
2011-08-24,-14365.000000000067
2011-08-25,5289.645
2011-08-26,12699.525000000018
2011-08-29,4992.757500000021
2011-08-30,6561.634999999989
2011-08-31,471.15000000000055
2011-09-01,-879.8399999999654
2011-09-02,-3563.030000000044
2011-09-05,-12936.649999999983
2011-09-06,-15061.965000000015
2011-09-07,8720.697499999998
2011-09-08,-8822.059999999992
2011-09-09,-11991.767500000004
2011-09-12,-5904.855000000017
2011-09-13,-4647.517499999928
2011-09-14,-830.2349999999998
2011-09-15,6996.202499999949
2011-09-16,3039.072500000043
2011-09-19,-12327.39000000005
2011-09-20,2389.6124999999997
2011-09-21,-12672.590000000037
2011-09-22,-15115.677500000016
2011-09-23,-17411.71999999997
2011-09-26,2016.6699999999869
2011-09-27,-2192.19250000004
2011-09-28,2402.8425000000793
2011-09-29,-8361.375000000011
2011-09-30,-586.6125000000133
2011-10-03,4882.785000000004
2011-10-04,-6400.332500000026
2011-10-05,-1969.867500000011
2011-10-06,-4182.459999999969
2011-10-07,-7429.527500000033
2011-10-10,-9869.162500000017
2011-10-11,1324.5675000000779
2011-10-12,4588.6499999999705
2011-10-13,9547.894999999973
2011-10-14,1071.332499999977
2011-10-17,-4045.3799999999546
2011-10-18,9244.237500000036
2011-10-19,-8093.450000000001
2011-10-20,5165.729999999993
2011-10-21,1359.694999999974
2011-10-24,-6945.700000000015
2011-10-25,-388.0674999999545
2011-10-26,-2454.987500000036
2011-10-27,-2204.450000000036
2011-10-28,-149.90999999997362
2011-10-31,-12998.047500000019
2011-11-01,4453.195000000013
2011-11-02,1292.2049999999747
2011-11-03,-2118.7924999999987
2011-11-04,6203.230000000032
2011-11-07,365.48000000001457
2011-11-08,-1799.0599999999804
2011-11-09,-10775.699999999999
2011-11-10,7497.790000000001
2011-11-11,4228.877499999962
2011-11-14,54.364999999984995
2011-11-15,888.5700000000105
2011-11-16,-11.937499999991175
2011-11-17,-11403.727500000052
2011-11-18,-7305.007499999945
2011-11-21,2505.959999999992
2011-11-22,7991.692499999989
2011-11-23,-7549.977500000004
2011-11-24,793.9575000000281
2011-11-25,-9627.99499999998
2011-11-28,-2324.050000000016
2011-11-29,-2026.9675000000068
2011-11-30,-505.5300000000601
2011-12-01,-2345.6575000000053
2011-12-02,-2155.555000000024
2011-12-05,-2680.334999999962
2011-12-06,771.9450000000015
2011-12-07,2771.232500000016
2011-12-08,-8083.672499999962
2011-12-09,4774.999999999942
2011-12-12,-3792.7050000000186
2011-12-13,776.3974999999766
2011-12-14,1144.650000000038
2011-12-15,-7735.835000000041
2011-12-16,-941.4524999999679
2011-12-19,-2837.150000000023
2011-12-20,-5901.185000000025
2011-12-21,-1520.324999999934
2011-12-22,-6668.630000000034
2011-12-23,-3281.5499999999834
2011-12-26,1043.5349999999985
2011-12-27,-2948.060000000045
2011-12-28,18266.16999999996
2011-12-29,7683.280000000012
2011-12-30,3487.104999999969
2012-01-02,486.29999999999836
2012-01-03,3194.577500000051
2012-01-04,4285.590000000019
2012-01-05,557.6149999999645
2012-01-06,9696.190000000026
2012-01-09,-5958.225000000024
2012-01-10,6307.965000000004
2012-01-11,8717.332499999993
2012-01-12,-7715.19999999998
2012-01-13,3134.745000000027
2012-01-16,3607.73500000004
2012-01-17,-1466.6350000000068
2012-01-18,-717.6325000000375
2012-01-19,-12736.75
2012-01-20,-4579.650000000003
2012-01-23,-11518.97499999998
2012-01-24,-3952.0324999999934
2012-01-25,10441.105000000001
2012-01-26,3595.427500000005
2012-01-27,11854.004999999963
2012-01-30,864.8224999999866
2012-01-31,-611.619999999984
2012-02-01,-5280.22500000003
2012-02-02,5426.007499999988
2012-02-03,-4922.324999999959
2012-02-06,1961.9499999999748
2012-02-07,70.23500000004717
2012-02-08,658.9549999999984
2012-02-09,-1168.5324999999561
2012-02-10,1268.2424999999375
2012-02-13,-2217.667499999968
2012-02-14,-1740.9850000000056
2012-02-15,4235.695000000024
2012-02-16,-5865.8225
2012-02-17,-7268.8099999999695
2012-02-20,-2770.5199999999995
2012-02-21,1294.1400000000351
2012-02-22,5294.33749999997
2012-02-23,3167.724999999996
2012-02-24,-10009.922500000032
2012-02-27,9937.159999999974
2012-02-28,-7320.87500000004
2012-02-29,-18577.732499999995
2012-03-01,3530.0050000000992
2012-03-02,-2130.189999999998
2012-03-05,-7176.297499999988
2012-03-06,5756.922499999966
2012-03-07,7504.340000000019
2012-03-08,-8443.825000000048
2012-03-09,2269.9074999999693
2012-03-12,2825.1724999999947
2012-03-13,-1968.0149999999842
2012-03-14,-10343.744999999944
2012-03-15,254.75500000000838
2012-03-16,3246.6324999999765
2012-03-19,-11454.315000000024
2012-03-20,5967.627500000059
2012-03-21,-36.54750000003793
2012-03-22,206.45500000002068
2012-03-23,4482.712499999897
2012-03-26,-18.92249999997035
2012-03-27,2562.670000000002
2012-03-28,3403.932499999976
2012-03-29,16907.66749999999
2012-03-30,-14752.604999999974
2012-04-02,-4959.664999999993
2012-04-03,-9633.272500000046
2012-04-04,7688.910000000066
2012-04-05,7352.582499999943
2012-04-06,6811.807500000049
2012-04-09,1895.3999999999337
2012-04-10,18797.43499999999
2012-04-11,-4818.219999999995
2012-04-12,3308.532500000027
2012-04-13,10527.732499999953
2012-04-16,-6041.249999999925
2012-04-17,-289.01250000004416
2012-04-18,2384.00250000003
2012-04-19,-8658.387500000019
2012-04-20,1417.5850000000091
2012-04-23,-3860.6699999999655
2012-04-24,4165.012500000052
2012-04-25,25.425000000017874
2012-04-26,11453.987499999947
2012-04-27,-9981.065000000035
2012-04-30,-3353.9750000000604
2012-05-01,-1944.397499999953
2012-05-02,12144.27500000008
2012-05-03,-19511.042500000087
2012-05-04,-3630.4274999999925
2012-05-07,-4553.5324999999175
2012-05-08,-1940.9400000000778
2012-05-09,3242.8275000000654
2012-05-10,9053.029999999957
2012-05-11,-261.75000000002325
2012-05-14,4173.840000000081
2012-05-15,-1284.562500000035
2012-05-16,-8265.970000000085
2012-05-17,987.5750000000077
2012-05-18,-18046.439999999893
2012-05-21,-5927.6875000000255
2012-05-22,15608.755000000025
2012-05-23,16322.570000000009
2012-05-24,-2107.2425000000503
2012-05-25,5330.530000000066
2012-05-28,-1258.1925000000144
2012-05-29,9326.497500000054
2012-05-30,26239.59749999997
2012-05-31,18968.407499999976
2012-06-01,19161.07000000005
2012-06-04,-20434.17749999997
2012-06-05,1994.27749999995
2012-06-06,-25048.772499999995
2012-06-07,4821.220000000035
2012-06-08,4764.739999999902
2012-06-11,11260.352500000054
2012-06-12,-9308.789999999983
2012-06-13,-2667.412499999995
2012-06-14,-14878.622499999965
2012-06-15,8944.939999999959
2012-06-18,1417.1375000000303
2012-06-19,-8819.547500000006
2012-06-20,3846.80499999997
2012-06-21,6052.765
2012-06-22,-8616.850000000057
2012-06-25,-4409.504999999996
2012-06-26,-6646.867499999967
2012-06-27,-5444.980000000005
2012-06-28,9435.142500000016
2012-06-29,-51879.094999999994
2012-07-02,19451.71499999992
2012-07-03,-13375.67499999993
2012-07-04,9442.642499999956
2012-07-05,9230.960000000025
2012-07-06,15099.102499999963
2012-07-09,-1812.292499999995
2012-07-10,4771.507500000012
2012-07-11,-6541.142500000023
2012-07-12,3393.0099999999834
2012-07-13,-4128.084999999935
2012-07-16,2695.4899999999648
2012-07-17,-6346.465000000033
2012-07-18,1711.2450000000229
2012-07-19,-7939.422500000006
2012-07-20,19024.590000000007
2012-07-23,-6543.27000000001
2012-07-24,-2972.4699999999934
2012-07-25,-5205.224999999875
2012-07-26,-14675.42250000011
2012-07-27,-5887.31749999995
2012-07-30,11836.924999999988
2012-07-31,1656.4249999999736
2012-08-01,369.16749999999877
2012-08-02,11580.585000000043
2012-08-03,-6256.00000000008
2012-08-06,-2345.7349999999974
2012-08-07,-9611.454999999973
2012-08-08,-4404.597499999985
2012-08-09,11075.034999999976
2012-08-10,-1976.6675000000655
2012-08-13,-10312.744999999939
2012-08-14,-5672.589999999951
2012-08-15,1742.0374999999403
2012-08-16,-3503.4249999999365
2012-08-17,1233.059999999931
2012-08-20,-288.9524999999265
2012-08-21,-7544.29249999999
2012-08-22,458.06249999997243
2012-08-23,-12085.990000000058
2012-08-24,4500.102500000048
2012-08-27,2969.395000000024
2012-08-28,-3889.252500000094
2012-08-29,832.9174999999727
2012-08-30,-2806.1225000000372
2012-08-31,1158.795000000121
2012-09-03,-3532.660000000016
2012-09-04,-8678.432500000119
2012-09-05,-11060.20999999987
2012-09-06,10879.925000000007
2012-09-07,-6505.602499999971
2012-09-10,-14919.827500000114
2012-09-11,-4726.544999999952
2012-09-12,-6182.467499999918
2012-09-13,8083.387499999912
2012-09-14,-3543.7100000000855
2012-09-17,-18924.05499999998
2012-09-18,1225.4700000000014
2012-09-19,-7224.279999999933
2012-09-20,2803.7799999999324
2012-09-21,3281.890000000117
2012-09-24,-10309.680000000031
2012-09-25,-448.4000000000742
2012-09-26,-2912.187499999985
2012-09-27,16967.319999999985
2012-09-28,7105.4250000000275
2012-10-01,-9583.434999999987
2012-10-02,-14928.08500000002
2012-10-03,1998.5274999999685
2012-10-04,12595.165000000026
2012-10-05,-18939.052499999983
2012-10-08,-3833.6049999999814
2012-10-09,-5957.000000000009
2012-10-10,-4386.092500000014
2012-10-11,10939.369999999972
2012-10-12,-18719.109999999953
2012-10-15,-2545.807500000056
2012-10-16,-13660.174999999917
2012-10-17,-7746.167500000103
2012-10-18,-2240.717500000003
2012-10-19,-3567.3050000000108
2012-10-22,-2292.7600000000575
2012-10-23,-5811.459999999916
2012-10-24,4280.247500000009
2012-10-25,-4445.4800000000005
2012-10-26,3679.2074999999522
2012-10-29,671.4700000000714
2012-10-30,-309.0749999999624
2012-10-31,-3197.6550000000166
2012-11-01,14729.327499999954
2012-11-02,5885.099999999998
2012-11-05,3456.4350000001223
2012-11-06,-7640.9125000000095
2012-11-07,3890.019999999839
2012-11-08,-9637.842499999902
2012-11-09,-6171.857499999964
2012-11-12,-6823.062499999997
2012-11-13,-3591.000000000036
2012-11-14,-8232.142500000053
2012-11-15,3183.105000000041
2012-11-16,4259.119999999941
2012-11-19,4396.512500000042
2012-11-20,-6207.965000000114
2012-11-21,-3517.599999999972
2012-11-22,-3898.302499999985
2012-11-23,11601.109999999982
2012-11-26,1053.040000000054
2012-11-27,5866.662499999971
2012-11-28,10077.820000000016
2012-11-29,7399.364999999788
2012-11-30,-4437.214999999824
2012-12-03,-9331.339999999986
2012-12-04,-8889.497500000032
2012-12-05,2604.357500000023
2012-12-06,-3043.6000000000054
2012-12-07,-1658.2874999999508
2012-12-10,7370.782500000017
2012-12-11,-4109.739999999991
2012-12-12,-2602.5824999999895
2012-12-13,-18418.080000000067
2012-12-14,3848.1574999999716
2012-12-17,-328.8674999999
2012-12-18,-8689.092499999984
2012-12-19,-11191.952499999932
2012-12-20,-15579.347500000067
2012-12-21,-6522.6325
2012-12-24,589.7400000000064
2012-12-25,25.489999999998524
2012-12-26,-1547.4050000000461
2012-12-27,5974.6275
2012-12-28,-9378.775000000045
2012-12-31,17758.76500000008
2013-01-01,271.79999999999484
2013-01-02,15215.6274999999
2013-01-03,-20722.884999999835
2013-01-04,-542.4199999999895
2013-01-07,9138.929999999853
2013-01-08,-8979.954999999958
2013-01-09,5005.702500000058
2013-01-10,12352.510000000058
2013-01-11,8518.652499999953
2013-01-14,10558.459999999857
2013-01-15,-5267.709999999959
2013-01-16,3803.90250000001
2013-01-17,3626.865000000062
2013-01-18,-5749.445000000017
2013-01-21,-6036.075000000048
2013-01-22,123.40250000004107
2013-01-23,-4026.5549999999853
2013-01-24,12618.734999999951
2013-01-25,1015.3325000000116
2013-01-28,4451.664999999932
2013-01-29,-7569.690000000045
2013-01-30,-5782.53249999998
2013-01-31,-201.18999999995583
2013-02-01,865.4650000000465
2013-02-04,44.67249999994917
2013-02-05,-226.28999999996483
2013-02-06,-2935.785000000016
2013-02-07,-6189.917500000016
2013-02-08,-1761.604999999984
2013-02-11,-1106.5575000000022
2013-02-12,-7473.340000000127
2013-02-13,-2098.512500000048
2013-02-14,16868.79999999998
2013-02-15,4379.7200000000885
2013-02-18,2928.2424999999625
2013-02-19,9883.16000000002
2013-02-20,32913.01999999998
2013-02-21,4872.507500000128
2013-02-22,5433.487500000034
2013-02-25,3698.6274999998973
2013-02-26,-2924.4849999999283
2013-02-27,4205.624999999937
2013-02-28,18764.284999999945
2013-03-01,13588.302499999932
2013-03-04,6280.577500000005
2013-03-05,5741.127500000013
2013-03-06,299.3124999999069
2013-03-07,-7546.284999999913
2013-03-08,14166.344999999857
2013-03-11,-3158.8849999999134
2013-03-12,-3457.9475000000425
2013-03-13,4343.564999999983
2013-03-14,-3093.4074999998834
2013-03-15,12347.54249999991
2013-03-18,-3319.4999999999277
2013-03-19,12693.96999999989
2013-03-20,-7417.989999999966
2013-03-21,-2786.8900000000167
2013-03-22,-6324.147500000014
2013-03-25,-861.6324999999833
2013-03-26,6721.994999999927
2013-03-27,7627.0125000001135
2013-03-28,-27037.357500000086
2013-04-01,-16080.692499999968
2013-04-02,8523.62250000013
2013-04-03,4330.347499999943
2013-04-04,4779.472499999937
2013-04-05,-5991.189999999941
2013-04-08,7171.274999999964
2013-04-09,-450.87500000009493
2013-04-10,11776.857500000064
2013-04-11,3490.37500000005
2013-04-12,38386.44499999993
2013-04-15,20374.815000000035
2013-04-16,2319.850000000075
2013-04-17,6866.05749999999
2013-04-18,-5972.362500000054
2013-04-19,2799.677500000027
2013-04-22,-1932.2925000000191
2013-04-23,8003.5524999999425
2013-04-24,-7740.617499999963
2013-04-25,-4660.192499999977
2013-04-26,10732.157499999968
2013-04-29,7886.975000000014
2013-04-30,-734.7875000000178
2013-05-01,-6083.455000000054
2013-05-02,-2819.7349999999815
2013-05-03,-7624.142499999951
2013-05-06,-9793.269999999915
2013-05-07,-405.49000000004884
2013-05-08,8642.884999999995
2013-05-09,-2854.8550000000905
2013-05-10,-21986.024999999856
2013-05-13,4472.022499999963
2013-05-14,2909.0224999999846
2013-05-15,10306.925000000005
2013-05-16,-2194.3000000000416
2013-05-17,7230.545000000078
2013-05-20,-5384.145000000034
2013-05-21,2944.7500000000305
2013-05-22,-6872.115000000053
2013-05-23,-1854.372499999945
2013-05-24,-9496.307500000019
2013-05-27,-2448.512499999977
2013-05-28,-1371.0649999999748
2013-05-29,-12439.380000000037
2013-05-30,-1524.007499999991
2013-05-31,-9070.717500000037
2013-06-03,6866.292499999922
2013-06-04,4965.64750000001
2013-06-05,-20398.004999999914
2013-06-06,1248.7000000000364
2013-06-07,32641.742499999993
2013-06-10,2099.019999999912
2013-06-11,-2985.0549999999807
2013-06-12,-6118.624999999936
2013-06-13,5651.927500000023
2013-06-14,-4481.27750000005
2013-06-17,11669.042500000041
2013-06-18,15046.352499999944
2013-06-19,9536.382500000009
2013-06-20,-11550.134999999977
2013-06-21,-19031.02500000006
2013-06-24,186.04250000003788
2013-06-25,10170.340000000051
2013-06-26,717.234999999964
2013-06-27,6404.467499999979
2013-06-28,-9722.102500000034
2013-07-01,-1699.7599999999838
2013-07-02,8345.957500000051
2013-07-03,5804.8625000000575
2013-07-04,3397.4074999999148
2013-07-05,44183.78499999998
2013-07-08,-18994.449999999935
2013-07-09,-6915.080000000006
2013-07-10,-4289.0674999999965
2013-07-11,-2950.9424999999756
2013-07-12,13768.634999999955
2013-07-15,1623.6675000000178
2013-07-16,-9083.212499999974
2013-07-17,6210.162499999983
2013-07-18,5693.99999999996
2013-07-19,-6036.254999999944
2013-07-22,-15828.687500000031
2013-07-23,5944.730000000015
2013-07-24,13660.612499999965
2013-07-25,-3101.6124999999397
2013-07-26,96.15749999993398
2013-07-29,3362.0075000000365
2013-07-30,7577.775000000037
2013-07-31,1913.6500000000408
2013-08-01,25979.84749999987
2013-08-02,-5957.6024999998845
2013-08-05,4409.66499999995
2013-08-06,1949.6449999999838
2013-08-07,-9450.560000000009
2013-08-08,-18793.699999999975
2013-08-09,-3938.8624999999965
2013-08-12,-9508.967500000037
2013-08-13,13208.332500000031
2013-08-14,-15244.517499999953
2013-08-15,-24718.485000000055
2013-08-16,1911.3700000000304
2013-08-19,-7943.7025000000585
2013-08-20,9134.920000000053
2013-08-21,2156.4300000000294
2013-08-22,15562.954999999994
2013-08-23,-12488.785000000056
2013-08-26,-21729.604999999945
2013-08-27,-11324.135000000057
2013-08-28,6792.00000000002
2013-08-29,8609.55000000002
2013-08-30,4085.29000000001
2013-09-02,914.809999999942
2013-09-03,-3536.180000000012
2013-09-04,25399.730000000054
2013-09-05,18191.700000000015
2013-09-06,-16271.187500000018
2013-09-09,-550.3750000000896
2013-09-10,8611.032500000041
2013-09-11,-11349.910000000022
2013-09-12,13422.580000000014
2013-09-13,-319.67000000000644
2013-09-16,-3505.307499999995
2013-09-17,1636.9375000000703
2013-09-18,-24960.767500000115
2013-09-19,7656.677500000013
2013-09-20,3769.965000000053
2013-09-23,-4356.202500000003
2013-09-24,-1193.4300000000949
2013-09-25,-9021.917499999918
2013-09-26,-122.6300000000656
2013-09-27,-7095.307500000014
2013-09-30,-3202.279999999936
2013-10-01,11678.584999999954
2013-10-02,-11317.33750000003
2013-10-03,-3933.602500000007
2013-10-04,-1321.062499999974
2013-10-07,-17041.497499999932
2013-10-08,-7000.1800000000885
2013-10-09,1788.6475000000723
2013-10-10,20383.18749999993
2013-10-11,3163.332500000071
2013-10-14,3345.967499999974
2013-10-15,-69.15749999995388
2013-10-16,1476.25999999993
2013-10-17,5339.839999999958
2013-10-18,-7587.052499999961
2013-10-21,3873.534999999982
2013-10-22,-6638.550000000052
2013-10-23,2036.099999999999
2013-10-24,11933.40500000006
2013-10-25,1390.4449999999572
2013-10-28,6145.927500000064
2013-10-29,2273.9700000000716
2013-10-30,-943.2200000000175
2013-10-31,665.5824999999178
2013-11-01,-137.75499999999045
2013-11-04,6138.414999999971
2013-11-05,2915.4500000000676
2013-11-06,2448.2075000000273
2013-11-07,-6185.700000000028
2013-11-08,18980.974999999973
2013-11-11,-1144.73500000005
2013-11-12,9602.750000000016
2013-11-13,-1502.984999999945
2013-11-14,-1032.2500000000246
2013-11-15,-2640.279999999983
2013-11-18,7748.245000000003
2013-11-19,1461.3450000000132
2013-11-20,7838.299999999968
2013-11-21,10810.897500000034
2013-11-22,1338.2799999999452
2013-11-25,-5966.769999999986
2013-11-26,9428.747500000036
2013-11-27,2102.822499999952
2013-11-28,4959.875000000009
2013-11-29,-2334.565000000045
2013-12-02,12348.377500000051
2013-12-03,-12.172499999962163
2013-12-04,236.85749999997563
2013-12-05,12707.249999999985
2013-12-06,9152.194999999952
2013-12-09,2761.770000000032
2013-12-10,-8582.039999999988
2013-12-11,-7855.587499999984
2013-12-12,9919.587499999958
2013-12-13,-4786.294999999928
2013-12-16,-1998.0475000000386
2013-12-17,1589.9199999999719
2013-12-18,22664.62750000003
2013-12-19,1707.4149999999422
2013-12-20,-4580.834999999959
2013-12-23,6207.579999999978
2013-12-24,1451.3150000000692
2013-12-25,-267.509999999987
2013-12-26,5975.047499999946
2013-12-27,1264.8524999999663
2013-12-30,2416.275000000033
2013-12-31,1344.0750000000587
2014-01-01,-499.40000000002556
2014-01-02,-20850.179999999982
2014-01-03,-27133.057500000057
2014-01-06,-8352.122499999983
2014-01-07,11454.76000000001
2014-01-08,11221.939999999908
2014-01-09,5126.950000000056
2014-01-10,-16488.69999999998
2014-01-13,-8812.357500000004
2014-01-14,19457.13499999999
2014-01-15,-2662.400000000044
2014-01-16,-2725.105000000047
2014-01-17,-4017.797499999899
2014-01-20,-1209.5874999999667
2014-01-21,5663.912499999969
2014-01-22,17741.782499999994
2014-01-23,-11344.830000000045
2014-01-24,-21798.092500000035
2014-01-27,5456.009999999974
2014-01-28,3699.3899999999876
2014-01-29,-2040.6750000000186
2014-01-30,-5252.4299999999175
2014-01-31,-1790.2750000000558
2014-02-03,-24005.844999999947
2014-02-04,-4685.675000000005
2014-02-05,-599.9450000000584
2014-02-06,5953.920000000028
2014-02-07,6127.770000000016
2014-02-10,-356.9675000000133
2014-02-11,6939.39000000001
2014-02-12,-614.6799999999473
2014-02-13,10193.92499999995
2014-02-14,-9186.642500000042
2014-02-17,-1417.8274999999858
2014-02-18,4707.182499999976
2014-02-19,9132.785000000069
2014-02-20,4511.117500000035
2014-02-21,1568.3549999999516
2014-02-24,-6016.227499999978
2014-02-25,5066.412499999995
2014-02-26,7933.637500000038
2014-02-27,7527.082499999933
2014-02-28,12734.334999999952
2014-03-03,-20443.527500000044
2014-03-04,13458.970000000192
2014-03-05,-6205.715000000103
2014-03-06,2109.2074999999595
2014-03-07,19095.600000000024
2014-03-10,11247.554999999998
2014-03-11,-7556.007500000038
2014-03-12,-14186.184999999927
2014-03-13,-12279.205000000014
2014-03-14,-3950.317500000012
2014-03-17,17029.055000000048
2014-03-18,5886.145000000021
2014-03-19,7367.4349999999495
2014-03-20,2305.5075000000083
2014-03-21,-10837.594999999996
2014-03-24,-2243.1124999999975
2014-03-25,1579.244999999887
2014-03-26,-4676.234999999851
2014-03-27,2390.874999999951
2014-03-28,5286.200000000004
2014-03-31,2609.51499999996
2014-04-01,2050.6749999999583
2014-04-02,82.92750000004867
2014-04-03,2624.9400000000696
2014-04-04,-23793.080000000005
2014-04-07,-4539.72250000001
2014-04-08,1937.2499999999175
2014-04-09,19717.19500000011
2014-04-10,-17488.8800000001
2014-04-11,-4759.594999999951
2014-04-14,3305.1549999999925
2014-04-15,11372.675000000054
2014-04-16,9031.549999999983
2014-04-17,11048.312499999985
2014-04-21,5003.477499999951
2014-04-22,-2186.969999999888
2014-04-23,757.7824999999692
2014-04-24,1576.8399999999733
2014-04-25,-9304.022499999995
2014-04-28,6553.922500000008
2014-04-29,-2782.247499999958
2014-04-30,4183.262500000012
2014-05-01,-2293.462500000033
2014-05-02,-8376.069999999974
2014-05-05,-5607.762500000041
2014-05-06,-7783.075000000004
2014-05-07,6118.647500000024
2014-05-08,-10504.354999999941
2014-05-09,-453.16250000005084
2014-05-12,767.0800000000577
2014-05-13,-1777.3050000000155
2014-05-14,-5549.105000000124
2014-05-15,-6220.329999999979
2014-05-16,3513.095000000041
2014-05-19,10134.492500000013
2014-05-20,-773.1925000000533
2014-05-21,11482.040000000055
2014-05-22,-9927.152499999986
2014-05-23,2069.3475000000453
2014-05-26,-85.18999999998313
2014-05-27,9891.419999999964
2014-05-28,5988.049999999994
2014-05-29,731.8650000000134
2014-05-30,-1994.8349999999707
2014-06-02,-1023.4675000000909
2014-06-03,-4631.879999999916
2014-06-04,-4991.080000000022
2014-06-05,16654.00250000006
2014-06-06,1305.264999999814
2014-06-09,-169.55249999986827
2014-06-10,-10725.442499999983
2014-06-11,-1668.5774999999421
2014-06-12,8561.374999999976
2014-06-13,-167.7525
2014-06-16,6861.052499999994
2014-06-17,-22317.68000000001
2014-06-18,23005.502500000002
2014-06-19,11906.037500000017
2014-06-20,1095.899999999991
2014-06-23,-3057.26749999997
2014-06-24,13113.849999999953
2014-06-25,6613.424999999977
2014-06-26,499.1824999999594
2014-06-27,-2049.914999999931
2014-06-30,13469.777499999991
2014-07-01,2417.15500000002
2014-07-02,-4418.342499999984
2014-07-03,-4307.287500000012
2014-07-04,-3221.972500000026
2014-07-07,-424.3849999999629
2014-07-08,-2136.037499999988
2014-07-09,10769.485000000066
2014-07-10,-8246.347500000025
2014-07-11,25957.614999999932
2014-07-14,-14018.05499999994
2014-07-15,-4629.102499999999
2014-07-16,-3929.249999999959
2014-07-17,-14200.242499999944
2014-07-18,11922.92749999983
2014-07-21,-6134.472499999999
2014-07-22,10355.557500000106
2014-07-23,5048.082500000006
2014-07-24,-5506.57499999994
2014-07-25,-2988.512500000025
2014-07-28,-294.6875000000063
2014-07-29,3846.502499999918
2014-07-30,-18901.647499999995
2014-07-31,-19526.515000000065
2014-08-01,2772.900000000072
2014-08-04,9640.824999999817
2014-08-05,-1166.3499999997796
2014-08-06,-7516.822500000155
2014-08-07,-10351.504999999897
2014-08-08,9857.220000000121
2014-08-11,-1126.4700000001346
2014-08-12,-909.5950000000565
2014-08-13,969.9475000001131
2014-08-14,22078.284999999836
2014-08-15,-2709.4299999997793
2014-08-18,11657.934999999854
2014-08-19,1661.9250000000116
2014-08-20,-7421.180000000002
2014-08-21,6168.592499999939
2014-08-22,3969.7675000000013
2014-08-25,15418.89500000008
2014-08-26,7185.117500000086
2014-08-27,-1101.705000000132
2014-08-28,-1109.8100000000984
2014-08-29,8063.124999999965
2014-09-01,2279.937500000038
2014-09-02,5939.575000000077
2014-09-03,10881.162499999928
2014-09-04,2374.0100000001084
2014-09-05,2567.982499999977
2014-09-08,5042.679999999955
2014-09-09,-8957.357499999962
2014-09-10,8099.039999999958
2014-09-11,6625.395000000043
2014-09-12,-6519.4650000001
2014-09-15,4363.767500000021
2014-09-16,365.1700000000266
2014-09-17,16615.219999999943
2014-09-18,10043.78500000007
2014-09-19,28495.792499999872
2014-09-22,11080.65750000007
2014-09-23,5709.375
2014-09-24,-4632.3875
2014-09-25,18207.6775
2014-09-26,12479.052500000067
2014-09-29,5236.459999999961
2014-09-30,14938.602500000015
2014-10-01,-2404.817500000019
2014-10-02,-10148.872500000058
2014-10-03,35671.000000000124
2014-10-06,-30010.605000000043
2014-10-07,-2125.5299999999675
2014-10-08,19453.902499999997
2014-10-09,846.9474999999651
2014-10-10,-1937.7924999999882
2014-10-13,-14404.642499999934
2014-10-14,8521.317499999952
2014-10-15,-3689.6149999999748
2014-10-16,-14076.794999999946
2014-10-17,7034.072499999983
2014-10-20,4472.035000000023
2014-10-21,-1349.4300000000899
2014-10-22,12231.710000000063
2014-10-23,-7961.565000000044
2014-10-24,7546.294999999944
2014-10-27,-7527.229999999919
2014-10-28,-10274.135000000002
2014-10-29,-6629.997500000056
2014-10-30,20045.545000000042
2014-10-31,12983.620000000043
2014-11-03,34372.14999999998
2014-11-04,9990.18500000001
2014-11-05,12854.127499999979
2014-11-06,4975.539999999974
2014-11-07,-4660.000000000098
2014-11-10,1058.7125000000954
2014-11-11,-13325.10499999997
2014-11-12,5316.044999999934
2014-11-13,7956.515000000003
2014-11-14,-8996.174999999916
2014-11-17,15912.569999999972
2014-11-18,4111.364999999931
2014-11-19,6438.597500000082
2014-11-20,-7723.005000000031
2014-11-21,1873.3999999999962
2014-11-24,9889.11749999997
2014-11-25,2608.137500000028
2014-11-26,1536.6700000000687
2014-11-27,24443.867499999993
2014-11-28,20638.48749999999
2014-12-01,-31439.52999999999
2014-12-02,10655.620000000006
2014-12-03,4141.8524999999345
2014-12-04,-1416.8824999999583
2014-12-05,-15353.014999999941
2014-12-08,14937.254999999914
2014-12-09,-10180.024999999972
2014-12-10,-4034.7000000000344
2014-12-11,8380.057500000004
2014-12-12,2689.9750000000504
2014-12-15,851.9024999999624
2014-12-16,-5201.697499999997
2014-12-17,6079.364999999979
2014-12-18,10363.589999999951
2014-12-19,7329.58249999999
2014-12-22,19515.052499999972
2014-12-23,-14303.83749999989
2014-12-24,12945.432499999912
2014-12-25,-1348.3299999999708
2014-12-26,521.6324999999767
2014-12-29,18147.440000000006
2014-12-30,-8382.02499999995
2014-12-31,5095.124999999985
2015-01-01,4431.652499999993
2015-01-02,37723.887499999946
2015-01-05,-2478.039999999917
2015-01-06,8308.752499999975
2015-01-07,11122.007500000005
2015-01-08,5527.73249999997
2015-01-09,-5027.112500000026
2015-01-12,20833.475000000013
2015-01-13,7104.08750000003
2015-01-14,-6547.875000000024
2015-01-15,-33407.59249999996
2015-01-16,-12708.397500000028
2015-01-19,8483.815000000011
2015-01-20,9255.619999999959
2015-01-21,-3592.5174999999567
2015-01-22,22096.614999999983
2015-01-23,13043.502499999999
2015-01-26,-3577.0100000000257
2015-01-27,-5043.85000000002
2015-01-28,9023.174999999965
2015-01-29,13315.695000000043
2015-01-30,213.86500000000365
2015-02-02,-10775.8925
2015-02-03,-25931.204999999987
2015-02-04,18350.644999999986
2015-02-05,-17135.399999999976
2015-02-06,-7502.875000000053
2015-02-09,-3180.3399999999774
2015-02-10,11158.520000000017
2015-02-11,5145.689999999968
2015-02-12,-11835.875000000015
2015-02-13,-14339.504999999988
2015-02-16,-30.649999999953508
2015-02-17,298.767499999999
2015-02-18,11575.042499999958
2015-02-19,-10246.899999999996
2015-02-20,-3219.439999999921
2015-02-23,7495.734999999955
2015-02-24,1674.2249999999374
2015-02-25,-10612.64499999992
2015-02-26,8616.834999999941
2015-02-27,-5153.9349999999995
2015-03-02,14146.000000000038
2015-03-03,-11482.549999999963
2015-03-04,6610.402500000009
2015-03-05,11101.444999999983
2015-03-06,4193.349999999976
2015-03-09,6721.877500000019
2015-03-10,8653.45000000001
2015-03-11,6742.144999999963
2015-03-12,3988.1750000000156
2015-03-13,9373.619999999997
2015-03-16,13654.882500000009
2015-03-17,9883.29500000003
2015-03-18,-12179.000000000042
2015-03-19,11837.084999999986
2015-03-20,-18260.709999999955
2015-03-23,-11659.600000000017
2015-03-24,6099.800000000025
2015-03-25,-15608.05000000003
2015-03-26,-10547.382499999976
2015-03-27,16363.275
2015-03-30,11093.424999999988
2015-03-31,9938.424999999963
2015-04-01,-12086.440000000004
2015-04-02,-356.54999999999745
2015-04-03,-4944.754999999993
2015-04-06,-1006.9150000000157
2015-04-07,4301.932499999961
2015-04-08,11637.210000000048
2015-04-09,8524.349999999988
2015-04-10,-6602.025
2015-04-13,6844.824999999975
2015-04-14,-4543.24750000003
2015-04-15,-13593.479999999943
2015-04-16,-11862.825000000008
2015-04-17,-9105.225000000002
2015-04-20,9666.315000000044
2015-04-21,5308.394999999932
2015-04-22,-3875.6149999999725
2015-04-23,-8490.300000000005
2015-04-24,6917.299999999972
2015-04-27,-6438.819999999976
2015-04-28,-13686.229999999998
2015-04-29,-18493.499999999978
2015-04-30,-7816.625000000016
2015-05-01,6730.677499999971
2015-05-04,-1976.2649999999853
2015-05-05,-19116.154999999988
2015-05-06,-13171.262500000028
2015-05-07,20210.007500000047
2015-05-08,2481.2574999999656
2015-05-11,-4564.129999999974
2015-05-12,-13426.260000000038
2015-05-13,-12593.35499999993
2015-05-14,-1232.3250000000203
2015-05-15,7938.564999999961
2015-05-18,912.0975000000147
2015-05-19,22718.54999999994
2015-05-20,5756.660000000028
2015-05-21,-6148.164999999978
2015-05-22,11936.805000000004
2015-05-25,3180.9799999999527
2015-05-26,23317.210000000006
2015-05-27,15663.262500000035
2015-05-28,636.2874999999627
2015-05-29,-6920.474999999969
2015-06-01,2220.639999999944
2015-06-02,-28491.562499999956
2015-06-03,3683.9449999999915
2015-06-04,10023.245000000012
2015-06-05,-8336.779999999979
2015-06-08,-7866.159999999999
2015-06-09,-17039.249999999985
2015-06-10,-3982.9750000000113
2015-06-11,17027.75999999996
2015-06-12,-2317.3549999999886
2015-06-15,3469.265000000034
2015-06-16,973.5899999999767
2015-06-17,-6615.304999999996
2015-06-18,1181.9250000000036
2015-06-19,12254.737499999994
2015-06-22,-659.2225000000147
2015-06-23,-2993.4350000000068
2015-06-24,4147.550000000021
2015-06-25,-12258.350000000015
2015-06-26,-9323.225000000011
2015-06-29,1181.4250000000009
2015-06-30,-21239.22749999995
2015-07-01,16334.83999999993
2015-07-02,-1204.2399999999802
2015-07-03,11512.395000000022
2015-07-06,19665.862499999974
2015-07-07,20155.63250000002
2015-07-08,-5705.010000000009
2015-07-09,-14765.10999999994
2015-07-10,-8014.6775000000125
2015-07-13,13508.614999999963
2015-07-14,-4071.4999999999372
2015-07-15,19343.894999999928
2015-07-16,4320.955000000082
2015-07-17,3351.2449999999303
2015-07-20,3185.34999999999
2015-07-21,-10042.209999999985
2015-07-22,5921.435000000011
2015-07-23,5946.154999999987
2015-07-24,5936.907499999943
2015-07-27,5208.980000000081
2015-07-28,-10680.254999999988
2015-07-29,1662.3949999999468
2015-07-30,6757.3000000000275
2015-07-31,13716.544999999967
2015-08-03,6211.472500000009
2015-08-04,-12013.205000000016
2015-08-05,717.5500000000122
2015-08-06,2134.5500000000475
2015-08-07,-891.3750000000236
2015-08-10,-18935.325000000055
2015-08-11,14729.540000000014
2015-08-12,-7522.970000000009
2015-08-13,3400.094999999988
2015-08-14,4838.005000000004
2015-08-17,10451.125000000022
2015-08-18,15.54499999998745
2015-08-19,-502.05000000005475
2015-08-20,-16885.759999999944
2015-08-21,-10580.02000000003
2015-08-24,-11821.230000000054
2015-08-25,-733.4399999999256
2015-08-26,-1157.0700000000813
2015-08-27,-18225.514999999978
2015-08-28,-7324.815000000019
2015-08-31,-16213.469999999994
2015-09-01,15674.915000000017
2015-09-02,-6090.310000000011
2015-09-03,854.4799999999781
2015-09-04,12398.505
2015-09-07,292.7324999999719
2015-09-08,-19327.129999999976
2015-09-09,15664.622500000016
2015-09-10,-11812.660000000013
2015-09-11,3548.8449999999675
2015-09-14,1304.2000000000467
2015-09-15,-9457.052500000005
2015-09-16,-14402.429999999955
2015-09-17,5102.424999999937
2015-09-18,11754.947500000015
2015-09-21,-4513.620000000008
2015-09-22,13793.110000000064
2015-09-23,6655.68999999999
2015-09-24,-5937.81749999997
2015-09-25,-1183.3250000000594
2015-09-28,11841.555000000015
2015-09-29,390.2900000000509
2015-09-30,2510.174999999938
2015-10-01,4837.204999999989
2015-10-02,-3793.175000000015
2015-10-05,-2453.02499999999
2015-10-06,-18505.49999999994
2015-10-07,-1715.8800000000379
2015-10-08,-5094.024999999963
2015-10-09,-8156.530000000022
2015-10-12,8453.415000000015
2015-10-13,4506.359999999997
2015-10-14,-10442.657499999996
2015-10-15,1267.6249999999754
2015-10-16,5694.369999999998
2015-10-19,12011.890000000027
2015-10-20,-11698.95000000006
2015-10-21,9065.524999999983
2015-10-22,13997.940000000077
2015-10-23,8016.967499999962
2015-10-26,5024.899999999985
2015-10-27,8316.252499999997
2015-10-28,-7065.855000000004
2015-10-29,-6287.929999999963
2015-10-30,-11793.79499999998
2015-11-02,5851.519999999988
2015-11-03,-6592.0150000000085
2015-11-04,9686.925000000014
2015-11-05,12390.674999999985
2015-11-06,10088.707500000035
2015-11-09,4136.5774999999685
2015-11-10,8900.59500000001
2015-11-11,-3615.8499999999694
2015-11-12,247.77499999999418
2015-11-13,8727.797499999993
2015-11-16,10420.530000000002
2015-11-17,-170.88750000003654
2015-11-18,361.27000000001203
2015-11-19,-7165.017499999996
2015-11-20,10436.435000000016
2015-11-23,-994.095000000002
2015-11-24,-6929.950000000015
2015-11-25,1966.2625000000273
2015-11-26,3843.9499999999844
2015-11-27,10966.707499999999
2015-11-30,885.0599999999906
2015-12-01,-5730.330000000006
2015-12-02,11719.837500000007
2015-12-03,-36260.680000000015
2015-12-04,4964.729999999974
2015-12-07,27975.12000000006
2015-12-08,861.1474999999975
2015-12-09,-9911.10500000004
2015-12-10,-873.140000000022
2015-12-11,13940.975000000028
2015-12-14,-2824.4175000000023
2015-12-15,1731.5275000000247
2015-12-16,2173.7699999999863
2015-12-17,15768.329999999982
2015-12-18,-13739.49999999999
2015-12-21,-5932.684999999985
2015-12-22,-5595.079999999994
2015-12-23,-11636.295000000007
2015-12-24,-3679.9899999999757
2015-12-28,6573.820000000023
2015-12-29,-5873.4425000000465
2015-12-30,3322.7875000000167
2015-12-31,-3057.5299999999993
2016-01-04,1471.139999999987
2016-01-05,-3026.789999999981
2016-01-06,-929.2849999999856
2016-01-07,-6521.080000000011
2016-01-08,-211.36999999999995
2016-01-11,14099.88750000001
2016-01-12,256.6299999999494
2016-01-13,2408.6150000000025
2016-01-14,3755.7849999999453
2016-01-15,26222.815000000035
2016-01-18,2274.384999999959
2016-01-19,-5661.427500000005
2016-01-20,4849.352499999986
2016-01-21,-10636.280000000066
2016-01-22,-23282.510000000017
2016-01-25,8818.650000000049
2016-01-26,-14675.454999999982
2016-01-27,-5814.987500000025
2016-01-28,-2938.9325000000035
2016-01-29,-1201.6349999999868
2016-02-01,-267.9249999999829
2016-02-02,19903.612499999967
2016-02-03,-30585.032499999983
2016-02-04,-2493.929999999967
2016-02-05,12847.557500000043
2016-02-08,16380.752499999953
2016-02-09,5418.990000000022
2016-02-10,5621.4699999999975
2016-02-11,-3978.480000000037
2016-02-12,-17452.952499999945
2016-02-15,-9727.260000000017
2016-02-16,4903.384999999994
2016-02-17,-21991.777500000004
2016-02-18,18117.332499999975
2016-02-19,-1257.8750000000175
2016-02-22,-5738.19999999998
2016-02-23,23591.76999999999
2016-02-24,-8581.665000000043
2016-02-25,-1832.5249999999105
2016-02-26,1238.022499999929
2016-02-29,4436.9949999999835
2016-03-01,-17003.864999999965
2016-03-02,-6373.405000000017
2016-03-03,-2998.624999999995
2016-03-04,-19787.030000000002
2016-03-07,-12772.18500000003
2016-03-08,12740.33500000005
2016-03-09,-11648.010000000022
2016-03-10,-7332.6300000000065
2016-03-11,-19448.72999999997
2016-03-14,1096.5749999999905
2016-03-15,3763.6949999999592
2016-03-16,-1327.475000000004
2016-03-17,-11616.482500000053
2016-03-18,8028.269999999995
2016-03-21,-5201.069999999951
2016-03-22,-1815.1700000000326
2016-03-23,16316.985000000057
2016-03-24,-4401.8550000000505
2016-03-28,-1768.4399999999937
2016-03-29,6448.419999999989
2016-03-30,10718.839999999978
2016-03-31,4436.140000000007
2016-04-01,8678.974999999988
2016-04-04,1822.3700000000426
2016-04-05,6631.190000000038
2016-04-06,-413.1699999999937
2016-04-07,10104.369999999952
2016-04-08,-14306.464999999993
2016-04-11,-784.40499999996
2016-04-12,-20801.160000000014
2016-04-13,-8305.394999999991
2016-04-14,-20.405000000000456
2016-04-15,7035.539999999998
2016-04-18,-5091.780000000025
2016-04-19,-8471.424999999987
2016-04-20,-13802.517500000007
2016-04-21,3609.314999999995
2016-04-22,-5159.714999999972
2016-04-25,-390.5800000000621
2016-04-26,-11292.019999999939
2016-04-27,11274.407499999998
2016-04-28,4142.9449999999715
2016-04-29,-369.52499999998224
2016-05-02,3765.825000000001
2016-05-03,19087.027499999967
2016-05-04,2689.785000000064
2016-05-05,1699.6349999999252
2016-05-06,1841.8625000000088
2016-05-09,8824.507500000043
2016-05-10,-14768.76750000001
2016-05-11,-1863.5250000000171
2016-05-12,-4842.767499999961
2016-05-13,5660.519999999968
2016-05-16,-13492.61749999999
2016-05-17,-4559.58000000001
2016-05-18,-5662.287499999964
2016-05-19,7558.894999999957
2016-05-20,613.9725000000833
2016-05-23,2189.45999999995
2016-05-24,-12496.147500000005
2016-05-25,-4337.875000000011
2016-05-26,115.8075000000251
2016-05-27,-1253.1900000000267
2016-05-30,-1031.1975000000095
2016-05-31,5541.3849999999975
2016-06-01,-200.8525000000269
2016-06-02,7188.130000000016
2016-06-03,501.5575000000566
2016-06-06,-2203.4425000000333
2016-06-07,-3020.105000000006
2016-06-08,-6293.300000000052
2016-06-09,4413.405000000048
2016-06-10,14536.897499999945
2016-06-13,5869.562500000007
2016-06-14,7986.044999999979
2016-06-15,3312.560000000014
2016-06-16,-777.2375000000043
2016-06-17,-4993.327499999967
2016-06-20,-17542.165000000023
2016-06-21,-15660.83250000001
2016-06-22,-1098.2474999999565
2016-06-23,2797.5999999999976
2016-06-24,33101.827499999985
2016-06-27,7880.672500000006
2016-06-28,-12947.375000000005
2016-06-29,-12826.79000000004
2016-06-30,11468.620000000035
2016-07-01,11464.74000000001
2016-07-04,6813.13999999997
2016-07-05,15527.900000000012
2016-07-06,-2337.359999999968
2016-07-07,4884.945000000011
2016-07-08,4933.420000000012
2016-07-11,-4167.730000000034
2016-07-12,-16368.430000000006
2016-07-13,6438.35000000007
2016-07-14,-10792.120000000055
2016-07-15,-3753.4050000000348
2016-07-18,-2821.0774999999353
2016-07-19,2562.8899999999594
2016-07-20,-8070.064999999965
2016-07-21,11461.467499999993
2016-07-22,-5401.622499999991
2016-07-25,-614.9049999999769
2016-07-26,8895.579999999996
2016-07-27,13319.307500000008
2016-07-28,1256.1499999999767
2016-07-29,12385.382499999994
2016-08-01,-4371.860000000022
2016-08-02,648.5300000000598
2016-08-03,-9237.08749999999
2016-08-04,9425.424999999961
2016-08-05,-9851.380000000001
2016-08-08,-294.19750000002136
2016-08-09,7350.650000000044
2016-08-10,5382.894999999957
2016-08-11,-13421.68000000003
2016-08-12,-2200.38500000001
2016-08-15,-7193.399999999995
2016-08-16,-4419.180000000036
2016-08-17,-750.9749999999854
2016-08-18,-8631.454999999982
2016-08-19,-7628.31750000001
2016-08-22,5721.754999999998
2016-08-23,988.4074999999931
2016-08-24,-3150.72999999995
2016-08-25,-3297.0199999999572
2016-08-26,-7005.2950000000055
2016-08-29,13524.12
2016-08-30,-3458.3574999999987
2016-08-31,375.8850000000234
2016-09-01,8086.920000000064
2016-09-02,7454.799999999933
2016-09-05,-1055.8249999999764
2016-09-06,20232.44249999999
2016-09-07,-11585.520000000042
2016-09-08,-20371.60000000001
2016-09-09,-21370.699999999997
2016-09-12,6565.862499999973
2016-09-13,-6423.704999999942
2016-09-14,810.2124999999608
2016-09-15,3682.7324999999782
2016-09-16,-3357.147499999961
2016-09-19,5139.624999999941
2016-09-20,-998.7174999999547
2016-09-21,9419.677500000013
2016-09-22,3223.8074999999953
2016-09-23,-1575.6050000001026
2016-09-26,-2895.237499999949
2016-09-27,11001.370000000044
2016-09-28,-13060.4375
2016-09-29,201.41999999992376
2016-09-30,1264.1550000000311
2016-10-03,-4830.885000000025
2016-10-04,-19031.34249999998
2016-10-05,-3759.049999999987
2016-10-06,16.634999999947183
2016-10-07,1553.0525000000066
2016-10-10,-6099.20750000001
2016-10-11,1094.5175000000147
2016-10-12,7008.815000000031
2016-10-13,-7928.099999999997
2016-10-14,2031.649999999982
2016-10-17,1445.0799999999224
2016-10-18,6018.790000000059
2016-10-19,2181.489999999953
2016-10-20,-1764.4724999999653
2016-10-21,-4313.305000000004
2016-10-24,-1787.2699999999486
2016-10-25,2441.9899999999425
2016-10-26,-7635.800000000036
2016-10-27,-11885.344999999916
2016-10-28,-1240.6725000000017
2016-10-31,-1705.3875000000128
2016-11-01,13561.11249999995
2016-11-02,4943.679999999994
2016-11-03,216.89499999998895
2016-11-04,9057.512500000012
2016-11-07,4194.28750000001
2016-11-08,-128.60749999998643
2016-11-09,-13166.00750000002
2016-11-10,-5393.937499999966
2016-11-11,-11487.96750000003
2016-11-14,-16033.209999999968
2016-11-15,-4702.50249999997
2016-11-16,-5686.27499999999
2016-11-17,-9050.17500000004
2016-11-18,-9758.600000000011
2016-11-21,-5273.187500000011
2016-11-22,3415.8075000000567
2016-11-23,-8752.425000000001
2016-11-24,-1534.7549999999865
2016-11-25,4547.805000000029
2016-11-28,4450.869999999932
2016-11-29,6642.087500000023
2016-11-30,-17328.847499999996
2016-12-01,-1394.1425000000327
2016-12-02,-2297.4399999999455
2016-12-05,-1705.9600000000833
2016-12-06,-255.76750000000558
2016-12-07,8124.172500000052
2016-12-08,-1258.9499999999884
2016-12-09,-2082.0074999999724
2016-12-12,-7504.047500000042
2016-12-13,-334.73500000006527
2016-12-14,-10696.762499999924
2016-12-15,-1582.960000000052
2016-12-16,-5736.3700000000335
2016-12-19,-4035.1649999998913
2016-12-20,3493.7175000000057
2016-12-21,-7067.850000000045
2016-12-22,-1193.21249999994
2016-12-23,-1155.0349999999726
2016-12-26,1438.929999999986
2016-12-27,4718.924999999969
2016-12-28,-4498.440000000007
2016-12-29,-10356.974999999955
2016-12-30,-5457.089999999997
2017-01-02,4535.359999999972
2017-01-03,-2197.435000000002
2017-01-04,4220.229999999994
2017-01-05,-12831.742500000004
2017-01-06,14777.862500000023
2017-01-09,-10715.030000000037
2017-01-10,3700.672499999933
2017-01-11,9906.137500000072
2017-01-12,5861.452499999995
2017-01-13,5946.93749999996
2017-01-16,-900.2475000000425
2017-01-17,-11321.632499999921
2017-01-18,2717.1449999999627
2017-01-19,65.96500000002729
2017-01-20,-498.7050000000633
2017-01-23,-6937.667499999945
2017-01-24,14658.357499999962
2017-01-25,3699.0450000000155
2017-01-26,-567.3774999999888
2017-01-27,-1664.069999999967
2017-01-30,-8366.762500000039
2017-01-31,-6487.049999999984
2017-02-01,2908.7400000000403
2017-02-02,-1566.1550000000486
2017-02-03,3067.8725000000136
2017-02-06,-10297.600000000073
2017-02-07,-7762.839999999977
2017-02-08,8399.720000000001
2017-02-09,15638.644999999977
2017-02-10,13340.12499999997
2017-02-13,5007.54500000005
2017-02-14,6461.07499999999
2017-02-15,9797.745000000044
2017-02-16,-13654.720000000028
2017-02-17,-4950.479999999989
2017-02-20,4311.214999999942
2017-02-21,422.95999999999617
2017-02-22,-53.89750000000382
2017-02-23,-8804.52000000001
2017-02-24,-5970.220000000018
2017-02-27,3365.500000000037
2017-02-28,-3326.879999999973
2017-03-01,14340.560000000021
2017-03-02,-10620.062500000025
2017-03-03,-881.9500000000348
2017-03-06,3709.755000000118
2017-03-07,691.029999999929
2017-03-08,24.75499999999964
2017-03-09,3684.1500000000265
2017-03-10,-11963.03500000005
2017-03-13,4608.045000000037
2017-03-14,-3450.2174999999675
2017-03-15,-21115.575000000084
2017-03-16,-4052.932499999975
2017-03-17,-3538.1049999999577
2017-03-20,-885.6000000000089
2017-03-21,-32828.86500000001
2017-03-22,458.8475000000153
2017-03-23,-4932.872499999981
2017-03-24,1825.594999999991
2017-03-27,-9989.555000000024
2017-03-28,23853.810000000118
2017-03-29,3776.6199999998967
2017-03-30,7362.965000000065
2017-03-31,-11942.890000000041
2017-04-03,-14511.95250000003
2017-04-04,12249.44000000005
2017-04-05,-7980.35499999997
2017-04-06,8434.314999999933
2017-04-07,14166.355000000001
2017-04-10,-10520.485000000002
2017-04-11,-15762.87499999998
2017-04-12,-24905.435000000038
2017-04-13,-1749.7724999999716
2017-04-17,7178.642500000053
2017-04-18,-13180.360000000119
2017-04-19,5730.860000000112
2017-04-20,19223.91499999995
2017-04-21,-2969.705000000091
2017-04-24,9175.005000000025
2017-04-25,12582.370000000019
2017-04-26,5248.814999999991
2017-04-27,-58.44999999997708
2017-04-28,2974.649999999957
2017-05-01,1542.2499999999563
2017-05-02,-3132.114999999947
2017-05-03,11055.32750000003
2017-05-04,14274.967500000046
2017-05-05,-7398.517500000106
2017-05-08,10370.945000000056
2017-05-09,4323.097500000068
2017-05-10,2479.3774999999623
2017-05-11,-6153.842499999979
2017-05-12,-11845.912500000064
2017-05-15,-5958.627499999969
2017-05-16,-17402.429999999975
2017-05-17,-34247.85999999999
2017-05-18,9468.64250000005
2017-05-19,-7127.02999999999
2017-05-22,2825.1424999999595
2017-05-23,10301.589999999973
2017-05-24,-5741.905000000016
2017-05-25,19904.797500000026
2017-05-26,-7715.3524999999845
2017-05-29,3488.4475000000643
2017-05-30,2044.4174999999714
2017-05-31,-557.6950000000332
2017-06-01,12742.085000000108
2017-06-02,-8980.775000000132
2017-06-05,9395.742500000091
2017-06-06,-17667.735000000044
2017-06-07,13465.215000000097
2017-06-08,5600.312499999942
2017-06-09,473.55749999994043
2017-06-12,6812.26000000008
2017-06-13,-6300.494999999986
2017-06-14,-9524.38000000004
2017-06-15,11724.122499999949
2017-06-16,-10188.85749999994
2017-06-19,19589.27000000006
2017-06-20,-4442.0675000000565
2017-06-21,5699.912500000058
2017-06-22,-13.977500000008817
2017-06-23,-64.50499999992496
2017-06-26,5609.16499999995
2017-06-27,-9688.055000000006
2017-06-28,-2734.474999999942
2017-06-29,-5391.912499999931
2017-06-30,-15123.705000000087
2017-07-03,-39.54499999992436
2017-07-04,-6342.4300000000185
2017-07-05,1683.1050000000077
2017-07-06,1146.9274999999682
2017-07-07,11439.040000000023
2017-07-10,-6788.444999999958
2017-07-11,-4385.847500000072
2017-07-12,867.5450000000266
2017-07-13,5177.037499999963
2017-07-14,-7244.4049999999625
2017-07-17,-2805.79750000002
2017-07-18,-4393.254999999998
2017-07-19,7960.162500000066
2017-07-20,-2660.01250000006
2017-07-21,-6830.702500000037
2017-07-24,3261.7000000000075
2017-07-25,28973.19249999997
2017-07-26,-5953.35499999999
2017-07-27,-5825.92249999996
2017-07-28,2104.7799999999415
2017-07-31,9057.322500000002
2017-08-01,-5584.070000000016
2017-08-02,9094.315000000062
2017-08-03,-12241.34250000008
2017-08-04,11046.899999999994
2017-08-07,-2149.524999999991
2017-08-08,-8808.942500000001
2017-08-09,-12775.224999999991
2017-08-10,-25550.087499999994
2017-08-11,4338.894999999979
2017-08-14,14774.255000000028
2017-08-15,17211.757499999992
2017-08-16,306.5649999999896
2017-08-17,-29564.795000000042
2017-08-18,-2299.9624999999537
2017-08-21,2510.0575000000163
2017-08-22,15735.932500000035
2017-08-23,-9897.190000000073
2017-08-24,14103.58250000002
2017-08-25,-5824.179999999987
2017-08-28,-15265.817499999992
2017-08-29,14786.544999999987
2017-08-30,1426.2774999999626
2017-08-31,3987.857499999998
2017-09-01,3450.2449999999026
2017-09-04,-8430.034999999914
2017-09-05,-24192.625000000022
2017-09-06,9769.140000000025
2017-09-07,760.2700000000993
2017-09-08,110.89749999996567
2017-09-11,13265.137499999972
2017-09-12,4679.90000000002
2017-09-13,-4780.107499999958
2017-09-14,-3105.9124999999913
2017-09-15,21734.287500000028
2017-09-18,3285.35499999994
2017-09-19,5167.757499999995
2017-09-20,8509.55250000005
2017-09-21,-924.9250000000129
2017-09-22,-6306.750000000022
2017-09-25,-10046.835000000001
2017-09-26,-1077.8049999999675
2017-09-27,2637.2049999999513
2017-09-28,5965.277500000022
2017-09-29,3585.3449999999884
2017-10-02,4432.452500000089
2017-10-03,2814.447499999949
2017-10-04,5771.460000000013
2017-10-05,3489.5300000000857
2017-10-06,-3113.234999999996
2017-10-09,2516.3900000000385
2017-10-10,1174.2950000000305
2017-10-11,5406.182499999921
2017-10-12,-13300.952499999965
2017-10-13,-7714.815000000032
2017-10-16,12827.794999999975
2017-10-17,-861.2974999999835
2017-10-18,13154.514999999981
2017-10-19,-8808.51499999999
2017-10-20,21372.84499999996
2017-10-23,-14803.577500000007
2017-10-24,14348.325000000026
2017-10-25,-2827.0999999999804
2017-10-26,9231.052500000043
2017-10-27,5426.049999999987
2017-10-30,-6099.257499999983
2017-10-31,20139.46999999993
2017-11-01,-2708.2849999999517
2017-11-02,-3458.5999999999954
2017-11-03,1940.8774999999655
2017-11-06,9688.225000000059
2017-11-07,-8402.285000000013
2017-11-08,3379.9950000000226
2017-11-09,-3590.3175
2017-11-10,-10307.375000000013
2017-11-13,1302.7699999999586
2017-11-14,-5851.462499999976
2017-11-15,157.6350000000525
2017-11-16,4860.239999999984
2017-11-17,-133.95499999999515
2017-11-20,-4754.420000000079
2017-11-21,12378.962500000094
2017-11-22,16854.89250000002
2017-11-23,4152.697499999955
2017-11-24,9316.125000000042
2017-11-27,-2943.227499999938
2017-11-28,775.7524999999198
2017-11-29,-20546.252500000006
2017-11-30,7176.669999999997
2017-12-01,10171.162499999962
2017-12-04,-3329.7374999999133
2017-12-05,-6939.6224999999995
2017-12-06,-5454.714999999949
2017-12-07,-3261.5524999999816
2017-12-08,2607.594999999902
2017-12-11,6137.849999999959
2017-12-12,2348.172500000078
2017-12-13,14884.952499999974
2017-12-14,1295.7950000000276
2017-12-15,7329.535000000009
2017-12-18,2666.8249999999143
2017-12-19,-8600.449999999903
2017-12-20,-7162.700000000059
2017-12-21,6582.407500000043
2017-12-22,2680.8949999999268
2017-12-25,-1755.2524999999323
2017-12-26,13019.052499999978
2017-12-27,2319.185000000084
2017-12-28,10918.964999999907
2017-12-29,1997.3200000000243
2018-01-01,2202.6875000000528
2018-01-02,9849.127499999922
2018-01-03,2919.3025000000544
2018-01-04,14142.689999999951
2018-01-05,1309.470000000017
2018-01-08,851.790000000093
2018-01-09,-6607.902500000051
2018-01-10,7107.1400000000085
2018-01-11,9623.255000000025
2018-01-12,29162.26499999995
2018-01-15,14820.919999999982
2018-01-16,-9650.219999999987
2018-01-17,-5221.910000000009
2018-01-18,710.9250000000144
2018-01-19,-1261.400000000068
2018-01-22,10629.57000000008
2018-01-23,2193.3724999999354
2018-01-24,19140.607500000082
2018-01-25,-6696.092500000007
2018-01-26,26605.092499999948
2018-01-29,-13877.294999999975
2018-01-30,-20471.599999999908
2018-01-31,13586.534999999938
2018-02-01,19777.602499999964
2018-02-02,-37140.68249999991
2018-02-05,-61210.78250000008
2018-02-06,17447.175000000017
2018-02-07,-25202.074999999946
2018-02-08,-7744.930000000038
2018-02-09,73.52000000001101
2018-02-12,1712.9999999999973
2018-02-13,5589.390000000005
2018-02-14,32207.89500000002
2018-02-15,14499.522499999977
2018-02-16,-4299.077499999969
2018-02-19,773.3000000000102
2018-02-20,-10009.735000000022
2018-02-21,-9283.710000000034
2018-02-22,8195.834999999988
2018-02-23,4561.390000000031
2018-02-26,3309.385000000004
2018-02-27,-11582.110000000048
2018-02-28,-21826.172499999975
2018-03-01,-17611.000000000007
2018-03-02,7034.352500000016
2018-03-05,2685.5324999999575
2018-03-06,-2182.6449999999677
2018-03-07,8772.889999999994
2018-03-08,-12320.48499999998
2018-03-09,23252.555000000004
2018-03-12,-3736.880000000019
2018-03-13,-7249.174999999945
2018-03-14,4894.314999999988
2018-03-15,-3473.9000000000515
2018-03-16,683.8950000000535
2018-03-19,3321.539999999961
2018-03-20,5972.07749999999
2018-03-21,15902.187499999964
2018-03-22,-22924.984999999957
2018-03-23,3311.459999999933
2018-03-26,18855.205000000118
2018-03-27,-19510.780000000148
2018-03-28,-8766.017499999913
2018-03-29,-4612.090000000005
2018-04-02,-6125.914999999976
2018-04-03,8782.24
2018-04-04,7687.174999999992
2018-04-05,-11930.520000000044
2018-04-06,-5282.769999999974
2018-04-09,6114.444999999977
2018-04-10,19818.839999999997
2018-04-11,3544.600000000036
2018-04-12,-2132.1500000000387
2018-04-13,2140.6749999999633
2018-04-16,6103.845000000055
2018-04-17,-1788.0999999999676
2018-04-18,4181.9975000000095
2018-04-19,-1063.2850000000499
2018-04-20,-5365.304999999978
2018-04-23,-7210.4250000000175
2018-04-24,-5844.0699999999915
2018-04-25,-5543.885000000003
2018-04-26,932.1124999999951
2018-04-27,-7930.932500000052
2018-04-30,-5919.837499999996
2018-05-01,-13907.890000000058
2018-05-02,-1703.7649999999073
2018-05-03,794.8049999999773
2018-05-04,13543.800000000025
2018-05-07,6579.2324999999455
2018-05-08,-4493.604999999968
2018-05-09,12913.052500000043
2018-05-10,3405.4874999999406
2018-05-11,5133.319999999981
2018-05-14,6429.020000000047
2018-05-15,-5242.15500000002
2018-05-16,15700.625000000013
2018-05-17,-957.6000000000065
2018-05-18,-15373.667499999978
2018-05-21,8926.704999999996
2018-05-22,-8825.037499999999
2018-05-23,-18391.2375
2018-05-24,-7034.477500000004
2018-05-25,-22140.392499999965
2018-05-28,-3746.02750000004
2018-05-29,-32912.257499999956
2018-05-30,30245.279999999977
2018-05-31,-2574.4149999999754
2018-06-01,8212.97999999993
2018-06-04,8398.090000000071
2018-06-05,-154.13000000003058
2018-06-06,5085.6524999999865
2018-06-07,-4303.8249999999925
2018-06-08,-1012.9599999999989
2018-06-11,8890.844999999945
2018-06-12,-8150.950000000013
2018-06-13,8658.765000000074
2018-06-14,-2946.3624999999793
2018-06-15,-21234.327500000018
2018-06-18,-664.7150000000747
2018-06-19,2060.3099999999954
2018-06-20,4987.395000000027
2018-06-21,-10857.732500000046
2018-06-22,3529.210000000039
2018-06-25,-1971.189999999993
2018-06-26,4592.299999999987
2018-06-27,-5933.634999999962
2018-06-28,2820.462499999985
2018-06-29,-2726.797500000091
2018-07-02,7635.940000000041
2018-07-03,-6766.83999999996
2018-07-04,647.4874999999284
2018-07-05,721.4400000000733
2018-07-06,-4585.215000000022
2018-07-09,20549.032500000005
2018-07-10,5599.860000000033
2018-07-11,2555.4324999999258
2018-07-12,3035.980000000025
2018-07-13,1475.6199999999662
2018-07-16,-10257.904999999953
2018-07-17,9765.095000000023
2018-07-18,1848.5749999999505
2018-07-19,-2520.109999999995
2018-07-20,-7896.74000000001
2018-07-23,15102.615000000022
2018-07-24,-2924.889999999978
2018-07-25,-8150.889999999997
2018-07-26,15105.419999999946
2018-07-27,-11602.71749999991
2018-07-30,-5670.945000000078
2018-07-31,-5093.475000000028
2018-08-01,6644.86000000003
2018-08-02,7724.090000000009
2018-08-03,-12054.98499999997
2018-08-06,6942.265000000048
2018-08-07,5921.7149999999565
2018-08-08,-11372.442500000012
2018-08-09,-4951.9349999999695
2018-08-10,3940.695000000006
2018-08-13,-987.8525000000983
2018-08-14,5873.795000000058
2018-08-15,-5922.012500000021
2018-08-16,1768.4325000000622
2018-08-17,-7419.752500000074
2018-08-20,-8346.064999999979
2018-08-21,-4273.604999999984
2018-08-22,14658.482500000007
2018-08-23,14548.089999999975
2018-08-24,-7352.2374999999665
2018-08-27,5322.16249999997
2018-08-28,6582.262499999999
2018-08-29,5970.157500000032
2018-08-30,66.92000000000132
2018-08-31,821.9924999999721
2018-09-03,6273.044999999981
2018-09-04,6739.492500000032
2018-09-05,-12472.342499999986
2018-09-06,-15010.347499999969
2018-09-07,15587.137499999944
2018-09-10,-2219.9399999999864
2018-09-11,14733.687500000002
2018-09-12,-7001.5674999999665
2018-09-13,-723.4124999999927
2018-09-14,10936.40749999995
2018-09-17,-15501.104999999916
2018-09-18,10491.9075
2018-09-19,1289.8975000000544
2018-09-20,-7827.720000000048
2018-09-21,-3318.587500000041
2018-09-24,8456.517500000033
2018-09-25,-54.424999999978255
2018-09-26,-4006.9375000000414
2018-09-27,16699.00000000003
2018-09-28,1691.3374999999749
2018-10-01,5753.057500000013
2018-10-02,-7589.067499999953
2018-10-03,30783.487499999945
2018-10-04,-12072.992499999938
2018-10-05,-7330.550000000074
2018-10-08,3347.4049999999947
2018-10-09,-1529.420000000025
2018-10-10,-32241.14249999994
2018-10-11,-16018.767500000002
2018-10-12,-874.5500000000545
2018-10-15,-8790.24999999996
2018-10-16,14247.844999999998
2018-10-17,2931.4500000000203
2018-10-18,-4609.81000000003
2018-10-19,2515.695000000057
2018-10-22,89.60499999996394
2018-10-23,-17383.6775
2018-10-24,-19167.137500000004
2018-10-25,10558.96249999998
2018-10-26,-8990.209999999994
2018-10-29,2823.9750000000554
2018-10-30,13492.704999999913
2018-10-31,8740.375000000047
2018-11-01,-19905.8
2018-11-02,4331.140000000023
2018-11-05,7743.257499999985
2018-11-06,2250.987499999959
2018-11-07,12924.739999999983
2018-11-08,908.7000000000646
2018-11-09,1416.5749999999507
2018-11-12,-2008.9225
2018-11-13,-5442.967499999985
2018-11-14,406.5900000000046
2018-11-15,-10299.250000000035
2018-11-16,-10236.497499999941
2018-11-19,-5719.002500000024
2018-11-20,1709.8674999999553
2018-11-21,-4218.089999999986
2018-11-22,-676.1100000000059
2018-11-23,8293.222500000009
2018-11-26,1120.7274999999731
2018-11-27,-125.25499999995458
2018-11-28,-7768.524999999957
2018-11-29,-4652.085000000064
2018-11-30,2625.4650000000356
2018-12-03,-10241.180000000055
2018-12-04,-17958.399999999998
2018-12-05,845.5100000000281
2018-12-06,-1659.6650000000645
2018-12-07,-7654.5649999999205
2018-12-10,8661.12500000001
2018-12-11,3195.2699999999036
2018-12-12,-2065.8249999999457
2018-12-13,184.0749999999989
2018-12-14,13919.049999999997
2018-12-17,1235.3499999999794
2018-12-18,4495.7449999999635
2018-12-19,-1678.932499999939
2018-12-20,5596.309999999955
2018-12-21,19379.080000000034
2018-12-24,704.6449999999577
2018-12-25,1221.3700000000028
2018-12-26,-17043.607499999987
2018-12-27,-5827.915000000003
2018-12-28,-8720.749999999975
2018-12-31,-12182.349999999975
2019-01-01,1184.2324999999537
2019-01-02,-407.08499999998196
2019-01-03,-17762.557500000006
2019-01-04,-21234.59250000001
2019-01-07,-6971.887500000026
2019-01-08,-723.4249999999856
2019-01-09,-14728.665000000003
2019-01-10,6852.6850000000095
2019-01-11,3950.3049999999516
2019-01-14,-15.777499999979028
2019-01-15,3366.8950000000345
2019-01-16,426.54499999996574
2019-01-17,-5800.380000000012
2019-01-18,-1642.8149999999564
2019-01-21,880.1049999999562
2019-01-22,3448.9525000000417
2019-01-23,-212.52000000000965
2019-01-24,4708.902500000007
2019-01-25,-18253.67249999999
2019-01-28,2987.4625000000365
2019-01-29,-3174.7850000000108
2019-01-30,-16622.43250000001
2019-01-31,4897.322499999968
2019-02-01,-3923.7299999999227
2019-02-04,-970.7775000000686
2019-02-05,5575.040000000024
2019-02-06,6500.562499999949
2019-02-07,11296.49750000008
2019-02-08,2053.3774999999646
2019-02-11,7987.477500000004
2019-02-12,-13999.327499999978
2019-02-13,1767.484999999912
2019-02-14,2595.3300000000468
2019-02-15,-13646.492500000013
2019-02-18,-1979.5475000000115
2019-02-19,3581.500000000067
2019-02-20,1762.749999999914
2019-02-21,-6908.224999999911
2019-02-22,3273.1899999999428
2019-02-25,8117.207500000019
2019-02-26,-1423.6200000000035
2019-02-27,-1529.4499999999512
2019-02-28,2037.7299999999818
2019-03-01,3508.260000000002
2019-03-04,1729.049999999981
2019-03-05,2590.474999999959
2019-03-06,7490.4649999999565
2019-03-07,12519.485000000066
2019-03-08,-2944.550000000005
2019-03-11,-4076.524999999941
2019-03-12,-4602.405000000082
2019-03-13,-7397.784999999952
2019-03-14,5064.475000000033
2019-03-15,-490.86500000000785
2019-03-18,-3114.775000000039
2019-03-19,-4550.850000000019
2019-03-20,-3240.9900000000507
2019-03-21,13341.72000000001
2019-03-22,-172.0649999999158
2019-03-25,-1000.0200000000764
2019-03-26,1651.2899999999947
2019-03-27,11277.715000000033
2019-03-28,2626.074999999966
2019-03-29,90.03750000007335
2019-04-01,-7184.427500000033
2019-04-02,799.9699999999947
2019-04-03,-7853.542500000015
2019-04-04,8172.425000000011
2019-04-05,950.3225000000197
2019-04-08,-9416.875000000031
2019-04-09,-2926.8799999999014
2019-04-10,-1160.5050000000476
2019-04-11,8866.364999999905
2019-04-12,-5403.264999999886
2019-04-15,3621.4124999999294
2019-04-16,5646.6999999999925
2019-04-17,2967.2149999999965
2019-04-18,8403.652500000062
2019-04-22,-7411.4575000000295
2019-04-23,17009.72499999997
2019-04-24,9948.92250000005
2019-04-25,-12750.012499999988
2019-04-26,1595.1575000000098
2019-04-29,-1605.4674999999654
2019-04-30,-1575.4300000000592
2019-05-01,7.580000000017648
2019-05-02,3754.0900000000047
2019-05-03,-3566.4025000001134
2019-05-06,4805.780000000094
2019-05-07,410.64500000004944
2019-05-08,-1516.8050000000746
2019-05-09,6672.500000000025
2019-05-10,-2351.325000000009
2019-05-13,-6557.025000000023
2019-05-14,-2077.2824999999784
2019-05-15,1756.7225000000562
2019-05-16,-94.48500000011086
2019-05-17,9277.822500000064
2019-05-20,-12613.34749999996
2019-05-21,4130.864999999986
2019-05-22,9094.839999999886
2019-05-23,8077.659999999984
2019-05-24,-15369.859999999846
2019-05-27,1452.1549999998836
2019-05-28,1875.4400000000512
2019-05-29,5539.384999999957
2019-05-30,5426.000000000065
2019-05-31,10041.782499999983
2019-06-03,-2484.3124999999272
2019-06-04,-21549.32250000004
2019-06-05,12877.212499999976
2019-06-06,-13087.172500000039
2019-06-07,-2046.902499999955
2019-06-10,-8459.110000000086
2019-06-11,-3105.572499999922
2019-06-12,11355.28249999999
2019-06-13,1855.477499999978
2019-06-14,5644.760000000011
2019-06-17,-1347.6574999999582
2019-06-18,-2576.699999999958
2019-06-19,323.29249999998706
2019-06-20,-14616.059999999938
2019-06-21,-5693.955000000041
2019-06-24,1950.8149999999991
2019-06-25,-7257.02249999999
2019-06-26,-9558.06750000001
2019-06-27,640.007500000072
2019-06-28,-3638.1049999999964
2019-07-01,4652.132499999943
2019-07-02,17094.565000000017
2019-07-03,-4627.925000000005
2019-07-04,3455.83499999998
2019-07-05,-15674.962499999998
2019-07-08,2324.307499999979
2019-07-09,-6992.669999999957
2019-07-10,-9500.294999999996
2019-07-11,-2544.2775000001125
2019-07-12,-5389.504999999966
2019-07-15,4795.094999999969
2019-07-16,5025.122500000081
2019-07-17,926.4850000000483
2019-07-18,-1551.9725000000158
2019-07-19,-5854.885000000032
2019-07-22,8227.922500000015
2019-07-23,-180.267500000008
2019-07-24,7175.732499999968
2019-07-25,-4529.9174999999605
2019-07-26,7832.08249999997
2019-07-29,2311.3250000001403
2019-07-30,-3852.627500000142
2019-07-31,362.47000000002095
2019-08-01,29383.09499999996
2019-08-02,-3528.392499999917
2019-08-05,-229.3875000000861
2019-08-06,17963.717499999955
2019-08-07,7072.475000000031
2019-08-08,-7077.622499999891
2019-08-09,-5980.735000000144
2019-08-12,17300.02000000005
2019-08-13,-8162.255000000007
2019-08-14,17137.117499999942
2019-08-15,12009.832500000082
2019-08-16,-10256.125000000013
2019-08-19,-6466.442500000062
2019-08-20,2396.220000000041
2019-08-21,-8358.135000000026
2019-08-22,1863.0575000000565
2019-08-23,12817.909999999974
2019-08-26,-5032.3049999999885
2019-08-27,6702.7949999999755
2019-08-28,-3043.154999999954
2019-08-29,-10259.74250000011
2019-08-30,12185.782500000108
2019-09-02,6695.007500000016
2019-09-03,12153.714999999931
2019-09-04,-25715.04749999998
2019-09-05,-25441.27500000002
2019-09-06,-2893.2925000000187
2019-09-09,-16534.124999999956
2019-09-10,-15941.342499999992
2019-09-11,7445.062500000014
2019-09-12,-6027.887500000088
2019-09-13,-19083.88749999989
2019-09-16,-11981.517500000069
2019-09-17,11936.89000000001
2019-09-18,2374.417499999894
2019-09-19,3979.522500000019
2019-09-20,10621.037500000046
2019-09-23,3064.8424999999156
2019-09-24,8654.627500000073
2019-09-25,-4564.032500000036
2019-09-26,6480.627500000024
2019-09-27,-6323.117500000036
2019-09-30,1997.9075000000958
2019-10-01,1415.4524999999717
2019-10-02,10683.282499999941
2019-10-03,7008.975000000026
2019-10-04,-543.7249999999864
2019-10-07,-3504.747499999971
2019-10-08,319.19999999996594
2019-10-09,-242.54250000000104
2019-10-10,-17877.362500000014
2019-10-11,-23502.717499999944
2019-10-14,6998.685000000013
2019-10-15,-5239.290000000035
2019-10-16,189.10249999999536
2019-10-17,-11273.549999999917
2019-10-18,-12101.285000000162
2019-10-21,2219.317499999937
2019-10-22,2962.5899999999724
2019-10-23,-2287.084999999987
2019-10-24,6939.052499999973
2019-10-25,-2213.4175000000478
2019-10-28,-7594.887499999864
2019-10-29,-2365.325000000066
2019-10-30,2904.9200000000105
2019-10-31,14802.482500000035
2019-11-01,-123.34500000011214
2019-11-04,-3270.162499999841
2019-11-05,-13268.175000000076
2019-11-06,11172.424999999967
2019-11-07,-11813.824999999992
2019-11-08,4199.747500000007
2019-11-11,5384.867500000017
2019-11-12,721.4750000000113
2019-11-13,7992.562499999921
2019-11-14,8444.930000000022
2019-11-15,795.545000000021
2019-11-18,1244.7500000000523
2019-11-19,-1328.0800000000036
2019-11-20,11768.21499999989
2019-11-21,1871.4600000000905
2019-11-22,-1161.0374999999897
2019-11-25,6733.282500000045
2019-11-26,5047.6474999999045
2019-11-27,883.5275000000028
2019-11-28,1452.4275000000096
2019-11-29,-10580.282500000028
2019-12-02,-18877.492500000026
2019-12-03,2070.352500000048
2019-12-04,-2428.5249999999874
2019-12-05,464.56500000000966
2019-12-06,-1143.204999999946
2019-12-09,-251.98249999999416
2019-12-10,-5177.942500000113
2019-12-11,10039.585000000066
2019-12-12,-3647.4425000000447
2019-12-13,4272.047500000184
2019-12-16,-8303.415000000055
2019-12-17,-2973.7175000000575
2019-12-18,4929.107500000177
2019-12-19,1235.182499999857
2019-12-20,780.1099999999904
2019-12-23,2982.9875000001575
2019-12-24,7214.699999999946
2019-12-25,-240.3325000000118
2019-12-26,7544.75749999995
2019-12-27,-8503.355000000047
2019-12-30,-5663.537499999979
2019-12-31,2357.5924999999884
2020-01-01,1904.0449999999898
2020-01-02,11743.022500000006
2020-01-03,11859.677500000049
2020-01-06,-3303.407500000051
2020-01-07,9965.030000000112
2020-01-08,-13398.360000000075
2020-01-09,7374.460000000032
2020-01-10,-5332.849999999949
2020-01-13,2329.4324999999785
2020-01-14,-1675.805000000062
2020-01-15,10384.307499999999
2020-01-16,10701.9525000001
2020-01-17,166.40249999991505
2020-01-20,3803.9400000000333
2020-01-21,3478.279999999984
2020-01-22,-10346.457499999962
2020-01-23,8867.192500000052
2020-01-24,11899.812500000011
2020-01-27,15413.189999999997
2020-01-28,-3033.58999999993
2020-01-29,15022.167499999972
2020-01-30,13083.449999999906
2020-01-31,-5250.430000000013
2020-02-03,-4237.685000000028
2020-02-04,-3581.459999999936
2020-02-05,4262.797499999989
2020-02-06,-893.1974999999819
2020-02-07,6713.789999999988
2020-02-10,12973.957500000099
2020-02-11,-8927.23
2020-02-12,-351.76999999993245
2020-02-13,1738.5574999998414
2020-02-14,1196.1400000000035
2020-02-17,-2829.305000000014
2020-02-18,2825.4500000001926
2020-02-19,6155.559999999869
2020-02-20,16500.495
2020-02-21,-7504.844999999996
2020-02-24,5731.6574999998875
2020-02-25,-20137.875000000007
2020-02-26,-56.42749999995908
2020-02-27,-16666.565000000108
2020-02-28,12097.369999999964
2020-03-02,-28564.309999999936
2020-03-03,24483.435
2020-03-04,-7926.072499999949
2020-03-05,26821.44500000007
2020-03-06,31352.98999999992
2020-03-09,55628.09749999993
2020-03-10,-17268.477499999866
2020-03-11,16913.4849999999
2020-03-12,40312.52500000004
2020-03-13,-24806.312500000033
2020-03-16,63625.77000000003
2020-03-17,-2829.509999999976
2020-03-18,31074.854999999974
2020-03-19,-3326.020000000036
2020-03-20,1676.5449999999996
2020-03-23,-3943.5000000000045
2020-03-24,-21898.75
2020-03-25,-989.34499999999
2020-03-26,-9321.32000000003
2020-03-27,370.06000000000074
2020-03-30,8700.339999999995
2020-03-31,1523.3250000000248
2020-04-01,10522.024999999981
2020-04-02,-8781.375000000036
2020-04-03,-5270.23000000002
2020-04-06,-4182.927499999937
2020-04-07,-9171.900000000003
2020-04-08,-2214.2925000000105
2020-04-09,8092.749999999959
2020-04-13,231.30249999997136
2020-04-14,7528.532500000057
2020-04-15,11028.854999999978
2020-04-16,-8850.487499999983
2020-04-17,1590.0374999999704
2020-04-20,6823.892500000016
2020-04-21,17905.949999999997
2020-04-22,-4859.3924999999645
2020-04-23,-4432.060000000051
2020-04-24,1425.565000000007
2020-04-27,3339.427500000015
2020-04-28,-1090.1500000000292
2020-04-29,-11065.00249999998
2020-04-30,-9870.172500000011
2020-05-01,4545.684999999995
2020-05-04,-2216.6250000000014
2020-05-05,-4532.677500000037
2020-05-06,7088.3700000000235
2020-05-07,-3205.0000000000346
2020-05-08,-4220.000000000003
2020-05-11,1302.5000000000255
2020-05-12,3687.0274999999897
2020-05-13,1851.8749999999964
2020-05-14,-333.2174999999969
2020-05-15,1837.8550000000014
2020-05-18,-15159.4425
2020-05-19,2804.0624999999923
2020-05-20,1763.7925000000187
2020-05-21,2753.9274999999857
2020-05-22,3259.975000000003
2020-05-25,-502.4999999999971
2020-05-26,-13550.827500000018
2020-05-27,1106.9174999999877
2020-05-28,234.59500000000864
2020-05-29,-883.1500000000149
2020-06-01,-5186.73749999994
2020-06-02,-5537.010000000021
2020-06-03,-6015.760000000017
2020-06-04,-6871.250000000024
2020-06-05,-7473.774999999993
2020-06-08,-1423.7749999999687
2020-06-09,6462.745000000011
2020-06-10,4718.7499999999745
2020-06-11,6693.750000000015
2020-06-12,-1150.7600000000173
2020-06-15,-3441.8399999999883
2020-06-16,6410.7349999999915
2020-06-17,1870.244999999953
2020-06-18,3166.7400000000043
2020-06-19,1826.7400000000305
2020-06-22,-5531.097500000002
2020-06-23,-183.12500000002035
2020-06-24,10582.542500000027
2020-06-25,3208.3024999999952
2020-06-26,8126.807499999993
2020-06-29,-7279.577499999996
2020-06-30,-1463.0150000000228
2020-07-01,-7661.662500000009
2020-07-02,3086.0650000000473
2020-07-03,-1201.6975000000666
2020-07-06,-8797.619999999957
2020-07-07,7832.362499999946
2020-07-08,-3964.4424999999273
2020-07-09,-508.8850000000584
2020-07-10,2583.725000000035
2020-07-13,5491.849999999997
2020-07-14,10.422499999974988
2020-07-15,-11171.927500000043
2020-07-16,-1991.707499999904
2020-07-17,2254.3399999999383
2020-07-20,5216.685000000004
2020-07-21,17898.755000000034
2020-07-22,1412.3149999999557
2020-07-23,-480.8549999999688
2020-07-24,3319.5150000000235
2020-07-27,1689.3774999999268
2020-07-28,4561.415000000012
2020-07-29,4240.907500000016
2020-07-30,9567.782500000032
2020-07-31,-1816.822499999971
2020-08-03,-6518.587500000054
2020-08-04,4304.7975000000015
2020-08-05,-698.7074999999684
2020-08-06,3953.4674999999543
2020-08-07,-5707.84999999997
2020-08-10,-4414.324999999997
2020-08-11,-4447.622500000023
2020-08-12,-6207.14250000002
2020-08-13,-10286.342499999955
2020-08-14,2912.4025000000147
2020-08-17,603.9825000000076
2020-08-18,4914.582499999966
2020-08-19,-8266.335000000008
2020-08-20,4158.152499999993
2020-08-21,-483.6449999999691
2020-08-24,-8343.750000000044
2020-08-25,-2178.927499999976
2020-08-26,3820.307500000009
2020-08-27,-2532.3775000000396
2020-08-28,10080.349999999997
2020-08-31,3685.5625000000136
2020-09-01,2361.9225000000265
2020-09-02,4173.97749999997
2020-09-03,-8488.672499999979
2020-09-04,-5890.025000000025
2020-09-07,-2485.317500000038
2020-09-08,4350.60000000002
2020-09-09,2293.1250000000387
2020-09-10,1241.3750000000107
2020-09-11,6045.170000000032
2020-09-14,-1440.4550000000456
2020-09-15,-6107.172499999997
2020-09-16,-3539.0674999999364
2020-09-17,4800.487499999929
2020-09-18,-2540.992499999973
2020-09-21,-3826.445000000004
2020-09-22,-1913.9224999999992
2020-09-23,-21631.854999999956
2020-09-24,351.442499999915
2020-09-25,-427.87499999996976
2020-09-28,4116.382500000016
2020-09-29,12575.875000000016
2020-09-30,-4138.605000000051
2020-10-01,1342.8325000000584
2020-10-02,7020.809999999957
2020-10-05,-10493.312499999975
2020-10-06,-4338.76500000003
2020-10-07,2845.8250000000453
2020-10-08,-2090.3500000000017
2020-10-09,2988.207499999987
2020-10-12,5207.75
2020-10-13,-3747.95499999998
2020-10-14,-953.6049999999856
2020-10-15,-599.5550000000034
2020-10-16,-1237.420000000071
2020-10-19,531.8800000000537
2020-10-20,383.98250000003225
2020-10-21,2536.6350000000125
2020-10-22,-3410.847500000053
2020-10-23,5346.469999999912
2020-10-26,-6129.802499999957
2020-10-27,-1659.3725000000024
2020-10-28,-3644.6825
2020-10-29,-5544.324999999928
2020-10-30,-5386.63000000004
2020-11-02,-5167.20000000001
2020-11-03,-5682.040000000019
2020-11-04,15432.357500000038
2020-11-05,18222.250000000007
2020-11-06,4210.33250000006
2020-11-09,-19561.12500000003
2020-11-10,-6608.024999999998
2020-11-11,-26.827499999957936
2020-11-12,5027.862499999955
2020-11-13,10878.732500000042
2020-11-16,4745.487499999997
2020-11-17,1449.2999999999959
2020-11-18,-2648.092500000008
2020-11-19,8704.442500000001
2020-11-20,-390.65749999999224
2020-11-23,-6572.082499999937
2020-11-24,3587.5524999999157
2020-11-25,-4051.712500000025
2020-11-26,3831.74499999995
2020-11-27,8426.78000000005
2020-11-30,-6711.767499999964
2020-12-01,2248.5900000000443
2020-12-02,1920.8474999999557
2020-12-03,9218.494999999974
2020-12-04,-410.2699999999712
2020-12-07,4458.350000000017
2020-12-08,-817.5050000000518
2020-12-09,-1801.7549999999878
2020-12-10,7880.375000000025
2020-12-11,1057.1999999999757
2020-12-14,-2713.342499999987
2020-12-15,10388.487500000028
2020-12-16,-2225.7274999999977
2020-12-17,6575.2750000000015
2020-12-18,-2591.0175000000404
2020-12-21,-1711.5375000000079
2020-12-22,223.0375000000185
2020-12-23,-1314.3099999999497
2020-12-24,2097.6750000000216
2020-12-28,3246.4349999999436
2020-12-29,-2175.8574999999955
2020-12-30,13035.084999999994
2020-12-31,-1558.5274999999758
2021-01-04,5435.547500000014
2021-01-05,4763.377500000026
2021-01-06,-969.3725000000354
2021-01-07,-8275.020000000084
2021-01-08,-7957.964999999934
2021-01-11,-13895.139999999998
2021-01-12,19754.820000000007
2021-01-13,2038.2749999999928
2021-01-14,4518.590000000007
2021-01-15,-9909.375000000016
2021-01-18,2863.842500000043
2021-01-19,4221.077499999899
2021-01-20,10113.150000000129
2021-01-21,-1128.907500000053
2021-01-22,-11772.455000000029
2021-01-25,1908.1475000000144
2021-01-26,6711.395000000047
2021-01-27,-24144.677500000045
2021-01-28,4524.634999999979
2021-01-29,197.0950000000479
2021-02-01,-9744.767499999978
2021-02-02,-11047.67500000003
2021-02-03,1408.950000000073
2021-02-04,-8122.330000000073
2021-02-05,15604.702500000023
2021-02-08,4709.482499999969
2021-02-09,8385.524999999987
2021-02-10,1153.345000000048
2021-02-11,3565.5774999999703
2021-02-12,-9361.002499999957
2021-02-15,-6306.715000000005
2021-02-16,-15022.305000000017
2021-02-17,591.370000000034
2021-02-18,3929.389999999956
2021-02-19,3596.507499999961
2021-02-22,19691.235000000095
2021-02-23,2382.7074999999177
2021-02-24,20427.81750000006
2021-02-25,-50462.41499999997
2021-02-26,-17442.397500000076
2021-03-01,46.20749999997906
2021-03-02,1920.0800000000106
2021-03-03,-1002.2449999999806
2021-03-04,1047.2150000000163
2021-03-05,15744.579999999962
2021-03-08,-5430.3099999999795
2021-03-09,2823.0999999999667
2021-03-10,5776.542499999991
2021-03-11,22186.34500000003
2021-03-12,5951.784999999963
2021-03-15,-2786.7625000000276
2021-03-16,-1549.300000000021
2021-03-17,10521.47249999993
2021-03-18,-33233.15749999996
2021-03-19,5236.452500000008
2021-03-22,-868.5200000000058
2021-03-23,-35602.42250000002
2021-03-24,8956.274999999967
2021-03-25,-5557.282499999968
2021-03-26,25175.594999999983
2021-03-29,-734.1925000000361
2021-03-30,-13181.099999999922
2021-03-31,9991.664999999955
2021-04-01,4324.9324999999435
2021-04-02,3729.307500000087
2021-04-05,7196.182499999966
2021-04-06,-5086.1575000000275
2021-04-07,-1555.7499999999104
2021-04-08,4979.900000000005
2021-04-09,168.06999999997754
2021-04-12,-5182.22749999995
2021-04-13,1730.0474999999728
2021-04-14,19670.63749999997
2021-04-15,-2325.3499999999585
2021-04-16,-1403.9100000000644
2021-04-19,7582.344999999992
2021-04-20,-10942.109999999973
2021-04-21,8196.614999999989
2021-04-22,-353.0525000000638
2021-04-23,14884.680000000046
2021-04-26,14711.550000000021
2021-04-27,3522.7575000000043
2021-04-28,7547.08499999994
2021-04-29,4401.570000000047
2021-04-30,-10279.334999999946
2021-05-03,9750.359999999928
2021-05-04,208.71249999996627
2021-05-05,1377.8000000000607
2021-05-06,17545.147499999963
2021-05-07,19355.269999999986
2021-05-10,-2557.109999999958
2021-05-11,3478.0949999999784
2021-05-12,-13505.107500000038
2021-05-13,-19939.39999999993
2021-05-14,13118.215000000011
2021-05-17,6363.50749999995
2021-05-18,-3490.9975000000036
2021-05-19,-17497.162499999977
2021-05-20,2152.652500000015
2021-05-21,3962.732499999988
2021-05-24,8060.552499999938
2021-05-25,-10653.97749999995
2021-05-26,-1355.7375000000388
2021-05-27,25661.252500000042
2021-05-28,-6920.702500000025
2021-05-31,1843.6575000000184
2021-06-01,7853.967500000053
2021-06-02,-1014.610000000062
2021-06-03,-14779.407500000025
2021-06-04,9406.440000000022
2021-06-07,634.8175000000017
2021-06-08,2338.3299999999913
2021-06-09,-8328.879999999921
2021-06-10,1105.7124999999346
2021-06-11,-7438.537499999977
2021-06-14,-1280.8325000000088
2021-06-15,-9591.622499999972
2021-06-16,-23569.745000000017
2021-06-17,-49840.63750000001
2021-06-18,-14745.965000000011
2021-06-21,22800.880000000056
2021-06-22,6291.257499999985
2021-06-23,10161.749999999965
2021-06-24,4067.9750000000117
2021-06-25,215.5249999999813
2021-06-28,-10147.652500000002
2021-06-29,-1014.6474999999294
2021-06-30,13391.409999999962
2021-07-01,-2913.624999999968
2021-07-02,4998.649999999979
2021-07-05,5087.532499999977
2021-07-06,-39539.76750000007
2021-07-07,-9647.892499999813
2021-07-08,-6135.695000000128
2021-07-09,24439.200000000023
2021-07-12,6765.812500000044
2021-07-13,-5965.087500000029
2021-07-14,-6834.124999999997
2021-07-15,-13258.347500000014
2021-07-16,-7250.519999999968
2021-07-19,-38913.32000000009
2021-07-20,14056.567500000077
2021-07-21,22667.764999999967
2021-07-22,3369.23500000002
2021-07-23,6909.805000000018
2021-07-26,6394.520000000017
2021-07-27,-7048.709999999959
2021-07-28,-3413.750000000048
2021-07-29,2531.772500000083
2021-07-30,-7859.495000000103
2021-08-02,-8806.57249999997
2021-08-03,-2682.6299999999997
2021-08-04,-10464.40749999996
2021-08-05,13555.142499999987
2021-08-06,12488.617499999986
2021-08-09,1962.0500000000093
2021-08-10,15584.762499999988
2021-08-11,1048.545000000022
2021-08-12,557.8074999999982
2021-08-13,-17675.779999999937
2021-08-16,-7547.602499999966
2021-08-17,-13954.535000000029
2021-08-18,-10436.210000000072
2021-08-19,-13815.637499999943
2021-08-20,-862.4750000000301
2021-08-23,11781.510000000026
2021-08-24,13298.95999999996
2021-08-25,14800.507499999985
2021-08-26,-8620.764999999968
2021-08-27,4034.487499999947
2021-08-30,-327.934999999983
2021-08-31,1607.1499999999667
2021-09-01,-4695.50999999994
2021-09-02,8950.302499999978
2021-09-03,-2562.8000000001016
2021-09-06,424.67000000008204
2021-09-07,-3016.3649999999416
2021-09-08,468.17249999992436
2021-09-09,-10243.73749999995
2021-09-10,9323.349999999935
2021-09-13,4687.909999999999
2021-09-14,-12694.749999999976
2021-09-15,19248.827500000087
2021-09-16,9105.71999999993
2021-09-17,-10406.732499999913
2021-09-20,-27360.540000000034
2021-09-21,-11714.680000000068
2021-09-22,22284.10749999998
2021-09-23,37364.89750000007
2021-09-24,7658.949999999996
2021-09-27,23624.815
2021-09-28,-8899.459999999985
2021-09-29,6447.24000000001
2021-09-30,-10203.27000000007
2021-10-01,7126.810000000054
2021-10-04,-1746.0874999999958
2021-10-05,15002.607499999964
2021-10-06,-2309.5124999999616
2021-10-07,16394.39499999996
2021-10-08,1280.5274999999792
2021-10-11,8806.565000000062
2021-10-12,-8539.095000000052
2021-10-13,3949.150000000041
2021-10-14,11841.997500000003
2021-10-15,18705.582499999997
2021-10-18,2614.9674999999916
2021-10-19,8260.165000000043
2021-10-20,3488.1649999999822
2021-10-21,-7577.075
2021-10-22,-3452.247500000072
2021-10-25,7583.595000000041
2021-10-26,1557.2324999999355
2021-10-27,-13602.16749999993
2021-10-28,2661.9374999999636
2021-10-29,8594.785000000064
2021-11-01,6272.0974999999735
2021-11-02,-5795.947500000031
2021-11-03,-1473.4700000000123
2021-11-04,-13822.917499999925
2021-11-05,-11871.165000000048
2021-11-08,8967.722500000007
2021-11-09,-545.1349999999336
2021-11-10,449.8949999999579
2021-11-11,1447.8349999999596
2021-11-12,2735.7999999999884
2021-11-15,7892.135000000022
2021-11-16,7385.944999999995
2021-11-17,-16139.73499999998
2021-11-18,-2952.7400000000885
2021-11-19,-13648.204999999924
2021-11-22,8955.172499999977
2021-11-23,6269.459999999942
2021-11-24,5868.195000000052
2021-11-25,-9499.250000000104
2021-11-26,-70540.09499999991
2021-11-29,18139.247499999914
2021-11-30,-13776.44249999999
2021-12-01,-7085.725000000044
2021-12-02,11112.070000000002
2021-12-03,-5667.635000000008
2021-12-06,11349.07999999999
2021-12-07,3088.994999999986
2021-12-08,43.21000000006219
2021-12-09,396.8749999999791
2021-12-10,-5118.505000000058
2021-12-13,-6694.144999999935
2021-12-14,3550.980000000031
2021-12-15,1595.9549999999651
2021-12-16,-14336.249999999913
2021-12-17,9038.589999999927
2021-12-20,-2442.524999999939
2021-12-21,8327.499999999947
2021-12-22,-681.6299999999727
2021-12-23,-84.39999999992382
2021-12-27,3719.2399999999056
2021-12-28,-1398.1250000000193
2021-12-29,407.92250000004105
2021-12-30,-7790.93749999996
2021-12-31,-6000.4975000000295
2022-01-03,14359.215000000053
2022-01-04,6690.7100000000255
2022-01-05,-735.0250000000323
2022-01-06,8555.152500000064
2022-01-07,-3060.050000000122
2022-01-10,502.81250000008754
2022-01-11,-4873.775000000016
2022-01-12,-5362.769999999985
2022-01-13,-10197.92999999999
2022-01-14,7036.359999999948
2022-01-17,2738.6575000000707
2022-01-18,1360.5749999999373
2022-01-19,-10607.997499999894
2022-01-20,-4691.385000000003
2022-01-21,-6185.447499999978
2022-01-24,2327.5000000000155
2022-01-25,4115.624999999991
2022-01-26,18764.55249999997
2022-01-27,7296.740000000007
2022-01-28,-1477.2799999999647
2022-01-31,-9002.635000000048
2022-02-01,-56.317500000068435
2022-02-02,-4086.5874999999787
2022-02-03,4181.427500000007
2022-02-04,10289.282500000058
2022-02-07,-5080.93750000003
2022-02-08,3470.777499999917
2022-02-09,6415.9800000000105
2022-02-10,7540.937499999972
2022-02-11,-6936.697499999941
2022-02-14,5878.61499999996
2022-02-15,-2797.254999999965
2022-02-16,-2325.447500000027
2022-02-17,-4177.280000000005
2022-02-18,1923.142500000061
2022-02-21,-6131.56250000001
2022-02-22,13262.449999999972
2022-02-23,1157.9649999999963
2022-02-24,15088.700000000079
2022-02-25,-17245.44750000003
2022-02-28,5784.114999999983
2022-03-01,8514.037500000033
2022-03-02,4518.547500000012
2022-03-03,13015.422499999975
2022-03-04,9322.745000000034
2022-03-07,7238.92749999999
2022-03-08,10316.98500000002
2022-03-09,-8723.707499999966
2022-03-10,5212.78749999992
2022-03-11,9396.875000000035
2022-03-14,3566.235000000013
2022-03-15,-3115.5149999999962
2022-03-16,-5069.755
2022-03-17,-7081.140000000006
2022-03-18,-2746.629999999954
2022-03-21,15610.43999999995
2022-03-22,5606.7150000000065
2022-03-23,-2120.6500000000146
2022-03-24,2562.4999999999636
2022-03-25,6786.250000000015
2022-03-28,411.19999999999226
2022-03-29,-7620.692499999921
2022-03-30,-4391.317500000115
2022-03-31,-912.254999999997
2022-04-01,3957.120000000056
2022-04-04,1280.4899999999943
2022-04-05,13680.80249999999
2022-04-06,1250.2450000000013
2022-04-07,5149.907499999989
2022-04-08,7984.3749999999945
2022-04-11,2534.282499999966
2022-04-12,-2254.5349999999626
2022-04-13,-6272.500000000019
2022-04-14,14362.187500000016
2022-04-18,13593.927500000002
2022-04-19,7940.0425
2022-04-20,-10020.625000000022
2022-04-21,12843.86
2022-04-22,200.87000000001092
2022-04-25,-6666.765000000012
2022-04-26,719.1725000000166
2022-04-27,8617.989999999962
2022-04-28,5155.735000000007
2022-04-29,8369.104999999992
2022-05-02,4842.0950000000485
2022-05-03,-3270.337500000024
2022-05-04,-18956.629999999986
2022-05-05,27344.17249999998
2022-05-06,7123.682499999995
2022-05-09,730.5325000000207
2022-05-10,6414.307499999988
2022-05-11,148.0574999999925
2022-05-12,13055.625000000015
2022-05-13,-7004.442500000025
2022-05-16,-2371.8324999999604
2022-05-17,-3667.880000000029
2022-05-18,530.3975000000426
2022-05-19,-11153.260000000068
2022-05-20,-2197.2549999999896
2022-05-23,-5386.94249999996
2022-05-24,-5024.062499999983
2022-05-25,57.18749999995384
2022-05-26,-4411.072500000004
2022-05-27,-4519.442499999968
2022-05-30,1267.1124999999759
2022-05-31,123.0324999999875
2022-06-01,632.2050000000166
2022-06-02,-10536.832500000002
2022-06-03,6997.094999999974
2022-06-06,11549.375000000004
2022-06-07,-1622.9474999999832
2022-06-08,10285.109999999975
2022-06-09,8181.672500000007
2022-06-10,18822.610000000004
2022-06-13,11337.50999999995
2022-06-14,3201.267499999981
2022-06-15,-19350.379999999994
2022-06-16,-2004.3999999999642
2022-06-17,4656.115000000022
2022-06-20,379.37499999999153
2022-06-21,-6687.617499999983
2022-06-22,-4747.905000000001
2022-06-23,-3529.5350000000008
2022-06-24,-2977.880000000031
2022-06-27,2107.4750000000126
2022-06-28,4314.7300000000105
2022-06-29,-184.779999999985
2022-06-30,-2817.6350000000434
2022-07-01,-9666.029999999953
2022-07-04,1333.1250000000332
2022-07-05,7517.27249999998
2022-07-06,11124.105000000007
2022-07-07,-939.5100000000068
2022-07-08,11058.74999999994
2022-07-11,6812.720000000052
2022-07-12,-1302.500000000008
2022-07-13,551.7400000000231
2022-07-14,9156.87499999998
2022-07-15,-9232.770000000015
2022-07-18,311.24999999996976
2022-07-19,-8677.592499999982
2022-07-20,218.34499999999454
2022-07-21,-18166.38499999999
2022-07-22,-8392.947499999967
2022-07-25,4628.749999999898
2022-07-26,3715.6250000000937
2022-07-27,-14469.847500000027
2022-07-28,-10490.44750000002
2022-07-29,-7555.447499999951
2022-08-01,-8559.51000000004
2022-08-02,12739.730000000014
2022-08-03,-1142.1700000000399
2022-08-04,-5777.14500000001
2022-08-05,13184.147499999988
2022-08-08,-10364.155000000004
2022-08-09,5896.739999999983
2022-08-10,-12087.879999999977
2022-08-11,4076.2249999999844
2022-08-12,-3481.5874999999965
2022-08-15,-2837.7274999999727
2022-08-16,-796.0724999999784
2022-08-17,13060.8025
2022-08-18,1392.4999999999804
2022-08-19,9463.995000000023
2022-08-22,13284.374999999953
2022-08-23,-1635.8274999999585
2022-08-24,2515.219999999972
2022-08-25,-12573.750000000007
2022-08-26,22332.5
2022-08-29,6055.244999999993
2022-08-30,9804.620000000068
2022-08-31,12288.827499999974
2022-09-01,6278.61499999999
2022-09-02,-3808.750000000011
2022-09-05,-1538.4374999999834
2022-09-06,15928.902499999995
2022-09-07,-15905.024999999981
2022-09-08,-4147.879999999989
2022-09-09,-3466.2500000000596
2022-09-12,-10905.134999999964
2022-09-13,29814.307500000014
2022-09-14,-2241.9425000000147
2022-09-15,12134.999999999975
2022-09-16,-2175.7599999999984
2022-09-19,2727.8900000000062
2022-09-20,14568.4375
2022-09-21,11344.620000000017
2022-09-22,4767.499999999976
2022-09-23,15922.74500000001
2022-09-26,14765.49000000002
2022-09-27,809.7299999999966
2022-09-28,-20502.5675
2022-09-29,-4091.07249999998
2022-09-30,10102.81249999996
2022-10-03,-21167.81249999999
2022-10-04,-11756.942500000021
2022-10-05,5623.057500000021
2022-10-06,11758.995000000019
2022-10-07,11319.687499999965
2022-10-10,8224.687500000016
2022-10-11,1316.1149999999982
2022-10-12,-2879.062499999989
2022-10-13,1816.874999999989
2022-10-14,10177.187500000038
2022-10-17,-13297.322500000038
2022-10-18,24.307500000005458
2022-10-19,17289.37499999998
2022-10-20,4420.93750000005
2022-10-21,-15104.130000000006
2022-10-24,4056.114999999936
2022-10-25,-9885.312499999955
2022-10-26,-15205.692499999985
2022-10-27,-1258.7500000000657
2022-10-28,10171.047500000035
2022-10-31,11425.802499999989
2022-11-01,-535.0675000000118
2022-11-02,4770.000000000057
2022-11-03,5847.499999999962
2022-11-04,-24194.062500000004
2022-11-07,5948.615000000022
2022-11-08,-9905.625000000035
2022-11-09,-461.2499999999586
2022-11-10,-25615.20250000002
2022-11-11,-9923.952500000027
2022-11-14,3113.48
2022-11-15,-4545.624999999995
2022-11-16,-1455.380000000012
2022-11-17,7050.6250000000155
2022-11-18,3636.1149999999766
2022-11-21,5211.74000000001
2022-11-22,-6696.317499999979
2022-11-23,-9042.812500000013
2022-11-24,-1788.1250000000068
2022-11-25,3869.840000000007
2022-11-28,7341.672500000011
2022-11-29,3170.0000000000045
2022-11-30,-12413.690000000028
2022-12-01,-8788.32749999995
2022-12-02,424.3749999999932
2022-12-05,10923.994999999955
2022-12-06,-3360.624999999999
2022-12-07,-6131.317499999986
2022-12-08,136.80750000005037
2022-12-09,5998.124999999979
2022-12-12,-480.3800000000027
2022-12-13,-10261.005000000032
2022-12-14,-2913.5724999999884
2022-12-15,6918.437500000026
2022-12-16,5346.984999999988
2022-12-19,2047.670000000001
2022-12-20,-1498.7499999999955
2022-12-21,2968.437499999989
2022-12-22,3161.182500000017
2022-12-23,1794.2399999999805
2022-12-26,-1639.3749999999884
2022-12-27,8623.412499999977
2022-12-28,6893.547499999974
2022-12-29,-5126.562499999975
2022-12-30,-1378.4374999999818
2023-01-02,-2225.312500000017
2023-01-03,3336.9175000000027
2023-01-04,-15117.2125
2023-01-05,5459.105000000008
2023-01-06,-19849.062500000015
2023-01-09,-7233.572500000012
2023-01-10,1455.1775000000102
2023-01-11,-2040.0674999999937
2023-01-12,-8855.380000000037
2023-01-13,3580.5575000000076
2023-01-16,1404.9999999999957
2023-01-17,-567.5924999999636
2023-01-18,-765.405000000006
2023-01-19,601.3349999999962
2023-01-20,1259.5525000000298
2023-01-23,-1542.2549999999867
2023-01-24,1466.7399999999952
2023-01-25,-3856.62999999999
2023-01-26,2595.11
2023-01-27,1600.4899999999666
2023-01-30,12412.81250000003
2023-01-31,-7783.260000000055
2023-02-01,-7967.389999999909
2023-02-02,3219.68749999995
2023-02-03,15877.610000000019
2023-02-06,10077.187500000022
2023-02-07,-10363.572500000017
2023-02-08,3194.3074999999963
2023-02-09,3643.682500000019
2023-02-10,3724.9999999999723
2023-02-13,-5239.822499999989
2023-02-14,1839.2399999999927
2023-02-15,9163.995000000024
2023-02-16,1694.797499999995
2023-02-17,-2563.6400000000276
2023-02-20,108.72500000001558
2023-02-21,9940.532499999976
2023-02-22,7498.792500000006
2023-02-23,-2510.4974999999954
2023-02-24,14500.735000000013
2023-02-27,-9038.572499999997
2023-02-28,-682.7275000000132
2023-03-01,-5442.372500000034
2023-03-02,7247.18750000001
2023-03-03,-14891.317499999956
2023-03-06,9834.93249999993
2023-03-07,25066.715000000033
2023-03-08,1769.9324999999965
2023-03-09,-819.8474999999784
2023-03-10,-22415.717500000013
2023-03-13,-26950.369999999966
2023-03-14,6716.494999999995
2023-03-15,3880.912500000014
2023-03-16,1789.0624999999968
2023-03-17,-4254.4424999999865
2023-03-20,-2665.075000000009
2023-03-21,-1534.1550000000777
2023-03-22,-4538.817499999955
2023-03-23,-2772.145000000005
2023-03-24,-2667.567500000039
2023-03-27,-4238.884999999962
2023-03-28,-707.8374999999905
2023-03-29,1023.4124999999664
2023-03-30,-2799.91499999999
2023-03-31,-268.19249999995816
2023-04-03,-8221.38500000001
2023-04-04,-1524.755000000027
2023-04-05,1009.8650000000493
2023-04-06,3750.557499999982
2023-04-07,2580.624999999997
2023-04-10,2022.2474999999972
2023-04-11,-1111.7475000000115
2023-04-12,-531.3174999999673
2023-04-13,-4965.092500000007
2023-04-14,1946.9174999999948
2023-04-17,686.4699999999934
2023-04-18,-691.3850000000181
2023-04-19,3086.1325000000265
2023-04-20,256.6049999999641
2023-04-21,4606.985000000005
2023-04-24,-343.77499999997224
2023-04-25,7047.609999999988
2023-04-26,6253.750000000007
2023-04-27,6997.364999999987
2023-04-28,-7213.150000000002
2023-05-01,6623.86000000004
2023-05-02,-1228.260000000002
2023-05-03,-2987.5000000000327
2023-05-04,-4957.879999999966
2023-05-05,-4328.150000000028
2023-05-08,1846.714999999984
2023-05-09,1765.6000000000606
2023-05-10,-4759.374999999997
2023-05-11,8220.869999999972
2023-05-12,3296.1150000000157
2023-05-15,-8735.514999999996
2023-05-16,9512.854999999974
2023-05-17,4304.839999999998
2023-05-18,3243.9950000000376
2023-05-19,5403.99499999996
2023-05-22,719.3500000000262
2023-05-23,-1213.1499999999962
2023-05-24,12517.229999999983
2023-05-25,12264.865000000054
2023-05-26,-10163.750000000055
2023-05-29,-758.1500000000062
2023-05-30,1779.4600000000219
2023-05-31,-3275.2700000000864
2023-06-01,-6875.834999999893
2023-06-02,6669.104999999957
2023-06-05,-3705.294999999971
2023-06-06,2644.7299999999555
2023-06-07,3404.9750000000877
2023-06-08,-1212.525000000022
2023-06-09,875.8700000000023
2023-06-12,3981.8749999999945
2023-06-13,2557.500000000012
2023-06-14,-5126.164999999976
2023-06-15,-7661.1399999999885
2023-06-16,-4162.7700000000195
2023-06-19,-266.3750000000218
2023-06-20,-8528.175000000021
2023-06-21,-5452.72749999997
2023-06-22,9157.964999999944
2023-06-23,-13107.634999999975
2023-06-26,-643.3949999999772
2023-06-27,11115.66749999997
2023-06-28,-3765.962500000006
2023-06-29,7086.360000000029
2023-06-30,7296.047500000002
2023-07-03,2929.4849999999656
2023-07-04,-3725.067499999966
2023-07-05,-1915.269999999997
2023-07-06,365.7350000000139
2023-07-07,5120.802499999964
2023-07-10,1985.1774999999675
2023-07-11,-22.499999999988177
2023-07-12,8163.749999999979
2023-07-13,4145.422500000027
2023-07-14,7459.6875000000055
2023-07-17,1290.2450000000158
2023-07-18,3920.8700000000026
2023-07-19,-5789.11250000004
2023-07-20,-2953.8850000000307
2023-07-21,1760.0000000000075
2023-07-24,-1207.0099999999795
2023-07-25,2363.7500000000055
2023-07-26,3702.1199999999753
2023-07-27,-8423.259999999964
2023-07-28,4955.869999999967
2023-07-31,-2046.0724999999497
2023-08-01,4147.297499999985
2023-08-02,-804.3750000000347
2023-08-03,3279.375000000018
2023-08-04,-8603.750000000011
2023-08-07,-419.3749999999641
2023-08-08,-7498.8849999999975
2023-08-09,-80.76000000007002
2023-08-10,9194.307500000015
2023-08-11,1545.9375000000348
2023-08-14,6373.437499999966
2023-08-15,368.1250000000208
2023-08-16,2681.2249999999926
2023-08-17,-5141.90000000004
2023-08-18,-6420.339999999916
2023-08-21,14941.389999999958
2023-08-22,-2395.912499999967
2023-08-23,5558.500000000007
2023-08-24,-6548.090000000036
2023-08-25,8530.110000000062
2023-08-28,-1436.2475000000634
2023-08-29,4815.1000000000095
2023-08-30,-1749.4099999999873
2023-08-31,-10881.029999999982
2023-09-01,-1558.6925000000876
2023-09-04,1418.8500000000163
2023-09-05,-4156.957500000031
2023-09-06,-1550.1049999999448
2023-09-07,-8542.555000000013
2023-09-08,2557.4349999999963
2023-09-11,7553.92499999995
2023-09-12,-4095.929999999933
2023-09-13,-6294.755000000028
2023-09-14,7860.680000000014
2023-09-15,608.569999999957
2023-09-18,146.41250000000656
2023-09-19,-1851.1549999999095
2023-09-20,-7541.51250000003
2023-09-21,-4140.242499999947
2023-09-22,-4838.52750000003
2023-09-25,-5361.249999999949
2023-09-26,-11736.642499999967
2023-09-27,3213.892500000022
2023-09-28,-4303.49250000003
2023-09-29,-7953.937500000044
2023-10-02,-19802.237499999945
2023-10-03,-9943.357500000116
2023-10-04,-13314.672499999988
2023-10-05,-6470.29499999992
2023-10-06,15740.394999999942
2023-10-09,-8361.612499999963
2023-10-10,7196.382500000025
2023-10-11,-200.11000000004992
2023-10-12,-6331.812500000004
2023-10-13,5363.354999999966
2023-10-16,10870.25250000001
2023-10-17,13639.94250000001
2023-10-18,7438.949999999983
2023-10-19,-211.2050000000493
2023-10-20,1487.297500000014
2023-10-23,-11029.255000000026
2023-10-24,-1753.6099999999453
2023-10-25,-1847.6924999999624
2023-10-26,-7653.014999999967
2023-10-27,1346.2699999999586
2023-10-30,7591.464999999904
2023-10-31,884.4925000001049
2023-11-01,-12464.819999999954
2023-11-02,-5873.229999999957
2023-11-03,1535.5175000000158
2023-11-06,8449.072499999906
2023-11-07,-37.97499999994898
2023-11-08,63.612499999967895
2023-11-09,7287.150000000012
2023-11-10,1108.2075000000636
2023-11-13,-6278.432500000022
2023-11-14,-1956.6624999999672
2023-11-15,1152.3574999999144
2023-11-16,-8073.904999999994
2023-11-17,1749.1699999999882
2023-11-20,11109.562500000015
2023-11-21,6666.897499999993
2023-11-22,-1980.5674999999844
2023-11-23,3387.755000000005
2023-11-24,-4078.187500000018
2023-11-27,3217.452500000051
2023-11-28,3087.9399999999932
2023-11-29,-759.1425000000215
2023-11-30,-10101.592499999997
2023-12-01,-16768.072499999937
2023-12-04,-9072.80000000001
2023-12-05,-7832.952499999997
2023-12-06,-4912.877499999947
2023-12-07,-8565.945000000069
2023-12-08,14986.395000000059
2023-12-11,10293.087500000041
2023-12-12,-852.4750000000142
2023-12-13,-6098.644999999951
2023-12-14,-12627.897500000072
2023-12-15,-10313.942500000052
2023-12-18,3057.4599999999514
2023-12-19,8570.477500000094
2023-12-20,-10212.640000000054
2023-12-21,2253.050000000016
2023-12-22,-1041.0099999999688
2023-12-25,2449.6800000000767
2023-12-26,4309.587499999952
2023-12-27,1296.3700000000188
2023-12-28,-1214.8750000000275
2023-12-29,2959.025000000084
2024-01-01,-1905.5000000000623
2024-01-02,7757.779999999942
2024-01-03,-11072.924999999961
2024-01-04,2871.9699999999852
2024-01-05,-982.7974999999294
2024-01-08,13382.897499999988
2024-01-09,-13962.229999999947
2024-01-10,10463.712499999892
2024-01-11,-19388.21000000002
2024-01-12,939.2275000000179
2024-01-15,6997.265000000043
2024-01-16,15775.582500000002
2024-01-17,9953.372499999965
2024-01-18,-2263.3199999999997
2024-01-19,1095.5074999999927
2024-01-22,7781.1424999998935
2024-01-23,-6393.947499999909
2024-01-24,2623.5049999999887
2024-01-25,-1189.1349999999695
2024-01-26,15517.350000000057
2024-01-29,-6867.094999999945
2024-01-30,-10589.035000000125
2024-01-31,-12407.532499999956
2024-02-01,6752.667499999945
2024-02-02,23766.21500000006
2024-02-05,14842.952499999996
2024-02-06,-955.7849999999836
2024-02-07,11380.707499999982
2024-02-08,11212.57499999998
2024-02-09,1674.395000000032
2024-02-12,1466.0750000000658
2024-02-13,2625.549999999967
2024-02-14,-6190.375000000005
2024-02-15,6146.820000000005
2024-02-16,-363.12000000008476
2024-02-19,-344.0124999999833
2024-02-20,-19896.692500000026
2024-02-21,9879.737499999972
2024-02-22,9878.50000000013
2024-02-23,3811.039999999957
2024-02-26,5614.31499999992
2024-02-27,-4350.795000000009
2024-02-28,-14278.442499999957
2024-02-29,1812.680000000034
2024-03-01,9847.820000000092
2024-03-04,-3670.1175000001467
2024-03-05,-11176.084999999981
2024-03-06,8206.57250000002
2024-03-07,2502.952500000038
2024-03-08,-14258.07000000002
2024-03-11,6835.047500000056
2024-03-12,2469.3500000000026
2024-03-13,15376.000000000036
2024-03-14,5212.969999999924
2024-03-15,1162.122499999982
2024-03-18,7250.184999999945
2024-03-19,3609.497499999926
2024-03-20,-2359.970000000003
2024-03-21,10832.197499999913
2024-03-22,-5525.314999999878
2024-03-25,6025.549999999932
2024-03-26,-618.8149999998894
2024-03-27,8809.31499999991
2024-03-28,-364.3649999999442
2024-04-01,9607.702499999874
2024-04-02,10007.015000000103
2024-04-03,-15575.417499999965
2024-04-04,-7136.602500000167
2024-04-05,21056.347500000073
2024-04-08,5966.182499999951
2024-04-09,-2585.0249999999446
2024-04-10,27344.532499999998
2024-04-11,14839.920000000124
2024-04-12,-19281.622500000092
2024-04-15,20782.17000000009
2024-04-16,9129.172499999911
2024-04-17,-26690.682500000006
2024-04-18,7887.799999999971
2024-04-19,2234.564999999973
2024-04-22,-15628.479999999945
2024-04-23,-6543.355000000065
2024-04-24,2526.417500000025
2024-04-25,5172.73000000003
2024-04-26,9946.565000000073
2024-04-29,-15851.317499999981
2024-04-30,2687.869999999938
2024-05-01,-20988.710000000006
2024-05-02,-23003.13749999997
2024-05-03,-16439.49749999995
2024-05-06,6878.44499999993
2024-05-07,-2490.339999999981
2024-05-08,9078.375000000076
2024-05-09,7768.834999999928
2024-05-10,-4693.137500000038
2024-05-13,-4650.605000000033
2024-05-14,9016.832500000055
2024-05-15,1678.1899999998552
2024-05-16,8108.172500000153
2024-05-17,19645.814999999973
2024-05-20,-5064.912500000092
2024-05-21,-1798.127499999896
2024-05-22,-18025.785000000127
2024-05-23,-7073.202499999963
2024-05-24,1223.1324999999256
2024-05-27,3993.7875000001177
2024-05-28,12815.222499999923
2024-05-29,-2991.9824999999387
2024-05-30,-21616.69500000011
2024-05-31,-2811.337499999986
2024-06-03,-24611.187499999945
2024-06-04,-15311.092499999886
2024-06-05,10202.547499999893
2024-06-06,-4473.912499999944
2024-06-07,18864.829999999944
2024-06-10,11640.44000000006
2024-06-11,-3784.775000000012
2024-06-12,-13725.78
2024-06-13,-535.1049999999594
2024-06-14,6098.627499999973
2024-06-17,16896.91999999993
2024-06-18,-1815.112500000052
2024-06-19,1006.7574999999804
2024-06-20,21336.615000000034
2024-06-21,-2604.310000000046
2024-06-24,969.3525000000471
2024-06-25,3320.757500000026
2024-06-26,14474.217499999992
2024-06-27,1715.0249999998953
2024-06-28,5624.632500000101
2024-07-01,17178.81249999997
2024-07-02,-3751.5875000000237
2024-07-03,-3436.0924999999993
2024-07-04,-868.7675000000048
2024-07-05,-11712.364999999889
2024-07-08,3504.399999999954
2024-07-09,1857.2474999998253
2024-07-10,10373.582500000057
2024-07-11,-27694.244999999908
2024-07-12,-8720.437500000067
2024-07-15,21879.262500000004
2024-07-16,1152.4574999999033
2024-07-17,-10692.36249999988
2024-07-18,-767.690000000006
2024-07-19,-1724.982499999905
2024-07-22,-2983.4275000000175
2024-07-23,-380.86000000003656
2024-07-24,-17045.45249999996
2024-07-25,-5651.5300000000025
2024-07-26,14620.474999999944
2024-07-29,2211.809999999958
2024-07-30,1824.2275000000755
2024-07-31,-14552.797499999928
2024-08-01,-24983.38750000009
2024-08-02,-14561.687499999975
2024-08-05,-23522.825000000037
2024-08-06,-9385.380000000034
2024-08-07,-3981.7374999999956
2024-08-08,17914.84249999999
2024-08-09,-3002.0450000000105
2024-08-12,3628.4624999999273
2024-08-13,11200.175000000005
2024-08-14,-7211.739999999977
2024-08-15,11645.650000000012
2024-08-16,12932.104999999963
2024-08-19,-2794.9249999999092
2024-08-20,1332.7624999999396
2024-08-21,5301.424999999972
2024-08-22,-7792.820000000064
2024-08-23,10593.755000000114
2024-08-26,-7555.272499999999
2024-08-27,6606.787500000073
2024-08-28,-2059.614999999941
2024-08-29,-13371.937500000053
2024-08-30,-4169.842499999969
2024-09-02,-706.6400000000465
2024-09-03,-2640.7500000000205
2024-09-04,11665.637499999939
2024-09-05,7548.877500000064
2024-09-06,2569.065000000087
2024-09-09,-2103.8850000001894
2024-09-10,16054.912500000119
2024-09-11,-10902.475000000004
2024-09-12,7369.687499999947
2024-09-13,4520.487500000036
2024-09-16,9064.232500000031
2024-09-17,-7468.750000000036
2024-09-18,-7496.602500000037
2024-09-19,7689.352500000085
2024-09-20,-1782.1575000000523
2024-09-23,-7176.1475000000455
2024-09-24,21228.69500000009
2024-09-25,-20436.745000000086
2024-09-26,20698.137499999935
2024-09-27,-8931.079999999925
2024-09-30,-9434.002500000064
2024-10-01,-12819.19999999993
2024-10-02,-9773.039999999994
2024-10-03,-24364.66750000005
2024-10-04,-13899.5925
2024-10-07,-15995.802500000069
2024-10-08,10471.690000000017
2024-10-09,-9725.97999999995
2024-10-10,-1507.0750000000185
2024-10-11,10026.767500000007
2024-10-14,18571.920000000056
2024-10-15,-1438.1124999999959
2024-10-16,9663.540000000026
2024-10-17,-4093.087500000057
2024-10-18,19483.685000000056
2024-10-21,-24837.959999999894
2024-10-22,-7284.637500000045
2024-10-23,-15471.542500000043
2024-10-24,6648.502500000052
2024-10-25,-797.1299999999909
2024-10-28,18114.054999999942
2024-10-29,4521.262499999953
2024-10-30,-10446.62749999991
2024-10-31,-18976.32500000002
2024-11-01,1550.505000000002
2024-11-04,2949.8575000001033
2024-11-05,-576.5150000001154
2024-11-06,22554.70750000005
2024-11-07,10275.680000000015
2024-11-08,2199.3449999999334
2024-11-11,8809.432500000086
2024-11-12,3767.699999999956
2024-11-13,2916.487499999988
2024-11-14,9241.564999999962
2024-11-15,-12530.092499999939
2024-11-18,-15031.977499999997
2024-11-19,37.96500000000491
2024-11-20,3711.2824999999248
2024-11-21,3926.977500000007
2024-11-22,15569.082500000028
2024-11-25,-5164.347499999995
2024-11-26,-1056.6225000000366
2024-11-27,-4609.600000000069
2024-11-28,-2398.114999999929
2024-11-29,-9955.127500000006
2024-12-02,8950.81749999997
2024-12-03,7361.622500000006
2024-12-04,1792.6125000000584
2024-12-05,-16703.97500000005
2024-12-06,4136.315000000007
2024-12-09,-490.0050000000059
2024-12-10,2944.9449999999642
2024-12-11,3650.2999999999897
2024-12-12,4163.60750000003
2024-12-13,9537.157499999978
2024-12-16,-76.7074999999744
2024-12-17,-1457.167500000004
2024-12-18,13723.742500000018
2024-12-19,-2326.9075000000084
2024-12-20,-7018.797499999954
2024-12-23,4884.344999999931
2024-12-24,3868.3750000000114
2024-12-25,-270.04749999996903
2024-12-26,2154.1824999999753
2024-12-27,-5678.5100000000575
2024-12-30,-20457.295
2024-12-31,4602.687500000034
2025-01-01,3141.4099999999744
2025-01-02,1775.9500000000435
2025-01-03,21000.719999999994
2025-01-06,-12514.655000000044
2025-01-07,9344.004999999988
2025-01-08,4391.295000000077
2025-01-09,5710.184999999942
2025-01-10,-467.6600000000451
2025-01-13,-6248.0449999998855
2025-01-14,1068.424999999976
2025-01-15,-12949.887500000063
2025-01-16,1235.4124999999483
2025-01-17,6820.995000000085
2025-01-20,-21896.147499999952
2025-01-21,1608.1774999999855
2025-01-22,9345.059999999918
2025-01-23,1300.2625000000062
2025-01-24,-5556.244999999949
2025-01-27,3897.427500000034
2025-01-28,1043.8024999999732
2025-01-29,-6641.23750000003
2025-01-30,4153.074999999967
2025-01-31,-1129.8774999999719
2025-02-03,-3264.067499999999
2025-02-04,-15491.999999999982
2025-02-05,3639.202499999984
2025-02-06,-7747.6099999999415
2025-02-07,11365.647499999975
2025-02-10,8432.879999999977
2025-02-11,-1927.2199999999657
2025-02-12,19413.892499999914
2025-02-13,-13912.569999999945
2025-02-14,-18111.17249999997
2025-02-17,-1928.922500000009
2025-02-18,13394.272499999986
2025-02-19,1183.302500000029
2025-02-20,-20116.552500000056
2025-02-21,-15717.092499999973
2025-02-24,-4983.33
2025-02-25,-4621.304999999978
2025-02-26,-910.8475000000097
2025-02-27,4203.562500000069
2025-02-28,1175.109999999991
2025-03-03,-13191.342500000013
2025-03-04,2629.2049999999226
2025-03-05,4425.3800000000665
2025-03-06,-10081.489999999942
2025-03-07,3110.804999999886
2025-03-10,-2223.4074999999143
2025-03-11,1892.559999999953
2025-03-12,-2274.082499999988
2025-03-13,2665.360000000031
2025-03-14,2945.3275000000313
2025-03-17,-1117.0850000000116
2025-03-18,1297.564999999953
2025-03-19,-3652.2650000000503
2025-03-20,-1030.7124999999387
2025-03-21,3720.187500000038
2025-03-24,-3446.8125000000614
2025-03-25,4164.495000000019
2025-03-26,4736.847499999966
2025-03-27,-2102.8499999999444
2025-03-28,2181.5949999999752
2025-03-31,-5096.067499999957
2025-04-01,-6230.467500000056
2025-04-02,15381.93000000004
2025-04-03,-6547.422500000097
2025-04-04,2708.237499999938
2025-04-07,-18505.194999999927
2025-04-08,14435.774999999961
2025-04-09,-35792.33250000004
2025-04-10,20887.4
2025-04-11,-13014.870000000003
2025-04-14,3583.785000000035
2025-04-15,1167.3024999999916
2025-04-16,-2162.14250000004
2025-04-17,-7130.649999999932
2025-04-21,6510.189999999987
2025-04-22,-11894.952500000041
2025-04-23,2960.2049999999917
2025-04-24,-3114.5749999999816
2025-04-25,1223.0274999999795
2025-04-28,12219.175000000017
2025-04-29,12920.462499999981
2025-04-30,-659.9399999999351
2025-05-01,-4980.615000000056
2025-05-02,-2078.454999999956
2025-05-05,9020.882499999972
2025-05-06,-8205.062500000024
2025-05-07,9093.762500000043
2025-05-08,-12802.692500000026
2025-05-09,536.1825000000186
2025-05-12,-13113.549999999981
2025-05-13,-4383.40000000002
2025-05-14,-2094.922500000007
2025-05-15,5527.094999999979
2025-05-16,1769.8975000000082
2025-05-19,-2111.3749999999845
2025-05-20,-6268.302500000015
2025-05-21,152.09499999998536
2025-05-22,551.7624999999877
2025-05-23,927.2700000000278
2025-05-26,1237.8850000000073
2025-05-27,2431.8424999999656
2025-05-28,-4785.894999999971
2025-05-29,10598.419999999991
2025-05-30,4759.03499999997
2025-06-02,-6511.14999999996
2025-06-03,-7930.920000000017
2025-06-04,5457.687500000021
2025-06-05,-1843.2300000000182
2025-06-06,-6819.615000000032
2025-06-09,4263.622500000014
2025-06-10,1507.0299999999916
2025-06-11,-8280.955000000018
2025-06-12,-1191.1000000000065
2025-06-13,-25863.599999999904
2025-06-16,2969.3774999999087
2025-06-17,-8681.927500000043
2025-06-18,-2559.55999999992
2025-06-19,3724.929999999964
2025-06-20,-1147.4375000000045
2025-06-23,-3788.3749999999955
2025-06-24,7794.390000000014
2025-06-25,3840.327500000004
2025-06-26,2019.4199999999587
2025-06-27,4201.992500000021
2025-06-30,-2834.0300000000198
2025-07-01,-2876.942500000041
2025-07-02,-9341.014999999968
2025-07-03,-8711.91999999998
2025-07-04,1093.132499999929
2025-07-07,9089.747500000052
2025-07-08,10201.822500000004
2025-07-09,-3755.2624999999753
2025-07-10,-1944.0150000000338
2025-07-11,44.44999999997873
2025-07-14,-602.9949999999967
2025-07-15,7009.7775000000975
2025-07-16,-3969.0925000001102
2025-07-17,-1281.7374999999158
2025-07-18,-3836.1825000000404
2025-07-21,2841.345000000002
2025-07-22,-4346.812500000007
2025-07-23,1860.2524999999873
2025-07-24,-1777.3749999999845
2025-07-25,-2553.3825000000043
2025-07-28,-3289.8899999999667
2025-07-29,-8038.264999999986
2025-07-30,5142.892500000015
2025-07-31,-132.979999999989
2025-08-01,-21561.06750000001
2025-08-04,1465.699999999983
2025-08-05,11506.894999999957
2025-08-06,862.5750000000352
2025-08-07,-1900.5300000000436
2025-08-08,3189.270000000056
2025-08-11,-3595.885000000023
2025-08-12,8363.767499999954
2025-08-13,-6423.284999999939
2025-08-14,390.34749999996035
2025-08-15,6353.062500000032
2025-08-18,-155.66750000009682
2025-08-19,-214.46749999992085
2025-08-20,-2527.720000000042
2025-08-21,3019.332500000045
2025-08-22,-6579.877500000011
2025-08-25,-539.5299999999813
2025-08-26,-2335.275000000035
2025-08-27,-253.94249999997453
2025-08-28,-3922.3125000000305
2025-08-29,-2958.5099999999406
2025-09-01,5779.474999999945
2025-09-02,2496.0125000000294
2025-09-03,-10666.547499999993
2025-09-04,385.7724999999896
2025-09-05,-7735.340000000012
2025-09-08,-3569.2400000000207
2025-09-09,4203.642500000008
2025-09-10,598.560000000001
2025-09-11,-586.7724999999716
2025-09-12,-3371.225000000058
2025-09-15,1236.8425000000611
2025-09-16,-933.2775000000088
2025-09-17,6545.929999999946
2025-09-18,7580.15250000007
2025-09-19,-6599.615000000067
2025-09-22,16767.61500000007
2025-09-23,-3061.9550000000168
2025-09-24,-527.0900000000547
2025-09-25,-723.2024999998888
2025-09-26,9105.944999999983
2025-09-29,-4590.285000000043
2025-09-30,2364.4900000000334
